Copyright 1986-2022 Xilinx, Inc. All Rights Reserved.
--------------------------------------------------------------------------------------------------------------------------------------------------------------------------------------------------------------------------------------------------
| Tool Version      : Vivado v.2022.2 (win64) Build 3671981 Fri Oct 14 05:00:03 MDT 2022
| Date              : Thu Jun 25 15:42:39 2026
| Host              : MSI running 64-bit major release  (build 9200)
| Command           : report_timing_summary -max_paths 10 -report_unconstrained -file design_1_wrapper_timing_summary_routed.rpt -pb design_1_wrapper_timing_summary_routed.pb -rpx design_1_wrapper_timing_summary_routed.rpx -warn_on_violation
| Design            : design_1_wrapper
| Device            : xck26-sfvc784
| Speed File        : -2LV  PRODUCTION 1.30 05-15-2022
| Temperature Grade : C
--------------------------------------------------------------------------------------------------------------------------------------------------------------------------------------------------------------------------------------------------

Timing Summary Report

------------------------------------------------------------------------------------------------
| Timer Settings
| --------------
------------------------------------------------------------------------------------------------

  Enable Multi Corner Analysis               :  Yes
  Enable Pessimism Removal                   :  Yes
  Pessimism Removal Resolution               :  Nearest Common Node
  Enable Input Delay Default Clock           :  No
  Enable Preset / Clear Arcs                 :  No
  Disable Flight Delays                      :  No
  Ignore I/O Paths                           :  No
  Timing Early Launch at Borrowing Latches   :  No
  Borrow Time for Max Delay Exceptions       :  Yes
  Merge Timing Exceptions                    :  Yes

  Corner  Analyze    Analyze    
  Name    Max Paths  Min Paths  
  ------  ---------  ---------  
  Slow    Yes        Yes        
  Fast    Yes        Yes        


------------------------------------------------------------------------------------------------
| Report Methodology
| ------------------
------------------------------------------------------------------------------------------------

Rule     Severity  Description                   Violations  
-------  --------  ----------------------------  ----------  
LUTAR-1  Warning   LUT drives async reset alert  9           

Note: This report is based on the most recent report_methodology run and may not be up-to-date. Run report_methodology on the current design for the latest report.



check_timing report

Table of Contents
-----------------
1. checking no_clock (0)
2. checking constant_clock (0)
3. checking pulse_width_clock (0)
4. checking unconstrained_internal_endpoints (0)
5. checking no_input_delay (0)
6. checking no_output_delay (0)
7. checking multiple_clock (0)
8. checking generated_clocks (0)
9. checking loops (0)
10. checking partial_input_delay (0)
11. checking partial_output_delay (0)
12. checking latch_loops (0)

1. checking no_clock (0)
------------------------
 There are 0 register/latch pins with no clock.


2. checking constant_clock (0)
------------------------------
 There are 0 register/latch pins with constant_clock.


3. checking pulse_width_clock (0)
---------------------------------
 There are 0 register/latch pins which need pulse_width check


4. checking unconstrained_internal_endpoints (0)
------------------------------------------------
 There are 0 pins that are not constrained for maximum delay.

 There are 0 pins that are not constrained for maximum delay due to constant clock.


5. checking no_input_delay (0)
------------------------------
 There are 0 input ports with no input delay specified.

 There are 0 input ports with no input delay but user has a false path constraint.


6. checking no_output_delay (0)
-------------------------------
 There are 0 ports with no output delay specified.

 There are 0 ports with no output delay but user has a false path constraint

 There are 0 ports with no output delay but with a timing clock defined on it or propagating through it


7. checking multiple_clock (0)
------------------------------
 There are 0 register/latch pins with multiple clocks.


8. checking generated_clocks (0)
--------------------------------
 There are 0 generated clocks that are not connected to a clock source.


9. checking loops (0)
---------------------
 There are 0 combinational loops in the design.


10. checking partial_input_delay (0)
------------------------------------
 There are 0 input ports with partial input delay specified.


11. checking partial_output_delay (0)
-------------------------------------
 There are 0 ports with partial output delay specified.


12. checking latch_loops (0)
----------------------------
 There are 0 combinational latch loops in the design through latch input



------------------------------------------------------------------------------------------------
| Design Timing Summary
| ---------------------
------------------------------------------------------------------------------------------------

    WNS(ns)      TNS(ns)  TNS Failing Endpoints  TNS Total Endpoints      WHS(ns)      THS(ns)  THS Failing Endpoints  THS Total Endpoints     WPWS(ns)     TPWS(ns)  TPWS Failing Endpoints  TPWS Total Endpoints  
    -------      -------  ---------------------  -------------------      -------      -------  ---------------------  -------------------     --------     --------  ----------------------  --------------------  
      2.187        0.000                      0                27819        0.010        0.000                      0                27819        3.500        0.000                       0                  9980  


All user specified timing constraints are met.


------------------------------------------------------------------------------------------------
| Clock Summary
| -------------
------------------------------------------------------------------------------------------------

Clock     Waveform(ns)       Period(ns)      Frequency(MHz)
-----     ------------       ----------      --------------
clk_pl_0  {0.000 5.000}      10.000          100.000         
clk_pl_1  {0.000 5.000}      10.000          100.000         


------------------------------------------------------------------------------------------------
| Intra Clock Table
| -----------------
------------------------------------------------------------------------------------------------

Clock             WNS(ns)      TNS(ns)  TNS Failing Endpoints  TNS Total Endpoints      WHS(ns)      THS(ns)  THS Failing Endpoints  THS Total Endpoints     WPWS(ns)     TPWS(ns)  TPWS Failing Endpoints  TPWS Total Endpoints  
-----             -------      -------  ---------------------  -------------------      -------      -------  ---------------------  -------------------     --------     --------  ----------------------  --------------------  
clk_pl_0            2.187        0.000                      0                27531        0.010        0.000                      0                27531        3.500        0.000                       0                  9980  


------------------------------------------------------------------------------------------------
| Inter Clock Table
| -----------------
------------------------------------------------------------------------------------------------

From Clock    To Clock          WNS(ns)      TNS(ns)  TNS Failing Endpoints  TNS Total Endpoints      WHS(ns)      THS(ns)  THS Failing Endpoints  THS Total Endpoints  
----------    --------          -------      -------  ---------------------  -------------------      -------      -------  ---------------------  -------------------  


------------------------------------------------------------------------------------------------
| Other Path Groups Table
| -----------------------
------------------------------------------------------------------------------------------------

Path Group         From Clock         To Clock               WNS(ns)      TNS(ns)  TNS Failing Endpoints  TNS Total Endpoints      WHS(ns)      THS(ns)  THS Failing Endpoints  THS Total Endpoints  
----------         ----------         --------               -------      -------  ---------------------  -------------------      -------      -------  ---------------------  -------------------  
**async_default**  clk_pl_0           clk_pl_0                 8.110        0.000                      0                  288        0.232        0.000                      0                  288  


------------------------------------------------------------------------------------------------
| User Ignored Path Table
| -----------------------
------------------------------------------------------------------------------------------------

Path Group    From Clock    To Clock    
----------    ----------    --------    
(none)                      clk_pl_0      
(none)        clk_pl_0      clk_pl_0      


------------------------------------------------------------------------------------------------
| Unconstrained Path Table
| ------------------------
------------------------------------------------------------------------------------------------

Path Group    From Clock    To Clock    
----------    ----------    --------    
(none)                      clk_pl_0      


------------------------------------------------------------------------------------------------
| Timing Details
| --------------
------------------------------------------------------------------------------------------------


---------------------------------------------------------------------------------------------------
From Clock:  clk_pl_0
  To Clock:  clk_pl_0

Setup :            0  Failing Endpoints,  Worst Slack        2.187ns,  Total Violation        0.000ns
Hold  :            0  Failing Endpoints,  Worst Slack        0.010ns,  Total Violation        0.000ns
PW    :            0  Failing Endpoints,  Worst Slack        3.500ns,  Total Violation        0.000ns
---------------------------------------------------------------------------------------------------


Max Delay Paths
--------------------------------------------------------------------------------------
Slack (MET) :             2.187ns  (required time - arrival time)
  Source:                 design_1_i/denoiser_top_0/inst/d_U/genblk1[1].ram_reg_1_bram_0/CLKBWRCLK
                            (rising edge-triggered cell RAMB36E2 clocked by clk_pl_0  {rise@0.000ns fall@5.000ns period=10.000ns})
  Destination:            design_1_i/denoiser_top_0/inst/d_U/genblk1[1].ram_reg_1_bram_1/DINADIN[1]
                            (rising edge-triggered cell RAMB36E2 clocked by clk_pl_0  {rise@0.000ns fall@5.000ns period=10.000ns})
  Path Group:             clk_pl_0
  Path Type:              Setup (Max at Slow Process Corner)
  Requirement:            10.000ns  (clk_pl_0 rise@10.000ns - clk_pl_0 rise@0.000ns)
  Data Path Delay:        7.044ns  (logic 3.458ns (49.091%)  route 3.586ns (50.909%))
  Logic Levels:           12  (CARRY8=2 LUT3=1 LUT4=1 LUT5=1 LUT6=4 RAMB36E2=3)
  Clock Path Skew:        -0.144ns (DCD - SCD + CPR)
    Destination Clock Delay (DCD):    3.002ns = ( 13.002 - 10.000 ) 
    Source Clock Delay      (SCD):    3.436ns
    Clock Pessimism Removal (CPR):    0.290ns
  Clock Uncertainty:      0.160ns  ((TSJ^2 + DJ^2)^1/2) / 2 + PE
    Total System Jitter     (TSJ):    0.071ns
    Discrete Jitter          (DJ):    0.312ns
    Phase Error              (PE):    0.000ns
  Clock Net Delay (Source):      3.169ns (routing 1.584ns, distribution 1.585ns)
  Clock Net Delay (Destination): 2.786ns (routing 1.450ns, distribution 1.336ns)

    Location             Delay type                Incr(ns)  Path(ns)    Netlist Resource(s)
  -------------------------------------------------------------------    -------------------
                         (clock clk_pl_0 rise edge)
                                                      0.000     0.000 r  
    PS8_X0Y0             PS8                          0.000     0.000 r  design_1_i/zynq_ultra_ps_e_0/inst/PS8_i/PLCLK[0]
                         net (fo=1, routed)           0.229     0.229    design_1_i/zynq_ultra_ps_e_0/inst/pl_clk_unbuffered[0]
    BUFG_PS_X0Y80        BUFG_PS (Prop_BUFG_PS_I_O)
                                                      0.038     0.267 r  design_1_i/zynq_ultra_ps_e_0/inst/buffer_pl_clk_0.PL_CLK_0_BUFG/O
    X1Y1 (CLOCK_ROOT)    net (fo=10070, routed)       3.169     3.436    design_1_i/denoiser_top_0/inst/d_U/ap_clk
    RAMB36_X1Y8          RAMB36E2                                     r  design_1_i/denoiser_top_0/inst/d_U/genblk1[1].ram_reg_1_bram_0/CLKBWRCLK
  -------------------------------------------------------------------    -------------------
    RAMB36_X1Y8          RAMB36E2 (Prop_RAMB36E2_RAMB36_CLKBWRCLK_CASDOUTB[5])
                                                      1.580     5.016 r  design_1_i/denoiser_top_0/inst/d_U/genblk1[1].ram_reg_1_bram_0/CASDOUTB[5]
                         net (fo=1, routed)           0.025     5.041    design_1_i/denoiser_top_0/inst/d_U/genblk1[1].ram_reg_1_bram_0_n_66
    RAMB36_X1Y9          RAMB36E2 (Prop_RAMB36E2_RAMB36_CASDINB[5]_CASDOUTB[5])
                                                      0.247     5.288 r  design_1_i/denoiser_top_0/inst/d_U/genblk1[1].ram_reg_1_bram_1/CASDOUTB[5]
                         net (fo=1, routed)           0.025     5.313    design_1_i/denoiser_top_0/inst/d_U/genblk1[1].ram_reg_1_bram_1_n_66
    RAMB36_X1Y10         RAMB36E2 (Prop_RAMB36E2_RAMB36_CASDINB[5]_CASDOUTB[5])
                                                      0.247     5.560 r  design_1_i/denoiser_top_0/inst/d_U/genblk1[1].ram_reg_1_bram_2/CASDOUTB[5]
                         net (fo=1, routed)           0.025     5.585    design_1_i/denoiser_top_0/inst/d_U/genblk1[1].ram_reg_1_bram_2_n_66
    RAMB36_X1Y11         RAMB36E2 (Prop_RAMB36E2_RAMB36_CASDINB[5]_DOUTBDOUT[5])
                                                      0.136     5.721 r  design_1_i/denoiser_top_0/inst/d_U/genblk1[1].ram_reg_1_bram_3/DOUTBDOUT[5]
                         net (fo=10, routed)          1.203     6.924    design_1_i/denoiser_top_0/inst/d_U/d_q1[13]
    SLICE_X26Y67         LUT4 (Prop_G6LUT_SLICEL_I2_O)
                                                      0.137     7.061 r  design_1_i/denoiser_top_0/inst/d_U/genblk1[1].ram_reg_1_bram_0_i_55/O
                         net (fo=1, routed)           0.012     7.073    design_1_i/denoiser_top_0/inst/d_U/genblk1[1].ram_reg_1_bram_0_i_55_n_4
    SLICE_X26Y67         CARRY8 (Prop_CARRY8_SLICEL_S[6]_CO[7])
                                                      0.179     7.252 r  design_1_i/denoiser_top_0/inst/d_U/genblk1[1].ram_reg_1_bram_0_i_22/CO[7]
                         net (fo=40, routed)          0.324     7.576    design_1_i/denoiser_top_0/inst/d_U/genblk1[1].ram_reg_1_bram_0_i_22_n_4
    SLICE_X24Y68         LUT3 (Prop_D5LUT_SLICEM_I2_O)
                                                      0.135     7.711 f  design_1_i/denoiser_top_0/inst/d_U/genblk1[1].ram_reg_1_bram_0_i_74/O
                         net (fo=2, routed)           0.221     7.932    design_1_i/denoiser_top_0/inst/d_U/grp_inference_fu_131/grp_inference_Pipeline_VITIS_LOOP_45_1_VITIS_LOOP_46_2_VITIS_LOOP_47_3_fu_475/max_val_V_3_fu_788_p3[5]
    SLICE_X25Y68         LUT6 (Prop_C6LUT_SLICEM_I4_O)
                                                      0.056     7.988 r  design_1_i/denoiser_top_0/inst/d_U/genblk1[1].ram_reg_1_bram_0_i_35/O
                         net (fo=1, routed)           0.252     8.240    design_1_i/denoiser_top_0/inst/d_U/genblk1[1].ram_reg_1_bram_0_i_35_n_4
    SLICE_X25Y67         CARRY8 (Prop_CARRY8_SLICEM_DI[2]_CO[7])
                                                      0.172     8.412 r  design_1_i/denoiser_top_0/inst/d_U/genblk1[1].ram_reg_1_bram_0_i_21/CO[7]
                         net (fo=16, routed)          0.330     8.741    design_1_i/denoiser_top_0/inst/d_U/genblk1[1].ram_reg_1_bram_0_i_21_n_4
    SLICE_X26Y66         LUT5 (Prop_H6LUT_SLICEL_I4_O)
                                                      0.137     8.878 r  design_1_i/denoiser_top_0/inst/d_U/genblk1[1].ram_reg_1_bram_0_i_67/O
                         net (fo=1, routed)           0.057     8.935    design_1_i/denoiser_top_0/inst/grp_inference_fu_131/grp_inference_Pipeline_VITIS_LOOP_97_1_VITIS_LOOP_98_2_VITIS_LOOP_99_3_fu_498/grp_inference_Pipeline_VITIS_LOOP_45_1_VITIS_LOOP_46_2_VITIS_LOOP_47_3_fu_475_d_d0[9]
    SLICE_X26Y66         LUT6 (Prop_C6LUT_SLICEL_I3_O)
                                                      0.187     9.122 r  design_1_i/denoiser_top_0/inst/grp_inference_fu_131/grp_inference_Pipeline_VITIS_LOOP_97_1_VITIS_LOOP_98_2_VITIS_LOOP_99_3_fu_498/genblk1[1].ram_reg_1_bram_0_i_28/O
                         net (fo=1, routed)           0.050     9.172    design_1_i/denoiser_top_0/inst/grp_inference_fu_131/grp_inference_Pipeline_VITIS_LOOP_97_1_VITIS_LOOP_98_2_VITIS_LOOP_99_3_fu_498/genblk1[1].ram_reg_1_bram_0_i_28_n_4
    SLICE_X26Y66         LUT6 (Prop_D6LUT_SLICEL_I3_O)
                                                      0.057     9.229 r  design_1_i/denoiser_top_0/inst/grp_inference_fu_131/grp_inference_Pipeline_VITIS_LOOP_97_1_VITIS_LOOP_98_2_VITIS_LOOP_99_3_fu_498/genblk1[1].ram_reg_1_bram_0_i_18/O
                         net (fo=1, routed)           0.058     9.287    design_1_i/denoiser_top_0/inst/grp_inference_fu_131/grp_inference_Pipeline_loop_kh_3_loop_kw_3_loop_ic_3_fu_521/genblk1[1].ram_reg_1_bram_3_23
    SLICE_X26Y66         LUT6 (Prop_B6LUT_SLICEL_I0_O)
                                                      0.188     9.475 r  design_1_i/denoiser_top_0/inst/grp_inference_fu_131/grp_inference_Pipeline_loop_kh_3_loop_kw_3_loop_ic_3_fu_521/genblk1[1].ram_reg_1_bram_0_i_7/O
                         net (fo=4, routed)           1.004    10.480    design_1_i/denoiser_top_0/inst/d_U/grp_inference_fu_131_d_d0[9]
    RAMB36_X1Y9          RAMB36E2                                     r  design_1_i/denoiser_top_0/inst/d_U/genblk1[1].ram_reg_1_bram_1/DINADIN[1]
  -------------------------------------------------------------------    -------------------

                         (clock clk_pl_0 rise edge)
                                                     10.000    10.000 r  
    PS8_X0Y0             PS8                          0.000    10.000 r  design_1_i/zynq_ultra_ps_e_0/inst/PS8_i/PLCLK[0]
                         net (fo=1, routed)           0.181    10.181    design_1_i/zynq_ultra_ps_e_0/inst/pl_clk_unbuffered[0]
    BUFG_PS_X0Y80        BUFG_PS (Prop_BUFG_PS_I_O)
                                                      0.035    10.216 r  design_1_i/zynq_ultra_ps_e_0/inst/buffer_pl_clk_0.PL_CLK_0_BUFG/O
    X1Y1 (CLOCK_ROOT)    net (fo=10070, routed)       2.786    13.002    design_1_i/denoiser_top_0/inst/d_U/ap_clk
    RAMB36_X1Y9          RAMB36E2                                     r  design_1_i/denoiser_top_0/inst/d_U/genblk1[1].ram_reg_1_bram_1/CLKARDCLK
                         clock pessimism              0.290    13.292    
                         clock uncertainty           -0.160    13.132    
    RAMB36_X1Y9          RAMB36E2 (Setup_RAMB36E2_RAMB36_CLKARDCLK_DINADIN[1])
                                                     -0.465    12.667    design_1_i/denoiser_top_0/inst/d_U/genblk1[1].ram_reg_1_bram_1
  -------------------------------------------------------------------
                         required time                         12.667    
                         arrival time                         -10.480    
  -------------------------------------------------------------------
                         slack                                  2.187    

Slack (MET) :             2.268ns  (required time - arrival time)
  Source:                 design_1_i/denoiser_top_0/inst/d_U/genblk1[1].ram_reg_1_bram_0/CLKBWRCLK
                            (rising edge-triggered cell RAMB36E2 clocked by clk_pl_0  {rise@0.000ns fall@5.000ns period=10.000ns})
  Destination:            design_1_i/denoiser_top_0/inst/d_U/genblk1[1].ram_reg_1_bram_0/DINADIN[2]
                            (rising edge-triggered cell RAMB36E2 clocked by clk_pl_0  {rise@0.000ns fall@5.000ns period=10.000ns})
  Path Group:             clk_pl_0
  Path Type:              Setup (Max at Slow Process Corner)
  Requirement:            10.000ns  (clk_pl_0 rise@10.000ns - clk_pl_0 rise@0.000ns)
  Data Path Delay:        6.983ns  (logic 3.248ns (46.515%)  route 3.735ns (53.485%))
  Logic Levels:           12  (CARRY8=2 LUT3=1 LUT4=1 LUT5=1 LUT6=4 RAMB36E2=3)
  Clock Path Skew:        -0.139ns (DCD - SCD + CPR)
    Destination Clock Delay (DCD):    2.998ns = ( 12.998 - 10.000 ) 
    Source Clock Delay      (SCD):    3.436ns
    Clock Pessimism Removal (CPR):    0.299ns
  Clock Uncertainty:      0.160ns  ((TSJ^2 + DJ^2)^1/2) / 2 + PE
    Total System Jitter     (TSJ):    0.071ns
    Discrete Jitter          (DJ):    0.312ns
    Phase Error              (PE):    0.000ns
  Clock Net Delay (Source):      3.169ns (routing 1.584ns, distribution 1.585ns)
  Clock Net Delay (Destination): 2.782ns (routing 1.450ns, distribution 1.332ns)

    Location             Delay type                Incr(ns)  Path(ns)    Netlist Resource(s)
  -------------------------------------------------------------------    -------------------
                         (clock clk_pl_0 rise edge)
                                                      0.000     0.000 r  
    PS8_X0Y0             PS8                          0.000     0.000 r  design_1_i/zynq_ultra_ps_e_0/inst/PS8_i/PLCLK[0]
                         net (fo=1, routed)           0.229     0.229    design_1_i/zynq_ultra_ps_e_0/inst/pl_clk_unbuffered[0]
    BUFG_PS_X0Y80        BUFG_PS (Prop_BUFG_PS_I_O)
                                                      0.038     0.267 r  design_1_i/zynq_ultra_ps_e_0/inst/buffer_pl_clk_0.PL_CLK_0_BUFG/O
    X1Y1 (CLOCK_ROOT)    net (fo=10070, routed)       3.169     3.436    design_1_i/denoiser_top_0/inst/d_U/ap_clk
    RAMB36_X1Y8          RAMB36E2                                     r  design_1_i/denoiser_top_0/inst/d_U/genblk1[1].ram_reg_1_bram_0/CLKBWRCLK
  -------------------------------------------------------------------    -------------------
    RAMB36_X1Y8          RAMB36E2 (Prop_RAMB36E2_RAMB36_CLKBWRCLK_CASDOUTB[5])
                                                      1.580     5.016 r  design_1_i/denoiser_top_0/inst/d_U/genblk1[1].ram_reg_1_bram_0/CASDOUTB[5]
                         net (fo=1, routed)           0.025     5.041    design_1_i/denoiser_top_0/inst/d_U/genblk1[1].ram_reg_1_bram_0_n_66
    RAMB36_X1Y9          RAMB36E2 (Prop_RAMB36E2_RAMB36_CASDINB[5]_CASDOUTB[5])
                                                      0.247     5.288 r  design_1_i/denoiser_top_0/inst/d_U/genblk1[1].ram_reg_1_bram_1/CASDOUTB[5]
                         net (fo=1, routed)           0.025     5.313    design_1_i/denoiser_top_0/inst/d_U/genblk1[1].ram_reg_1_bram_1_n_66
    RAMB36_X1Y10         RAMB36E2 (Prop_RAMB36E2_RAMB36_CASDINB[5]_CASDOUTB[5])
                                                      0.247     5.560 r  design_1_i/denoiser_top_0/inst/d_U/genblk1[1].ram_reg_1_bram_2/CASDOUTB[5]
                         net (fo=1, routed)           0.025     5.585    design_1_i/denoiser_top_0/inst/d_U/genblk1[1].ram_reg_1_bram_2_n_66
    RAMB36_X1Y11         RAMB36E2 (Prop_RAMB36E2_RAMB36_CASDINB[5]_DOUTBDOUT[5])
                                                      0.136     5.721 r  design_1_i/denoiser_top_0/inst/d_U/genblk1[1].ram_reg_1_bram_3/DOUTBDOUT[5]
                         net (fo=10, routed)          1.203     6.924    design_1_i/denoiser_top_0/inst/d_U/d_q1[13]
    SLICE_X26Y67         LUT4 (Prop_G6LUT_SLICEL_I2_O)
                                                      0.137     7.061 r  design_1_i/denoiser_top_0/inst/d_U/genblk1[1].ram_reg_1_bram_0_i_55/O
                         net (fo=1, routed)           0.012     7.073    design_1_i/denoiser_top_0/inst/d_U/genblk1[1].ram_reg_1_bram_0_i_55_n_4
    SLICE_X26Y67         CARRY8 (Prop_CARRY8_SLICEL_S[6]_CO[7])
                                                      0.179     7.252 r  design_1_i/denoiser_top_0/inst/d_U/genblk1[1].ram_reg_1_bram_0_i_22/CO[7]
                         net (fo=40, routed)          0.324     7.576    design_1_i/denoiser_top_0/inst/d_U/genblk1[1].ram_reg_1_bram_0_i_22_n_4
    SLICE_X24Y68         LUT3 (Prop_D5LUT_SLICEM_I2_O)
                                                      0.135     7.711 f  design_1_i/denoiser_top_0/inst/d_U/genblk1[1].ram_reg_1_bram_0_i_74/O
                         net (fo=2, routed)           0.221     7.932    design_1_i/denoiser_top_0/inst/d_U/grp_inference_fu_131/grp_inference_Pipeline_VITIS_LOOP_45_1_VITIS_LOOP_46_2_VITIS_LOOP_47_3_fu_475/max_val_V_3_fu_788_p3[5]
    SLICE_X25Y68         LUT6 (Prop_C6LUT_SLICEM_I4_O)
                                                      0.056     7.988 r  design_1_i/denoiser_top_0/inst/d_U/genblk1[1].ram_reg_1_bram_0_i_35/O
                         net (fo=1, routed)           0.252     8.240    design_1_i/denoiser_top_0/inst/d_U/genblk1[1].ram_reg_1_bram_0_i_35_n_4
    SLICE_X25Y67         CARRY8 (Prop_CARRY8_SLICEM_DI[2]_CO[7])
                                                      0.172     8.412 r  design_1_i/denoiser_top_0/inst/d_U/genblk1[1].ram_reg_1_bram_0_i_21/CO[7]
                         net (fo=16, routed)          0.292     8.704    design_1_i/denoiser_top_0/inst/d_U/genblk1[1].ram_reg_1_bram_0_i_21_n_4
    SLICE_X26Y69         LUT5 (Prop_E6LUT_SLICEL_I4_O)
                                                      0.057     8.761 r  design_1_i/denoiser_top_0/inst/d_U/genblk1[1].ram_reg_1_bram_0_i_66/O
                         net (fo=1, routed)           0.097     8.858    design_1_i/denoiser_top_0/inst/grp_inference_fu_131/grp_inference_Pipeline_VITIS_LOOP_97_1_VITIS_LOOP_98_2_VITIS_LOOP_99_3_fu_498/grp_inference_Pipeline_VITIS_LOOP_45_1_VITIS_LOOP_46_2_VITIS_LOOP_47_3_fu_475_d_d0[10]
    SLICE_X26Y69         LUT6 (Prop_G6LUT_SLICEL_I3_O)
                                                      0.137     8.995 r  design_1_i/denoiser_top_0/inst/grp_inference_fu_131/grp_inference_Pipeline_VITIS_LOOP_97_1_VITIS_LOOP_98_2_VITIS_LOOP_99_3_fu_498/genblk1[1].ram_reg_1_bram_0_i_27/O
                         net (fo=1, routed)           0.054     9.049    design_1_i/denoiser_top_0/inst/grp_inference_fu_131/grp_inference_Pipeline_VITIS_LOOP_97_1_VITIS_LOOP_98_2_VITIS_LOOP_99_3_fu_498/genblk1[1].ram_reg_1_bram_0_i_27_n_4
    SLICE_X26Y69         LUT6 (Prop_H6LUT_SLICEL_I3_O)
                                                      0.083     9.132 r  design_1_i/denoiser_top_0/inst/grp_inference_fu_131/grp_inference_Pipeline_VITIS_LOOP_97_1_VITIS_LOOP_98_2_VITIS_LOOP_99_3_fu_498/genblk1[1].ram_reg_1_bram_0_i_17/O
                         net (fo=1, routed)           0.181     9.313    design_1_i/denoiser_top_0/inst/grp_inference_fu_131/grp_inference_Pipeline_loop_kh_3_loop_kw_3_loop_ic_3_fu_521/genblk1[1].ram_reg_1_bram_3_24
    SLICE_X26Y68         LUT6 (Prop_A6LUT_SLICEL_I0_O)
                                                      0.082     9.395 r  design_1_i/denoiser_top_0/inst/grp_inference_fu_131/grp_inference_Pipeline_loop_kh_3_loop_kw_3_loop_ic_3_fu_521/genblk1[1].ram_reg_1_bram_0_i_6/O
                         net (fo=4, routed)           1.023    10.418    design_1_i/denoiser_top_0/inst/d_U/grp_inference_fu_131_d_d0[10]
    RAMB36_X1Y8          RAMB36E2                                     r  design_1_i/denoiser_top_0/inst/d_U/genblk1[1].ram_reg_1_bram_0/DINADIN[2]
  -------------------------------------------------------------------    -------------------

                         (clock clk_pl_0 rise edge)
                                                     10.000    10.000 r  
    PS8_X0Y0             PS8                          0.000    10.000 r  design_1_i/zynq_ultra_ps_e_0/inst/PS8_i/PLCLK[0]
                         net (fo=1, routed)           0.181    10.181    design_1_i/zynq_ultra_ps_e_0/inst/pl_clk_unbuffered[0]
    BUFG_PS_X0Y80        BUFG_PS (Prop_BUFG_PS_I_O)
                                                      0.035    10.216 r  design_1_i/zynq_ultra_ps_e_0/inst/buffer_pl_clk_0.PL_CLK_0_BUFG/O
    X1Y1 (CLOCK_ROOT)    net (fo=10070, routed)       2.782    12.998    design_1_i/denoiser_top_0/inst/d_U/ap_clk
    RAMB36_X1Y8          RAMB36E2                                     r  design_1_i/denoiser_top_0/inst/d_U/genblk1[1].ram_reg_1_bram_0/CLKARDCLK
                         clock pessimism              0.299    13.297    
                         clock uncertainty           -0.160    13.137    
    RAMB36_X1Y8          RAMB36E2 (Setup_RAMB36E2_RAMB36_CLKARDCLK_DINADIN[2])
                                                     -0.450    12.687    design_1_i/denoiser_top_0/inst/d_U/genblk1[1].ram_reg_1_bram_0
  -------------------------------------------------------------------
                         required time                         12.687    
                         arrival time                         -10.418    
  -------------------------------------------------------------------
                         slack                                  2.268    

Slack (MET) :             2.274ns  (required time - arrival time)
  Source:                 design_1_i/denoiser_top_0/inst/d_U/genblk1[1].ram_reg_1_bram_0/CLKBWRCLK
                            (rising edge-triggered cell RAMB36E2 clocked by clk_pl_0  {rise@0.000ns fall@5.000ns period=10.000ns})
  Destination:            design_1_i/denoiser_top_0/inst/d_U/genblk1[1].ram_reg_1_bram_3/DINADIN[1]
                            (rising edge-triggered cell RAMB36E2 clocked by clk_pl_0  {rise@0.000ns fall@5.000ns period=10.000ns})
  Path Group:             clk_pl_0
  Path Type:              Setup (Max at Slow Process Corner)
  Requirement:            10.000ns  (clk_pl_0 rise@10.000ns - clk_pl_0 rise@0.000ns)
  Data Path Delay:        6.961ns  (logic 3.458ns (49.679%)  route 3.503ns (50.321%))
  Logic Levels:           12  (CARRY8=2 LUT3=1 LUT4=1 LUT5=1 LUT6=4 RAMB36E2=3)
  Clock Path Skew:        -0.140ns (DCD - SCD + CPR)
    Destination Clock Delay (DCD):    3.006ns = ( 13.006 - 10.000 ) 
    Source Clock Delay      (SCD):    3.436ns
    Clock Pessimism Removal (CPR):    0.290ns
  Clock Uncertainty:      0.160ns  ((TSJ^2 + DJ^2)^1/2) / 2 + PE
    Total System Jitter     (TSJ):    0.071ns
    Discrete Jitter          (DJ):    0.312ns
    Phase Error              (PE):    0.000ns
  Clock Net Delay (Source):      3.169ns (routing 1.584ns, distribution 1.585ns)
  Clock Net Delay (Destination): 2.790ns (routing 1.450ns, distribution 1.340ns)

    Location             Delay type                Incr(ns)  Path(ns)    Netlist Resource(s)
  -------------------------------------------------------------------    -------------------
                         (clock clk_pl_0 rise edge)
                                                      0.000     0.000 r  
    PS8_X0Y0             PS8                          0.000     0.000 r  design_1_i/zynq_ultra_ps_e_0/inst/PS8_i/PLCLK[0]
                         net (fo=1, routed)           0.229     0.229    design_1_i/zynq_ultra_ps_e_0/inst/pl_clk_unbuffered[0]
    BUFG_PS_X0Y80        BUFG_PS (Prop_BUFG_PS_I_O)
                                                      0.038     0.267 r  design_1_i/zynq_ultra_ps_e_0/inst/buffer_pl_clk_0.PL_CLK_0_BUFG/O
    X1Y1 (CLOCK_ROOT)    net (fo=10070, routed)       3.169     3.436    design_1_i/denoiser_top_0/inst/d_U/ap_clk
    RAMB36_X1Y8          RAMB36E2                                     r  design_1_i/denoiser_top_0/inst/d_U/genblk1[1].ram_reg_1_bram_0/CLKBWRCLK
  -------------------------------------------------------------------    -------------------
    RAMB36_X1Y8          RAMB36E2 (Prop_RAMB36E2_RAMB36_CLKBWRCLK_CASDOUTB[5])
                                                      1.580     5.016 r  design_1_i/denoiser_top_0/inst/d_U/genblk1[1].ram_reg_1_bram_0/CASDOUTB[5]
                         net (fo=1, routed)           0.025     5.041    design_1_i/denoiser_top_0/inst/d_U/genblk1[1].ram_reg_1_bram_0_n_66
    RAMB36_X1Y9          RAMB36E2 (Prop_RAMB36E2_RAMB36_CASDINB[5]_CASDOUTB[5])
                                                      0.247     5.288 r  design_1_i/denoiser_top_0/inst/d_U/genblk1[1].ram_reg_1_bram_1/CASDOUTB[5]
                         net (fo=1, routed)           0.025     5.313    design_1_i/denoiser_top_0/inst/d_U/genblk1[1].ram_reg_1_bram_1_n_66
    RAMB36_X1Y10         RAMB36E2 (Prop_RAMB36E2_RAMB36_CASDINB[5]_CASDOUTB[5])
                                                      0.247     5.560 r  design_1_i/denoiser_top_0/inst/d_U/genblk1[1].ram_reg_1_bram_2/CASDOUTB[5]
                         net (fo=1, routed)           0.025     5.585    design_1_i/denoiser_top_0/inst/d_U/genblk1[1].ram_reg_1_bram_2_n_66
    RAMB36_X1Y11         RAMB36E2 (Prop_RAMB36E2_RAMB36_CASDINB[5]_DOUTBDOUT[5])
                                                      0.136     5.721 r  design_1_i/denoiser_top_0/inst/d_U/genblk1[1].ram_reg_1_bram_3/DOUTBDOUT[5]
                         net (fo=10, routed)          1.203     6.924    design_1_i/denoiser_top_0/inst/d_U/d_q1[13]
    SLICE_X26Y67         LUT4 (Prop_G6LUT_SLICEL_I2_O)
                                                      0.137     7.061 r  design_1_i/denoiser_top_0/inst/d_U/genblk1[1].ram_reg_1_bram_0_i_55/O
                         net (fo=1, routed)           0.012     7.073    design_1_i/denoiser_top_0/inst/d_U/genblk1[1].ram_reg_1_bram_0_i_55_n_4
    SLICE_X26Y67         CARRY8 (Prop_CARRY8_SLICEL_S[6]_CO[7])
                                                      0.179     7.252 r  design_1_i/denoiser_top_0/inst/d_U/genblk1[1].ram_reg_1_bram_0_i_22/CO[7]
                         net (fo=40, routed)          0.324     7.576    design_1_i/denoiser_top_0/inst/d_U/genblk1[1].ram_reg_1_bram_0_i_22_n_4
    SLICE_X24Y68         LUT3 (Prop_D5LUT_SLICEM_I2_O)
                                                      0.135     7.711 f  design_1_i/denoiser_top_0/inst/d_U/genblk1[1].ram_reg_1_bram_0_i_74/O
                         net (fo=2, routed)           0.221     7.932    design_1_i/denoiser_top_0/inst/d_U/grp_inference_fu_131/grp_inference_Pipeline_VITIS_LOOP_45_1_VITIS_LOOP_46_2_VITIS_LOOP_47_3_fu_475/max_val_V_3_fu_788_p3[5]
    SLICE_X25Y68         LUT6 (Prop_C6LUT_SLICEM_I4_O)
                                                      0.056     7.988 r  design_1_i/denoiser_top_0/inst/d_U/genblk1[1].ram_reg_1_bram_0_i_35/O
                         net (fo=1, routed)           0.252     8.240    design_1_i/denoiser_top_0/inst/d_U/genblk1[1].ram_reg_1_bram_0_i_35_n_4
    SLICE_X25Y67         CARRY8 (Prop_CARRY8_SLICEM_DI[2]_CO[7])
                                                      0.172     8.412 r  design_1_i/denoiser_top_0/inst/d_U/genblk1[1].ram_reg_1_bram_0_i_21/CO[7]
                         net (fo=16, routed)          0.330     8.741    design_1_i/denoiser_top_0/inst/d_U/genblk1[1].ram_reg_1_bram_0_i_21_n_4
    SLICE_X26Y66         LUT5 (Prop_H6LUT_SLICEL_I4_O)
                                                      0.137     8.878 r  design_1_i/denoiser_top_0/inst/d_U/genblk1[1].ram_reg_1_bram_0_i_67/O
                         net (fo=1, routed)           0.057     8.935    design_1_i/denoiser_top_0/inst/grp_inference_fu_131/grp_inference_Pipeline_VITIS_LOOP_97_1_VITIS_LOOP_98_2_VITIS_LOOP_99_3_fu_498/grp_inference_Pipeline_VITIS_LOOP_45_1_VITIS_LOOP_46_2_VITIS_LOOP_47_3_fu_475_d_d0[9]
    SLICE_X26Y66         LUT6 (Prop_C6LUT_SLICEL_I3_O)
                                                      0.187     9.122 r  design_1_i/denoiser_top_0/inst/grp_inference_fu_131/grp_inference_Pipeline_VITIS_LOOP_97_1_VITIS_LOOP_98_2_VITIS_LOOP_99_3_fu_498/genblk1[1].ram_reg_1_bram_0_i_28/O
                         net (fo=1, routed)           0.050     9.172    design_1_i/denoiser_top_0/inst/grp_inference_fu_131/grp_inference_Pipeline_VITIS_LOOP_97_1_VITIS_LOOP_98_2_VITIS_LOOP_99_3_fu_498/genblk1[1].ram_reg_1_bram_0_i_28_n_4
    SLICE_X26Y66         LUT6 (Prop_D6LUT_SLICEL_I3_O)
                                                      0.057     9.229 r  design_1_i/denoiser_top_0/inst/grp_inference_fu_131/grp_inference_Pipeline_VITIS_LOOP_97_1_VITIS_LOOP_98_2_VITIS_LOOP_99_3_fu_498/genblk1[1].ram_reg_1_bram_0_i_18/O
                         net (fo=1, routed)           0.058     9.287    design_1_i/denoiser_top_0/inst/grp_inference_fu_131/grp_inference_Pipeline_loop_kh_3_loop_kw_3_loop_ic_3_fu_521/genblk1[1].ram_reg_1_bram_3_23
    SLICE_X26Y66         LUT6 (Prop_B6LUT_SLICEL_I0_O)
                                                      0.188     9.475 r  design_1_i/denoiser_top_0/inst/grp_inference_fu_131/grp_inference_Pipeline_loop_kh_3_loop_kw_3_loop_ic_3_fu_521/genblk1[1].ram_reg_1_bram_0_i_7/O
                         net (fo=4, routed)           0.921    10.396    design_1_i/denoiser_top_0/inst/d_U/grp_inference_fu_131_d_d0[9]
    RAMB36_X1Y11         RAMB36E2                                     r  design_1_i/denoiser_top_0/inst/d_U/genblk1[1].ram_reg_1_bram_3/DINADIN[1]
  -------------------------------------------------------------------    -------------------

                         (clock clk_pl_0 rise edge)
                                                     10.000    10.000 r  
    PS8_X0Y0             PS8                          0.000    10.000 r  design_1_i/zynq_ultra_ps_e_0/inst/PS8_i/PLCLK[0]
                         net (fo=1, routed)           0.181    10.181    design_1_i/zynq_ultra_ps_e_0/inst/pl_clk_unbuffered[0]
    BUFG_PS_X0Y80        BUFG_PS (Prop_BUFG_PS_I_O)
                                                      0.035    10.216 r  design_1_i/zynq_ultra_ps_e_0/inst/buffer_pl_clk_0.PL_CLK_0_BUFG/O
    X1Y1 (CLOCK_ROOT)    net (fo=10070, routed)       2.790    13.006    design_1_i/denoiser_top_0/inst/d_U/ap_clk
    RAMB36_X1Y11         RAMB36E2                                     r  design_1_i/denoiser_top_0/inst/d_U/genblk1[1].ram_reg_1_bram_3/CLKARDCLK
                         clock pessimism              0.290    13.296    
                         clock uncertainty           -0.160    13.135    
    RAMB36_X1Y11         RAMB36E2 (Setup_RAMB36E2_RAMB36_CLKARDCLK_DINADIN[1])
                                                     -0.465    12.670    design_1_i/denoiser_top_0/inst/d_U/genblk1[1].ram_reg_1_bram_3
  -------------------------------------------------------------------
                         required time                         12.670    
                         arrival time                         -10.396    
  -------------------------------------------------------------------
                         slack                                  2.274    

Slack (MET) :             2.309ns  (required time - arrival time)
  Source:                 design_1_i/denoiser_top_0/inst/d_U/genblk1[1].ram_reg_1_bram_0/CLKBWRCLK
                            (rising edge-triggered cell RAMB36E2 clocked by clk_pl_0  {rise@0.000ns fall@5.000ns period=10.000ns})
  Destination:            design_1_i/denoiser_top_0/inst/d_U/genblk1[1].ram_reg_1_bram_2/DINADIN[1]
                            (rising edge-triggered cell RAMB36E2 clocked by clk_pl_0  {rise@0.000ns fall@5.000ns period=10.000ns})
  Path Group:             clk_pl_0
  Path Type:              Setup (Max at Slow Process Corner)
  Requirement:            10.000ns  (clk_pl_0 rise@10.000ns - clk_pl_0 rise@0.000ns)
  Data Path Delay:        6.924ns  (logic 3.458ns (49.940%)  route 3.466ns (50.060%))
  Logic Levels:           12  (CARRY8=2 LUT3=1 LUT4=1 LUT5=1 LUT6=4 RAMB36E2=3)
  Clock Path Skew:        -0.141ns (DCD - SCD + CPR)
    Destination Clock Delay (DCD):    3.005ns = ( 13.005 - 10.000 ) 
    Source Clock Delay      (SCD):    3.436ns
    Clock Pessimism Removal (CPR):    0.290ns
  Clock Uncertainty:      0.160ns  ((TSJ^2 + DJ^2)^1/2) / 2 + PE
    Total System Jitter     (TSJ):    0.071ns
    Discrete Jitter          (DJ):    0.312ns
    Phase Error              (PE):    0.000ns
  Clock Net Delay (Source):      3.169ns (routing 1.584ns, distribution 1.585ns)
  Clock Net Delay (Destination): 2.789ns (routing 1.450ns, distribution 1.339ns)

    Location             Delay type                Incr(ns)  Path(ns)    Netlist Resource(s)
  -------------------------------------------------------------------    -------------------
                         (clock clk_pl_0 rise edge)
                                                      0.000     0.000 r  
    PS8_X0Y0             PS8                          0.000     0.000 r  design_1_i/zynq_ultra_ps_e_0/inst/PS8_i/PLCLK[0]
                         net (fo=1, routed)           0.229     0.229    design_1_i/zynq_ultra_ps_e_0/inst/pl_clk_unbuffered[0]
    BUFG_PS_X0Y80        BUFG_PS (Prop_BUFG_PS_I_O)
                                                      0.038     0.267 r  design_1_i/zynq_ultra_ps_e_0/inst/buffer_pl_clk_0.PL_CLK_0_BUFG/O
    X1Y1 (CLOCK_ROOT)    net (fo=10070, routed)       3.169     3.436    design_1_i/denoiser_top_0/inst/d_U/ap_clk
    RAMB36_X1Y8          RAMB36E2                                     r  design_1_i/denoiser_top_0/inst/d_U/genblk1[1].ram_reg_1_bram_0/CLKBWRCLK
  -------------------------------------------------------------------    -------------------
    RAMB36_X1Y8          RAMB36E2 (Prop_RAMB36E2_RAMB36_CLKBWRCLK_CASDOUTB[5])
                                                      1.580     5.016 r  design_1_i/denoiser_top_0/inst/d_U/genblk1[1].ram_reg_1_bram_0/CASDOUTB[5]
                         net (fo=1, routed)           0.025     5.041    design_1_i/denoiser_top_0/inst/d_U/genblk1[1].ram_reg_1_bram_0_n_66
    RAMB36_X1Y9          RAMB36E2 (Prop_RAMB36E2_RAMB36_CASDINB[5]_CASDOUTB[5])
                                                      0.247     5.288 r  design_1_i/denoiser_top_0/inst/d_U/genblk1[1].ram_reg_1_bram_1/CASDOUTB[5]
                         net (fo=1, routed)           0.025     5.313    design_1_i/denoiser_top_0/inst/d_U/genblk1[1].ram_reg_1_bram_1_n_66
    RAMB36_X1Y10         RAMB36E2 (Prop_RAMB36E2_RAMB36_CASDINB[5]_CASDOUTB[5])
                                                      0.247     5.560 r  design_1_i/denoiser_top_0/inst/d_U/genblk1[1].ram_reg_1_bram_2/CASDOUTB[5]
                         net (fo=1, routed)           0.025     5.585    design_1_i/denoiser_top_0/inst/d_U/genblk1[1].ram_reg_1_bram_2_n_66
    RAMB36_X1Y11         RAMB36E2 (Prop_RAMB36E2_RAMB36_CASDINB[5]_DOUTBDOUT[5])
                                                      0.136     5.721 r  design_1_i/denoiser_top_0/inst/d_U/genblk1[1].ram_reg_1_bram_3/DOUTBDOUT[5]
                         net (fo=10, routed)          1.203     6.924    design_1_i/denoiser_top_0/inst/d_U/d_q1[13]
    SLICE_X26Y67         LUT4 (Prop_G6LUT_SLICEL_I2_O)
                                                      0.137     7.061 r  design_1_i/denoiser_top_0/inst/d_U/genblk1[1].ram_reg_1_bram_0_i_55/O
                         net (fo=1, routed)           0.012     7.073    design_1_i/denoiser_top_0/inst/d_U/genblk1[1].ram_reg_1_bram_0_i_55_n_4
    SLICE_X26Y67         CARRY8 (Prop_CARRY8_SLICEL_S[6]_CO[7])
                                                      0.179     7.252 r  design_1_i/denoiser_top_0/inst/d_U/genblk1[1].ram_reg_1_bram_0_i_22/CO[7]
                         net (fo=40, routed)          0.324     7.576    design_1_i/denoiser_top_0/inst/d_U/genblk1[1].ram_reg_1_bram_0_i_22_n_4
    SLICE_X24Y68         LUT3 (Prop_D5LUT_SLICEM_I2_O)
                                                      0.135     7.711 f  design_1_i/denoiser_top_0/inst/d_U/genblk1[1].ram_reg_1_bram_0_i_74/O
                         net (fo=2, routed)           0.221     7.932    design_1_i/denoiser_top_0/inst/d_U/grp_inference_fu_131/grp_inference_Pipeline_VITIS_LOOP_45_1_VITIS_LOOP_46_2_VITIS_LOOP_47_3_fu_475/max_val_V_3_fu_788_p3[5]
    SLICE_X25Y68         LUT6 (Prop_C6LUT_SLICEM_I4_O)
                                                      0.056     7.988 r  design_1_i/denoiser_top_0/inst/d_U/genblk1[1].ram_reg_1_bram_0_i_35/O
                         net (fo=1, routed)           0.252     8.240    design_1_i/denoiser_top_0/inst/d_U/genblk1[1].ram_reg_1_bram_0_i_35_n_4
    SLICE_X25Y67         CARRY8 (Prop_CARRY8_SLICEM_DI[2]_CO[7])
                                                      0.172     8.412 r  design_1_i/denoiser_top_0/inst/d_U/genblk1[1].ram_reg_1_bram_0_i_21/CO[7]
                         net (fo=16, routed)          0.330     8.741    design_1_i/denoiser_top_0/inst/d_U/genblk1[1].ram_reg_1_bram_0_i_21_n_4
    SLICE_X26Y66         LUT5 (Prop_H6LUT_SLICEL_I4_O)
                                                      0.137     8.878 r  design_1_i/denoiser_top_0/inst/d_U/genblk1[1].ram_reg_1_bram_0_i_67/O
                         net (fo=1, routed)           0.057     8.935    design_1_i/denoiser_top_0/inst/grp_inference_fu_131/grp_inference_Pipeline_VITIS_LOOP_97_1_VITIS_LOOP_98_2_VITIS_LOOP_99_3_fu_498/grp_inference_Pipeline_VITIS_LOOP_45_1_VITIS_LOOP_46_2_VITIS_LOOP_47_3_fu_475_d_d0[9]
    SLICE_X26Y66         LUT6 (Prop_C6LUT_SLICEL_I3_O)
                                                      0.187     9.122 r  design_1_i/denoiser_top_0/inst/grp_inference_fu_131/grp_inference_Pipeline_VITIS_LOOP_97_1_VITIS_LOOP_98_2_VITIS_LOOP_99_3_fu_498/genblk1[1].ram_reg_1_bram_0_i_28/O
                         net (fo=1, routed)           0.050     9.172    design_1_i/denoiser_top_0/inst/grp_inference_fu_131/grp_inference_Pipeline_VITIS_LOOP_97_1_VITIS_LOOP_98_2_VITIS_LOOP_99_3_fu_498/genblk1[1].ram_reg_1_bram_0_i_28_n_4
    SLICE_X26Y66         LUT6 (Prop_D6LUT_SLICEL_I3_O)
                                                      0.057     9.229 r  design_1_i/denoiser_top_0/inst/grp_inference_fu_131/grp_inference_Pipeline_VITIS_LOOP_97_1_VITIS_LOOP_98_2_VITIS_LOOP_99_3_fu_498/genblk1[1].ram_reg_1_bram_0_i_18/O
                         net (fo=1, routed)           0.058     9.287    design_1_i/denoiser_top_0/inst/grp_inference_fu_131/grp_inference_Pipeline_loop_kh_3_loop_kw_3_loop_ic_3_fu_521/genblk1[1].ram_reg_1_bram_3_23
    SLICE_X26Y66         LUT6 (Prop_B6LUT_SLICEL_I0_O)
                                                      0.188     9.475 r  design_1_i/denoiser_top_0/inst/grp_inference_fu_131/grp_inference_Pipeline_loop_kh_3_loop_kw_3_loop_ic_3_fu_521/genblk1[1].ram_reg_1_bram_0_i_7/O
                         net (fo=4, routed)           0.885    10.360    design_1_i/denoiser_top_0/inst/d_U/grp_inference_fu_131_d_d0[9]
    RAMB36_X1Y10         RAMB36E2                                     r  design_1_i/denoiser_top_0/inst/d_U/genblk1[1].ram_reg_1_bram_2/DINADIN[1]
  -------------------------------------------------------------------    -------------------

                         (clock clk_pl_0 rise edge)
                                                     10.000    10.000 r  
    PS8_X0Y0             PS8                          0.000    10.000 r  design_1_i/zynq_ultra_ps_e_0/inst/PS8_i/PLCLK[0]
                         net (fo=1, routed)           0.181    10.181    design_1_i/zynq_ultra_ps_e_0/inst/pl_clk_unbuffered[0]
    BUFG_PS_X0Y80        BUFG_PS (Prop_BUFG_PS_I_O)
                                                      0.035    10.216 r  design_1_i/zynq_ultra_ps_e_0/inst/buffer_pl_clk_0.PL_CLK_0_BUFG/O
    X1Y1 (CLOCK_ROOT)    net (fo=10070, routed)       2.789    13.005    design_1_i/denoiser_top_0/inst/d_U/ap_clk
    RAMB36_X1Y10         RAMB36E2                                     r  design_1_i/denoiser_top_0/inst/d_U/genblk1[1].ram_reg_1_bram_2/CLKARDCLK
                         clock pessimism              0.290    13.295    
                         clock uncertainty           -0.160    13.134    
    RAMB36_X1Y10         RAMB36E2 (Setup_RAMB36E2_RAMB36_CLKARDCLK_DINADIN[1])
                                                     -0.465    12.669    design_1_i/denoiser_top_0/inst/d_U/genblk1[1].ram_reg_1_bram_2
  -------------------------------------------------------------------
                         required time                         12.669    
                         arrival time                         -10.360    
  -------------------------------------------------------------------
                         slack                                  2.309    

Slack (MET) :             2.324ns  (required time - arrival time)
  Source:                 design_1_i/denoiser_top_0/inst/d_U/genblk1[1].ram_reg_1_bram_0/CLKBWRCLK
                            (rising edge-triggered cell RAMB36E2 clocked by clk_pl_0  {rise@0.000ns fall@5.000ns period=10.000ns})
  Destination:            design_1_i/denoiser_top_0/inst/d_U/genblk1[1].ram_reg_1_bram_0/DINADIN[1]
                            (rising edge-triggered cell RAMB36E2 clocked by clk_pl_0  {rise@0.000ns fall@5.000ns period=10.000ns})
  Path Group:             clk_pl_0
  Path Type:              Setup (Max at Slow Process Corner)
  Requirement:            10.000ns  (clk_pl_0 rise@10.000ns - clk_pl_0 rise@0.000ns)
  Data Path Delay:        6.912ns  (logic 3.458ns (50.028%)  route 3.454ns (49.972%))
  Logic Levels:           12  (CARRY8=2 LUT3=1 LUT4=1 LUT5=1 LUT6=4 RAMB36E2=3)
  Clock Path Skew:        -0.139ns (DCD - SCD + CPR)
    Destination Clock Delay (DCD):    2.998ns = ( 12.998 - 10.000 ) 
    Source Clock Delay      (SCD):    3.436ns
    Clock Pessimism Removal (CPR):    0.299ns
  Clock Uncertainty:      0.160ns  ((TSJ^2 + DJ^2)^1/2) / 2 + PE
    Total System Jitter     (TSJ):    0.071ns
    Discrete Jitter          (DJ):    0.312ns
    Phase Error              (PE):    0.000ns
  Clock Net Delay (Source):      3.169ns (routing 1.584ns, distribution 1.585ns)
  Clock Net Delay (Destination): 2.782ns (routing 1.450ns, distribution 1.332ns)

    Location             Delay type                Incr(ns)  Path(ns)    Netlist Resource(s)
  -------------------------------------------------------------------    -------------------
                         (clock clk_pl_0 rise edge)
                                                      0.000     0.000 r  
    PS8_X0Y0             PS8                          0.000     0.000 r  design_1_i/zynq_ultra_ps_e_0/inst/PS8_i/PLCLK[0]
                         net (fo=1, routed)           0.229     0.229    design_1_i/zynq_ultra_ps_e_0/inst/pl_clk_unbuffered[0]
    BUFG_PS_X0Y80        BUFG_PS (Prop_BUFG_PS_I_O)
                                                      0.038     0.267 r  design_1_i/zynq_ultra_ps_e_0/inst/buffer_pl_clk_0.PL_CLK_0_BUFG/O
    X1Y1 (CLOCK_ROOT)    net (fo=10070, routed)       3.169     3.436    design_1_i/denoiser_top_0/inst/d_U/ap_clk
    RAMB36_X1Y8          RAMB36E2                                     r  design_1_i/denoiser_top_0/inst/d_U/genblk1[1].ram_reg_1_bram_0/CLKBWRCLK
  -------------------------------------------------------------------    -------------------
    RAMB36_X1Y8          RAMB36E2 (Prop_RAMB36E2_RAMB36_CLKBWRCLK_CASDOUTB[5])
                                                      1.580     5.016 r  design_1_i/denoiser_top_0/inst/d_U/genblk1[1].ram_reg_1_bram_0/CASDOUTB[5]
                         net (fo=1, routed)           0.025     5.041    design_1_i/denoiser_top_0/inst/d_U/genblk1[1].ram_reg_1_bram_0_n_66
    RAMB36_X1Y9          RAMB36E2 (Prop_RAMB36E2_RAMB36_CASDINB[5]_CASDOUTB[5])
                                                      0.247     5.288 r  design_1_i/denoiser_top_0/inst/d_U/genblk1[1].ram_reg_1_bram_1/CASDOUTB[5]
                         net (fo=1, routed)           0.025     5.313    design_1_i/denoiser_top_0/inst/d_U/genblk1[1].ram_reg_1_bram_1_n_66
    RAMB36_X1Y10         RAMB36E2 (Prop_RAMB36E2_RAMB36_CASDINB[5]_CASDOUTB[5])
                                                      0.247     5.560 r  design_1_i/denoiser_top_0/inst/d_U/genblk1[1].ram_reg_1_bram_2/CASDOUTB[5]
                         net (fo=1, routed)           0.025     5.585    design_1_i/denoiser_top_0/inst/d_U/genblk1[1].ram_reg_1_bram_2_n_66
    RAMB36_X1Y11         RAMB36E2 (Prop_RAMB36E2_RAMB36_CASDINB[5]_DOUTBDOUT[5])
                                                      0.136     5.721 r  design_1_i/denoiser_top_0/inst/d_U/genblk1[1].ram_reg_1_bram_3/DOUTBDOUT[5]
                         net (fo=10, routed)          1.203     6.924    design_1_i/denoiser_top_0/inst/d_U/d_q1[13]
    SLICE_X26Y67         LUT4 (Prop_G6LUT_SLICEL_I2_O)
                                                      0.137     7.061 r  design_1_i/denoiser_top_0/inst/d_U/genblk1[1].ram_reg_1_bram_0_i_55/O
                         net (fo=1, routed)           0.012     7.073    design_1_i/denoiser_top_0/inst/d_U/genblk1[1].ram_reg_1_bram_0_i_55_n_4
    SLICE_X26Y67         CARRY8 (Prop_CARRY8_SLICEL_S[6]_CO[7])
                                                      0.179     7.252 r  design_1_i/denoiser_top_0/inst/d_U/genblk1[1].ram_reg_1_bram_0_i_22/CO[7]
                         net (fo=40, routed)          0.324     7.576    design_1_i/denoiser_top_0/inst/d_U/genblk1[1].ram_reg_1_bram_0_i_22_n_4
    SLICE_X24Y68         LUT3 (Prop_D5LUT_SLICEM_I2_O)
                                                      0.135     7.711 f  design_1_i/denoiser_top_0/inst/d_U/genblk1[1].ram_reg_1_bram_0_i_74/O
                         net (fo=2, routed)           0.221     7.932    design_1_i/denoiser_top_0/inst/d_U/grp_inference_fu_131/grp_inference_Pipeline_VITIS_LOOP_45_1_VITIS_LOOP_46_2_VITIS_LOOP_47_3_fu_475/max_val_V_3_fu_788_p3[5]
    SLICE_X25Y68         LUT6 (Prop_C6LUT_SLICEM_I4_O)
                                                      0.056     7.988 r  design_1_i/denoiser_top_0/inst/d_U/genblk1[1].ram_reg_1_bram_0_i_35/O
                         net (fo=1, routed)           0.252     8.240    design_1_i/denoiser_top_0/inst/d_U/genblk1[1].ram_reg_1_bram_0_i_35_n_4
    SLICE_X25Y67         CARRY8 (Prop_CARRY8_SLICEM_DI[2]_CO[7])
                                                      0.172     8.412 r  design_1_i/denoiser_top_0/inst/d_U/genblk1[1].ram_reg_1_bram_0_i_21/CO[7]
                         net (fo=16, routed)          0.330     8.741    design_1_i/denoiser_top_0/inst/d_U/genblk1[1].ram_reg_1_bram_0_i_21_n_4
    SLICE_X26Y66         LUT5 (Prop_H6LUT_SLICEL_I4_O)
                                                      0.137     8.878 r  design_1_i/denoiser_top_0/inst/d_U/genblk1[1].ram_reg_1_bram_0_i_67/O
                         net (fo=1, routed)           0.057     8.935    design_1_i/denoiser_top_0/inst/grp_inference_fu_131/grp_inference_Pipeline_VITIS_LOOP_97_1_VITIS_LOOP_98_2_VITIS_LOOP_99_3_fu_498/grp_inference_Pipeline_VITIS_LOOP_45_1_VITIS_LOOP_46_2_VITIS_LOOP_47_3_fu_475_d_d0[9]
    SLICE_X26Y66         LUT6 (Prop_C6LUT_SLICEL_I3_O)
                                                      0.187     9.122 r  design_1_i/denoiser_top_0/inst/grp_inference_fu_131/grp_inference_Pipeline_VITIS_LOOP_97_1_VITIS_LOOP_98_2_VITIS_LOOP_99_3_fu_498/genblk1[1].ram_reg_1_bram_0_i_28/O
                         net (fo=1, routed)           0.050     9.172    design_1_i/denoiser_top_0/inst/grp_inference_fu_131/grp_inference_Pipeline_VITIS_LOOP_97_1_VITIS_LOOP_98_2_VITIS_LOOP_99_3_fu_498/genblk1[1].ram_reg_1_bram_0_i_28_n_4
    SLICE_X26Y66         LUT6 (Prop_D6LUT_SLICEL_I3_O)
                                                      0.057     9.229 r  design_1_i/denoiser_top_0/inst/grp_inference_fu_131/grp_inference_Pipeline_VITIS_LOOP_97_1_VITIS_LOOP_98_2_VITIS_LOOP_99_3_fu_498/genblk1[1].ram_reg_1_bram_0_i_18/O
                         net (fo=1, routed)           0.058     9.287    design_1_i/denoiser_top_0/inst/grp_inference_fu_131/grp_inference_Pipeline_loop_kh_3_loop_kw_3_loop_ic_3_fu_521/genblk1[1].ram_reg_1_bram_3_23
    SLICE_X26Y66         LUT6 (Prop_B6LUT_SLICEL_I0_O)
                                                      0.188     9.475 r  design_1_i/denoiser_top_0/inst/grp_inference_fu_131/grp_inference_Pipeline_loop_kh_3_loop_kw_3_loop_ic_3_fu_521/genblk1[1].ram_reg_1_bram_0_i_7/O
                         net (fo=4, routed)           0.873    10.348    design_1_i/denoiser_top_0/inst/d_U/grp_inference_fu_131_d_d0[9]
    RAMB36_X1Y8          RAMB36E2                                     r  design_1_i/denoiser_top_0/inst/d_U/genblk1[1].ram_reg_1_bram_0/DINADIN[1]
  -------------------------------------------------------------------    -------------------

                         (clock clk_pl_0 rise edge)
                                                     10.000    10.000 r  
    PS8_X0Y0             PS8                          0.000    10.000 r  design_1_i/zynq_ultra_ps_e_0/inst/PS8_i/PLCLK[0]
                         net (fo=1, routed)           0.181    10.181    design_1_i/zynq_ultra_ps_e_0/inst/pl_clk_unbuffered[0]
    BUFG_PS_X0Y80        BUFG_PS (Prop_BUFG_PS_I_O)
                                                      0.035    10.216 r  design_1_i/zynq_ultra_ps_e_0/inst/buffer_pl_clk_0.PL_CLK_0_BUFG/O
    X1Y1 (CLOCK_ROOT)    net (fo=10070, routed)       2.782    12.998    design_1_i/denoiser_top_0/inst/d_U/ap_clk
    RAMB36_X1Y8          RAMB36E2                                     r  design_1_i/denoiser_top_0/inst/d_U/genblk1[1].ram_reg_1_bram_0/CLKARDCLK
                         clock pessimism              0.299    13.297    
                         clock uncertainty           -0.160    13.137    
    RAMB36_X1Y8          RAMB36E2 (Setup_RAMB36E2_RAMB36_CLKARDCLK_DINADIN[1])
                                                     -0.465    12.672    design_1_i/denoiser_top_0/inst/d_U/genblk1[1].ram_reg_1_bram_0
  -------------------------------------------------------------------
                         required time                         12.672    
                         arrival time                         -10.348    
  -------------------------------------------------------------------
                         slack                                  2.324    

Slack (MET) :             2.326ns  (required time - arrival time)
  Source:                 design_1_i/denoiser_top_0/inst/d_U/genblk1[1].ram_reg_1_bram_0/CLKBWRCLK
                            (rising edge-triggered cell RAMB36E2 clocked by clk_pl_0  {rise@0.000ns fall@5.000ns period=10.000ns})
  Destination:            design_1_i/denoiser_top_0/inst/d_U/genblk1[1].ram_reg_1_bram_1/DINADIN[3]
                            (rising edge-triggered cell RAMB36E2 clocked by clk_pl_0  {rise@0.000ns fall@5.000ns period=10.000ns})
  Path Group:             clk_pl_0
  Path Type:              Setup (Max at Slow Process Corner)
  Requirement:            10.000ns  (clk_pl_0 rise@10.000ns - clk_pl_0 rise@0.000ns)
  Data Path Delay:        6.941ns  (logic 3.220ns (46.390%)  route 3.721ns (53.610%))
  Logic Levels:           12  (CARRY8=2 LUT3=1 LUT4=1 LUT5=1 LUT6=4 RAMB36E2=3)
  Clock Path Skew:        -0.144ns (DCD - SCD + CPR)
    Destination Clock Delay (DCD):    3.002ns = ( 13.002 - 10.000 ) 
    Source Clock Delay      (SCD):    3.436ns
    Clock Pessimism Removal (CPR):    0.290ns
  Clock Uncertainty:      0.160ns  ((TSJ^2 + DJ^2)^1/2) / 2 + PE
    Total System Jitter     (TSJ):    0.071ns
    Discrete Jitter          (DJ):    0.312ns
    Phase Error              (PE):    0.000ns
  Clock Net Delay (Source):      3.169ns (routing 1.584ns, distribution 1.585ns)
  Clock Net Delay (Destination): 2.786ns (routing 1.450ns, distribution 1.336ns)

    Location             Delay type                Incr(ns)  Path(ns)    Netlist Resource(s)
  -------------------------------------------------------------------    -------------------
                         (clock clk_pl_0 rise edge)
                                                      0.000     0.000 r  
    PS8_X0Y0             PS8                          0.000     0.000 r  design_1_i/zynq_ultra_ps_e_0/inst/PS8_i/PLCLK[0]
                         net (fo=1, routed)           0.229     0.229    design_1_i/zynq_ultra_ps_e_0/inst/pl_clk_unbuffered[0]
    BUFG_PS_X0Y80        BUFG_PS (Prop_BUFG_PS_I_O)
                                                      0.038     0.267 r  design_1_i/zynq_ultra_ps_e_0/inst/buffer_pl_clk_0.PL_CLK_0_BUFG/O
    X1Y1 (CLOCK_ROOT)    net (fo=10070, routed)       3.169     3.436    design_1_i/denoiser_top_0/inst/d_U/ap_clk
    RAMB36_X1Y8          RAMB36E2                                     r  design_1_i/denoiser_top_0/inst/d_U/genblk1[1].ram_reg_1_bram_0/CLKBWRCLK
  -------------------------------------------------------------------    -------------------
    RAMB36_X1Y8          RAMB36E2 (Prop_RAMB36E2_RAMB36_CLKBWRCLK_CASDOUTB[5])
                                                      1.580     5.016 r  design_1_i/denoiser_top_0/inst/d_U/genblk1[1].ram_reg_1_bram_0/CASDOUTB[5]
                         net (fo=1, routed)           0.025     5.041    design_1_i/denoiser_top_0/inst/d_U/genblk1[1].ram_reg_1_bram_0_n_66
    RAMB36_X1Y9          RAMB36E2 (Prop_RAMB36E2_RAMB36_CASDINB[5]_CASDOUTB[5])
                                                      0.247     5.288 r  design_1_i/denoiser_top_0/inst/d_U/genblk1[1].ram_reg_1_bram_1/CASDOUTB[5]
                         net (fo=1, routed)           0.025     5.313    design_1_i/denoiser_top_0/inst/d_U/genblk1[1].ram_reg_1_bram_1_n_66
    RAMB36_X1Y10         RAMB36E2 (Prop_RAMB36E2_RAMB36_CASDINB[5]_CASDOUTB[5])
                                                      0.247     5.560 r  design_1_i/denoiser_top_0/inst/d_U/genblk1[1].ram_reg_1_bram_2/CASDOUTB[5]
                         net (fo=1, routed)           0.025     5.585    design_1_i/denoiser_top_0/inst/d_U/genblk1[1].ram_reg_1_bram_2_n_66
    RAMB36_X1Y11         RAMB36E2 (Prop_RAMB36E2_RAMB36_CASDINB[5]_DOUTBDOUT[5])
                                                      0.136     5.721 r  design_1_i/denoiser_top_0/inst/d_U/genblk1[1].ram_reg_1_bram_3/DOUTBDOUT[5]
                         net (fo=10, routed)          1.203     6.924    design_1_i/denoiser_top_0/inst/d_U/d_q1[13]
    SLICE_X26Y67         LUT4 (Prop_G6LUT_SLICEL_I2_O)
                                                      0.137     7.061 r  design_1_i/denoiser_top_0/inst/d_U/genblk1[1].ram_reg_1_bram_0_i_55/O
                         net (fo=1, routed)           0.012     7.073    design_1_i/denoiser_top_0/inst/d_U/genblk1[1].ram_reg_1_bram_0_i_55_n_4
    SLICE_X26Y67         CARRY8 (Prop_CARRY8_SLICEL_S[6]_CO[7])
                                                      0.179     7.252 r  design_1_i/denoiser_top_0/inst/d_U/genblk1[1].ram_reg_1_bram_0_i_22/CO[7]
                         net (fo=40, routed)          0.324     7.576    design_1_i/denoiser_top_0/inst/d_U/genblk1[1].ram_reg_1_bram_0_i_22_n_4
    SLICE_X24Y68         LUT3 (Prop_D5LUT_SLICEM_I2_O)
                                                      0.135     7.711 f  design_1_i/denoiser_top_0/inst/d_U/genblk1[1].ram_reg_1_bram_0_i_74/O
                         net (fo=2, routed)           0.221     7.932    design_1_i/denoiser_top_0/inst/d_U/grp_inference_fu_131/grp_inference_Pipeline_VITIS_LOOP_45_1_VITIS_LOOP_46_2_VITIS_LOOP_47_3_fu_475/max_val_V_3_fu_788_p3[5]
    SLICE_X25Y68         LUT6 (Prop_C6LUT_SLICEM_I4_O)
                                                      0.056     7.988 r  design_1_i/denoiser_top_0/inst/d_U/genblk1[1].ram_reg_1_bram_0_i_35/O
                         net (fo=1, routed)           0.252     8.240    design_1_i/denoiser_top_0/inst/d_U/genblk1[1].ram_reg_1_bram_0_i_35_n_4
    SLICE_X25Y67         CARRY8 (Prop_CARRY8_SLICEM_DI[2]_CO[7])
                                                      0.172     8.412 r  design_1_i/denoiser_top_0/inst/d_U/genblk1[1].ram_reg_1_bram_0_i_21/CO[7]
                         net (fo=16, routed)          0.309     8.721    design_1_i/denoiser_top_0/inst/d_U/genblk1[1].ram_reg_1_bram_0_i_21_n_4
    SLICE_X25Y68         LUT5 (Prop_D6LUT_SLICEM_I4_O)
                                                      0.080     8.801 r  design_1_i/denoiser_top_0/inst/d_U/genblk1[1].ram_reg_1_bram_0_i_65/O
                         net (fo=1, routed)           0.096     8.897    design_1_i/denoiser_top_0/inst/grp_inference_fu_131/grp_inference_Pipeline_VITIS_LOOP_97_1_VITIS_LOOP_98_2_VITIS_LOOP_99_3_fu_498/grp_inference_Pipeline_VITIS_LOOP_45_1_VITIS_LOOP_46_2_VITIS_LOOP_47_3_fu_475_d_d0[11]
    SLICE_X25Y69         LUT6 (Prop_F6LUT_SLICEM_I3_O)
                                                      0.056     8.953 r  design_1_i/denoiser_top_0/inst/grp_inference_fu_131/grp_inference_Pipeline_VITIS_LOOP_97_1_VITIS_LOOP_98_2_VITIS_LOOP_99_3_fu_498/genblk1[1].ram_reg_1_bram_0_i_26/O
                         net (fo=1, routed)           0.051     9.004    design_1_i/denoiser_top_0/inst/grp_inference_fu_131/grp_inference_Pipeline_VITIS_LOOP_97_1_VITIS_LOOP_98_2_VITIS_LOOP_99_3_fu_498/genblk1[1].ram_reg_1_bram_0_i_26_n_4
    SLICE_X25Y69         LUT6 (Prop_H6LUT_SLICEM_I3_O)
                                                      0.060     9.064 r  design_1_i/denoiser_top_0/inst/grp_inference_fu_131/grp_inference_Pipeline_VITIS_LOOP_97_1_VITIS_LOOP_98_2_VITIS_LOOP_99_3_fu_498/genblk1[1].ram_reg_1_bram_0_i_16/O
                         net (fo=1, routed)           0.097     9.161    design_1_i/denoiser_top_0/inst/grp_inference_fu_131/grp_inference_Pipeline_loop_kh_3_loop_kw_3_loop_ic_3_fu_521/genblk1[1].ram_reg_1_bram_3_25
    SLICE_X25Y68         LUT6 (Prop_F6LUT_SLICEM_I0_O)
                                                      0.135     9.296 r  design_1_i/denoiser_top_0/inst/grp_inference_fu_131/grp_inference_Pipeline_loop_kh_3_loop_kw_3_loop_ic_3_fu_521/genblk1[1].ram_reg_1_bram_0_i_5/O
                         net (fo=4, routed)           1.081    10.377    design_1_i/denoiser_top_0/inst/d_U/grp_inference_fu_131_d_d0[11]
    RAMB36_X1Y9          RAMB36E2                                     r  design_1_i/denoiser_top_0/inst/d_U/genblk1[1].ram_reg_1_bram_1/DINADIN[3]
  -------------------------------------------------------------------    -------------------

                         (clock clk_pl_0 rise edge)
                                                     10.000    10.000 r  
    PS8_X0Y0             PS8                          0.000    10.000 r  design_1_i/zynq_ultra_ps_e_0/inst/PS8_i/PLCLK[0]
                         net (fo=1, routed)           0.181    10.181    design_1_i/zynq_ultra_ps_e_0/inst/pl_clk_unbuffered[0]
    BUFG_PS_X0Y80        BUFG_PS (Prop_BUFG_PS_I_O)
                                                      0.035    10.216 r  design_1_i/zynq_ultra_ps_e_0/inst/buffer_pl_clk_0.PL_CLK_0_BUFG/O
    X1Y1 (CLOCK_ROOT)    net (fo=10070, routed)       2.786    13.002    design_1_i/denoiser_top_0/inst/d_U/ap_clk
    RAMB36_X1Y9          RAMB36E2                                     r  design_1_i/denoiser_top_0/inst/d_U/genblk1[1].ram_reg_1_bram_1/CLKARDCLK
                         clock pessimism              0.290    13.292    
                         clock uncertainty           -0.160    13.132    
    RAMB36_X1Y9          RAMB36E2 (Setup_RAMB36E2_RAMB36_CLKARDCLK_DINADIN[3])
                                                     -0.429    12.703    design_1_i/denoiser_top_0/inst/d_U/genblk1[1].ram_reg_1_bram_1
  -------------------------------------------------------------------
                         required time                         12.703    
                         arrival time                         -10.377    
  -------------------------------------------------------------------
                         slack                                  2.326    

Slack (MET) :             2.330ns  (required time - arrival time)
  Source:                 design_1_i/denoiser_top_0/inst/d_U/genblk1[1].ram_reg_1_bram_0/CLKBWRCLK
                            (rising edge-triggered cell RAMB36E2 clocked by clk_pl_0  {rise@0.000ns fall@5.000ns period=10.000ns})
  Destination:            design_1_i/denoiser_top_0/inst/d_U/genblk1[1].ram_reg_1_bram_1/DINADIN[2]
                            (rising edge-triggered cell RAMB36E2 clocked by clk_pl_0  {rise@0.000ns fall@5.000ns period=10.000ns})
  Path Group:             clk_pl_0
  Path Type:              Setup (Max at Slow Process Corner)
  Requirement:            10.000ns  (clk_pl_0 rise@10.000ns - clk_pl_0 rise@0.000ns)
  Data Path Delay:        6.916ns  (logic 3.248ns (46.966%)  route 3.668ns (53.034%))
  Logic Levels:           12  (CARRY8=2 LUT3=1 LUT4=1 LUT5=1 LUT6=4 RAMB36E2=3)
  Clock Path Skew:        -0.144ns (DCD - SCD + CPR)
    Destination Clock Delay (DCD):    3.002ns = ( 13.002 - 10.000 ) 
    Source Clock Delay      (SCD):    3.436ns
    Clock Pessimism Removal (CPR):    0.290ns
  Clock Uncertainty:      0.160ns  ((TSJ^2 + DJ^2)^1/2) / 2 + PE
    Total System Jitter     (TSJ):    0.071ns
    Discrete Jitter          (DJ):    0.312ns
    Phase Error              (PE):    0.000ns
  Clock Net Delay (Source):      3.169ns (routing 1.584ns, distribution 1.585ns)
  Clock Net Delay (Destination): 2.786ns (routing 1.450ns, distribution 1.336ns)

    Location             Delay type                Incr(ns)  Path(ns)    Netlist Resource(s)
  -------------------------------------------------------------------    -------------------
                         (clock clk_pl_0 rise edge)
                                                      0.000     0.000 r  
    PS8_X0Y0             PS8                          0.000     0.000 r  design_1_i/zynq_ultra_ps_e_0/inst/PS8_i/PLCLK[0]
                         net (fo=1, routed)           0.229     0.229    design_1_i/zynq_ultra_ps_e_0/inst/pl_clk_unbuffered[0]
    BUFG_PS_X0Y80        BUFG_PS (Prop_BUFG_PS_I_O)
                                                      0.038     0.267 r  design_1_i/zynq_ultra_ps_e_0/inst/buffer_pl_clk_0.PL_CLK_0_BUFG/O
    X1Y1 (CLOCK_ROOT)    net (fo=10070, routed)       3.169     3.436    design_1_i/denoiser_top_0/inst/d_U/ap_clk
    RAMB36_X1Y8          RAMB36E2                                     r  design_1_i/denoiser_top_0/inst/d_U/genblk1[1].ram_reg_1_bram_0/CLKBWRCLK
  -------------------------------------------------------------------    -------------------
    RAMB36_X1Y8          RAMB36E2 (Prop_RAMB36E2_RAMB36_CLKBWRCLK_CASDOUTB[5])
                                                      1.580     5.016 r  design_1_i/denoiser_top_0/inst/d_U/genblk1[1].ram_reg_1_bram_0/CASDOUTB[5]
                         net (fo=1, routed)           0.025     5.041    design_1_i/denoiser_top_0/inst/d_U/genblk1[1].ram_reg_1_bram_0_n_66
    RAMB36_X1Y9          RAMB36E2 (Prop_RAMB36E2_RAMB36_CASDINB[5]_CASDOUTB[5])
                                                      0.247     5.288 r  design_1_i/denoiser_top_0/inst/d_U/genblk1[1].ram_reg_1_bram_1/CASDOUTB[5]
                         net (fo=1, routed)           0.025     5.313    design_1_i/denoiser_top_0/inst/d_U/genblk1[1].ram_reg_1_bram_1_n_66
    RAMB36_X1Y10         RAMB36E2 (Prop_RAMB36E2_RAMB36_CASDINB[5]_CASDOUTB[5])
                                                      0.247     5.560 r  design_1_i/denoiser_top_0/inst/d_U/genblk1[1].ram_reg_1_bram_2/CASDOUTB[5]
                         net (fo=1, routed)           0.025     5.585    design_1_i/denoiser_top_0/inst/d_U/genblk1[1].ram_reg_1_bram_2_n_66
    RAMB36_X1Y11         RAMB36E2 (Prop_RAMB36E2_RAMB36_CASDINB[5]_DOUTBDOUT[5])
                                                      0.136     5.721 r  design_1_i/denoiser_top_0/inst/d_U/genblk1[1].ram_reg_1_bram_3/DOUTBDOUT[5]
                         net (fo=10, routed)          1.203     6.924    design_1_i/denoiser_top_0/inst/d_U/d_q1[13]
    SLICE_X26Y67         LUT4 (Prop_G6LUT_SLICEL_I2_O)
                                                      0.137     7.061 r  design_1_i/denoiser_top_0/inst/d_U/genblk1[1].ram_reg_1_bram_0_i_55/O
                         net (fo=1, routed)           0.012     7.073    design_1_i/denoiser_top_0/inst/d_U/genblk1[1].ram_reg_1_bram_0_i_55_n_4
    SLICE_X26Y67         CARRY8 (Prop_CARRY8_SLICEL_S[6]_CO[7])
                                                      0.179     7.252 r  design_1_i/denoiser_top_0/inst/d_U/genblk1[1].ram_reg_1_bram_0_i_22/CO[7]
                         net (fo=40, routed)          0.324     7.576    design_1_i/denoiser_top_0/inst/d_U/genblk1[1].ram_reg_1_bram_0_i_22_n_4
    SLICE_X24Y68         LUT3 (Prop_D5LUT_SLICEM_I2_O)
                                                      0.135     7.711 f  design_1_i/denoiser_top_0/inst/d_U/genblk1[1].ram_reg_1_bram_0_i_74/O
                         net (fo=2, routed)           0.221     7.932    design_1_i/denoiser_top_0/inst/d_U/grp_inference_fu_131/grp_inference_Pipeline_VITIS_LOOP_45_1_VITIS_LOOP_46_2_VITIS_LOOP_47_3_fu_475/max_val_V_3_fu_788_p3[5]
    SLICE_X25Y68         LUT6 (Prop_C6LUT_SLICEM_I4_O)
                                                      0.056     7.988 r  design_1_i/denoiser_top_0/inst/d_U/genblk1[1].ram_reg_1_bram_0_i_35/O
                         net (fo=1, routed)           0.252     8.240    design_1_i/denoiser_top_0/inst/d_U/genblk1[1].ram_reg_1_bram_0_i_35_n_4
    SLICE_X25Y67         CARRY8 (Prop_CARRY8_SLICEM_DI[2]_CO[7])
                                                      0.172     8.412 r  design_1_i/denoiser_top_0/inst/d_U/genblk1[1].ram_reg_1_bram_0_i_21/CO[7]
                         net (fo=16, routed)          0.292     8.704    design_1_i/denoiser_top_0/inst/d_U/genblk1[1].ram_reg_1_bram_0_i_21_n_4
    SLICE_X26Y69         LUT5 (Prop_E6LUT_SLICEL_I4_O)
                                                      0.057     8.761 r  design_1_i/denoiser_top_0/inst/d_U/genblk1[1].ram_reg_1_bram_0_i_66/O
                         net (fo=1, routed)           0.097     8.858    design_1_i/denoiser_top_0/inst/grp_inference_fu_131/grp_inference_Pipeline_VITIS_LOOP_97_1_VITIS_LOOP_98_2_VITIS_LOOP_99_3_fu_498/grp_inference_Pipeline_VITIS_LOOP_45_1_VITIS_LOOP_46_2_VITIS_LOOP_47_3_fu_475_d_d0[10]
    SLICE_X26Y69         LUT6 (Prop_G6LUT_SLICEL_I3_O)
                                                      0.137     8.995 r  design_1_i/denoiser_top_0/inst/grp_inference_fu_131/grp_inference_Pipeline_VITIS_LOOP_97_1_VITIS_LOOP_98_2_VITIS_LOOP_99_3_fu_498/genblk1[1].ram_reg_1_bram_0_i_27/O
                         net (fo=1, routed)           0.054     9.049    design_1_i/denoiser_top_0/inst/grp_inference_fu_131/grp_inference_Pipeline_VITIS_LOOP_97_1_VITIS_LOOP_98_2_VITIS_LOOP_99_3_fu_498/genblk1[1].ram_reg_1_bram_0_i_27_n_4
    SLICE_X26Y69         LUT6 (Prop_H6LUT_SLICEL_I3_O)
                                                      0.083     9.132 r  design_1_i/denoiser_top_0/inst/grp_inference_fu_131/grp_inference_Pipeline_VITIS_LOOP_97_1_VITIS_LOOP_98_2_VITIS_LOOP_99_3_fu_498/genblk1[1].ram_reg_1_bram_0_i_17/O
                         net (fo=1, routed)           0.181     9.313    design_1_i/denoiser_top_0/inst/grp_inference_fu_131/grp_inference_Pipeline_loop_kh_3_loop_kw_3_loop_ic_3_fu_521/genblk1[1].ram_reg_1_bram_3_24
    SLICE_X26Y68         LUT6 (Prop_A6LUT_SLICEL_I0_O)
                                                      0.082     9.395 r  design_1_i/denoiser_top_0/inst/grp_inference_fu_131/grp_inference_Pipeline_loop_kh_3_loop_kw_3_loop_ic_3_fu_521/genblk1[1].ram_reg_1_bram_0_i_6/O
                         net (fo=4, routed)           0.956    10.351    design_1_i/denoiser_top_0/inst/d_U/grp_inference_fu_131_d_d0[10]
    RAMB36_X1Y9          RAMB36E2                                     r  design_1_i/denoiser_top_0/inst/d_U/genblk1[1].ram_reg_1_bram_1/DINADIN[2]
  -------------------------------------------------------------------    -------------------

                         (clock clk_pl_0 rise edge)
                                                     10.000    10.000 r  
    PS8_X0Y0             PS8                          0.000    10.000 r  design_1_i/zynq_ultra_ps_e_0/inst/PS8_i/PLCLK[0]
                         net (fo=1, routed)           0.181    10.181    design_1_i/zynq_ultra_ps_e_0/inst/pl_clk_unbuffered[0]
    BUFG_PS_X0Y80        BUFG_PS (Prop_BUFG_PS_I_O)
                                                      0.035    10.216 r  design_1_i/zynq_ultra_ps_e_0/inst/buffer_pl_clk_0.PL_CLK_0_BUFG/O
    X1Y1 (CLOCK_ROOT)    net (fo=10070, routed)       2.786    13.002    design_1_i/denoiser_top_0/inst/d_U/ap_clk
    RAMB36_X1Y9          RAMB36E2                                     r  design_1_i/denoiser_top_0/inst/d_U/genblk1[1].ram_reg_1_bram_1/CLKARDCLK
                         clock pessimism              0.290    13.292    
                         clock uncertainty           -0.160    13.132    
    RAMB36_X1Y9          RAMB36E2 (Setup_RAMB36E2_RAMB36_CLKARDCLK_DINADIN[2])
                                                     -0.450    12.682    design_1_i/denoiser_top_0/inst/d_U/genblk1[1].ram_reg_1_bram_1
  -------------------------------------------------------------------
                         required time                         12.682    
                         arrival time                         -10.351    
  -------------------------------------------------------------------
                         slack                                  2.330    

Slack (MET) :             2.341ns  (required time - arrival time)
  Source:                 design_1_i/denoiser_top_0/inst/d_U/genblk1[1].ram_reg_1_bram_0/CLKBWRCLK
                            (rising edge-triggered cell RAMB36E2 clocked by clk_pl_0  {rise@0.000ns fall@5.000ns period=10.000ns})
  Destination:            design_1_i/denoiser_top_0/inst/d_U/genblk1[1].ram_reg_1_bram_0/DINADIN[3]
                            (rising edge-triggered cell RAMB36E2 clocked by clk_pl_0  {rise@0.000ns fall@5.000ns period=10.000ns})
  Path Group:             clk_pl_0
  Path Type:              Setup (Max at Slow Process Corner)
  Requirement:            10.000ns  (clk_pl_0 rise@10.000ns - clk_pl_0 rise@0.000ns)
  Data Path Delay:        6.931ns  (logic 3.220ns (46.457%)  route 3.711ns (53.543%))
  Logic Levels:           12  (CARRY8=2 LUT3=1 LUT4=1 LUT5=1 LUT6=4 RAMB36E2=3)
  Clock Path Skew:        -0.139ns (DCD - SCD + CPR)
    Destination Clock Delay (DCD):    2.998ns = ( 12.998 - 10.000 ) 
    Source Clock Delay      (SCD):    3.436ns
    Clock Pessimism Removal (CPR):    0.299ns
  Clock Uncertainty:      0.160ns  ((TSJ^2 + DJ^2)^1/2) / 2 + PE
    Total System Jitter     (TSJ):    0.071ns
    Discrete Jitter          (DJ):    0.312ns
    Phase Error              (PE):    0.000ns
  Clock Net Delay (Source):      3.169ns (routing 1.584ns, distribution 1.585ns)
  Clock Net Delay (Destination): 2.782ns (routing 1.450ns, distribution 1.332ns)

    Location             Delay type                Incr(ns)  Path(ns)    Netlist Resource(s)
  -------------------------------------------------------------------    -------------------
                         (clock clk_pl_0 rise edge)
                                                      0.000     0.000 r  
    PS8_X0Y0             PS8                          0.000     0.000 r  design_1_i/zynq_ultra_ps_e_0/inst/PS8_i/PLCLK[0]
                         net (fo=1, routed)           0.229     0.229    design_1_i/zynq_ultra_ps_e_0/inst/pl_clk_unbuffered[0]
    BUFG_PS_X0Y80        BUFG_PS (Prop_BUFG_PS_I_O)
                                                      0.038     0.267 r  design_1_i/zynq_ultra_ps_e_0/inst/buffer_pl_clk_0.PL_CLK_0_BUFG/O
    X1Y1 (CLOCK_ROOT)    net (fo=10070, routed)       3.169     3.436    design_1_i/denoiser_top_0/inst/d_U/ap_clk
    RAMB36_X1Y8          RAMB36E2                                     r  design_1_i/denoiser_top_0/inst/d_U/genblk1[1].ram_reg_1_bram_0/CLKBWRCLK
  -------------------------------------------------------------------    -------------------
    RAMB36_X1Y8          RAMB36E2 (Prop_RAMB36E2_RAMB36_CLKBWRCLK_CASDOUTB[5])
                                                      1.580     5.016 r  design_1_i/denoiser_top_0/inst/d_U/genblk1[1].ram_reg_1_bram_0/CASDOUTB[5]
                         net (fo=1, routed)           0.025     5.041    design_1_i/denoiser_top_0/inst/d_U/genblk1[1].ram_reg_1_bram_0_n_66
    RAMB36_X1Y9          RAMB36E2 (Prop_RAMB36E2_RAMB36_CASDINB[5]_CASDOUTB[5])
                                                      0.247     5.288 r  design_1_i/denoiser_top_0/inst/d_U/genblk1[1].ram_reg_1_bram_1/CASDOUTB[5]
                         net (fo=1, routed)           0.025     5.313    design_1_i/denoiser_top_0/inst/d_U/genblk1[1].ram_reg_1_bram_1_n_66
    RAMB36_X1Y10         RAMB36E2 (Prop_RAMB36E2_RAMB36_CASDINB[5]_CASDOUTB[5])
                                                      0.247     5.560 r  design_1_i/denoiser_top_0/inst/d_U/genblk1[1].ram_reg_1_bram_2/CASDOUTB[5]
                         net (fo=1, routed)           0.025     5.585    design_1_i/denoiser_top_0/inst/d_U/genblk1[1].ram_reg_1_bram_2_n_66
    RAMB36_X1Y11         RAMB36E2 (Prop_RAMB36E2_RAMB36_CASDINB[5]_DOUTBDOUT[5])
                                                      0.136     5.721 r  design_1_i/denoiser_top_0/inst/d_U/genblk1[1].ram_reg_1_bram_3/DOUTBDOUT[5]
                         net (fo=10, routed)          1.203     6.924    design_1_i/denoiser_top_0/inst/d_U/d_q1[13]
    SLICE_X26Y67         LUT4 (Prop_G6LUT_SLICEL_I2_O)
                                                      0.137     7.061 r  design_1_i/denoiser_top_0/inst/d_U/genblk1[1].ram_reg_1_bram_0_i_55/O
                         net (fo=1, routed)           0.012     7.073    design_1_i/denoiser_top_0/inst/d_U/genblk1[1].ram_reg_1_bram_0_i_55_n_4
    SLICE_X26Y67         CARRY8 (Prop_CARRY8_SLICEL_S[6]_CO[7])
                                                      0.179     7.252 r  design_1_i/denoiser_top_0/inst/d_U/genblk1[1].ram_reg_1_bram_0_i_22/CO[7]
                         net (fo=40, routed)          0.324     7.576    design_1_i/denoiser_top_0/inst/d_U/genblk1[1].ram_reg_1_bram_0_i_22_n_4
    SLICE_X24Y68         LUT3 (Prop_D5LUT_SLICEM_I2_O)
                                                      0.135     7.711 f  design_1_i/denoiser_top_0/inst/d_U/genblk1[1].ram_reg_1_bram_0_i_74/O
                         net (fo=2, routed)           0.221     7.932    design_1_i/denoiser_top_0/inst/d_U/grp_inference_fu_131/grp_inference_Pipeline_VITIS_LOOP_45_1_VITIS_LOOP_46_2_VITIS_LOOP_47_3_fu_475/max_val_V_3_fu_788_p3[5]
    SLICE_X25Y68         LUT6 (Prop_C6LUT_SLICEM_I4_O)
                                                      0.056     7.988 r  design_1_i/denoiser_top_0/inst/d_U/genblk1[1].ram_reg_1_bram_0_i_35/O
                         net (fo=1, routed)           0.252     8.240    design_1_i/denoiser_top_0/inst/d_U/genblk1[1].ram_reg_1_bram_0_i_35_n_4
    SLICE_X25Y67         CARRY8 (Prop_CARRY8_SLICEM_DI[2]_CO[7])
                                                      0.172     8.412 r  design_1_i/denoiser_top_0/inst/d_U/genblk1[1].ram_reg_1_bram_0_i_21/CO[7]
                         net (fo=16, routed)          0.309     8.721    design_1_i/denoiser_top_0/inst/d_U/genblk1[1].ram_reg_1_bram_0_i_21_n_4
    SLICE_X25Y68         LUT5 (Prop_D6LUT_SLICEM_I4_O)
                                                      0.080     8.801 r  design_1_i/denoiser_top_0/inst/d_U/genblk1[1].ram_reg_1_bram_0_i_65/O
                         net (fo=1, routed)           0.096     8.897    design_1_i/denoiser_top_0/inst/grp_inference_fu_131/grp_inference_Pipeline_VITIS_LOOP_97_1_VITIS_LOOP_98_2_VITIS_LOOP_99_3_fu_498/grp_inference_Pipeline_VITIS_LOOP_45_1_VITIS_LOOP_46_2_VITIS_LOOP_47_3_fu_475_d_d0[11]
    SLICE_X25Y69         LUT6 (Prop_F6LUT_SLICEM_I3_O)
                                                      0.056     8.953 r  design_1_i/denoiser_top_0/inst/grp_inference_fu_131/grp_inference_Pipeline_VITIS_LOOP_97_1_VITIS_LOOP_98_2_VITIS_LOOP_99_3_fu_498/genblk1[1].ram_reg_1_bram_0_i_26/O
                         net (fo=1, routed)           0.051     9.004    design_1_i/denoiser_top_0/inst/grp_inference_fu_131/grp_inference_Pipeline_VITIS_LOOP_97_1_VITIS_LOOP_98_2_VITIS_LOOP_99_3_fu_498/genblk1[1].ram_reg_1_bram_0_i_26_n_4
    SLICE_X25Y69         LUT6 (Prop_H6LUT_SLICEM_I3_O)
                                                      0.060     9.064 r  design_1_i/denoiser_top_0/inst/grp_inference_fu_131/grp_inference_Pipeline_VITIS_LOOP_97_1_VITIS_LOOP_98_2_VITIS_LOOP_99_3_fu_498/genblk1[1].ram_reg_1_bram_0_i_16/O
                         net (fo=1, routed)           0.097     9.161    design_1_i/denoiser_top_0/inst/grp_inference_fu_131/grp_inference_Pipeline_loop_kh_3_loop_kw_3_loop_ic_3_fu_521/genblk1[1].ram_reg_1_bram_3_25
    SLICE_X25Y68         LUT6 (Prop_F6LUT_SLICEM_I0_O)
                                                      0.135     9.296 r  design_1_i/denoiser_top_0/inst/grp_inference_fu_131/grp_inference_Pipeline_loop_kh_3_loop_kw_3_loop_ic_3_fu_521/genblk1[1].ram_reg_1_bram_0_i_5/O
                         net (fo=4, routed)           1.071    10.367    design_1_i/denoiser_top_0/inst/d_U/grp_inference_fu_131_d_d0[11]
    RAMB36_X1Y8          RAMB36E2                                     r  design_1_i/denoiser_top_0/inst/d_U/genblk1[1].ram_reg_1_bram_0/DINADIN[3]
  -------------------------------------------------------------------    -------------------

                         (clock clk_pl_0 rise edge)
                                                     10.000    10.000 r  
    PS8_X0Y0             PS8                          0.000    10.000 r  design_1_i/zynq_ultra_ps_e_0/inst/PS8_i/PLCLK[0]
                         net (fo=1, routed)           0.181    10.181    design_1_i/zynq_ultra_ps_e_0/inst/pl_clk_unbuffered[0]
    BUFG_PS_X0Y80        BUFG_PS (Prop_BUFG_PS_I_O)
                                                      0.035    10.216 r  design_1_i/zynq_ultra_ps_e_0/inst/buffer_pl_clk_0.PL_CLK_0_BUFG/O
    X1Y1 (CLOCK_ROOT)    net (fo=10070, routed)       2.782    12.998    design_1_i/denoiser_top_0/inst/d_U/ap_clk
    RAMB36_X1Y8          RAMB36E2                                     r  design_1_i/denoiser_top_0/inst/d_U/genblk1[1].ram_reg_1_bram_0/CLKARDCLK
                         clock pessimism              0.299    13.297    
                         clock uncertainty           -0.160    13.137    
    RAMB36_X1Y8          RAMB36E2 (Setup_RAMB36E2_RAMB36_CLKARDCLK_DINADIN[3])
                                                     -0.429    12.708    design_1_i/denoiser_top_0/inst/d_U/genblk1[1].ram_reg_1_bram_0
  -------------------------------------------------------------------
                         required time                         12.708    
                         arrival time                         -10.367    
  -------------------------------------------------------------------
                         slack                                  2.341    

Slack (MET) :             2.342ns  (required time - arrival time)
  Source:                 design_1_i/denoiser_top_0/inst/d_U/genblk1[1].ram_reg_1_bram_0/CLKBWRCLK
                            (rising edge-triggered cell RAMB36E2 clocked by clk_pl_0  {rise@0.000ns fall@5.000ns period=10.000ns})
  Destination:            design_1_i/denoiser_top_0/inst/d_U/genblk1[1].ram_reg_1_bram_2/DINADIN[2]
                            (rising edge-triggered cell RAMB36E2 clocked by clk_pl_0  {rise@0.000ns fall@5.000ns period=10.000ns})
  Path Group:             clk_pl_0
  Path Type:              Setup (Max at Slow Process Corner)
  Requirement:            10.000ns  (clk_pl_0 rise@10.000ns - clk_pl_0 rise@0.000ns)
  Data Path Delay:        6.907ns  (logic 3.248ns (47.025%)  route 3.659ns (52.975%))
  Logic Levels:           12  (CARRY8=2 LUT3=1 LUT4=1 LUT5=1 LUT6=4 RAMB36E2=3)
  Clock Path Skew:        -0.141ns (DCD - SCD + CPR)
    Destination Clock Delay (DCD):    3.005ns = ( 13.005 - 10.000 ) 
    Source Clock Delay      (SCD):    3.436ns
    Clock Pessimism Removal (CPR):    0.290ns
  Clock Uncertainty:      0.160ns  ((TSJ^2 + DJ^2)^1/2) / 2 + PE
    Total System Jitter     (TSJ):    0.071ns
    Discrete Jitter          (DJ):    0.312ns
    Phase Error              (PE):    0.000ns
  Clock Net Delay (Source):      3.169ns (routing 1.584ns, distribution 1.585ns)
  Clock Net Delay (Destination): 2.789ns (routing 1.450ns, distribution 1.339ns)

    Location             Delay type                Incr(ns)  Path(ns)    Netlist Resource(s)
  -------------------------------------------------------------------    -------------------
                         (clock clk_pl_0 rise edge)
                                                      0.000     0.000 r  
    PS8_X0Y0             PS8                          0.000     0.000 r  design_1_i/zynq_ultra_ps_e_0/inst/PS8_i/PLCLK[0]
                         net (fo=1, routed)           0.229     0.229    design_1_i/zynq_ultra_ps_e_0/inst/pl_clk_unbuffered[0]
    BUFG_PS_X0Y80        BUFG_PS (Prop_BUFG_PS_I_O)
                                                      0.038     0.267 r  design_1_i/zynq_ultra_ps_e_0/inst/buffer_pl_clk_0.PL_CLK_0_BUFG/O
    X1Y1 (CLOCK_ROOT)    net (fo=10070, routed)       3.169     3.436    design_1_i/denoiser_top_0/inst/d_U/ap_clk
    RAMB36_X1Y8          RAMB36E2                                     r  design_1_i/denoiser_top_0/inst/d_U/genblk1[1].ram_reg_1_bram_0/CLKBWRCLK
  -------------------------------------------------------------------    -------------------
    RAMB36_X1Y8          RAMB36E2 (Prop_RAMB36E2_RAMB36_CLKBWRCLK_CASDOUTB[5])
                                                      1.580     5.016 r  design_1_i/denoiser_top_0/inst/d_U/genblk1[1].ram_reg_1_bram_0/CASDOUTB[5]
                         net (fo=1, routed)           0.025     5.041    design_1_i/denoiser_top_0/inst/d_U/genblk1[1].ram_reg_1_bram_0_n_66
    RAMB36_X1Y9          RAMB36E2 (Prop_RAMB36E2_RAMB36_CASDINB[5]_CASDOUTB[5])
                                                      0.247     5.288 r  design_1_i/denoiser_top_0/inst/d_U/genblk1[1].ram_reg_1_bram_1/CASDOUTB[5]
                         net (fo=1, routed)           0.025     5.313    design_1_i/denoiser_top_0/inst/d_U/genblk1[1].ram_reg_1_bram_1_n_66
    RAMB36_X1Y10         RAMB36E2 (Prop_RAMB36E2_RAMB36_CASDINB[5]_CASDOUTB[5])
                                                      0.247     5.560 r  design_1_i/denoiser_top_0/inst/d_U/genblk1[1].ram_reg_1_bram_2/CASDOUTB[5]
                         net (fo=1, routed)           0.025     5.585    design_1_i/denoiser_top_0/inst/d_U/genblk1[1].ram_reg_1_bram_2_n_66
    RAMB36_X1Y11         RAMB36E2 (Prop_RAMB36E2_RAMB36_CASDINB[5]_DOUTBDOUT[5])
                                                      0.136     5.721 r  design_1_i/denoiser_top_0/inst/d_U/genblk1[1].ram_reg_1_bram_3/DOUTBDOUT[5]
                         net (fo=10, routed)          1.203     6.924    design_1_i/denoiser_top_0/inst/d_U/d_q1[13]
    SLICE_X26Y67         LUT4 (Prop_G6LUT_SLICEL_I2_O)
                                                      0.137     7.061 r  design_1_i/denoiser_top_0/inst/d_U/genblk1[1].ram_reg_1_bram_0_i_55/O
                         net (fo=1, routed)           0.012     7.073    design_1_i/denoiser_top_0/inst/d_U/genblk1[1].ram_reg_1_bram_0_i_55_n_4
    SLICE_X26Y67         CARRY8 (Prop_CARRY8_SLICEL_S[6]_CO[7])
                                                      0.179     7.252 r  design_1_i/denoiser_top_0/inst/d_U/genblk1[1].ram_reg_1_bram_0_i_22/CO[7]
                         net (fo=40, routed)          0.324     7.576    design_1_i/denoiser_top_0/inst/d_U/genblk1[1].ram_reg_1_bram_0_i_22_n_4
    SLICE_X24Y68         LUT3 (Prop_D5LUT_SLICEM_I2_O)
                                                      0.135     7.711 f  design_1_i/denoiser_top_0/inst/d_U/genblk1[1].ram_reg_1_bram_0_i_74/O
                         net (fo=2, routed)           0.221     7.932    design_1_i/denoiser_top_0/inst/d_U/grp_inference_fu_131/grp_inference_Pipeline_VITIS_LOOP_45_1_VITIS_LOOP_46_2_VITIS_LOOP_47_3_fu_475/max_val_V_3_fu_788_p3[5]
    SLICE_X25Y68         LUT6 (Prop_C6LUT_SLICEM_I4_O)
                                                      0.056     7.988 r  design_1_i/denoiser_top_0/inst/d_U/genblk1[1].ram_reg_1_bram_0_i_35/O
                         net (fo=1, routed)           0.252     8.240    design_1_i/denoiser_top_0/inst/d_U/genblk1[1].ram_reg_1_bram_0_i_35_n_4
    SLICE_X25Y67         CARRY8 (Prop_CARRY8_SLICEM_DI[2]_CO[7])
                                                      0.172     8.412 r  design_1_i/denoiser_top_0/inst/d_U/genblk1[1].ram_reg_1_bram_0_i_21/CO[7]
                         net (fo=16, routed)          0.292     8.704    design_1_i/denoiser_top_0/inst/d_U/genblk1[1].ram_reg_1_bram_0_i_21_n_4
    SLICE_X26Y69         LUT5 (Prop_E6LUT_SLICEL_I4_O)
                                                      0.057     8.761 r  design_1_i/denoiser_top_0/inst/d_U/genblk1[1].ram_reg_1_bram_0_i_66/O
                         net (fo=1, routed)           0.097     8.858    design_1_i/denoiser_top_0/inst/grp_inference_fu_131/grp_inference_Pipeline_VITIS_LOOP_97_1_VITIS_LOOP_98_2_VITIS_LOOP_99_3_fu_498/grp_inference_Pipeline_VITIS_LOOP_45_1_VITIS_LOOP_46_2_VITIS_LOOP_47_3_fu_475_d_d0[10]
    SLICE_X26Y69         LUT6 (Prop_G6LUT_SLICEL_I3_O)
                                                      0.137     8.995 r  design_1_i/denoiser_top_0/inst/grp_inference_fu_131/grp_inference_Pipeline_VITIS_LOOP_97_1_VITIS_LOOP_98_2_VITIS_LOOP_99_3_fu_498/genblk1[1].ram_reg_1_bram_0_i_27/O
                         net (fo=1, routed)           0.054     9.049    design_1_i/denoiser_top_0/inst/grp_inference_fu_131/grp_inference_Pipeline_VITIS_LOOP_97_1_VITIS_LOOP_98_2_VITIS_LOOP_99_3_fu_498/genblk1[1].ram_reg_1_bram_0_i_27_n_4
    SLICE_X26Y69         LUT6 (Prop_H6LUT_SLICEL_I3_O)
                                                      0.083     9.132 r  design_1_i/denoiser_top_0/inst/grp_inference_fu_131/grp_inference_Pipeline_VITIS_LOOP_97_1_VITIS_LOOP_98_2_VITIS_LOOP_99_3_fu_498/genblk1[1].ram_reg_1_bram_0_i_17/O
                         net (fo=1, routed)           0.181     9.313    design_1_i/denoiser_top_0/inst/grp_inference_fu_131/grp_inference_Pipeline_loop_kh_3_loop_kw_3_loop_ic_3_fu_521/genblk1[1].ram_reg_1_bram_3_24
    SLICE_X26Y68         LUT6 (Prop_A6LUT_SLICEL_I0_O)
                                                      0.082     9.395 r  design_1_i/denoiser_top_0/inst/grp_inference_fu_131/grp_inference_Pipeline_loop_kh_3_loop_kw_3_loop_ic_3_fu_521/genblk1[1].ram_reg_1_bram_0_i_6/O
                         net (fo=4, routed)           0.948    10.343    design_1_i/denoiser_top_0/inst/d_U/grp_inference_fu_131_d_d0[10]
    RAMB36_X1Y10         RAMB36E2                                     r  design_1_i/denoiser_top_0/inst/d_U/genblk1[1].ram_reg_1_bram_2/DINADIN[2]
  -------------------------------------------------------------------    -------------------

                         (clock clk_pl_0 rise edge)
                                                     10.000    10.000 r  
    PS8_X0Y0             PS8                          0.000    10.000 r  design_1_i/zynq_ultra_ps_e_0/inst/PS8_i/PLCLK[0]
                         net (fo=1, routed)           0.181    10.181    design_1_i/zynq_ultra_ps_e_0/inst/pl_clk_unbuffered[0]
    BUFG_PS_X0Y80        BUFG_PS (Prop_BUFG_PS_I_O)
                                                      0.035    10.216 r  design_1_i/zynq_ultra_ps_e_0/inst/buffer_pl_clk_0.PL_CLK_0_BUFG/O
    X1Y1 (CLOCK_ROOT)    net (fo=10070, routed)       2.789    13.005    design_1_i/denoiser_top_0/inst/d_U/ap_clk
    RAMB36_X1Y10         RAMB36E2                                     r  design_1_i/denoiser_top_0/inst/d_U/genblk1[1].ram_reg_1_bram_2/CLKARDCLK
                         clock pessimism              0.290    13.295    
                         clock uncertainty           -0.160    13.134    
    RAMB36_X1Y10         RAMB36E2 (Setup_RAMB36E2_RAMB36_CLKARDCLK_DINADIN[2])
                                                     -0.450    12.684    design_1_i/denoiser_top_0/inst/d_U/genblk1[1].ram_reg_1_bram_2
  -------------------------------------------------------------------
                         required time                         12.684    
                         arrival time                         -10.343    
  -------------------------------------------------------------------
                         slack                                  2.342    

Slack (MET) :             2.361ns  (required time - arrival time)
  Source:                 design_1_i/denoiser_top_0/inst/d_U/genblk1[1].ram_reg_1_bram_0/CLKBWRCLK
                            (rising edge-triggered cell RAMB36E2 clocked by clk_pl_0  {rise@0.000ns fall@5.000ns period=10.000ns})
  Destination:            design_1_i/denoiser_top_0/inst/d_U/genblk1[1].ram_reg_0_bram_0/DINADIN[0]
                            (rising edge-triggered cell RAMB36E2 clocked by clk_pl_0  {rise@0.000ns fall@5.000ns period=10.000ns})
  Path Group:             clk_pl_0
  Path Type:              Setup (Max at Slow Process Corner)
  Requirement:            10.000ns  (clk_pl_0 rise@10.000ns - clk_pl_0 rise@0.000ns)
  Data Path Delay:        6.672ns  (logic 3.235ns (48.489%)  route 3.437ns (51.511%))
  Logic Levels:           12  (CARRY8=2 LUT3=1 LUT4=1 LUT5=1 LUT6=4 RAMB36E2=3)
  Clock Path Skew:        -0.343ns (DCD - SCD + CPR)
    Destination Clock Delay (DCD):    2.857ns = ( 12.857 - 10.000 ) 
    Source Clock Delay      (SCD):    3.436ns
    Clock Pessimism Removal (CPR):    0.236ns
  Clock Uncertainty:      0.160ns  ((TSJ^2 + DJ^2)^1/2) / 2 + PE
    Total System Jitter     (TSJ):    0.071ns
    Discrete Jitter          (DJ):    0.312ns
    Phase Error              (PE):    0.000ns
  Clock Net Delay (Source):      3.169ns (routing 1.584ns, distribution 1.585ns)
  Clock Net Delay (Destination): 2.641ns (routing 1.450ns, distribution 1.191ns)

    Location             Delay type                Incr(ns)  Path(ns)    Netlist Resource(s)
  -------------------------------------------------------------------    -------------------
                         (clock clk_pl_0 rise edge)
                                                      0.000     0.000 r  
    PS8_X0Y0             PS8                          0.000     0.000 r  design_1_i/zynq_ultra_ps_e_0/inst/PS8_i/PLCLK[0]
                         net (fo=1, routed)           0.229     0.229    design_1_i/zynq_ultra_ps_e_0/inst/pl_clk_unbuffered[0]
    BUFG_PS_X0Y80        BUFG_PS (Prop_BUFG_PS_I_O)
                                                      0.038     0.267 r  design_1_i/zynq_ultra_ps_e_0/inst/buffer_pl_clk_0.PL_CLK_0_BUFG/O
    X1Y1 (CLOCK_ROOT)    net (fo=10070, routed)       3.169     3.436    design_1_i/denoiser_top_0/inst/d_U/ap_clk
    RAMB36_X1Y8          RAMB36E2                                     r  design_1_i/denoiser_top_0/inst/d_U/genblk1[1].ram_reg_1_bram_0/CLKBWRCLK
  -------------------------------------------------------------------    -------------------
    RAMB36_X1Y8          RAMB36E2 (Prop_RAMB36E2_RAMB36_CLKBWRCLK_CASDOUTB[5])
                                                      1.580     5.016 r  design_1_i/denoiser_top_0/inst/d_U/genblk1[1].ram_reg_1_bram_0/CASDOUTB[5]
                         net (fo=1, routed)           0.025     5.041    design_1_i/denoiser_top_0/inst/d_U/genblk1[1].ram_reg_1_bram_0_n_66
    RAMB36_X1Y9          RAMB36E2 (Prop_RAMB36E2_RAMB36_CASDINB[5]_CASDOUTB[5])
                                                      0.247     5.288 r  design_1_i/denoiser_top_0/inst/d_U/genblk1[1].ram_reg_1_bram_1/CASDOUTB[5]
                         net (fo=1, routed)           0.025     5.313    design_1_i/denoiser_top_0/inst/d_U/genblk1[1].ram_reg_1_bram_1_n_66
    RAMB36_X1Y10         RAMB36E2 (Prop_RAMB36E2_RAMB36_CASDINB[5]_CASDOUTB[5])
                                                      0.247     5.560 r  design_1_i/denoiser_top_0/inst/d_U/genblk1[1].ram_reg_1_bram_2/CASDOUTB[5]
                         net (fo=1, routed)           0.025     5.585    design_1_i/denoiser_top_0/inst/d_U/genblk1[1].ram_reg_1_bram_2_n_66
    RAMB36_X1Y11         RAMB36E2 (Prop_RAMB36E2_RAMB36_CASDINB[5]_DOUTBDOUT[5])
                                                      0.136     5.721 r  design_1_i/denoiser_top_0/inst/d_U/genblk1[1].ram_reg_1_bram_3/DOUTBDOUT[5]
                         net (fo=10, routed)          1.203     6.924    design_1_i/denoiser_top_0/inst/d_U/d_q1[13]
    SLICE_X26Y67         LUT4 (Prop_G6LUT_SLICEL_I2_O)
                                                      0.137     7.061 r  design_1_i/denoiser_top_0/inst/d_U/genblk1[1].ram_reg_1_bram_0_i_55/O
                         net (fo=1, routed)           0.012     7.073    design_1_i/denoiser_top_0/inst/d_U/genblk1[1].ram_reg_1_bram_0_i_55_n_4
    SLICE_X26Y67         CARRY8 (Prop_CARRY8_SLICEL_S[6]_CO[7])
                                                      0.179     7.252 r  design_1_i/denoiser_top_0/inst/d_U/genblk1[1].ram_reg_1_bram_0_i_22/CO[7]
                         net (fo=40, routed)          0.324     7.576    design_1_i/denoiser_top_0/inst/d_U/genblk1[1].ram_reg_1_bram_0_i_22_n_4
    SLICE_X24Y68         LUT3 (Prop_D5LUT_SLICEM_I2_O)
                                                      0.135     7.711 f  design_1_i/denoiser_top_0/inst/d_U/genblk1[1].ram_reg_1_bram_0_i_74/O
                         net (fo=2, routed)           0.221     7.932    design_1_i/denoiser_top_0/inst/d_U/grp_inference_fu_131/grp_inference_Pipeline_VITIS_LOOP_45_1_VITIS_LOOP_46_2_VITIS_LOOP_47_3_fu_475/max_val_V_3_fu_788_p3[5]
    SLICE_X25Y68         LUT6 (Prop_C6LUT_SLICEM_I4_O)
                                                      0.056     7.988 r  design_1_i/denoiser_top_0/inst/d_U/genblk1[1].ram_reg_1_bram_0_i_35/O
                         net (fo=1, routed)           0.252     8.240    design_1_i/denoiser_top_0/inst/d_U/genblk1[1].ram_reg_1_bram_0_i_35_n_4
    SLICE_X25Y67         CARRY8 (Prop_CARRY8_SLICEM_DI[2]_CO[7])
                                                      0.172     8.412 r  design_1_i/denoiser_top_0/inst/d_U/genblk1[1].ram_reg_1_bram_0_i_21/CO[7]
                         net (fo=16, routed)          0.339     8.751    design_1_i/denoiser_top_0/inst/d_U/genblk1[1].ram_reg_1_bram_0_i_21_n_4
    SLICE_X26Y70         LUT5 (Prop_H6LUT_SLICEL_I4_O)
                                                      0.153     8.904 r  design_1_i/denoiser_top_0/inst/d_U/genblk1[1].ram_reg_0_bram_0_i_438/O
                         net (fo=1, routed)           0.102     9.006    design_1_i/denoiser_top_0/inst/grp_inference_fu_131/grp_inference_Pipeline_VITIS_LOOP_97_1_VITIS_LOOP_98_2_VITIS_LOOP_99_3_fu_498/grp_inference_Pipeline_VITIS_LOOP_45_1_VITIS_LOOP_46_2_VITIS_LOOP_47_3_fu_475_d_d0[0]
    SLICE_X25Y70         LUT6 (Prop_G6LUT_SLICEM_I3_O)
                                                      0.057     9.063 r  design_1_i/denoiser_top_0/inst/grp_inference_fu_131/grp_inference_Pipeline_VITIS_LOOP_97_1_VITIS_LOOP_98_2_VITIS_LOOP_99_3_fu_498/genblk1[1].ram_reg_0_bram_0_i_229/O
                         net (fo=1, routed)           0.095     9.158    design_1_i/denoiser_top_0/inst/grp_inference_fu_131/grp_inference_Pipeline_VITIS_LOOP_97_1_VITIS_LOOP_98_2_VITIS_LOOP_99_3_fu_498/genblk1[1].ram_reg_0_bram_0_i_229_n_4
    SLICE_X25Y69         LUT6 (Prop_C6LUT_SLICEM_I3_O)
                                                      0.080     9.238 r  design_1_i/denoiser_top_0/inst/grp_inference_fu_131/grp_inference_Pipeline_VITIS_LOOP_97_1_VITIS_LOOP_98_2_VITIS_LOOP_99_3_fu_498/genblk1[1].ram_reg_0_bram_0_i_119/O
                         net (fo=1, routed)           0.328     9.566    design_1_i/denoiser_top_0/inst/grp_inference_fu_131/grp_inference_Pipeline_loop_kh_3_loop_kw_3_loop_ic_3_fu_521/genblk1[1].ram_reg_0_bram_3
    SLICE_X27Y66         LUT6 (Prop_C6LUT_SLICEL_I0_O)
                                                      0.056     9.622 r  design_1_i/denoiser_top_0/inst/grp_inference_fu_131/grp_inference_Pipeline_loop_kh_3_loop_kw_3_loop_ic_3_fu_521/genblk1[1].ram_reg_0_bram_0_i_34/O
                         net (fo=4, routed)           0.486    10.108    design_1_i/denoiser_top_0/inst/d_U/grp_inference_fu_131_d_d0[0]
    RAMB36_X0Y7          RAMB36E2                                     r  design_1_i/denoiser_top_0/inst/d_U/genblk1[1].ram_reg_0_bram_0/DINADIN[0]
  -------------------------------------------------------------------    -------------------

                         (clock clk_pl_0 rise edge)
                                                     10.000    10.000 r  
    PS8_X0Y0             PS8                          0.000    10.000 r  design_1_i/zynq_ultra_ps_e_0/inst/PS8_i/PLCLK[0]
                         net (fo=1, routed)           0.181    10.181    design_1_i/zynq_ultra_ps_e_0/inst/pl_clk_unbuffered[0]
    BUFG_PS_X0Y80        BUFG_PS (Prop_BUFG_PS_I_O)
                                                      0.035    10.216 r  design_1_i/zynq_ultra_ps_e_0/inst/buffer_pl_clk_0.PL_CLK_0_BUFG/O
    X1Y1 (CLOCK_ROOT)    net (fo=10070, routed)       2.641    12.857    design_1_i/denoiser_top_0/inst/d_U/ap_clk
    RAMB36_X0Y7          RAMB36E2                                     r  design_1_i/denoiser_top_0/inst/d_U/genblk1[1].ram_reg_0_bram_0/CLKARDCLK
                         clock pessimism              0.236    13.093    
                         clock uncertainty           -0.160    12.933    
    RAMB36_X0Y7          RAMB36E2 (Setup_RAMB36E2_RAMB36_CLKARDCLK_DINADIN[0])
                                                     -0.464    12.469    design_1_i/denoiser_top_0/inst/d_U/genblk1[1].ram_reg_0_bram_0
  -------------------------------------------------------------------
                         required time                         12.469    
                         arrival time                         -10.108    
  -------------------------------------------------------------------
                         slack                                  2.361    





Min Delay Paths
--------------------------------------------------------------------------------------
Slack (MET) :             0.010ns  (arrival time - required time)
  Source:                 design_1_i/ps8_0_axi_periph/m01_couplers/auto_ds/inst/gen_downsizer.gen_simple_downsizer.axi_downsizer_inst/USE_WRITE.write_addr_inst/cmd_queue/inst/fifo_gen_inst/inst_fifo_gen/gconvfifo.rf/grf.rf/gntv_or_sync_fifo.mem/gdm.dm_gen.dm/gpr1.dout_i_reg[21]/C
                            (rising edge-triggered cell FDRE clocked by clk_pl_0  {rise@0.000ns fall@5.000ns period=10.000ns})
  Destination:            design_1_i/ps8_0_axi_periph/m01_couplers/auto_ds/inst/gen_downsizer.gen_simple_downsizer.axi_downsizer_inst/USE_WRITE.write_addr_inst/cmd_queue/inst/fifo_gen_inst/inst_fifo_gen/gconvfifo.rf/grf.rf/gntv_or_sync_fifo.mem/goreg_dm.dout_i_reg[21]/D
                            (rising edge-triggered cell FDRE clocked by clk_pl_0  {rise@0.000ns fall@5.000ns period=10.000ns})
  Path Group:             clk_pl_0
  Path Type:              Hold (Min at Slow Process Corner)
  Requirement:            0.000ns  (clk_pl_0 rise@0.000ns - clk_pl_0 rise@0.000ns)
  Data Path Delay:        0.258ns  (logic 0.112ns (43.411%)  route 0.146ns (56.589%))
  Logic Levels:           0  
  Clock Path Skew:        0.146ns (DCD - SCD - CPR)
    Destination Clock Delay (DCD):    3.490ns
    Source Clock Delay      (SCD):    3.100ns
    Clock Pessimism Removal (CPR):    0.244ns
  Clock Net Delay (Source):      2.884ns (routing 1.450ns, distribution 1.434ns)
  Clock Net Delay (Destination): 3.223ns (routing 1.584ns, distribution 1.639ns)

    Location             Delay type                Incr(ns)  Path(ns)    Netlist Resource(s)
  -------------------------------------------------------------------    -------------------
                         (clock clk_pl_0 rise edge)
                                                      0.000     0.000 r  
    PS8_X0Y0             PS8                          0.000     0.000 r  design_1_i/zynq_ultra_ps_e_0/inst/PS8_i/PLCLK[0]
                         net (fo=1, routed)           0.181     0.181    design_1_i/zynq_ultra_ps_e_0/inst/pl_clk_unbuffered[0]
    BUFG_PS_X0Y80        BUFG_PS (Prop_BUFG_PS_I_O)
                                                      0.035     0.216 r  design_1_i/zynq_ultra_ps_e_0/inst/buffer_pl_clk_0.PL_CLK_0_BUFG/O
    X1Y1 (CLOCK_ROOT)    net (fo=10070, routed)       2.884     3.100    design_1_i/ps8_0_axi_periph/m01_couplers/auto_ds/inst/gen_downsizer.gen_simple_downsizer.axi_downsizer_inst/USE_WRITE.write_addr_inst/cmd_queue/inst/fifo_gen_inst/inst_fifo_gen/gconvfifo.rf/grf.rf/gntv_or_sync_fifo.mem/gdm.dm_gen.dm/clk
    SLICE_X7Y128         FDRE                                         r  design_1_i/ps8_0_axi_periph/m01_couplers/auto_ds/inst/gen_downsizer.gen_simple_downsizer.axi_downsizer_inst/USE_WRITE.write_addr_inst/cmd_queue/inst/fifo_gen_inst/inst_fifo_gen/gconvfifo.rf/grf.rf/gntv_or_sync_fifo.mem/gdm.dm_gen.dm/gpr1.dout_i_reg[21]/C
  -------------------------------------------------------------------    -------------------
    SLICE_X7Y128         FDRE (Prop_DFF_SLICEM_C_Q)
                                                      0.112     3.212 r  design_1_i/ps8_0_axi_periph/m01_couplers/auto_ds/inst/gen_downsizer.gen_simple_downsizer.axi_downsizer_inst/USE_WRITE.write_addr_inst/cmd_queue/inst/fifo_gen_inst/inst_fifo_gen/gconvfifo.rf/grf.rf/gntv_or_sync_fifo.mem/gdm.dm_gen.dm/gpr1.dout_i_reg[21]/Q
                         net (fo=1, routed)           0.146     3.358    design_1_i/ps8_0_axi_periph/m01_couplers/auto_ds/inst/gen_downsizer.gen_simple_downsizer.axi_downsizer_inst/USE_WRITE.write_addr_inst/cmd_queue/inst/fifo_gen_inst/inst_fifo_gen/gconvfifo.rf/grf.rf/gntv_or_sync_fifo.mem/dout_i[21]
    SLICE_X5Y127         FDRE                                         r  design_1_i/ps8_0_axi_periph/m01_couplers/auto_ds/inst/gen_downsizer.gen_simple_downsizer.axi_downsizer_inst/USE_WRITE.write_addr_inst/cmd_queue/inst/fifo_gen_inst/inst_fifo_gen/gconvfifo.rf/grf.rf/gntv_or_sync_fifo.mem/goreg_dm.dout_i_reg[21]/D
  -------------------------------------------------------------------    -------------------

                         (clock clk_pl_0 rise edge)
                                                      0.000     0.000 r  
    PS8_X0Y0             PS8                          0.000     0.000 r  design_1_i/zynq_ultra_ps_e_0/inst/PS8_i/PLCLK[0]
                         net (fo=1, routed)           0.229     0.229    design_1_i/zynq_ultra_ps_e_0/inst/pl_clk_unbuffered[0]
    BUFG_PS_X0Y80        BUFG_PS (Prop_BUFG_PS_I_O)
                                                      0.038     0.267 r  design_1_i/zynq_ultra_ps_e_0/inst/buffer_pl_clk_0.PL_CLK_0_BUFG/O
    X1Y1 (CLOCK_ROOT)    net (fo=10070, routed)       3.223     3.490    design_1_i/ps8_0_axi_periph/m01_couplers/auto_ds/inst/gen_downsizer.gen_simple_downsizer.axi_downsizer_inst/USE_WRITE.write_addr_inst/cmd_queue/inst/fifo_gen_inst/inst_fifo_gen/gconvfifo.rf/grf.rf/gntv_or_sync_fifo.mem/clk
    SLICE_X5Y127         FDRE                                         r  design_1_i/ps8_0_axi_periph/m01_couplers/auto_ds/inst/gen_downsizer.gen_simple_downsizer.axi_downsizer_inst/USE_WRITE.write_addr_inst/cmd_queue/inst/fifo_gen_inst/inst_fifo_gen/gconvfifo.rf/grf.rf/gntv_or_sync_fifo.mem/goreg_dm.dout_i_reg[21]/C
                         clock pessimism             -0.244     3.246    
    SLICE_X5Y127         FDRE (Hold_GFF2_SLICEM_C_D)
                                                      0.102     3.348    design_1_i/ps8_0_axi_periph/m01_couplers/auto_ds/inst/gen_downsizer.gen_simple_downsizer.axi_downsizer_inst/USE_WRITE.write_addr_inst/cmd_queue/inst/fifo_gen_inst/inst_fifo_gen/gconvfifo.rf/grf.rf/gntv_or_sync_fifo.mem/goreg_dm.dout_i_reg[21]
  -------------------------------------------------------------------
                         required time                         -3.348    
                         arrival time                           3.358    
  -------------------------------------------------------------------
                         slack                                  0.010    

Slack (MET) :             0.012ns  (arrival time - required time)
  Source:                 design_1_i/denoiser_top_0/inst/gmem0_m_axi_U/load_unit/fifo_rreq/U_fifo_srl/dout_reg[12]/C
                            (rising edge-triggered cell FDRE clocked by clk_pl_0  {rise@0.000ns fall@5.000ns period=10.000ns})
  Destination:            design_1_i/denoiser_top_0/inst/gmem0_m_axi_U/load_unit/tmp_addr_reg[13]/D
                            (rising edge-triggered cell FDRE clocked by clk_pl_0  {rise@0.000ns fall@5.000ns period=10.000ns})
  Path Group:             clk_pl_0
  Path Type:              Hold (Min at Slow Process Corner)
  Requirement:            0.000ns  (clk_pl_0 rise@0.000ns - clk_pl_0 rise@0.000ns)
  Data Path Delay:        0.244ns  (logic 0.114ns (46.721%)  route 0.130ns (53.279%))
  Logic Levels:           0  
  Clock Path Skew:        0.129ns (DCD - SCD - CPR)
    Destination Clock Delay (DCD):    3.378ns
    Source Clock Delay      (SCD):    3.008ns
    Clock Pessimism Removal (CPR):    0.240ns
  Clock Net Delay (Source):      2.792ns (routing 1.450ns, distribution 1.342ns)
  Clock Net Delay (Destination): 3.111ns (routing 1.584ns, distribution 1.527ns)

    Location             Delay type                Incr(ns)  Path(ns)    Netlist Resource(s)
  -------------------------------------------------------------------    -------------------
                         (clock clk_pl_0 rise edge)
                                                      0.000     0.000 r  
    PS8_X0Y0             PS8                          0.000     0.000 r  design_1_i/zynq_ultra_ps_e_0/inst/PS8_i/PLCLK[0]
                         net (fo=1, routed)           0.181     0.181    design_1_i/zynq_ultra_ps_e_0/inst/pl_clk_unbuffered[0]
    BUFG_PS_X0Y80        BUFG_PS (Prop_BUFG_PS_I_O)
                                                      0.035     0.216 r  design_1_i/zynq_ultra_ps_e_0/inst/buffer_pl_clk_0.PL_CLK_0_BUFG/O
    X1Y1 (CLOCK_ROOT)    net (fo=10070, routed)       2.792     3.008    design_1_i/denoiser_top_0/inst/gmem0_m_axi_U/load_unit/fifo_rreq/U_fifo_srl/ap_clk
    SLICE_X17Y113        FDRE                                         r  design_1_i/denoiser_top_0/inst/gmem0_m_axi_U/load_unit/fifo_rreq/U_fifo_srl/dout_reg[12]/C
  -------------------------------------------------------------------    -------------------
    SLICE_X17Y113        FDRE (Prop_EFF2_SLICEM_C_Q)
                                                      0.114     3.122 r  design_1_i/denoiser_top_0/inst/gmem0_m_axi_U/load_unit/fifo_rreq/U_fifo_srl/dout_reg[12]/Q
                         net (fo=1, routed)           0.130     3.252    design_1_i/denoiser_top_0/inst/gmem0_m_axi_U/load_unit/fifo_rreq_n_60
    SLICE_X16Y114        FDRE                                         r  design_1_i/denoiser_top_0/inst/gmem0_m_axi_U/load_unit/tmp_addr_reg[13]/D
  -------------------------------------------------------------------    -------------------

                         (clock clk_pl_0 rise edge)
                                                      0.000     0.000 r  
    PS8_X0Y0             PS8                          0.000     0.000 r  design_1_i/zynq_ultra_ps_e_0/inst/PS8_i/PLCLK[0]
                         net (fo=1, routed)           0.229     0.229    design_1_i/zynq_ultra_ps_e_0/inst/pl_clk_unbuffered[0]
    BUFG_PS_X0Y80        BUFG_PS (Prop_BUFG_PS_I_O)
                                                      0.038     0.267 r  design_1_i/zynq_ultra_ps_e_0/inst/buffer_pl_clk_0.PL_CLK_0_BUFG/O
    X1Y1 (CLOCK_ROOT)    net (fo=10070, routed)       3.111     3.378    design_1_i/denoiser_top_0/inst/gmem0_m_axi_U/load_unit/ap_clk
    SLICE_X16Y114        FDRE                                         r  design_1_i/denoiser_top_0/inst/gmem0_m_axi_U/load_unit/tmp_addr_reg[13]/C
                         clock pessimism             -0.240     3.137    
    SLICE_X16Y114        FDRE (Hold_CFF2_SLICEL_C_D)
                                                      0.103     3.240    design_1_i/denoiser_top_0/inst/gmem0_m_axi_U/load_unit/tmp_addr_reg[13]
  -------------------------------------------------------------------
                         required time                         -3.240    
                         arrival time                           3.252    
  -------------------------------------------------------------------
                         slack                                  0.012    

Slack (MET) :             0.012ns  (arrival time - required time)
  Source:                 design_1_i/denoiser_top_0/inst/gmem1_m_axi_U/bus_write/could_multi_bursts.awaddr_buf_reg[44]/C
                            (rising edge-triggered cell FDRE clocked by clk_pl_0  {rise@0.000ns fall@5.000ns period=10.000ns})
  Destination:            design_1_i/denoiser_top_0/inst/gmem1_m_axi_U/bus_write/wreq_throttle/req_fifo/U_fifo_srl/mem_reg[14][44]_srl15/D
                            (rising edge-triggered cell SRL16E clocked by clk_pl_0  {rise@0.000ns fall@5.000ns period=10.000ns})
  Path Group:             clk_pl_0
  Path Type:              Hold (Min at Slow Process Corner)
  Requirement:            0.000ns  (clk_pl_0 rise@0.000ns - clk_pl_0 rise@0.000ns)
  Data Path Delay:        0.231ns  (logic 0.112ns (48.421%)  route 0.119ns (51.579%))
  Logic Levels:           0  
  Clock Path Skew:        0.149ns (DCD - SCD - CPR)
    Destination Clock Delay (DCD):    3.444ns
    Source Clock Delay      (SCD):    3.051ns
    Clock Pessimism Removal (CPR):    0.244ns
  Clock Net Delay (Source):      2.835ns (routing 1.450ns, distribution 1.385ns)
  Clock Net Delay (Destination): 3.177ns (routing 1.584ns, distribution 1.593ns)

    Location             Delay type                Incr(ns)  Path(ns)    Netlist Resource(s)
  -------------------------------------------------------------------    -------------------
                         (clock clk_pl_0 rise edge)
                                                      0.000     0.000 r  
    PS8_X0Y0             PS8                          0.000     0.000 r  design_1_i/zynq_ultra_ps_e_0/inst/PS8_i/PLCLK[0]
                         net (fo=1, routed)           0.181     0.181    design_1_i/zynq_ultra_ps_e_0/inst/pl_clk_unbuffered[0]
    BUFG_PS_X0Y80        BUFG_PS (Prop_BUFG_PS_I_O)
                                                      0.035     0.216 r  design_1_i/zynq_ultra_ps_e_0/inst/buffer_pl_clk_0.PL_CLK_0_BUFG/O
    X1Y1 (CLOCK_ROOT)    net (fo=10070, routed)       2.835     3.051    design_1_i/denoiser_top_0/inst/gmem1_m_axi_U/bus_write/ap_clk
    SLICE_X19Y141        FDRE                                         r  design_1_i/denoiser_top_0/inst/gmem1_m_axi_U/bus_write/could_multi_bursts.awaddr_buf_reg[44]/C
  -------------------------------------------------------------------    -------------------
    SLICE_X19Y141        FDRE (Prop_DFF_SLICEL_C_Q)
                                                      0.112     3.163 r  design_1_i/denoiser_top_0/inst/gmem1_m_axi_U/bus_write/could_multi_bursts.awaddr_buf_reg[44]/Q
                         net (fo=2, routed)           0.119     3.282    design_1_i/denoiser_top_0/inst/gmem1_m_axi_U/bus_write/wreq_throttle/req_fifo/U_fifo_srl/in[42]
    SLICE_X20Y140        SRL16E                                       r  design_1_i/denoiser_top_0/inst/gmem1_m_axi_U/bus_write/wreq_throttle/req_fifo/U_fifo_srl/mem_reg[14][44]_srl15/D
  -------------------------------------------------------------------    -------------------

                         (clock clk_pl_0 rise edge)
                                                      0.000     0.000 r  
    PS8_X0Y0             PS8                          0.000     0.000 r  design_1_i/zynq_ultra_ps_e_0/inst/PS8_i/PLCLK[0]
                         net (fo=1, routed)           0.229     0.229    design_1_i/zynq_ultra_ps_e_0/inst/pl_clk_unbuffered[0]
    BUFG_PS_X0Y80        BUFG_PS (Prop_BUFG_PS_I_O)
                                                      0.038     0.267 r  design_1_i/zynq_ultra_ps_e_0/inst/buffer_pl_clk_0.PL_CLK_0_BUFG/O
    X1Y1 (CLOCK_ROOT)    net (fo=10070, routed)       3.177     3.444    design_1_i/denoiser_top_0/inst/gmem1_m_axi_U/bus_write/wreq_throttle/req_fifo/U_fifo_srl/ap_clk
    SLICE_X20Y140        SRL16E                                       r  design_1_i/denoiser_top_0/inst/gmem1_m_axi_U/bus_write/wreq_throttle/req_fifo/U_fifo_srl/mem_reg[14][44]_srl15/CLK
                         clock pessimism             -0.244     3.200    
    SLICE_X20Y140        SRL16E (Hold_C5LUT_SLICEM_CLK_D)
                                                      0.070     3.270    design_1_i/denoiser_top_0/inst/gmem1_m_axi_U/bus_write/wreq_throttle/req_fifo/U_fifo_srl/mem_reg[14][44]_srl15
  -------------------------------------------------------------------
                         required time                         -3.270    
                         arrival time                           3.282    
  -------------------------------------------------------------------
                         slack                                  0.012    

Slack (MET) :             0.013ns  (arrival time - required time)
  Source:                 design_1_i/denoiser_top_0/inst/gmem0_m_axi_U/bus_read/rs_rreq/data_p1_reg[57]/C
                            (rising edge-triggered cell FDRE clocked by clk_pl_0  {rise@0.000ns fall@5.000ns period=10.000ns})
  Destination:            design_1_i/denoiser_top_0/inst/gmem0_m_axi_U/bus_read/start_addr_reg[57]/D
                            (rising edge-triggered cell FDRE clocked by clk_pl_0  {rise@0.000ns fall@5.000ns period=10.000ns})
  Path Group:             clk_pl_0
  Path Type:              Hold (Min at Slow Process Corner)
  Requirement:            0.000ns  (clk_pl_0 rise@0.000ns - clk_pl_0 rise@0.000ns)
  Data Path Delay:        0.253ns  (logic 0.111ns (43.908%)  route 0.142ns (56.092%))
  Logic Levels:           0  
  Clock Path Skew:        0.138ns (DCD - SCD - CPR)
    Destination Clock Delay (DCD):    3.436ns
    Source Clock Delay      (SCD):    3.053ns
    Clock Pessimism Removal (CPR):    0.244ns
  Clock Net Delay (Source):      2.837ns (routing 1.450ns, distribution 1.387ns)
  Clock Net Delay (Destination): 3.169ns (routing 1.584ns, distribution 1.585ns)

    Location             Delay type                Incr(ns)  Path(ns)    Netlist Resource(s)
  -------------------------------------------------------------------    -------------------
                         (clock clk_pl_0 rise edge)
                                                      0.000     0.000 r  
    PS8_X0Y0             PS8                          0.000     0.000 r  design_1_i/zynq_ultra_ps_e_0/inst/PS8_i/PLCLK[0]
                         net (fo=1, routed)           0.181     0.181    design_1_i/zynq_ultra_ps_e_0/inst/pl_clk_unbuffered[0]
    BUFG_PS_X0Y80        BUFG_PS (Prop_BUFG_PS_I_O)
                                                      0.035     0.216 r  design_1_i/zynq_ultra_ps_e_0/inst/buffer_pl_clk_0.PL_CLK_0_BUFG/O
    X1Y1 (CLOCK_ROOT)    net (fo=10070, routed)       2.837     3.053    design_1_i/denoiser_top_0/inst/gmem0_m_axi_U/bus_read/rs_rreq/ap_clk
    SLICE_X20Y123        FDRE                                         r  design_1_i/denoiser_top_0/inst/gmem0_m_axi_U/bus_read/rs_rreq/data_p1_reg[57]/C
  -------------------------------------------------------------------    -------------------
    SLICE_X20Y123        FDRE (Prop_BFF_SLICEM_C_Q)
                                                      0.111     3.164 r  design_1_i/denoiser_top_0/inst/gmem0_m_axi_U/bus_read/rs_rreq/data_p1_reg[57]/Q
                         net (fo=3, routed)           0.142     3.306    design_1_i/denoiser_top_0/inst/gmem0_m_axi_U/bus_read/rs_rreq_n_69
    SLICE_X18Y122        FDRE                                         r  design_1_i/denoiser_top_0/inst/gmem0_m_axi_U/bus_read/start_addr_reg[57]/D
  -------------------------------------------------------------------    -------------------

                         (clock clk_pl_0 rise edge)
                                                      0.000     0.000 r  
    PS8_X0Y0             PS8                          0.000     0.000 r  design_1_i/zynq_ultra_ps_e_0/inst/PS8_i/PLCLK[0]
                         net (fo=1, routed)           0.229     0.229    design_1_i/zynq_ultra_ps_e_0/inst/pl_clk_unbuffered[0]
    BUFG_PS_X0Y80        BUFG_PS (Prop_BUFG_PS_I_O)
                                                      0.038     0.267 r  design_1_i/zynq_ultra_ps_e_0/inst/buffer_pl_clk_0.PL_CLK_0_BUFG/O
    X1Y1 (CLOCK_ROOT)    net (fo=10070, routed)       3.169     3.436    design_1_i/denoiser_top_0/inst/gmem0_m_axi_U/bus_read/ap_clk
    SLICE_X18Y122        FDRE                                         r  design_1_i/denoiser_top_0/inst/gmem0_m_axi_U/bus_read/start_addr_reg[57]/C
                         clock pessimism             -0.244     3.191    
    SLICE_X18Y122        FDRE (Hold_CFF2_SLICEM_C_D)
                                                      0.102     3.293    design_1_i/denoiser_top_0/inst/gmem0_m_axi_U/bus_read/start_addr_reg[57]
  -------------------------------------------------------------------
                         required time                         -3.293    
                         arrival time                           3.306    
  -------------------------------------------------------------------
                         slack                                  0.013    

Slack (MET) :             0.013ns  (arrival time - required time)
  Source:                 design_1_i/ps8_0_axi_periph/m00_couplers/auto_ds/inst/gen_downsizer.gen_simple_downsizer.axi_downsizer_inst/USE_WRITE.write_addr_inst/cmd_mask_q_reg[2]/C
                            (rising edge-triggered cell FDRE clocked by clk_pl_0  {rise@0.000ns fall@5.000ns period=10.000ns})
  Destination:            design_1_i/ps8_0_axi_periph/m00_couplers/auto_ds/inst/gen_downsizer.gen_simple_downsizer.axi_downsizer_inst/USE_WRITE.write_addr_inst/cmd_queue/inst/fifo_gen_inst/inst_fifo_gen/gconvfifo.rf/grf.rf/gntv_or_sync_fifo.mem/gdm.dm_gen.dm/RAM_reg_0_31_14_27/RAMB/I
                            (rising edge-triggered cell RAMD32 clocked by clk_pl_0  {rise@0.000ns fall@5.000ns period=10.000ns})
  Path Group:             clk_pl_0
  Path Type:              Hold (Min at Slow Process Corner)
  Requirement:            0.000ns  (clk_pl_0 rise@0.000ns - clk_pl_0 rise@0.000ns)
  Data Path Delay:        0.243ns  (logic 0.113ns (46.583%)  route 0.130ns (53.417%))
  Logic Levels:           0  
  Clock Path Skew:        0.125ns (DCD - SCD - CPR)
    Destination Clock Delay (DCD):    3.519ns
    Source Clock Delay      (SCD):    3.088ns
    Clock Pessimism Removal (CPR):    0.306ns
  Clock Net Delay (Source):      2.872ns (routing 1.450ns, distribution 1.422ns)
  Clock Net Delay (Destination): 3.252ns (routing 1.584ns, distribution 1.668ns)

    Location             Delay type                Incr(ns)  Path(ns)    Netlist Resource(s)
  -------------------------------------------------------------------    -------------------
                         (clock clk_pl_0 rise edge)
                                                      0.000     0.000 r  
    PS8_X0Y0             PS8                          0.000     0.000 r  design_1_i/zynq_ultra_ps_e_0/inst/PS8_i/PLCLK[0]
                         net (fo=1, routed)           0.181     0.181    design_1_i/zynq_ultra_ps_e_0/inst/pl_clk_unbuffered[0]
    BUFG_PS_X0Y80        BUFG_PS (Prop_BUFG_PS_I_O)
                                                      0.035     0.216 r  design_1_i/zynq_ultra_ps_e_0/inst/buffer_pl_clk_0.PL_CLK_0_BUFG/O
    X1Y1 (CLOCK_ROOT)    net (fo=10070, routed)       2.872     3.088    design_1_i/ps8_0_axi_periph/m00_couplers/auto_ds/inst/gen_downsizer.gen_simple_downsizer.axi_downsizer_inst/USE_WRITE.write_addr_inst/CLK
    SLICE_X9Y140         FDRE                                         r  design_1_i/ps8_0_axi_periph/m00_couplers/auto_ds/inst/gen_downsizer.gen_simple_downsizer.axi_downsizer_inst/USE_WRITE.write_addr_inst/cmd_mask_q_reg[2]/C
  -------------------------------------------------------------------    -------------------
    SLICE_X9Y140         FDRE (Prop_CFF2_SLICEL_C_Q)
                                                      0.113     3.201 r  design_1_i/ps8_0_axi_periph/m00_couplers/auto_ds/inst/gen_downsizer.gen_simple_downsizer.axi_downsizer_inst/USE_WRITE.write_addr_inst/cmd_mask_q_reg[2]/Q
                         net (fo=3, routed)           0.130     3.330    design_1_i/ps8_0_axi_periph/m00_couplers/auto_ds/inst/gen_downsizer.gen_simple_downsizer.axi_downsizer_inst/USE_WRITE.write_addr_inst/cmd_queue/inst/fifo_gen_inst/inst_fifo_gen/gconvfifo.rf/grf.rf/gntv_or_sync_fifo.mem/gdm.dm_gen.dm/RAM_reg_0_31_14_27/DIB0
    SLICE_X8Y141         RAMD32                                       r  design_1_i/ps8_0_axi_periph/m00_couplers/auto_ds/inst/gen_downsizer.gen_simple_downsizer.axi_downsizer_inst/USE_WRITE.write_addr_inst/cmd_queue/inst/fifo_gen_inst/inst_fifo_gen/gconvfifo.rf/grf.rf/gntv_or_sync_fifo.mem/gdm.dm_gen.dm/RAM_reg_0_31_14_27/RAMB/I
  -------------------------------------------------------------------    -------------------

                         (clock clk_pl_0 rise edge)
                                                      0.000     0.000 r  
    PS8_X0Y0             PS8                          0.000     0.000 r  design_1_i/zynq_ultra_ps_e_0/inst/PS8_i/PLCLK[0]
                         net (fo=1, routed)           0.229     0.229    design_1_i/zynq_ultra_ps_e_0/inst/pl_clk_unbuffered[0]
    BUFG_PS_X0Y80        BUFG_PS (Prop_BUFG_PS_I_O)
                                                      0.038     0.267 r  design_1_i/zynq_ultra_ps_e_0/inst/buffer_pl_clk_0.PL_CLK_0_BUFG/O
    X1Y1 (CLOCK_ROOT)    net (fo=10070, routed)       3.252     3.519    design_1_i/ps8_0_axi_periph/m00_couplers/auto_ds/inst/gen_downsizer.gen_simple_downsizer.axi_downsizer_inst/USE_WRITE.write_addr_inst/cmd_queue/inst/fifo_gen_inst/inst_fifo_gen/gconvfifo.rf/grf.rf/gntv_or_sync_fifo.mem/gdm.dm_gen.dm/RAM_reg_0_31_14_27/WCLK
    SLICE_X8Y141         RAMD32                                       r  design_1_i/ps8_0_axi_periph/m00_couplers/auto_ds/inst/gen_downsizer.gen_simple_downsizer.axi_downsizer_inst/USE_WRITE.write_addr_inst/cmd_queue/inst/fifo_gen_inst/inst_fifo_gen/gconvfifo.rf/grf.rf/gntv_or_sync_fifo.mem/gdm.dm_gen.dm/RAM_reg_0_31_14_27/RAMB/CLK
                         clock pessimism             -0.306     3.213    
    SLICE_X8Y141         RAMD32 (Hold_B5LUT_SLICEM_CLK_I)
                                                      0.104     3.317    design_1_i/ps8_0_axi_periph/m00_couplers/auto_ds/inst/gen_downsizer.gen_simple_downsizer.axi_downsizer_inst/USE_WRITE.write_addr_inst/cmd_queue/inst/fifo_gen_inst/inst_fifo_gen/gconvfifo.rf/grf.rf/gntv_or_sync_fifo.mem/gdm.dm_gen.dm/RAM_reg_0_31_14_27/RAMB
  -------------------------------------------------------------------
                         required time                         -3.317    
                         arrival time                           3.330    
  -------------------------------------------------------------------
                         slack                                  0.013    

Slack (MET) :             0.014ns  (arrival time - required time)
  Source:                 design_1_i/denoiser_top_0/inst/gmem1_m_axi_U/bus_write/could_multi_bursts.awaddr_buf_reg[27]/C
                            (rising edge-triggered cell FDRE clocked by clk_pl_0  {rise@0.000ns fall@5.000ns period=10.000ns})
  Destination:            design_1_i/denoiser_top_0/inst/gmem1_m_axi_U/bus_write/wreq_throttle/req_fifo/U_fifo_srl/mem_reg[14][27]_srl15/D
                            (rising edge-triggered cell SRL16E clocked by clk_pl_0  {rise@0.000ns fall@5.000ns period=10.000ns})
  Path Group:             clk_pl_0
  Path Type:              Hold (Min at Slow Process Corner)
  Requirement:            0.000ns  (clk_pl_0 rise@0.000ns - clk_pl_0 rise@0.000ns)
  Data Path Delay:        0.202ns  (logic 0.113ns (55.849%)  route 0.089ns (44.151%))
  Logic Levels:           0  
  Clock Path Skew:        0.118ns (DCD - SCD - CPR)
    Destination Clock Delay (DCD):    3.472ns
    Source Clock Delay      (SCD):    3.053ns
    Clock Pessimism Removal (CPR):    0.301ns
  Clock Net Delay (Source):      2.837ns (routing 1.450ns, distribution 1.387ns)
  Clock Net Delay (Destination): 3.205ns (routing 1.584ns, distribution 1.621ns)

    Location             Delay type                Incr(ns)  Path(ns)    Netlist Resource(s)
  -------------------------------------------------------------------    -------------------
                         (clock clk_pl_0 rise edge)
                                                      0.000     0.000 r  
    PS8_X0Y0             PS8                          0.000     0.000 r  design_1_i/zynq_ultra_ps_e_0/inst/PS8_i/PLCLK[0]
                         net (fo=1, routed)           0.181     0.181    design_1_i/zynq_ultra_ps_e_0/inst/pl_clk_unbuffered[0]
    BUFG_PS_X0Y80        BUFG_PS (Prop_BUFG_PS_I_O)
                                                      0.035     0.216 r  design_1_i/zynq_ultra_ps_e_0/inst/buffer_pl_clk_0.PL_CLK_0_BUFG/O
    X1Y1 (CLOCK_ROOT)    net (fo=10070, routed)       2.837     3.053    design_1_i/denoiser_top_0/inst/gmem1_m_axi_U/bus_write/ap_clk
    SLICE_X21Y136        FDRE                                         r  design_1_i/denoiser_top_0/inst/gmem1_m_axi_U/bus_write/could_multi_bursts.awaddr_buf_reg[27]/C
  -------------------------------------------------------------------    -------------------
    SLICE_X21Y136        FDRE (Prop_HFF2_SLICEM_C_Q)
                                                      0.113     3.166 r  design_1_i/denoiser_top_0/inst/gmem1_m_axi_U/bus_write/could_multi_bursts.awaddr_buf_reg[27]/Q
                         net (fo=2, routed)           0.089     3.255    design_1_i/denoiser_top_0/inst/gmem1_m_axi_U/bus_write/wreq_throttle/req_fifo/U_fifo_srl/in[25]
    SLICE_X21Y135        SRL16E                                       r  design_1_i/denoiser_top_0/inst/gmem1_m_axi_U/bus_write/wreq_throttle/req_fifo/U_fifo_srl/mem_reg[14][27]_srl15/D
  -------------------------------------------------------------------    -------------------

                         (clock clk_pl_0 rise edge)
                                                      0.000     0.000 r  
    PS8_X0Y0             PS8                          0.000     0.000 r  design_1_i/zynq_ultra_ps_e_0/inst/PS8_i/PLCLK[0]
                         net (fo=1, routed)           0.229     0.229    design_1_i/zynq_ultra_ps_e_0/inst/pl_clk_unbuffered[0]
    BUFG_PS_X0Y80        BUFG_PS (Prop_BUFG_PS_I_O)
                                                      0.038     0.267 r  design_1_i/zynq_ultra_ps_e_0/inst/buffer_pl_clk_0.PL_CLK_0_BUFG/O
    X1Y1 (CLOCK_ROOT)    net (fo=10070, routed)       3.205     3.472    design_1_i/denoiser_top_0/inst/gmem1_m_axi_U/bus_write/wreq_throttle/req_fifo/U_fifo_srl/ap_clk
    SLICE_X21Y135        SRL16E                                       r  design_1_i/denoiser_top_0/inst/gmem1_m_axi_U/bus_write/wreq_throttle/req_fifo/U_fifo_srl/mem_reg[14][27]_srl15/CLK
                         clock pessimism             -0.301     3.171    
    SLICE_X21Y135        SRL16E (Hold_B5LUT_SLICEM_CLK_D)
                                                      0.070     3.241    design_1_i/denoiser_top_0/inst/gmem1_m_axi_U/bus_write/wreq_throttle/req_fifo/U_fifo_srl/mem_reg[14][27]_srl15
  -------------------------------------------------------------------
                         required time                         -3.241    
                         arrival time                           3.255    
  -------------------------------------------------------------------
                         slack                                  0.014    

Slack (MET) :             0.014ns  (arrival time - required time)
  Source:                 design_1_i/denoiser_top_0/inst/gmem1_m_axi_U/bus_write/wreq_throttle/rs_req/data_p1_reg[41]/C
                            (rising edge-triggered cell FDRE clocked by clk_pl_0  {rise@0.000ns fall@5.000ns period=10.000ns})
  Destination:            design_1_i/ps8_0_axi_periph/s02_couplers/auto_us/inst/gen_upsizer.gen_full_upsizer.axi_upsizer_inst/si_register_slice_inst/aw.aw_pipe/m_payload_i_reg[41]/D
                            (rising edge-triggered cell FDRE clocked by clk_pl_0  {rise@0.000ns fall@5.000ns period=10.000ns})
  Path Group:             clk_pl_0
  Path Type:              Hold (Min at Slow Process Corner)
  Requirement:            0.000ns  (clk_pl_0 rise@0.000ns - clk_pl_0 rise@0.000ns)
  Data Path Delay:        0.211ns  (logic 0.112ns (53.081%)  route 0.099ns (46.919%))
  Logic Levels:           0  
  Clock Path Skew:        0.094ns (DCD - SCD - CPR)
    Destination Clock Delay (DCD):    3.392ns
    Source Clock Delay      (SCD):    3.054ns
    Clock Pessimism Removal (CPR):    0.244ns
  Clock Net Delay (Source):      2.838ns (routing 1.450ns, distribution 1.388ns)
  Clock Net Delay (Destination): 3.125ns (routing 1.584ns, distribution 1.541ns)

    Location             Delay type                Incr(ns)  Path(ns)    Netlist Resource(s)
  -------------------------------------------------------------------    -------------------
                         (clock clk_pl_0 rise edge)
                                                      0.000     0.000 r  
    PS8_X0Y0             PS8                          0.000     0.000 r  design_1_i/zynq_ultra_ps_e_0/inst/PS8_i/PLCLK[0]
                         net (fo=1, routed)           0.181     0.181    design_1_i/zynq_ultra_ps_e_0/inst/pl_clk_unbuffered[0]
    BUFG_PS_X0Y80        BUFG_PS (Prop_BUFG_PS_I_O)
                                                      0.035     0.216 r  design_1_i/zynq_ultra_ps_e_0/inst/buffer_pl_clk_0.PL_CLK_0_BUFG/O
    X1Y1 (CLOCK_ROOT)    net (fo=10070, routed)       2.838     3.054    design_1_i/denoiser_top_0/inst/gmem1_m_axi_U/bus_write/wreq_throttle/rs_req/ap_clk
    SLICE_X17Y140        FDRE                                         r  design_1_i/denoiser_top_0/inst/gmem1_m_axi_U/bus_write/wreq_throttle/rs_req/data_p1_reg[41]/C
  -------------------------------------------------------------------    -------------------
    SLICE_X17Y140        FDRE (Prop_DFF_SLICEM_C_Q)
                                                      0.112     3.166 r  design_1_i/denoiser_top_0/inst/gmem1_m_axi_U/bus_write/wreq_throttle/rs_req/data_p1_reg[41]/Q
                         net (fo=1, routed)           0.099     3.265    design_1_i/ps8_0_axi_periph/s02_couplers/auto_us/inst/gen_upsizer.gen_full_upsizer.axi_upsizer_inst/si_register_slice_inst/aw.aw_pipe/D[41]
    SLICE_X16Y140        FDRE                                         r  design_1_i/ps8_0_axi_periph/s02_couplers/auto_us/inst/gen_upsizer.gen_full_upsizer.axi_upsizer_inst/si_register_slice_inst/aw.aw_pipe/m_payload_i_reg[41]/D
  -------------------------------------------------------------------    -------------------

                         (clock clk_pl_0 rise edge)
                                                      0.000     0.000 r  
    PS8_X0Y0             PS8                          0.000     0.000 r  design_1_i/zynq_ultra_ps_e_0/inst/PS8_i/PLCLK[0]
                         net (fo=1, routed)           0.229     0.229    design_1_i/zynq_ultra_ps_e_0/inst/pl_clk_unbuffered[0]
    BUFG_PS_X0Y80        BUFG_PS (Prop_BUFG_PS_I_O)
                                                      0.038     0.267 r  design_1_i/zynq_ultra_ps_e_0/inst/buffer_pl_clk_0.PL_CLK_0_BUFG/O
    X1Y1 (CLOCK_ROOT)    net (fo=10070, routed)       3.125     3.392    design_1_i/ps8_0_axi_periph/s02_couplers/auto_us/inst/gen_upsizer.gen_full_upsizer.axi_upsizer_inst/si_register_slice_inst/aw.aw_pipe/s_ready_i_reg_0
    SLICE_X16Y140        FDRE                                         r  design_1_i/ps8_0_axi_periph/s02_couplers/auto_us/inst/gen_upsizer.gen_full_upsizer.axi_upsizer_inst/si_register_slice_inst/aw.aw_pipe/m_payload_i_reg[41]/C
                         clock pessimism             -0.244     3.148    
    SLICE_X16Y140        FDRE (Hold_CFF2_SLICEL_C_D)
                                                      0.103     3.251    design_1_i/ps8_0_axi_periph/s02_couplers/auto_us/inst/gen_upsizer.gen_full_upsizer.axi_upsizer_inst/si_register_slice_inst/aw.aw_pipe/m_payload_i_reg[41]
  -------------------------------------------------------------------
                         required time                         -3.251    
                         arrival time                           3.265    
  -------------------------------------------------------------------
                         slack                                  0.014    

Slack (MET) :             0.014ns  (arrival time - required time)
  Source:                 design_1_i/ps8_0_axi_periph/m02_couplers/auto_ds/inst/gen_downsizer.gen_simple_downsizer.axi_downsizer_inst/USE_READ.read_addr_inst/cmd_queue/inst/fifo_gen_inst/inst_fifo_gen/gconvfifo.rf/grf.rf/gntv_or_sync_fifo.mem/gdm.dm_gen.dm/gpr1.dout_i_reg[6]/C
                            (rising edge-triggered cell FDRE clocked by clk_pl_0  {rise@0.000ns fall@5.000ns period=10.000ns})
  Destination:            design_1_i/ps8_0_axi_periph/m02_couplers/auto_ds/inst/gen_downsizer.gen_simple_downsizer.axi_downsizer_inst/USE_READ.read_addr_inst/cmd_queue/inst/fifo_gen_inst/inst_fifo_gen/gconvfifo.rf/grf.rf/gntv_or_sync_fifo.mem/goreg_dm.dout_i_reg[6]/D
                            (rising edge-triggered cell FDRE clocked by clk_pl_0  {rise@0.000ns fall@5.000ns period=10.000ns})
  Path Group:             clk_pl_0
  Path Type:              Hold (Min at Slow Process Corner)
  Requirement:            0.000ns  (clk_pl_0 rise@0.000ns - clk_pl_0 rise@0.000ns)
  Data Path Delay:        0.220ns  (logic 0.115ns (52.273%)  route 0.105ns (47.727%))
  Logic Levels:           0  
  Clock Path Skew:        0.105ns (DCD - SCD - CPR)
    Destination Clock Delay (DCD):    3.359ns
    Source Clock Delay      (SCD):    3.014ns
    Clock Pessimism Removal (CPR):    0.240ns
  Clock Net Delay (Source):      2.798ns (routing 1.450ns, distribution 1.348ns)
  Clock Net Delay (Destination): 3.092ns (routing 1.584ns, distribution 1.508ns)

    Location             Delay type                Incr(ns)  Path(ns)    Netlist Resource(s)
  -------------------------------------------------------------------    -------------------
                         (clock clk_pl_0 rise edge)
                                                      0.000     0.000 r  
    PS8_X0Y0             PS8                          0.000     0.000 r  design_1_i/zynq_ultra_ps_e_0/inst/PS8_i/PLCLK[0]
                         net (fo=1, routed)           0.181     0.181    design_1_i/zynq_ultra_ps_e_0/inst/pl_clk_unbuffered[0]
    BUFG_PS_X0Y80        BUFG_PS (Prop_BUFG_PS_I_O)
                                                      0.035     0.216 r  design_1_i/zynq_ultra_ps_e_0/inst/buffer_pl_clk_0.PL_CLK_0_BUFG/O
    X1Y1 (CLOCK_ROOT)    net (fo=10070, routed)       2.798     3.014    design_1_i/ps8_0_axi_periph/m02_couplers/auto_ds/inst/gen_downsizer.gen_simple_downsizer.axi_downsizer_inst/USE_READ.read_addr_inst/cmd_queue/inst/fifo_gen_inst/inst_fifo_gen/gconvfifo.rf/grf.rf/gntv_or_sync_fifo.mem/gdm.dm_gen.dm/clk
    SLICE_X12Y102        FDRE                                         r  design_1_i/ps8_0_axi_periph/m02_couplers/auto_ds/inst/gen_downsizer.gen_simple_downsizer.axi_downsizer_inst/USE_READ.read_addr_inst/cmd_queue/inst/fifo_gen_inst/inst_fifo_gen/gconvfifo.rf/grf.rf/gntv_or_sync_fifo.mem/gdm.dm_gen.dm/gpr1.dout_i_reg[6]/C
  -------------------------------------------------------------------    -------------------
    SLICE_X12Y102        FDRE (Prop_DFF2_SLICEM_C_Q)
                                                      0.115     3.129 r  design_1_i/ps8_0_axi_periph/m02_couplers/auto_ds/inst/gen_downsizer.gen_simple_downsizer.axi_downsizer_inst/USE_READ.read_addr_inst/cmd_queue/inst/fifo_gen_inst/inst_fifo_gen/gconvfifo.rf/grf.rf/gntv_or_sync_fifo.mem/gdm.dm_gen.dm/gpr1.dout_i_reg[6]/Q
                         net (fo=1, routed)           0.105     3.234    design_1_i/ps8_0_axi_periph/m02_couplers/auto_ds/inst/gen_downsizer.gen_simple_downsizer.axi_downsizer_inst/USE_READ.read_addr_inst/cmd_queue/inst/fifo_gen_inst/inst_fifo_gen/gconvfifo.rf/grf.rf/gntv_or_sync_fifo.mem/dout_i[6]
    SLICE_X11Y102        FDRE                                         r  design_1_i/ps8_0_axi_periph/m02_couplers/auto_ds/inst/gen_downsizer.gen_simple_downsizer.axi_downsizer_inst/USE_READ.read_addr_inst/cmd_queue/inst/fifo_gen_inst/inst_fifo_gen/gconvfifo.rf/grf.rf/gntv_or_sync_fifo.mem/goreg_dm.dout_i_reg[6]/D
  -------------------------------------------------------------------    -------------------

                         (clock clk_pl_0 rise edge)
                                                      0.000     0.000 r  
    PS8_X0Y0             PS8                          0.000     0.000 r  design_1_i/zynq_ultra_ps_e_0/inst/PS8_i/PLCLK[0]
                         net (fo=1, routed)           0.229     0.229    design_1_i/zynq_ultra_ps_e_0/inst/pl_clk_unbuffered[0]
    BUFG_PS_X0Y80        BUFG_PS (Prop_BUFG_PS_I_O)
                                                      0.038     0.267 r  design_1_i/zynq_ultra_ps_e_0/inst/buffer_pl_clk_0.PL_CLK_0_BUFG/O
    X1Y1 (CLOCK_ROOT)    net (fo=10070, routed)       3.092     3.359    design_1_i/ps8_0_axi_periph/m02_couplers/auto_ds/inst/gen_downsizer.gen_simple_downsizer.axi_downsizer_inst/USE_READ.read_addr_inst/cmd_queue/inst/fifo_gen_inst/inst_fifo_gen/gconvfifo.rf/grf.rf/gntv_or_sync_fifo.mem/clk
    SLICE_X11Y102        FDRE                                         r  design_1_i/ps8_0_axi_periph/m02_couplers/auto_ds/inst/gen_downsizer.gen_simple_downsizer.axi_downsizer_inst/USE_READ.read_addr_inst/cmd_queue/inst/fifo_gen_inst/inst_fifo_gen/gconvfifo.rf/grf.rf/gntv_or_sync_fifo.mem/goreg_dm.dout_i_reg[6]/C
                         clock pessimism             -0.240     3.119    
    SLICE_X11Y102        FDRE (Hold_GFF_SLICEL_C_D)
                                                      0.101     3.220    design_1_i/ps8_0_axi_periph/m02_couplers/auto_ds/inst/gen_downsizer.gen_simple_downsizer.axi_downsizer_inst/USE_READ.read_addr_inst/cmd_queue/inst/fifo_gen_inst/inst_fifo_gen/gconvfifo.rf/grf.rf/gntv_or_sync_fifo.mem/goreg_dm.dout_i_reg[6]
  -------------------------------------------------------------------
                         required time                         -3.220    
                         arrival time                           3.234    
  -------------------------------------------------------------------
                         slack                                  0.014    

Slack (MET) :             0.015ns  (arrival time - required time)
  Source:                 design_1_i/ps8_0_axi_periph/m00_couplers/auto_ds/inst/gen_downsizer.gen_simple_downsizer.axi_downsizer_inst/USE_WRITE.write_addr_inst/USE_B_CHANNEL.cmd_b_queue/inst/fifo_gen_inst/inst_fifo_gen/gconvfifo.rf/grf.rf/gntv_or_sync_fifo.mem/gdm.dm_gen.dm/gpr1.dout_i_reg[2]/C
                            (rising edge-triggered cell FDRE clocked by clk_pl_0  {rise@0.000ns fall@5.000ns period=10.000ns})
  Destination:            design_1_i/ps8_0_axi_periph/m00_couplers/auto_ds/inst/gen_downsizer.gen_simple_downsizer.axi_downsizer_inst/USE_WRITE.write_addr_inst/USE_B_CHANNEL.cmd_b_queue/inst/fifo_gen_inst/inst_fifo_gen/gconvfifo.rf/grf.rf/gntv_or_sync_fifo.mem/goreg_dm.dout_i_reg[2]/D
                            (rising edge-triggered cell FDRE clocked by clk_pl_0  {rise@0.000ns fall@5.000ns period=10.000ns})
  Path Group:             clk_pl_0
  Path Type:              Hold (Min at Slow Process Corner)
  Requirement:            0.000ns  (clk_pl_0 rise@0.000ns - clk_pl_0 rise@0.000ns)
  Data Path Delay:        0.248ns  (logic 0.114ns (45.968%)  route 0.134ns (54.032%))
  Logic Levels:           0  
  Clock Path Skew:        0.132ns (DCD - SCD - CPR)
    Destination Clock Delay (DCD):    3.445ns
    Source Clock Delay      (SCD):    3.068ns
    Clock Pessimism Removal (CPR):    0.244ns
  Clock Net Delay (Source):      2.852ns (routing 1.450ns, distribution 1.402ns)
  Clock Net Delay (Destination): 3.178ns (routing 1.584ns, distribution 1.594ns)

    Location             Delay type                Incr(ns)  Path(ns)    Netlist Resource(s)
  -------------------------------------------------------------------    -------------------
                         (clock clk_pl_0 rise edge)
                                                      0.000     0.000 r  
    PS8_X0Y0             PS8                          0.000     0.000 r  design_1_i/zynq_ultra_ps_e_0/inst/PS8_i/PLCLK[0]
                         net (fo=1, routed)           0.181     0.181    design_1_i/zynq_ultra_ps_e_0/inst/pl_clk_unbuffered[0]
    BUFG_PS_X0Y80        BUFG_PS (Prop_BUFG_PS_I_O)
                                                      0.035     0.216 r  design_1_i/zynq_ultra_ps_e_0/inst/buffer_pl_clk_0.PL_CLK_0_BUFG/O
    X1Y1 (CLOCK_ROOT)    net (fo=10070, routed)       2.852     3.068    design_1_i/ps8_0_axi_periph/m00_couplers/auto_ds/inst/gen_downsizer.gen_simple_downsizer.axi_downsizer_inst/USE_WRITE.write_addr_inst/USE_B_CHANNEL.cmd_b_queue/inst/fifo_gen_inst/inst_fifo_gen/gconvfifo.rf/grf.rf/gntv_or_sync_fifo.mem/gdm.dm_gen.dm/clk
    SLICE_X7Y152         FDRE                                         r  design_1_i/ps8_0_axi_periph/m00_couplers/auto_ds/inst/gen_downsizer.gen_simple_downsizer.axi_downsizer_inst/USE_WRITE.write_addr_inst/USE_B_CHANNEL.cmd_b_queue/inst/fifo_gen_inst/inst_fifo_gen/gconvfifo.rf/grf.rf/gntv_or_sync_fifo.mem/gdm.dm_gen.dm/gpr1.dout_i_reg[2]/C
  -------------------------------------------------------------------    -------------------
    SLICE_X7Y152         FDRE (Prop_BFF2_SLICEM_C_Q)
                                                      0.114     3.182 r  design_1_i/ps8_0_axi_periph/m00_couplers/auto_ds/inst/gen_downsizer.gen_simple_downsizer.axi_downsizer_inst/USE_WRITE.write_addr_inst/USE_B_CHANNEL.cmd_b_queue/inst/fifo_gen_inst/inst_fifo_gen/gconvfifo.rf/grf.rf/gntv_or_sync_fifo.mem/gdm.dm_gen.dm/gpr1.dout_i_reg[2]/Q
                         net (fo=1, routed)           0.134     3.316    design_1_i/ps8_0_axi_periph/m00_couplers/auto_ds/inst/gen_downsizer.gen_simple_downsizer.axi_downsizer_inst/USE_WRITE.write_addr_inst/USE_B_CHANNEL.cmd_b_queue/inst/fifo_gen_inst/inst_fifo_gen/gconvfifo.rf/grf.rf/gntv_or_sync_fifo.mem/dout_i[2]
    SLICE_X5Y152         FDRE                                         r  design_1_i/ps8_0_axi_periph/m00_couplers/auto_ds/inst/gen_downsizer.gen_simple_downsizer.axi_downsizer_inst/USE_WRITE.write_addr_inst/USE_B_CHANNEL.cmd_b_queue/inst/fifo_gen_inst/inst_fifo_gen/gconvfifo.rf/grf.rf/gntv_or_sync_fifo.mem/goreg_dm.dout_i_reg[2]/D
  -------------------------------------------------------------------    -------------------

                         (clock clk_pl_0 rise edge)
                                                      0.000     0.000 r  
    PS8_X0Y0             PS8                          0.000     0.000 r  design_1_i/zynq_ultra_ps_e_0/inst/PS8_i/PLCLK[0]
                         net (fo=1, routed)           0.229     0.229    design_1_i/zynq_ultra_ps_e_0/inst/pl_clk_unbuffered[0]
    BUFG_PS_X0Y80        BUFG_PS (Prop_BUFG_PS_I_O)
                                                      0.038     0.267 r  design_1_i/zynq_ultra_ps_e_0/inst/buffer_pl_clk_0.PL_CLK_0_BUFG/O
    X1Y1 (CLOCK_ROOT)    net (fo=10070, routed)       3.178     3.445    design_1_i/ps8_0_axi_periph/m00_couplers/auto_ds/inst/gen_downsizer.gen_simple_downsizer.axi_downsizer_inst/USE_WRITE.write_addr_inst/USE_B_CHANNEL.cmd_b_queue/inst/fifo_gen_inst/inst_fifo_gen/gconvfifo.rf/grf.rf/gntv_or_sync_fifo.mem/clk
    SLICE_X5Y152         FDRE                                         r  design_1_i/ps8_0_axi_periph/m00_couplers/auto_ds/inst/gen_downsizer.gen_simple_downsizer.axi_downsizer_inst/USE_WRITE.write_addr_inst/USE_B_CHANNEL.cmd_b_queue/inst/fifo_gen_inst/inst_fifo_gen/gconvfifo.rf/grf.rf/gntv_or_sync_fifo.mem/goreg_dm.dout_i_reg[2]/C
                         clock pessimism             -0.244     3.201    
    SLICE_X5Y152         FDRE (Hold_FFF_SLICEM_C_D)
                                                      0.101     3.302    design_1_i/ps8_0_axi_periph/m00_couplers/auto_ds/inst/gen_downsizer.gen_simple_downsizer.axi_downsizer_inst/USE_WRITE.write_addr_inst/USE_B_CHANNEL.cmd_b_queue/inst/fifo_gen_inst/inst_fifo_gen/gconvfifo.rf/grf.rf/gntv_or_sync_fifo.mem/goreg_dm.dout_i_reg[2]
  -------------------------------------------------------------------
                         required time                         -3.302    
                         arrival time                           3.316    
  -------------------------------------------------------------------
                         slack                                  0.015    

Slack (MET) :             0.015ns  (arrival time - required time)
  Source:                 design_1_i/ps8_0_axi_periph/m01_couplers/auto_ds/inst/gen_downsizer.gen_simple_downsizer.axi_downsizer_inst/USE_READ.read_addr_inst/queue_id_reg[5]/C
                            (rising edge-triggered cell FDRE clocked by clk_pl_0  {rise@0.000ns fall@5.000ns period=10.000ns})
  Destination:            design_1_i/ps8_0_axi_periph/xbar/inst/gen_samd.crossbar_samd/gen_master_slots[1].reg_slice_mi/r.r_pipe/skid_buffer_reg[136]/D
                            (rising edge-triggered cell FDRE clocked by clk_pl_0  {rise@0.000ns fall@5.000ns period=10.000ns})
  Path Group:             clk_pl_0
  Path Type:              Hold (Min at Slow Process Corner)
  Requirement:            0.000ns  (clk_pl_0 rise@0.000ns - clk_pl_0 rise@0.000ns)
  Data Path Delay:        0.247ns  (logic 0.111ns (45.016%)  route 0.136ns (54.984%))
  Logic Levels:           0  
  Clock Path Skew:        0.131ns (DCD - SCD - CPR)
    Destination Clock Delay (DCD):    3.414ns
    Source Clock Delay      (SCD):    3.043ns
    Clock Pessimism Removal (CPR):    0.240ns
  Clock Net Delay (Source):      2.827ns (routing 1.450ns, distribution 1.377ns)
  Clock Net Delay (Destination): 3.147ns (routing 1.584ns, distribution 1.563ns)

    Location             Delay type                Incr(ns)  Path(ns)    Netlist Resource(s)
  -------------------------------------------------------------------    -------------------
                         (clock clk_pl_0 rise edge)
                                                      0.000     0.000 r  
    PS8_X0Y0             PS8                          0.000     0.000 r  design_1_i/zynq_ultra_ps_e_0/inst/PS8_i/PLCLK[0]
                         net (fo=1, routed)           0.181     0.181    design_1_i/zynq_ultra_ps_e_0/inst/pl_clk_unbuffered[0]
    BUFG_PS_X0Y80        BUFG_PS (Prop_BUFG_PS_I_O)
                                                      0.035     0.216 r  design_1_i/zynq_ultra_ps_e_0/inst/buffer_pl_clk_0.PL_CLK_0_BUFG/O
    X1Y1 (CLOCK_ROOT)    net (fo=10070, routed)       2.827     3.043    design_1_i/ps8_0_axi_periph/m01_couplers/auto_ds/inst/gen_downsizer.gen_simple_downsizer.axi_downsizer_inst/USE_READ.read_addr_inst/CLK
    SLICE_X7Y78          FDRE                                         r  design_1_i/ps8_0_axi_periph/m01_couplers/auto_ds/inst/gen_downsizer.gen_simple_downsizer.axi_downsizer_inst/USE_READ.read_addr_inst/queue_id_reg[5]/C
  -------------------------------------------------------------------    -------------------
    SLICE_X7Y78          FDRE (Prop_FFF_SLICEM_C_Q)
                                                      0.111     3.154 r  design_1_i/ps8_0_axi_periph/m01_couplers/auto_ds/inst/gen_downsizer.gen_simple_downsizer.axi_downsizer_inst/USE_READ.read_addr_inst/queue_id_reg[5]/Q
                         net (fo=3, routed)           0.136     3.290    design_1_i/ps8_0_axi_periph/xbar/inst/gen_samd.crossbar_samd/gen_master_slots[1].reg_slice_mi/r.r_pipe/m_axi_rid[5]
    SLICE_X6Y77          FDRE                                         r  design_1_i/ps8_0_axi_periph/xbar/inst/gen_samd.crossbar_samd/gen_master_slots[1].reg_slice_mi/r.r_pipe/skid_buffer_reg[136]/D
  -------------------------------------------------------------------    -------------------

                         (clock clk_pl_0 rise edge)
                                                      0.000     0.000 r  
    PS8_X0Y0             PS8                          0.000     0.000 r  design_1_i/zynq_ultra_ps_e_0/inst/PS8_i/PLCLK[0]
                         net (fo=1, routed)           0.229     0.229    design_1_i/zynq_ultra_ps_e_0/inst/pl_clk_unbuffered[0]
    BUFG_PS_X0Y80        BUFG_PS (Prop_BUFG_PS_I_O)
                                                      0.038     0.267 r  design_1_i/zynq_ultra_ps_e_0/inst/buffer_pl_clk_0.PL_CLK_0_BUFG/O
    X1Y1 (CLOCK_ROOT)    net (fo=10070, routed)       3.147     3.414    design_1_i/ps8_0_axi_periph/xbar/inst/gen_samd.crossbar_samd/gen_master_slots[1].reg_slice_mi/r.r_pipe/aclk
    SLICE_X6Y77          FDRE                                         r  design_1_i/ps8_0_axi_periph/xbar/inst/gen_samd.crossbar_samd/gen_master_slots[1].reg_slice_mi/r.r_pipe/skid_buffer_reg[136]/C
                         clock pessimism             -0.240     3.174    
    SLICE_X6Y77          FDRE (Hold_GFF_SLICEL_C_D)
                                                      0.101     3.275    design_1_i/ps8_0_axi_periph/xbar/inst/gen_samd.crossbar_samd/gen_master_slots[1].reg_slice_mi/r.r_pipe/skid_buffer_reg[136]
  -------------------------------------------------------------------
                         required time                         -3.275    
                         arrival time                           3.290    
  -------------------------------------------------------------------
                         slack                                  0.015    





Pulse Width Checks
--------------------------------------------------------------------------------------
Clock Name:         clk_pl_0
Waveform(ns):       { 0.000 5.000 }
Period(ns):         10.000
Sources:            { design_1_i/zynq_ultra_ps_e_0/inst/PS8_i/PLCLK[0] }

Check Type        Corner  Lib Pin             Reference Pin  Required(ns)  Actual(ns)  Slack(ns)  Location       Pin
Min Period        n/a     PS8/MAXIGP0ACLK     n/a            3.000         10.000      7.000      PS8_X0Y0       design_1_i/zynq_ultra_ps_e_0/inst/PS8_i/MAXIGP0ACLK
Min Period        n/a     PS8/MAXIGP1ACLK     n/a            3.000         10.000      7.000      PS8_X0Y0       design_1_i/zynq_ultra_ps_e_0/inst/PS8_i/MAXIGP1ACLK
Min Period        n/a     RAMB36E2/CLKARDCLK  n/a            1.960         10.000      8.040      RAMB36_X0Y7    design_1_i/denoiser_top_0/inst/d_U/genblk1[1].ram_reg_0_bram_0/CLKARDCLK
Min Period        n/a     RAMB36E2/CLKARDCLK  n/a            1.960         10.000      8.040      RAMB36_X0Y8    design_1_i/denoiser_top_0/inst/d_U/genblk1[1].ram_reg_0_bram_1/CLKARDCLK
Min Period        n/a     RAMB36E2/CLKARDCLK  n/a            1.960         10.000      8.040      RAMB36_X0Y9    design_1_i/denoiser_top_0/inst/d_U/genblk1[1].ram_reg_0_bram_2/CLKARDCLK
Min Period        n/a     RAMB36E2/CLKARDCLK  n/a            1.960         10.000      8.040      RAMB36_X0Y10   design_1_i/denoiser_top_0/inst/d_U/genblk1[1].ram_reg_0_bram_3/CLKARDCLK
Min Period        n/a     RAMB36E2/CLKARDCLK  n/a            1.960         10.000      8.040      RAMB36_X1Y8    design_1_i/denoiser_top_0/inst/d_U/genblk1[1].ram_reg_1_bram_0/CLKARDCLK
Min Period        n/a     RAMB36E2/CLKARDCLK  n/a            1.960         10.000      8.040      RAMB36_X1Y9    design_1_i/denoiser_top_0/inst/d_U/genblk1[1].ram_reg_1_bram_1/CLKARDCLK
Min Period        n/a     RAMB36E2/CLKARDCLK  n/a            1.960         10.000      8.040      RAMB36_X1Y10   design_1_i/denoiser_top_0/inst/d_U/genblk1[1].ram_reg_1_bram_2/CLKARDCLK
Min Period        n/a     RAMB36E2/CLKARDCLK  n/a            1.960         10.000      8.040      RAMB36_X1Y11   design_1_i/denoiser_top_0/inst/d_U/genblk1[1].ram_reg_1_bram_3/CLKARDCLK
Low Pulse Width   Slow    PS8/MAXIGP0ACLK     n/a            1.500         5.000       3.500      PS8_X0Y0       design_1_i/zynq_ultra_ps_e_0/inst/PS8_i/MAXIGP0ACLK
Low Pulse Width   Fast    PS8/MAXIGP0ACLK     n/a            1.500         5.000       3.500      PS8_X0Y0       design_1_i/zynq_ultra_ps_e_0/inst/PS8_i/MAXIGP0ACLK
Low Pulse Width   Slow    PS8/MAXIGP1ACLK     n/a            1.500         5.000       3.500      PS8_X0Y0       design_1_i/zynq_ultra_ps_e_0/inst/PS8_i/MAXIGP1ACLK
Low Pulse Width   Fast    PS8/MAXIGP1ACLK     n/a            1.500         5.000       3.500      PS8_X0Y0       design_1_i/zynq_ultra_ps_e_0/inst/PS8_i/MAXIGP1ACLK
Low Pulse Width   Slow    SRL16E/CLK          n/a            0.762         5.000       4.238      SLICE_X20Y92   design_1_i/denoiser_top_0/inst/gmem0_m_axi_U/bus_read/fifo_burst/U_fifo_srl/mem_reg[14][0]_srl15/CLK
Low Pulse Width   Fast    SRL16E/CLK          n/a            0.762         5.000       4.238      SLICE_X20Y92   design_1_i/denoiser_top_0/inst/gmem0_m_axi_U/bus_read/fifo_burst/U_fifo_srl/mem_reg[14][0]_srl15/CLK
Low Pulse Width   Slow    SRL16E/CLK          n/a            0.762         5.000       4.238      SLICE_X21Y110  design_1_i/denoiser_top_0/inst/gmem0_m_axi_U/load_unit/bus_wide_gen.rreq_offset/U_fifo_srl/mem_reg[14][0]_srl15/CLK
Low Pulse Width   Fast    SRL16E/CLK          n/a            0.762         5.000       4.238      SLICE_X21Y110  design_1_i/denoiser_top_0/inst/gmem0_m_axi_U/load_unit/bus_wide_gen.rreq_offset/U_fifo_srl/mem_reg[14][0]_srl15/CLK
Low Pulse Width   Slow    SRL16E/CLK          n/a            0.762         5.000       4.238      SLICE_X21Y110  design_1_i/denoiser_top_0/inst/gmem0_m_axi_U/load_unit/bus_wide_gen.rreq_offset/U_fifo_srl/mem_reg[14][1]_srl15/CLK
Low Pulse Width   Fast    SRL16E/CLK          n/a            0.762         5.000       4.238      SLICE_X21Y110  design_1_i/denoiser_top_0/inst/gmem0_m_axi_U/load_unit/bus_wide_gen.rreq_offset/U_fifo_srl/mem_reg[14][1]_srl15/CLK
High Pulse Width  Slow    PS8/MAXIGP0ACLK     n/a            1.500         5.000       3.500      PS8_X0Y0       design_1_i/zynq_ultra_ps_e_0/inst/PS8_i/MAXIGP0ACLK
High Pulse Width  Fast    PS8/MAXIGP0ACLK     n/a            1.500         5.000       3.500      PS8_X0Y0       design_1_i/zynq_ultra_ps_e_0/inst/PS8_i/MAXIGP0ACLK
High Pulse Width  Slow    PS8/MAXIGP1ACLK     n/a            1.500         5.000       3.500      PS8_X0Y0       design_1_i/zynq_ultra_ps_e_0/inst/PS8_i/MAXIGP1ACLK
High Pulse Width  Fast    PS8/MAXIGP1ACLK     n/a            1.500         5.000       3.500      PS8_X0Y0       design_1_i/zynq_ultra_ps_e_0/inst/PS8_i/MAXIGP1ACLK
High Pulse Width  Slow    SRL16E/CLK          n/a            0.762         5.000       4.238      SLICE_X20Y92   design_1_i/denoiser_top_0/inst/gmem0_m_axi_U/bus_read/fifo_burst/U_fifo_srl/mem_reg[14][0]_srl15/CLK
High Pulse Width  Fast    SRL16E/CLK          n/a            0.762         5.000       4.238      SLICE_X20Y92   design_1_i/denoiser_top_0/inst/gmem0_m_axi_U/bus_read/fifo_burst/U_fifo_srl/mem_reg[14][0]_srl15/CLK
High Pulse Width  Slow    SRL16E/CLK          n/a            0.762         5.000       4.238      SLICE_X21Y110  design_1_i/denoiser_top_0/inst/gmem0_m_axi_U/load_unit/bus_wide_gen.rreq_offset/U_fifo_srl/mem_reg[14][0]_srl15/CLK
High Pulse Width  Fast    SRL16E/CLK          n/a            0.762         5.000       4.238      SLICE_X21Y110  design_1_i/denoiser_top_0/inst/gmem0_m_axi_U/load_unit/bus_wide_gen.rreq_offset/U_fifo_srl/mem_reg[14][0]_srl15/CLK
High Pulse Width  Slow    SRL16E/CLK          n/a            0.762         5.000       4.238      SLICE_X21Y110  design_1_i/denoiser_top_0/inst/gmem0_m_axi_U/load_unit/bus_wide_gen.rreq_offset/U_fifo_srl/mem_reg[14][1]_srl15/CLK
High Pulse Width  Fast    SRL16E/CLK          n/a            0.762         5.000       4.238      SLICE_X21Y110  design_1_i/denoiser_top_0/inst/gmem0_m_axi_U/load_unit/bus_wide_gen.rreq_offset/U_fifo_srl/mem_reg[14][1]_srl15/CLK



---------------------------------------------------------------------------------------------------
Path Group:  **async_default**
From Clock:  clk_pl_0
  To Clock:  clk_pl_0

Setup :            0  Failing Endpoints,  Worst Slack        8.110ns,  Total Violation        0.000ns
Hold  :            0  Failing Endpoints,  Worst Slack        0.232ns,  Total Violation        0.000ns
---------------------------------------------------------------------------------------------------


Max Delay Paths
--------------------------------------------------------------------------------------
Slack (MET) :             8.110ns  (required time - arrival time)
  Source:                 design_1_i/ps8_0_axi_periph/m01_couplers/auto_ds/inst/gen_downsizer.gen_simple_downsizer.axi_downsizer_inst/USE_READ.read_addr_inst/cmd_queue/inst/fifo_gen_inst/inst_fifo_gen/gconvfifo.rf/grf.rf/rstblk/ngwrdrst.grst.g7serrst.gnsckt_wrst.gcc_rst.sckt_wr_rst_cc_reg[1]/C
                            (rising edge-triggered cell FDRE clocked by clk_pl_0  {rise@0.000ns fall@5.000ns period=10.000ns})
  Destination:            design_1_i/ps8_0_axi_periph/m01_couplers/auto_ds/inst/gen_downsizer.gen_simple_downsizer.axi_downsizer_inst/USE_READ.read_addr_inst/cmd_queue/inst/fifo_gen_inst/inst_fifo_gen/gconvfifo.rf/grf.rf/gntv_or_sync_fifo.gl0.rd/gr1.gr1_int.rfwft/empty_fwft_fb_o_i_reg/PRE
                            (recovery check against rising-edge clock clk_pl_0  {rise@0.000ns fall@5.000ns period=10.000ns})
  Path Group:             **async_default**
  Path Type:              Recovery (Max at Slow Process Corner)
  Requirement:            10.000ns  (clk_pl_0 rise@10.000ns - clk_pl_0 rise@0.000ns)
  Data Path Delay:        1.531ns  (logic 0.344ns (22.468%)  route 1.187ns (77.532%))
  Logic Levels:           1  (LUT3=1)
  Clock Path Skew:        -0.106ns (DCD - SCD + CPR)
    Destination Clock Delay (DCD):    3.012ns = ( 13.012 - 10.000 ) 
    Source Clock Delay      (SCD):    3.358ns
    Clock Pessimism Removal (CPR):    0.240ns
  Clock Uncertainty:      0.160ns  ((TSJ^2 + DJ^2)^1/2) / 2 + PE
    Total System Jitter     (TSJ):    0.071ns
    Discrete Jitter          (DJ):    0.312ns
    Phase Error              (PE):    0.000ns
  Clock Net Delay (Source):      3.091ns (routing 1.584ns, distribution 1.507ns)
  Clock Net Delay (Destination): 2.796ns (routing 1.450ns, distribution 1.346ns)

    Location             Delay type                Incr(ns)  Path(ns)    Netlist Resource(s)
  -------------------------------------------------------------------    -------------------
                         (clock clk_pl_0 rise edge)
                                                      0.000     0.000 r  
    PS8_X0Y0             PS8                          0.000     0.000 r  design_1_i/zynq_ultra_ps_e_0/inst/PS8_i/PLCLK[0]
                         net (fo=1, routed)           0.229     0.229    design_1_i/zynq_ultra_ps_e_0/inst/pl_clk_unbuffered[0]
    BUFG_PS_X0Y80        BUFG_PS (Prop_BUFG_PS_I_O)
                                                      0.038     0.267 r  design_1_i/zynq_ultra_ps_e_0/inst/buffer_pl_clk_0.PL_CLK_0_BUFG/O
    X1Y1 (CLOCK_ROOT)    net (fo=10070, routed)       3.091     3.358    design_1_i/ps8_0_axi_periph/m01_couplers/auto_ds/inst/gen_downsizer.gen_simple_downsizer.axi_downsizer_inst/USE_READ.read_addr_inst/cmd_queue/inst/fifo_gen_inst/inst_fifo_gen/gconvfifo.rf/grf.rf/rstblk/clk
    SLICE_X12Y84         FDRE                                         r  design_1_i/ps8_0_axi_periph/m01_couplers/auto_ds/inst/gen_downsizer.gen_simple_downsizer.axi_downsizer_inst/USE_READ.read_addr_inst/cmd_queue/inst/fifo_gen_inst/inst_fifo_gen/gconvfifo.rf/grf.rf/rstblk/ngwrdrst.grst.g7serrst.gnsckt_wrst.gcc_rst.sckt_wr_rst_cc_reg[1]/C
  -------------------------------------------------------------------    -------------------
    SLICE_X12Y84         FDRE (Prop_EFF2_SLICEM_C_Q)
                                                      0.118     3.476 f  design_1_i/ps8_0_axi_periph/m01_couplers/auto_ds/inst/gen_downsizer.gen_simple_downsizer.axi_downsizer_inst/USE_READ.read_addr_inst/cmd_queue/inst/fifo_gen_inst/inst_fifo_gen/gconvfifo.rf/grf.rf/rstblk/ngwrdrst.grst.g7serrst.gnsckt_wrst.gcc_rst.sckt_wr_rst_cc_reg[1]/Q
                         net (fo=2, routed)           0.247     3.723    design_1_i/ps8_0_axi_periph/m01_couplers/auto_ds/inst/gen_downsizer.gen_simple_downsizer.axi_downsizer_inst/USE_READ.read_addr_inst/cmd_queue/inst/fifo_gen_inst/inst_fifo_gen/gconvfifo.rf/grf.rf/rstblk/ngwrdrst.grst.g7serrst.gnsckt_wrst.gcc_rst.sckt_wr_rst_cc[1]
    SLICE_X12Y84         LUT3 (Prop_G6LUT_SLICEM_I0_O)
                                                      0.226     3.949 f  design_1_i/ps8_0_axi_periph/m01_couplers/auto_ds/inst/gen_downsizer.gen_simple_downsizer.axi_downsizer_inst/USE_READ.read_addr_inst/cmd_queue/inst/fifo_gen_inst/inst_fifo_gen/gconvfifo.rf/grf.rf/rstblk/gpregsm1.curr_fwft_state[1]_i_2/O
                         net (fo=32, routed)          0.940     4.889    design_1_i/ps8_0_axi_periph/m01_couplers/auto_ds/inst/gen_downsizer.gen_simple_downsizer.axi_downsizer_inst/USE_READ.read_addr_inst/cmd_queue/inst/fifo_gen_inst/inst_fifo_gen/gconvfifo.rf/grf.rf/gntv_or_sync_fifo.gl0.rd/gr1.gr1_int.rfwft/gpregsm1.user_valid_reg_0
    SLICE_X13Y84         FDPE                                         f  design_1_i/ps8_0_axi_periph/m01_couplers/auto_ds/inst/gen_downsizer.gen_simple_downsizer.axi_downsizer_inst/USE_READ.read_addr_inst/cmd_queue/inst/fifo_gen_inst/inst_fifo_gen/gconvfifo.rf/grf.rf/gntv_or_sync_fifo.gl0.rd/gr1.gr1_int.rfwft/empty_fwft_fb_o_i_reg/PRE
  -------------------------------------------------------------------    -------------------

                         (clock clk_pl_0 rise edge)
                                                     10.000    10.000 r  
    PS8_X0Y0             PS8                          0.000    10.000 r  design_1_i/zynq_ultra_ps_e_0/inst/PS8_i/PLCLK[0]
                         net (fo=1, routed)           0.181    10.181    design_1_i/zynq_ultra_ps_e_0/inst/pl_clk_unbuffered[0]
    BUFG_PS_X0Y80        BUFG_PS (Prop_BUFG_PS_I_O)
                                                      0.035    10.216 r  design_1_i/zynq_ultra_ps_e_0/inst/buffer_pl_clk_0.PL_CLK_0_BUFG/O
    X1Y1 (CLOCK_ROOT)    net (fo=10070, routed)       2.796    13.012    design_1_i/ps8_0_axi_periph/m01_couplers/auto_ds/inst/gen_downsizer.gen_simple_downsizer.axi_downsizer_inst/USE_READ.read_addr_inst/cmd_queue/inst/fifo_gen_inst/inst_fifo_gen/gconvfifo.rf/grf.rf/gntv_or_sync_fifo.gl0.rd/gr1.gr1_int.rfwft/clk
    SLICE_X13Y84         FDPE                                         r  design_1_i/ps8_0_axi_periph/m01_couplers/auto_ds/inst/gen_downsizer.gen_simple_downsizer.axi_downsizer_inst/USE_READ.read_addr_inst/cmd_queue/inst/fifo_gen_inst/inst_fifo_gen/gconvfifo.rf/grf.rf/gntv_or_sync_fifo.gl0.rd/gr1.gr1_int.rfwft/empty_fwft_fb_o_i_reg/C
                         clock pessimism              0.240    13.253    
                         clock uncertainty           -0.160    13.092    
    SLICE_X13Y84         FDPE (Recov_DFF2_SLICEM_C_PRE)
                                                     -0.093    12.999    design_1_i/ps8_0_axi_periph/m01_couplers/auto_ds/inst/gen_downsizer.gen_simple_downsizer.axi_downsizer_inst/USE_READ.read_addr_inst/cmd_queue/inst/fifo_gen_inst/inst_fifo_gen/gconvfifo.rf/grf.rf/gntv_or_sync_fifo.gl0.rd/gr1.gr1_int.rfwft/empty_fwft_fb_o_i_reg
  -------------------------------------------------------------------
                         required time                         12.999    
                         arrival time                          -4.889    
  -------------------------------------------------------------------
                         slack                                  8.110    

Slack (MET) :             8.110ns  (required time - arrival time)
  Source:                 design_1_i/ps8_0_axi_periph/m01_couplers/auto_ds/inst/gen_downsizer.gen_simple_downsizer.axi_downsizer_inst/USE_READ.read_addr_inst/cmd_queue/inst/fifo_gen_inst/inst_fifo_gen/gconvfifo.rf/grf.rf/rstblk/ngwrdrst.grst.g7serrst.gnsckt_wrst.gcc_rst.sckt_wr_rst_cc_reg[1]/C
                            (rising edge-triggered cell FDRE clocked by clk_pl_0  {rise@0.000ns fall@5.000ns period=10.000ns})
  Destination:            design_1_i/ps8_0_axi_periph/m01_couplers/auto_ds/inst/gen_downsizer.gen_simple_downsizer.axi_downsizer_inst/USE_READ.read_addr_inst/cmd_queue/inst/fifo_gen_inst/inst_fifo_gen/gconvfifo.rf/grf.rf/gntv_or_sync_fifo.gl0.rd/gr1.gr1_int.rfwft/gpregsm1.curr_fwft_state_reg[0]/CLR
                            (recovery check against rising-edge clock clk_pl_0  {rise@0.000ns fall@5.000ns period=10.000ns})
  Path Group:             **async_default**
  Path Type:              Recovery (Max at Slow Process Corner)
  Requirement:            10.000ns  (clk_pl_0 rise@10.000ns - clk_pl_0 rise@0.000ns)
  Data Path Delay:        1.531ns  (logic 0.344ns (22.468%)  route 1.187ns (77.532%))
  Logic Levels:           1  (LUT3=1)
  Clock Path Skew:        -0.106ns (DCD - SCD + CPR)
    Destination Clock Delay (DCD):    3.012ns = ( 13.012 - 10.000 ) 
    Source Clock Delay      (SCD):    3.358ns
    Clock Pessimism Removal (CPR):    0.240ns
  Clock Uncertainty:      0.160ns  ((TSJ^2 + DJ^2)^1/2) / 2 + PE
    Total System Jitter     (TSJ):    0.071ns
    Discrete Jitter          (DJ):    0.312ns
    Phase Error              (PE):    0.000ns
  Clock Net Delay (Source):      3.091ns (routing 1.584ns, distribution 1.507ns)
  Clock Net Delay (Destination): 2.796ns (routing 1.450ns, distribution 1.346ns)

    Location             Delay type                Incr(ns)  Path(ns)    Netlist Resource(s)
  -------------------------------------------------------------------    -------------------
                         (clock clk_pl_0 rise edge)
                                                      0.000     0.000 r  
    PS8_X0Y0             PS8                          0.000     0.000 r  design_1_i/zynq_ultra_ps_e_0/inst/PS8_i/PLCLK[0]
                         net (fo=1, routed)           0.229     0.229    design_1_i/zynq_ultra_ps_e_0/inst/pl_clk_unbuffered[0]
    BUFG_PS_X0Y80        BUFG_PS (Prop_BUFG_PS_I_O)
                                                      0.038     0.267 r  design_1_i/zynq_ultra_ps_e_0/inst/buffer_pl_clk_0.PL_CLK_0_BUFG/O
    X1Y1 (CLOCK_ROOT)    net (fo=10070, routed)       3.091     3.358    design_1_i/ps8_0_axi_periph/m01_couplers/auto_ds/inst/gen_downsizer.gen_simple_downsizer.axi_downsizer_inst/USE_READ.read_addr_inst/cmd_queue/inst/fifo_gen_inst/inst_fifo_gen/gconvfifo.rf/grf.rf/rstblk/clk
    SLICE_X12Y84         FDRE                                         r  design_1_i/ps8_0_axi_periph/m01_couplers/auto_ds/inst/gen_downsizer.gen_simple_downsizer.axi_downsizer_inst/USE_READ.read_addr_inst/cmd_queue/inst/fifo_gen_inst/inst_fifo_gen/gconvfifo.rf/grf.rf/rstblk/ngwrdrst.grst.g7serrst.gnsckt_wrst.gcc_rst.sckt_wr_rst_cc_reg[1]/C
  -------------------------------------------------------------------    -------------------
    SLICE_X12Y84         FDRE (Prop_EFF2_SLICEM_C_Q)
                                                      0.118     3.476 f  design_1_i/ps8_0_axi_periph/m01_couplers/auto_ds/inst/gen_downsizer.gen_simple_downsizer.axi_downsizer_inst/USE_READ.read_addr_inst/cmd_queue/inst/fifo_gen_inst/inst_fifo_gen/gconvfifo.rf/grf.rf/rstblk/ngwrdrst.grst.g7serrst.gnsckt_wrst.gcc_rst.sckt_wr_rst_cc_reg[1]/Q
                         net (fo=2, routed)           0.247     3.723    design_1_i/ps8_0_axi_periph/m01_couplers/auto_ds/inst/gen_downsizer.gen_simple_downsizer.axi_downsizer_inst/USE_READ.read_addr_inst/cmd_queue/inst/fifo_gen_inst/inst_fifo_gen/gconvfifo.rf/grf.rf/rstblk/ngwrdrst.grst.g7serrst.gnsckt_wrst.gcc_rst.sckt_wr_rst_cc[1]
    SLICE_X12Y84         LUT3 (Prop_G6LUT_SLICEM_I0_O)
                                                      0.226     3.949 f  design_1_i/ps8_0_axi_periph/m01_couplers/auto_ds/inst/gen_downsizer.gen_simple_downsizer.axi_downsizer_inst/USE_READ.read_addr_inst/cmd_queue/inst/fifo_gen_inst/inst_fifo_gen/gconvfifo.rf/grf.rf/rstblk/gpregsm1.curr_fwft_state[1]_i_2/O
                         net (fo=32, routed)          0.940     4.889    design_1_i/ps8_0_axi_periph/m01_couplers/auto_ds/inst/gen_downsizer.gen_simple_downsizer.axi_downsizer_inst/USE_READ.read_addr_inst/cmd_queue/inst/fifo_gen_inst/inst_fifo_gen/gconvfifo.rf/grf.rf/gntv_or_sync_fifo.gl0.rd/gr1.gr1_int.rfwft/gpregsm1.user_valid_reg_0
    SLICE_X13Y84         FDCE                                         f  design_1_i/ps8_0_axi_periph/m01_couplers/auto_ds/inst/gen_downsizer.gen_simple_downsizer.axi_downsizer_inst/USE_READ.read_addr_inst/cmd_queue/inst/fifo_gen_inst/inst_fifo_gen/gconvfifo.rf/grf.rf/gntv_or_sync_fifo.gl0.rd/gr1.gr1_int.rfwft/gpregsm1.curr_fwft_state_reg[0]/CLR
  -------------------------------------------------------------------    -------------------

                         (clock clk_pl_0 rise edge)
                                                     10.000    10.000 r  
    PS8_X0Y0             PS8                          0.000    10.000 r  design_1_i/zynq_ultra_ps_e_0/inst/PS8_i/PLCLK[0]
                         net (fo=1, routed)           0.181    10.181    design_1_i/zynq_ultra_ps_e_0/inst/pl_clk_unbuffered[0]
    BUFG_PS_X0Y80        BUFG_PS (Prop_BUFG_PS_I_O)
                                                      0.035    10.216 r  design_1_i/zynq_ultra_ps_e_0/inst/buffer_pl_clk_0.PL_CLK_0_BUFG/O
    X1Y1 (CLOCK_ROOT)    net (fo=10070, routed)       2.796    13.012    design_1_i/ps8_0_axi_periph/m01_couplers/auto_ds/inst/gen_downsizer.gen_simple_downsizer.axi_downsizer_inst/USE_READ.read_addr_inst/cmd_queue/inst/fifo_gen_inst/inst_fifo_gen/gconvfifo.rf/grf.rf/gntv_or_sync_fifo.gl0.rd/gr1.gr1_int.rfwft/clk
    SLICE_X13Y84         FDCE                                         r  design_1_i/ps8_0_axi_periph/m01_couplers/auto_ds/inst/gen_downsizer.gen_simple_downsizer.axi_downsizer_inst/USE_READ.read_addr_inst/cmd_queue/inst/fifo_gen_inst/inst_fifo_gen/gconvfifo.rf/grf.rf/gntv_or_sync_fifo.gl0.rd/gr1.gr1_int.rfwft/gpregsm1.curr_fwft_state_reg[0]/C
                         clock pessimism              0.240    13.253    
                         clock uncertainty           -0.160    13.092    
    SLICE_X13Y84         FDCE (Recov_CFF_SLICEM_C_CLR)
                                                     -0.093    12.999    design_1_i/ps8_0_axi_periph/m01_couplers/auto_ds/inst/gen_downsizer.gen_simple_downsizer.axi_downsizer_inst/USE_READ.read_addr_inst/cmd_queue/inst/fifo_gen_inst/inst_fifo_gen/gconvfifo.rf/grf.rf/gntv_or_sync_fifo.gl0.rd/gr1.gr1_int.rfwft/gpregsm1.curr_fwft_state_reg[0]
  -------------------------------------------------------------------
                         required time                         12.999    
                         arrival time                          -4.889    
  -------------------------------------------------------------------
                         slack                                  8.110    

Slack (MET) :             8.110ns  (required time - arrival time)
  Source:                 design_1_i/ps8_0_axi_periph/m01_couplers/auto_ds/inst/gen_downsizer.gen_simple_downsizer.axi_downsizer_inst/USE_READ.read_addr_inst/cmd_queue/inst/fifo_gen_inst/inst_fifo_gen/gconvfifo.rf/grf.rf/rstblk/ngwrdrst.grst.g7serrst.gnsckt_wrst.gcc_rst.sckt_wr_rst_cc_reg[1]/C
                            (rising edge-triggered cell FDRE clocked by clk_pl_0  {rise@0.000ns fall@5.000ns period=10.000ns})
  Destination:            design_1_i/ps8_0_axi_periph/m01_couplers/auto_ds/inst/gen_downsizer.gen_simple_downsizer.axi_downsizer_inst/USE_READ.read_addr_inst/cmd_queue/inst/fifo_gen_inst/inst_fifo_gen/gconvfifo.rf/grf.rf/gntv_or_sync_fifo.gl0.rd/gr1.gr1_int.rfwft/gpregsm1.curr_fwft_state_reg[1]/CLR
                            (recovery check against rising-edge clock clk_pl_0  {rise@0.000ns fall@5.000ns period=10.000ns})
  Path Group:             **async_default**
  Path Type:              Recovery (Max at Slow Process Corner)
  Requirement:            10.000ns  (clk_pl_0 rise@10.000ns - clk_pl_0 rise@0.000ns)
  Data Path Delay:        1.531ns  (logic 0.344ns (22.468%)  route 1.187ns (77.532%))
  Logic Levels:           1  (LUT3=1)
  Clock Path Skew:        -0.106ns (DCD - SCD + CPR)
    Destination Clock Delay (DCD):    3.012ns = ( 13.012 - 10.000 ) 
    Source Clock Delay      (SCD):    3.358ns
    Clock Pessimism Removal (CPR):    0.240ns
  Clock Uncertainty:      0.160ns  ((TSJ^2 + DJ^2)^1/2) / 2 + PE
    Total System Jitter     (TSJ):    0.071ns
    Discrete Jitter          (DJ):    0.312ns
    Phase Error              (PE):    0.000ns
  Clock Net Delay (Source):      3.091ns (routing 1.584ns, distribution 1.507ns)
  Clock Net Delay (Destination): 2.796ns (routing 1.450ns, distribution 1.346ns)

    Location             Delay type                Incr(ns)  Path(ns)    Netlist Resource(s)
  -------------------------------------------------------------------    -------------------
                         (clock clk_pl_0 rise edge)
                                                      0.000     0.000 r  
    PS8_X0Y0             PS8                          0.000     0.000 r  design_1_i/zynq_ultra_ps_e_0/inst/PS8_i/PLCLK[0]
                         net (fo=1, routed)           0.229     0.229    design_1_i/zynq_ultra_ps_e_0/inst/pl_clk_unbuffered[0]
    BUFG_PS_X0Y80        BUFG_PS (Prop_BUFG_PS_I_O)
                                                      0.038     0.267 r  design_1_i/zynq_ultra_ps_e_0/inst/buffer_pl_clk_0.PL_CLK_0_BUFG/O
    X1Y1 (CLOCK_ROOT)    net (fo=10070, routed)       3.091     3.358    design_1_i/ps8_0_axi_periph/m01_couplers/auto_ds/inst/gen_downsizer.gen_simple_downsizer.axi_downsizer_inst/USE_READ.read_addr_inst/cmd_queue/inst/fifo_gen_inst/inst_fifo_gen/gconvfifo.rf/grf.rf/rstblk/clk
    SLICE_X12Y84         FDRE                                         r  design_1_i/ps8_0_axi_periph/m01_couplers/auto_ds/inst/gen_downsizer.gen_simple_downsizer.axi_downsizer_inst/USE_READ.read_addr_inst/cmd_queue/inst/fifo_gen_inst/inst_fifo_gen/gconvfifo.rf/grf.rf/rstblk/ngwrdrst.grst.g7serrst.gnsckt_wrst.gcc_rst.sckt_wr_rst_cc_reg[1]/C
  -------------------------------------------------------------------    -------------------
    SLICE_X12Y84         FDRE (Prop_EFF2_SLICEM_C_Q)
                                                      0.118     3.476 f  design_1_i/ps8_0_axi_periph/m01_couplers/auto_ds/inst/gen_downsizer.gen_simple_downsizer.axi_downsizer_inst/USE_READ.read_addr_inst/cmd_queue/inst/fifo_gen_inst/inst_fifo_gen/gconvfifo.rf/grf.rf/rstblk/ngwrdrst.grst.g7serrst.gnsckt_wrst.gcc_rst.sckt_wr_rst_cc_reg[1]/Q
                         net (fo=2, routed)           0.247     3.723    design_1_i/ps8_0_axi_periph/m01_couplers/auto_ds/inst/gen_downsizer.gen_simple_downsizer.axi_downsizer_inst/USE_READ.read_addr_inst/cmd_queue/inst/fifo_gen_inst/inst_fifo_gen/gconvfifo.rf/grf.rf/rstblk/ngwrdrst.grst.g7serrst.gnsckt_wrst.gcc_rst.sckt_wr_rst_cc[1]
    SLICE_X12Y84         LUT3 (Prop_G6LUT_SLICEM_I0_O)
                                                      0.226     3.949 f  design_1_i/ps8_0_axi_periph/m01_couplers/auto_ds/inst/gen_downsizer.gen_simple_downsizer.axi_downsizer_inst/USE_READ.read_addr_inst/cmd_queue/inst/fifo_gen_inst/inst_fifo_gen/gconvfifo.rf/grf.rf/rstblk/gpregsm1.curr_fwft_state[1]_i_2/O
                         net (fo=32, routed)          0.940     4.889    design_1_i/ps8_0_axi_periph/m01_couplers/auto_ds/inst/gen_downsizer.gen_simple_downsizer.axi_downsizer_inst/USE_READ.read_addr_inst/cmd_queue/inst/fifo_gen_inst/inst_fifo_gen/gconvfifo.rf/grf.rf/gntv_or_sync_fifo.gl0.rd/gr1.gr1_int.rfwft/gpregsm1.user_valid_reg_0
    SLICE_X13Y84         FDCE                                         f  design_1_i/ps8_0_axi_periph/m01_couplers/auto_ds/inst/gen_downsizer.gen_simple_downsizer.axi_downsizer_inst/USE_READ.read_addr_inst/cmd_queue/inst/fifo_gen_inst/inst_fifo_gen/gconvfifo.rf/grf.rf/gntv_or_sync_fifo.gl0.rd/gr1.gr1_int.rfwft/gpregsm1.curr_fwft_state_reg[1]/CLR
  -------------------------------------------------------------------    -------------------

                         (clock clk_pl_0 rise edge)
                                                     10.000    10.000 r  
    PS8_X0Y0             PS8                          0.000    10.000 r  design_1_i/zynq_ultra_ps_e_0/inst/PS8_i/PLCLK[0]
                         net (fo=1, routed)           0.181    10.181    design_1_i/zynq_ultra_ps_e_0/inst/pl_clk_unbuffered[0]
    BUFG_PS_X0Y80        BUFG_PS (Prop_BUFG_PS_I_O)
                                                      0.035    10.216 r  design_1_i/zynq_ultra_ps_e_0/inst/buffer_pl_clk_0.PL_CLK_0_BUFG/O
    X1Y1 (CLOCK_ROOT)    net (fo=10070, routed)       2.796    13.012    design_1_i/ps8_0_axi_periph/m01_couplers/auto_ds/inst/gen_downsizer.gen_simple_downsizer.axi_downsizer_inst/USE_READ.read_addr_inst/cmd_queue/inst/fifo_gen_inst/inst_fifo_gen/gconvfifo.rf/grf.rf/gntv_or_sync_fifo.gl0.rd/gr1.gr1_int.rfwft/clk
    SLICE_X13Y84         FDCE                                         r  design_1_i/ps8_0_axi_periph/m01_couplers/auto_ds/inst/gen_downsizer.gen_simple_downsizer.axi_downsizer_inst/USE_READ.read_addr_inst/cmd_queue/inst/fifo_gen_inst/inst_fifo_gen/gconvfifo.rf/grf.rf/gntv_or_sync_fifo.gl0.rd/gr1.gr1_int.rfwft/gpregsm1.curr_fwft_state_reg[1]/C
                         clock pessimism              0.240    13.253    
                         clock uncertainty           -0.160    13.092    
    SLICE_X13Y84         FDCE (Recov_CFF2_SLICEM_C_CLR)
                                                     -0.093    12.999    design_1_i/ps8_0_axi_periph/m01_couplers/auto_ds/inst/gen_downsizer.gen_simple_downsizer.axi_downsizer_inst/USE_READ.read_addr_inst/cmd_queue/inst/fifo_gen_inst/inst_fifo_gen/gconvfifo.rf/grf.rf/gntv_or_sync_fifo.gl0.rd/gr1.gr1_int.rfwft/gpregsm1.curr_fwft_state_reg[1]
  -------------------------------------------------------------------
                         required time                         12.999    
                         arrival time                          -4.889    
  -------------------------------------------------------------------
                         slack                                  8.110    

Slack (MET) :             8.110ns  (required time - arrival time)
  Source:                 design_1_i/ps8_0_axi_periph/m01_couplers/auto_ds/inst/gen_downsizer.gen_simple_downsizer.axi_downsizer_inst/USE_READ.read_addr_inst/cmd_queue/inst/fifo_gen_inst/inst_fifo_gen/gconvfifo.rf/grf.rf/rstblk/ngwrdrst.grst.g7serrst.gnsckt_wrst.gcc_rst.sckt_wr_rst_cc_reg[1]/C
                            (rising edge-triggered cell FDRE clocked by clk_pl_0  {rise@0.000ns fall@5.000ns period=10.000ns})
  Destination:            design_1_i/ps8_0_axi_periph/m01_couplers/auto_ds/inst/gen_downsizer.gen_simple_downsizer.axi_downsizer_inst/USE_READ.read_addr_inst/cmd_queue/inst/fifo_gen_inst/inst_fifo_gen/gconvfifo.rf/grf.rf/gntv_or_sync_fifo.gl0.rd/gr1.gr1_int.rfwft/gpregsm1.user_valid_reg/CLR
                            (recovery check against rising-edge clock clk_pl_0  {rise@0.000ns fall@5.000ns period=10.000ns})
  Path Group:             **async_default**
  Path Type:              Recovery (Max at Slow Process Corner)
  Requirement:            10.000ns  (clk_pl_0 rise@10.000ns - clk_pl_0 rise@0.000ns)
  Data Path Delay:        1.531ns  (logic 0.344ns (22.468%)  route 1.187ns (77.532%))
  Logic Levels:           1  (LUT3=1)
  Clock Path Skew:        -0.106ns (DCD - SCD + CPR)
    Destination Clock Delay (DCD):    3.012ns = ( 13.012 - 10.000 ) 
    Source Clock Delay      (SCD):    3.358ns
    Clock Pessimism Removal (CPR):    0.240ns
  Clock Uncertainty:      0.160ns  ((TSJ^2 + DJ^2)^1/2) / 2 + PE
    Total System Jitter     (TSJ):    0.071ns
    Discrete Jitter          (DJ):    0.312ns
    Phase Error              (PE):    0.000ns
  Clock Net Delay (Source):      3.091ns (routing 1.584ns, distribution 1.507ns)
  Clock Net Delay (Destination): 2.796ns (routing 1.450ns, distribution 1.346ns)

    Location             Delay type                Incr(ns)  Path(ns)    Netlist Resource(s)
  -------------------------------------------------------------------    -------------------
                         (clock clk_pl_0 rise edge)
                                                      0.000     0.000 r  
    PS8_X0Y0             PS8                          0.000     0.000 r  design_1_i/zynq_ultra_ps_e_0/inst/PS8_i/PLCLK[0]
                         net (fo=1, routed)           0.229     0.229    design_1_i/zynq_ultra_ps_e_0/inst/pl_clk_unbuffered[0]
    BUFG_PS_X0Y80        BUFG_PS (Prop_BUFG_PS_I_O)
                                                      0.038     0.267 r  design_1_i/zynq_ultra_ps_e_0/inst/buffer_pl_clk_0.PL_CLK_0_BUFG/O
    X1Y1 (CLOCK_ROOT)    net (fo=10070, routed)       3.091     3.358    design_1_i/ps8_0_axi_periph/m01_couplers/auto_ds/inst/gen_downsizer.gen_simple_downsizer.axi_downsizer_inst/USE_READ.read_addr_inst/cmd_queue/inst/fifo_gen_inst/inst_fifo_gen/gconvfifo.rf/grf.rf/rstblk/clk
    SLICE_X12Y84         FDRE                                         r  design_1_i/ps8_0_axi_periph/m01_couplers/auto_ds/inst/gen_downsizer.gen_simple_downsizer.axi_downsizer_inst/USE_READ.read_addr_inst/cmd_queue/inst/fifo_gen_inst/inst_fifo_gen/gconvfifo.rf/grf.rf/rstblk/ngwrdrst.grst.g7serrst.gnsckt_wrst.gcc_rst.sckt_wr_rst_cc_reg[1]/C
  -------------------------------------------------------------------    -------------------
    SLICE_X12Y84         FDRE (Prop_EFF2_SLICEM_C_Q)
                                                      0.118     3.476 f  design_1_i/ps8_0_axi_periph/m01_couplers/auto_ds/inst/gen_downsizer.gen_simple_downsizer.axi_downsizer_inst/USE_READ.read_addr_inst/cmd_queue/inst/fifo_gen_inst/inst_fifo_gen/gconvfifo.rf/grf.rf/rstblk/ngwrdrst.grst.g7serrst.gnsckt_wrst.gcc_rst.sckt_wr_rst_cc_reg[1]/Q
                         net (fo=2, routed)           0.247     3.723    design_1_i/ps8_0_axi_periph/m01_couplers/auto_ds/inst/gen_downsizer.gen_simple_downsizer.axi_downsizer_inst/USE_READ.read_addr_inst/cmd_queue/inst/fifo_gen_inst/inst_fifo_gen/gconvfifo.rf/grf.rf/rstblk/ngwrdrst.grst.g7serrst.gnsckt_wrst.gcc_rst.sckt_wr_rst_cc[1]
    SLICE_X12Y84         LUT3 (Prop_G6LUT_SLICEM_I0_O)
                                                      0.226     3.949 f  design_1_i/ps8_0_axi_periph/m01_couplers/auto_ds/inst/gen_downsizer.gen_simple_downsizer.axi_downsizer_inst/USE_READ.read_addr_inst/cmd_queue/inst/fifo_gen_inst/inst_fifo_gen/gconvfifo.rf/grf.rf/rstblk/gpregsm1.curr_fwft_state[1]_i_2/O
                         net (fo=32, routed)          0.940     4.889    design_1_i/ps8_0_axi_periph/m01_couplers/auto_ds/inst/gen_downsizer.gen_simple_downsizer.axi_downsizer_inst/USE_READ.read_addr_inst/cmd_queue/inst/fifo_gen_inst/inst_fifo_gen/gconvfifo.rf/grf.rf/gntv_or_sync_fifo.gl0.rd/gr1.gr1_int.rfwft/gpregsm1.user_valid_reg_0
    SLICE_X13Y84         FDCE                                         f  design_1_i/ps8_0_axi_periph/m01_couplers/auto_ds/inst/gen_downsizer.gen_simple_downsizer.axi_downsizer_inst/USE_READ.read_addr_inst/cmd_queue/inst/fifo_gen_inst/inst_fifo_gen/gconvfifo.rf/grf.rf/gntv_or_sync_fifo.gl0.rd/gr1.gr1_int.rfwft/gpregsm1.user_valid_reg/CLR
  -------------------------------------------------------------------    -------------------

                         (clock clk_pl_0 rise edge)
                                                     10.000    10.000 r  
    PS8_X0Y0             PS8                          0.000    10.000 r  design_1_i/zynq_ultra_ps_e_0/inst/PS8_i/PLCLK[0]
                         net (fo=1, routed)           0.181    10.181    design_1_i/zynq_ultra_ps_e_0/inst/pl_clk_unbuffered[0]
    BUFG_PS_X0Y80        BUFG_PS (Prop_BUFG_PS_I_O)
                                                      0.035    10.216 r  design_1_i/zynq_ultra_ps_e_0/inst/buffer_pl_clk_0.PL_CLK_0_BUFG/O
    X1Y1 (CLOCK_ROOT)    net (fo=10070, routed)       2.796    13.012    design_1_i/ps8_0_axi_periph/m01_couplers/auto_ds/inst/gen_downsizer.gen_simple_downsizer.axi_downsizer_inst/USE_READ.read_addr_inst/cmd_queue/inst/fifo_gen_inst/inst_fifo_gen/gconvfifo.rf/grf.rf/gntv_or_sync_fifo.gl0.rd/gr1.gr1_int.rfwft/clk
    SLICE_X13Y84         FDCE                                         r  design_1_i/ps8_0_axi_periph/m01_couplers/auto_ds/inst/gen_downsizer.gen_simple_downsizer.axi_downsizer_inst/USE_READ.read_addr_inst/cmd_queue/inst/fifo_gen_inst/inst_fifo_gen/gconvfifo.rf/grf.rf/gntv_or_sync_fifo.gl0.rd/gr1.gr1_int.rfwft/gpregsm1.user_valid_reg/C
                         clock pessimism              0.240    13.253    
                         clock uncertainty           -0.160    13.092    
    SLICE_X13Y84         FDCE (Recov_BFF2_SLICEM_C_CLR)
                                                     -0.093    12.999    design_1_i/ps8_0_axi_periph/m01_couplers/auto_ds/inst/gen_downsizer.gen_simple_downsizer.axi_downsizer_inst/USE_READ.read_addr_inst/cmd_queue/inst/fifo_gen_inst/inst_fifo_gen/gconvfifo.rf/grf.rf/gntv_or_sync_fifo.gl0.rd/gr1.gr1_int.rfwft/gpregsm1.user_valid_reg
  -------------------------------------------------------------------
                         required time                         12.999    
                         arrival time                          -4.889    
  -------------------------------------------------------------------
                         slack                                  8.110    

Slack (MET) :             8.113ns  (required time - arrival time)
  Source:                 design_1_i/ps8_0_axi_periph/m01_couplers/auto_ds/inst/gen_downsizer.gen_simple_downsizer.axi_downsizer_inst/USE_READ.read_addr_inst/cmd_queue/inst/fifo_gen_inst/inst_fifo_gen/gconvfifo.rf/grf.rf/rstblk/ngwrdrst.grst.g7serrst.gnsckt_wrst.gcc_rst.sckt_wr_rst_cc_reg[1]/C
                            (rising edge-triggered cell FDRE clocked by clk_pl_0  {rise@0.000ns fall@5.000ns period=10.000ns})
  Destination:            design_1_i/ps8_0_axi_periph/m01_couplers/auto_ds/inst/gen_downsizer.gen_simple_downsizer.axi_downsizer_inst/USE_READ.read_addr_inst/cmd_queue/inst/fifo_gen_inst/inst_fifo_gen/gconvfifo.rf/grf.rf/gntv_or_sync_fifo.gl0.rd/gr1.gr1_int.rfwft/aempty_fwft_fb_i_reg/PRE
                            (recovery check against rising-edge clock clk_pl_0  {rise@0.000ns fall@5.000ns period=10.000ns})
  Path Group:             **async_default**
  Path Type:              Recovery (Max at Slow Process Corner)
  Requirement:            10.000ns  (clk_pl_0 rise@10.000ns - clk_pl_0 rise@0.000ns)
  Data Path Delay:        1.528ns  (logic 0.344ns (22.512%)  route 1.184ns (77.488%))
  Logic Levels:           1  (LUT3=1)
  Clock Path Skew:        -0.106ns (DCD - SCD + CPR)
    Destination Clock Delay (DCD):    3.012ns = ( 13.012 - 10.000 ) 
    Source Clock Delay      (SCD):    3.358ns
    Clock Pessimism Removal (CPR):    0.240ns
  Clock Uncertainty:      0.160ns  ((TSJ^2 + DJ^2)^1/2) / 2 + PE
    Total System Jitter     (TSJ):    0.071ns
    Discrete Jitter          (DJ):    0.312ns
    Phase Error              (PE):    0.000ns
  Clock Net Delay (Source):      3.091ns (routing 1.584ns, distribution 1.507ns)
  Clock Net Delay (Destination): 2.796ns (routing 1.450ns, distribution 1.346ns)

    Location             Delay type                Incr(ns)  Path(ns)    Netlist Resource(s)
  -------------------------------------------------------------------    -------------------
                         (clock clk_pl_0 rise edge)
                                                      0.000     0.000 r  
    PS8_X0Y0             PS8                          0.000     0.000 r  design_1_i/zynq_ultra_ps_e_0/inst/PS8_i/PLCLK[0]
                         net (fo=1, routed)           0.229     0.229    design_1_i/zynq_ultra_ps_e_0/inst/pl_clk_unbuffered[0]
    BUFG_PS_X0Y80        BUFG_PS (Prop_BUFG_PS_I_O)
                                                      0.038     0.267 r  design_1_i/zynq_ultra_ps_e_0/inst/buffer_pl_clk_0.PL_CLK_0_BUFG/O
    X1Y1 (CLOCK_ROOT)    net (fo=10070, routed)       3.091     3.358    design_1_i/ps8_0_axi_periph/m01_couplers/auto_ds/inst/gen_downsizer.gen_simple_downsizer.axi_downsizer_inst/USE_READ.read_addr_inst/cmd_queue/inst/fifo_gen_inst/inst_fifo_gen/gconvfifo.rf/grf.rf/rstblk/clk
    SLICE_X12Y84         FDRE                                         r  design_1_i/ps8_0_axi_periph/m01_couplers/auto_ds/inst/gen_downsizer.gen_simple_downsizer.axi_downsizer_inst/USE_READ.read_addr_inst/cmd_queue/inst/fifo_gen_inst/inst_fifo_gen/gconvfifo.rf/grf.rf/rstblk/ngwrdrst.grst.g7serrst.gnsckt_wrst.gcc_rst.sckt_wr_rst_cc_reg[1]/C
  -------------------------------------------------------------------    -------------------
    SLICE_X12Y84         FDRE (Prop_EFF2_SLICEM_C_Q)
                                                      0.118     3.476 f  design_1_i/ps8_0_axi_periph/m01_couplers/auto_ds/inst/gen_downsizer.gen_simple_downsizer.axi_downsizer_inst/USE_READ.read_addr_inst/cmd_queue/inst/fifo_gen_inst/inst_fifo_gen/gconvfifo.rf/grf.rf/rstblk/ngwrdrst.grst.g7serrst.gnsckt_wrst.gcc_rst.sckt_wr_rst_cc_reg[1]/Q
                         net (fo=2, routed)           0.247     3.723    design_1_i/ps8_0_axi_periph/m01_couplers/auto_ds/inst/gen_downsizer.gen_simple_downsizer.axi_downsizer_inst/USE_READ.read_addr_inst/cmd_queue/inst/fifo_gen_inst/inst_fifo_gen/gconvfifo.rf/grf.rf/rstblk/ngwrdrst.grst.g7serrst.gnsckt_wrst.gcc_rst.sckt_wr_rst_cc[1]
    SLICE_X12Y84         LUT3 (Prop_G6LUT_SLICEM_I0_O)
                                                      0.226     3.949 f  design_1_i/ps8_0_axi_periph/m01_couplers/auto_ds/inst/gen_downsizer.gen_simple_downsizer.axi_downsizer_inst/USE_READ.read_addr_inst/cmd_queue/inst/fifo_gen_inst/inst_fifo_gen/gconvfifo.rf/grf.rf/rstblk/gpregsm1.curr_fwft_state[1]_i_2/O
                         net (fo=32, routed)          0.937     4.886    design_1_i/ps8_0_axi_periph/m01_couplers/auto_ds/inst/gen_downsizer.gen_simple_downsizer.axi_downsizer_inst/USE_READ.read_addr_inst/cmd_queue/inst/fifo_gen_inst/inst_fifo_gen/gconvfifo.rf/grf.rf/gntv_or_sync_fifo.gl0.rd/gr1.gr1_int.rfwft/gpregsm1.user_valid_reg_0
    SLICE_X13Y84         FDPE                                         f  design_1_i/ps8_0_axi_periph/m01_couplers/auto_ds/inst/gen_downsizer.gen_simple_downsizer.axi_downsizer_inst/USE_READ.read_addr_inst/cmd_queue/inst/fifo_gen_inst/inst_fifo_gen/gconvfifo.rf/grf.rf/gntv_or_sync_fifo.gl0.rd/gr1.gr1_int.rfwft/aempty_fwft_fb_i_reg/PRE
  -------------------------------------------------------------------    -------------------

                         (clock clk_pl_0 rise edge)
                                                     10.000    10.000 r  
    PS8_X0Y0             PS8                          0.000    10.000 r  design_1_i/zynq_ultra_ps_e_0/inst/PS8_i/PLCLK[0]
                         net (fo=1, routed)           0.181    10.181    design_1_i/zynq_ultra_ps_e_0/inst/pl_clk_unbuffered[0]
    BUFG_PS_X0Y80        BUFG_PS (Prop_BUFG_PS_I_O)
                                                      0.035    10.216 r  design_1_i/zynq_ultra_ps_e_0/inst/buffer_pl_clk_0.PL_CLK_0_BUFG/O
    X1Y1 (CLOCK_ROOT)    net (fo=10070, routed)       2.796    13.012    design_1_i/ps8_0_axi_periph/m01_couplers/auto_ds/inst/gen_downsizer.gen_simple_downsizer.axi_downsizer_inst/USE_READ.read_addr_inst/cmd_queue/inst/fifo_gen_inst/inst_fifo_gen/gconvfifo.rf/grf.rf/gntv_or_sync_fifo.gl0.rd/gr1.gr1_int.rfwft/clk
    SLICE_X13Y84         FDPE                                         r  design_1_i/ps8_0_axi_periph/m01_couplers/auto_ds/inst/gen_downsizer.gen_simple_downsizer.axi_downsizer_inst/USE_READ.read_addr_inst/cmd_queue/inst/fifo_gen_inst/inst_fifo_gen/gconvfifo.rf/grf.rf/gntv_or_sync_fifo.gl0.rd/gr1.gr1_int.rfwft/aempty_fwft_fb_i_reg/C
                         clock pessimism              0.240    13.253    
                         clock uncertainty           -0.160    13.092    
    SLICE_X13Y84         FDPE (Recov_EFF_SLICEM_C_PRE)
                                                     -0.093    12.999    design_1_i/ps8_0_axi_periph/m01_couplers/auto_ds/inst/gen_downsizer.gen_simple_downsizer.axi_downsizer_inst/USE_READ.read_addr_inst/cmd_queue/inst/fifo_gen_inst/inst_fifo_gen/gconvfifo.rf/grf.rf/gntv_or_sync_fifo.gl0.rd/gr1.gr1_int.rfwft/aempty_fwft_fb_i_reg
  -------------------------------------------------------------------
                         required time                         12.999    
                         arrival time                          -4.886    
  -------------------------------------------------------------------
                         slack                                  8.113    

Slack (MET) :             8.113ns  (required time - arrival time)
  Source:                 design_1_i/ps8_0_axi_periph/m01_couplers/auto_ds/inst/gen_downsizer.gen_simple_downsizer.axi_downsizer_inst/USE_READ.read_addr_inst/cmd_queue/inst/fifo_gen_inst/inst_fifo_gen/gconvfifo.rf/grf.rf/rstblk/ngwrdrst.grst.g7serrst.gnsckt_wrst.gcc_rst.sckt_wr_rst_cc_reg[1]/C
                            (rising edge-triggered cell FDRE clocked by clk_pl_0  {rise@0.000ns fall@5.000ns period=10.000ns})
  Destination:            design_1_i/ps8_0_axi_periph/m01_couplers/auto_ds/inst/gen_downsizer.gen_simple_downsizer.axi_downsizer_inst/USE_READ.read_addr_inst/cmd_queue/inst/fifo_gen_inst/inst_fifo_gen/gconvfifo.rf/grf.rf/gntv_or_sync_fifo.gl0.rd/gr1.gr1_int.rfwft/aempty_fwft_i_reg/PRE
                            (recovery check against rising-edge clock clk_pl_0  {rise@0.000ns fall@5.000ns period=10.000ns})
  Path Group:             **async_default**
  Path Type:              Recovery (Max at Slow Process Corner)
  Requirement:            10.000ns  (clk_pl_0 rise@10.000ns - clk_pl_0 rise@0.000ns)
  Data Path Delay:        1.528ns  (logic 0.344ns (22.512%)  route 1.184ns (77.488%))
  Logic Levels:           1  (LUT3=1)
  Clock Path Skew:        -0.106ns (DCD - SCD + CPR)
    Destination Clock Delay (DCD):    3.012ns = ( 13.012 - 10.000 ) 
    Source Clock Delay      (SCD):    3.358ns
    Clock Pessimism Removal (CPR):    0.240ns
  Clock Uncertainty:      0.160ns  ((TSJ^2 + DJ^2)^1/2) / 2 + PE
    Total System Jitter     (TSJ):    0.071ns
    Discrete Jitter          (DJ):    0.312ns
    Phase Error              (PE):    0.000ns
  Clock Net Delay (Source):      3.091ns (routing 1.584ns, distribution 1.507ns)
  Clock Net Delay (Destination): 2.796ns (routing 1.450ns, distribution 1.346ns)

    Location             Delay type                Incr(ns)  Path(ns)    Netlist Resource(s)
  -------------------------------------------------------------------    -------------------
                         (clock clk_pl_0 rise edge)
                                                      0.000     0.000 r  
    PS8_X0Y0             PS8                          0.000     0.000 r  design_1_i/zynq_ultra_ps_e_0/inst/PS8_i/PLCLK[0]
                         net (fo=1, routed)           0.229     0.229    design_1_i/zynq_ultra_ps_e_0/inst/pl_clk_unbuffered[0]
    BUFG_PS_X0Y80        BUFG_PS (Prop_BUFG_PS_I_O)
                                                      0.038     0.267 r  design_1_i/zynq_ultra_ps_e_0/inst/buffer_pl_clk_0.PL_CLK_0_BUFG/O
    X1Y1 (CLOCK_ROOT)    net (fo=10070, routed)       3.091     3.358    design_1_i/ps8_0_axi_periph/m01_couplers/auto_ds/inst/gen_downsizer.gen_simple_downsizer.axi_downsizer_inst/USE_READ.read_addr_inst/cmd_queue/inst/fifo_gen_inst/inst_fifo_gen/gconvfifo.rf/grf.rf/rstblk/clk
    SLICE_X12Y84         FDRE                                         r  design_1_i/ps8_0_axi_periph/m01_couplers/auto_ds/inst/gen_downsizer.gen_simple_downsizer.axi_downsizer_inst/USE_READ.read_addr_inst/cmd_queue/inst/fifo_gen_inst/inst_fifo_gen/gconvfifo.rf/grf.rf/rstblk/ngwrdrst.grst.g7serrst.gnsckt_wrst.gcc_rst.sckt_wr_rst_cc_reg[1]/C
  -------------------------------------------------------------------    -------------------
    SLICE_X12Y84         FDRE (Prop_EFF2_SLICEM_C_Q)
                                                      0.118     3.476 f  design_1_i/ps8_0_axi_periph/m01_couplers/auto_ds/inst/gen_downsizer.gen_simple_downsizer.axi_downsizer_inst/USE_READ.read_addr_inst/cmd_queue/inst/fifo_gen_inst/inst_fifo_gen/gconvfifo.rf/grf.rf/rstblk/ngwrdrst.grst.g7serrst.gnsckt_wrst.gcc_rst.sckt_wr_rst_cc_reg[1]/Q
                         net (fo=2, routed)           0.247     3.723    design_1_i/ps8_0_axi_periph/m01_couplers/auto_ds/inst/gen_downsizer.gen_simple_downsizer.axi_downsizer_inst/USE_READ.read_addr_inst/cmd_queue/inst/fifo_gen_inst/inst_fifo_gen/gconvfifo.rf/grf.rf/rstblk/ngwrdrst.grst.g7serrst.gnsckt_wrst.gcc_rst.sckt_wr_rst_cc[1]
    SLICE_X12Y84         LUT3 (Prop_G6LUT_SLICEM_I0_O)
                                                      0.226     3.949 f  design_1_i/ps8_0_axi_periph/m01_couplers/auto_ds/inst/gen_downsizer.gen_simple_downsizer.axi_downsizer_inst/USE_READ.read_addr_inst/cmd_queue/inst/fifo_gen_inst/inst_fifo_gen/gconvfifo.rf/grf.rf/rstblk/gpregsm1.curr_fwft_state[1]_i_2/O
                         net (fo=32, routed)          0.937     4.886    design_1_i/ps8_0_axi_periph/m01_couplers/auto_ds/inst/gen_downsizer.gen_simple_downsizer.axi_downsizer_inst/USE_READ.read_addr_inst/cmd_queue/inst/fifo_gen_inst/inst_fifo_gen/gconvfifo.rf/grf.rf/gntv_or_sync_fifo.gl0.rd/gr1.gr1_int.rfwft/gpregsm1.user_valid_reg_0
    SLICE_X13Y84         FDPE                                         f  design_1_i/ps8_0_axi_periph/m01_couplers/auto_ds/inst/gen_downsizer.gen_simple_downsizer.axi_downsizer_inst/USE_READ.read_addr_inst/cmd_queue/inst/fifo_gen_inst/inst_fifo_gen/gconvfifo.rf/grf.rf/gntv_or_sync_fifo.gl0.rd/gr1.gr1_int.rfwft/aempty_fwft_i_reg/PRE
  -------------------------------------------------------------------    -------------------

                         (clock clk_pl_0 rise edge)
                                                     10.000    10.000 r  
    PS8_X0Y0             PS8                          0.000    10.000 r  design_1_i/zynq_ultra_ps_e_0/inst/PS8_i/PLCLK[0]
                         net (fo=1, routed)           0.181    10.181    design_1_i/zynq_ultra_ps_e_0/inst/pl_clk_unbuffered[0]
    BUFG_PS_X0Y80        BUFG_PS (Prop_BUFG_PS_I_O)
                                                      0.035    10.216 r  design_1_i/zynq_ultra_ps_e_0/inst/buffer_pl_clk_0.PL_CLK_0_BUFG/O
    X1Y1 (CLOCK_ROOT)    net (fo=10070, routed)       2.796    13.012    design_1_i/ps8_0_axi_periph/m01_couplers/auto_ds/inst/gen_downsizer.gen_simple_downsizer.axi_downsizer_inst/USE_READ.read_addr_inst/cmd_queue/inst/fifo_gen_inst/inst_fifo_gen/gconvfifo.rf/grf.rf/gntv_or_sync_fifo.gl0.rd/gr1.gr1_int.rfwft/clk
    SLICE_X13Y84         FDPE                                         r  design_1_i/ps8_0_axi_periph/m01_couplers/auto_ds/inst/gen_downsizer.gen_simple_downsizer.axi_downsizer_inst/USE_READ.read_addr_inst/cmd_queue/inst/fifo_gen_inst/inst_fifo_gen/gconvfifo.rf/grf.rf/gntv_or_sync_fifo.gl0.rd/gr1.gr1_int.rfwft/aempty_fwft_i_reg/C
                         clock pessimism              0.240    13.253    
                         clock uncertainty           -0.160    13.092    
    SLICE_X13Y84         FDPE (Recov_EFF2_SLICEM_C_PRE)
                                                     -0.093    12.999    design_1_i/ps8_0_axi_periph/m01_couplers/auto_ds/inst/gen_downsizer.gen_simple_downsizer.axi_downsizer_inst/USE_READ.read_addr_inst/cmd_queue/inst/fifo_gen_inst/inst_fifo_gen/gconvfifo.rf/grf.rf/gntv_or_sync_fifo.gl0.rd/gr1.gr1_int.rfwft/aempty_fwft_i_reg
  -------------------------------------------------------------------
                         required time                         12.999    
                         arrival time                          -4.886    
  -------------------------------------------------------------------
                         slack                                  8.113    

Slack (MET) :             8.113ns  (required time - arrival time)
  Source:                 design_1_i/ps8_0_axi_periph/m01_couplers/auto_ds/inst/gen_downsizer.gen_simple_downsizer.axi_downsizer_inst/USE_READ.read_addr_inst/cmd_queue/inst/fifo_gen_inst/inst_fifo_gen/gconvfifo.rf/grf.rf/rstblk/ngwrdrst.grst.g7serrst.gnsckt_wrst.gcc_rst.sckt_wr_rst_cc_reg[1]/C
                            (rising edge-triggered cell FDRE clocked by clk_pl_0  {rise@0.000ns fall@5.000ns period=10.000ns})
  Destination:            design_1_i/ps8_0_axi_periph/m01_couplers/auto_ds/inst/gen_downsizer.gen_simple_downsizer.axi_downsizer_inst/USE_READ.read_addr_inst/cmd_queue/inst/fifo_gen_inst/inst_fifo_gen/gconvfifo.rf/grf.rf/gntv_or_sync_fifo.gl0.rd/gr1.gr1_int.rfwft/empty_fwft_fb_i_reg/PRE
                            (recovery check against rising-edge clock clk_pl_0  {rise@0.000ns fall@5.000ns period=10.000ns})
  Path Group:             **async_default**
  Path Type:              Recovery (Max at Slow Process Corner)
  Requirement:            10.000ns  (clk_pl_0 rise@10.000ns - clk_pl_0 rise@0.000ns)
  Data Path Delay:        1.528ns  (logic 0.344ns (22.512%)  route 1.184ns (77.488%))
  Logic Levels:           1  (LUT3=1)
  Clock Path Skew:        -0.106ns (DCD - SCD + CPR)
    Destination Clock Delay (DCD):    3.012ns = ( 13.012 - 10.000 ) 
    Source Clock Delay      (SCD):    3.358ns
    Clock Pessimism Removal (CPR):    0.240ns
  Clock Uncertainty:      0.160ns  ((TSJ^2 + DJ^2)^1/2) / 2 + PE
    Total System Jitter     (TSJ):    0.071ns
    Discrete Jitter          (DJ):    0.312ns
    Phase Error              (PE):    0.000ns
  Clock Net Delay (Source):      3.091ns (routing 1.584ns, distribution 1.507ns)
  Clock Net Delay (Destination): 2.796ns (routing 1.450ns, distribution 1.346ns)

    Location             Delay type                Incr(ns)  Path(ns)    Netlist Resource(s)
  -------------------------------------------------------------------    -------------------
                         (clock clk_pl_0 rise edge)
                                                      0.000     0.000 r  
    PS8_X0Y0             PS8                          0.000     0.000 r  design_1_i/zynq_ultra_ps_e_0/inst/PS8_i/PLCLK[0]
                         net (fo=1, routed)           0.229     0.229    design_1_i/zynq_ultra_ps_e_0/inst/pl_clk_unbuffered[0]
    BUFG_PS_X0Y80        BUFG_PS (Prop_BUFG_PS_I_O)
                                                      0.038     0.267 r  design_1_i/zynq_ultra_ps_e_0/inst/buffer_pl_clk_0.PL_CLK_0_BUFG/O
    X1Y1 (CLOCK_ROOT)    net (fo=10070, routed)       3.091     3.358    design_1_i/ps8_0_axi_periph/m01_couplers/auto_ds/inst/gen_downsizer.gen_simple_downsizer.axi_downsizer_inst/USE_READ.read_addr_inst/cmd_queue/inst/fifo_gen_inst/inst_fifo_gen/gconvfifo.rf/grf.rf/rstblk/clk
    SLICE_X12Y84         FDRE                                         r  design_1_i/ps8_0_axi_periph/m01_couplers/auto_ds/inst/gen_downsizer.gen_simple_downsizer.axi_downsizer_inst/USE_READ.read_addr_inst/cmd_queue/inst/fifo_gen_inst/inst_fifo_gen/gconvfifo.rf/grf.rf/rstblk/ngwrdrst.grst.g7serrst.gnsckt_wrst.gcc_rst.sckt_wr_rst_cc_reg[1]/C
  -------------------------------------------------------------------    -------------------
    SLICE_X12Y84         FDRE (Prop_EFF2_SLICEM_C_Q)
                                                      0.118     3.476 f  design_1_i/ps8_0_axi_periph/m01_couplers/auto_ds/inst/gen_downsizer.gen_simple_downsizer.axi_downsizer_inst/USE_READ.read_addr_inst/cmd_queue/inst/fifo_gen_inst/inst_fifo_gen/gconvfifo.rf/grf.rf/rstblk/ngwrdrst.grst.g7serrst.gnsckt_wrst.gcc_rst.sckt_wr_rst_cc_reg[1]/Q
                         net (fo=2, routed)           0.247     3.723    design_1_i/ps8_0_axi_periph/m01_couplers/auto_ds/inst/gen_downsizer.gen_simple_downsizer.axi_downsizer_inst/USE_READ.read_addr_inst/cmd_queue/inst/fifo_gen_inst/inst_fifo_gen/gconvfifo.rf/grf.rf/rstblk/ngwrdrst.grst.g7serrst.gnsckt_wrst.gcc_rst.sckt_wr_rst_cc[1]
    SLICE_X12Y84         LUT3 (Prop_G6LUT_SLICEM_I0_O)
                                                      0.226     3.949 f  design_1_i/ps8_0_axi_periph/m01_couplers/auto_ds/inst/gen_downsizer.gen_simple_downsizer.axi_downsizer_inst/USE_READ.read_addr_inst/cmd_queue/inst/fifo_gen_inst/inst_fifo_gen/gconvfifo.rf/grf.rf/rstblk/gpregsm1.curr_fwft_state[1]_i_2/O
                         net (fo=32, routed)          0.937     4.886    design_1_i/ps8_0_axi_periph/m01_couplers/auto_ds/inst/gen_downsizer.gen_simple_downsizer.axi_downsizer_inst/USE_READ.read_addr_inst/cmd_queue/inst/fifo_gen_inst/inst_fifo_gen/gconvfifo.rf/grf.rf/gntv_or_sync_fifo.gl0.rd/gr1.gr1_int.rfwft/gpregsm1.user_valid_reg_0
    SLICE_X13Y84         FDPE                                         f  design_1_i/ps8_0_axi_periph/m01_couplers/auto_ds/inst/gen_downsizer.gen_simple_downsizer.axi_downsizer_inst/USE_READ.read_addr_inst/cmd_queue/inst/fifo_gen_inst/inst_fifo_gen/gconvfifo.rf/grf.rf/gntv_or_sync_fifo.gl0.rd/gr1.gr1_int.rfwft/empty_fwft_fb_i_reg/PRE
  -------------------------------------------------------------------    -------------------

                         (clock clk_pl_0 rise edge)
                                                     10.000    10.000 r  
    PS8_X0Y0             PS8                          0.000    10.000 r  design_1_i/zynq_ultra_ps_e_0/inst/PS8_i/PLCLK[0]
                         net (fo=1, routed)           0.181    10.181    design_1_i/zynq_ultra_ps_e_0/inst/pl_clk_unbuffered[0]
    BUFG_PS_X0Y80        BUFG_PS (Prop_BUFG_PS_I_O)
                                                      0.035    10.216 r  design_1_i/zynq_ultra_ps_e_0/inst/buffer_pl_clk_0.PL_CLK_0_BUFG/O
    X1Y1 (CLOCK_ROOT)    net (fo=10070, routed)       2.796    13.012    design_1_i/ps8_0_axi_periph/m01_couplers/auto_ds/inst/gen_downsizer.gen_simple_downsizer.axi_downsizer_inst/USE_READ.read_addr_inst/cmd_queue/inst/fifo_gen_inst/inst_fifo_gen/gconvfifo.rf/grf.rf/gntv_or_sync_fifo.gl0.rd/gr1.gr1_int.rfwft/clk
    SLICE_X13Y84         FDPE                                         r  design_1_i/ps8_0_axi_periph/m01_couplers/auto_ds/inst/gen_downsizer.gen_simple_downsizer.axi_downsizer_inst/USE_READ.read_addr_inst/cmd_queue/inst/fifo_gen_inst/inst_fifo_gen/gconvfifo.rf/grf.rf/gntv_or_sync_fifo.gl0.rd/gr1.gr1_int.rfwft/empty_fwft_fb_i_reg/C
                         clock pessimism              0.240    13.253    
                         clock uncertainty           -0.160    13.092    
    SLICE_X13Y84         FDPE (Recov_FFF_SLICEM_C_PRE)
                                                     -0.093    12.999    design_1_i/ps8_0_axi_periph/m01_couplers/auto_ds/inst/gen_downsizer.gen_simple_downsizer.axi_downsizer_inst/USE_READ.read_addr_inst/cmd_queue/inst/fifo_gen_inst/inst_fifo_gen/gconvfifo.rf/grf.rf/gntv_or_sync_fifo.gl0.rd/gr1.gr1_int.rfwft/empty_fwft_fb_i_reg
  -------------------------------------------------------------------
                         required time                         12.999    
                         arrival time                          -4.886    
  -------------------------------------------------------------------
                         slack                                  8.113    

Slack (MET) :             8.113ns  (required time - arrival time)
  Source:                 design_1_i/ps8_0_axi_periph/m01_couplers/auto_ds/inst/gen_downsizer.gen_simple_downsizer.axi_downsizer_inst/USE_READ.read_addr_inst/cmd_queue/inst/fifo_gen_inst/inst_fifo_gen/gconvfifo.rf/grf.rf/rstblk/ngwrdrst.grst.g7serrst.gnsckt_wrst.gcc_rst.sckt_wr_rst_cc_reg[1]/C
                            (rising edge-triggered cell FDRE clocked by clk_pl_0  {rise@0.000ns fall@5.000ns period=10.000ns})
  Destination:            design_1_i/ps8_0_axi_periph/m01_couplers/auto_ds/inst/gen_downsizer.gen_simple_downsizer.axi_downsizer_inst/USE_READ.read_addr_inst/cmd_queue/inst/fifo_gen_inst/inst_fifo_gen/gconvfifo.rf/grf.rf/gntv_or_sync_fifo.gl0.rd/gr1.gr1_int.rfwft/empty_fwft_i_reg/PRE
                            (recovery check against rising-edge clock clk_pl_0  {rise@0.000ns fall@5.000ns period=10.000ns})
  Path Group:             **async_default**
  Path Type:              Recovery (Max at Slow Process Corner)
  Requirement:            10.000ns  (clk_pl_0 rise@10.000ns - clk_pl_0 rise@0.000ns)
  Data Path Delay:        1.528ns  (logic 0.344ns (22.512%)  route 1.184ns (77.488%))
  Logic Levels:           1  (LUT3=1)
  Clock Path Skew:        -0.106ns (DCD - SCD + CPR)
    Destination Clock Delay (DCD):    3.012ns = ( 13.012 - 10.000 ) 
    Source Clock Delay      (SCD):    3.358ns
    Clock Pessimism Removal (CPR):    0.240ns
  Clock Uncertainty:      0.160ns  ((TSJ^2 + DJ^2)^1/2) / 2 + PE
    Total System Jitter     (TSJ):    0.071ns
    Discrete Jitter          (DJ):    0.312ns
    Phase Error              (PE):    0.000ns
  Clock Net Delay (Source):      3.091ns (routing 1.584ns, distribution 1.507ns)
  Clock Net Delay (Destination): 2.796ns (routing 1.450ns, distribution 1.346ns)

    Location             Delay type                Incr(ns)  Path(ns)    Netlist Resource(s)
  -------------------------------------------------------------------    -------------------
                         (clock clk_pl_0 rise edge)
                                                      0.000     0.000 r  
    PS8_X0Y0             PS8                          0.000     0.000 r  design_1_i/zynq_ultra_ps_e_0/inst/PS8_i/PLCLK[0]
                         net (fo=1, routed)           0.229     0.229    design_1_i/zynq_ultra_ps_e_0/inst/pl_clk_unbuffered[0]
    BUFG_PS_X0Y80        BUFG_PS (Prop_BUFG_PS_I_O)
                                                      0.038     0.267 r  design_1_i/zynq_ultra_ps_e_0/inst/buffer_pl_clk_0.PL_CLK_0_BUFG/O
    X1Y1 (CLOCK_ROOT)    net (fo=10070, routed)       3.091     3.358    design_1_i/ps8_0_axi_periph/m01_couplers/auto_ds/inst/gen_downsizer.gen_simple_downsizer.axi_downsizer_inst/USE_READ.read_addr_inst/cmd_queue/inst/fifo_gen_inst/inst_fifo_gen/gconvfifo.rf/grf.rf/rstblk/clk
    SLICE_X12Y84         FDRE                                         r  design_1_i/ps8_0_axi_periph/m01_couplers/auto_ds/inst/gen_downsizer.gen_simple_downsizer.axi_downsizer_inst/USE_READ.read_addr_inst/cmd_queue/inst/fifo_gen_inst/inst_fifo_gen/gconvfifo.rf/grf.rf/rstblk/ngwrdrst.grst.g7serrst.gnsckt_wrst.gcc_rst.sckt_wr_rst_cc_reg[1]/C
  -------------------------------------------------------------------    -------------------
    SLICE_X12Y84         FDRE (Prop_EFF2_SLICEM_C_Q)
                                                      0.118     3.476 f  design_1_i/ps8_0_axi_periph/m01_couplers/auto_ds/inst/gen_downsizer.gen_simple_downsizer.axi_downsizer_inst/USE_READ.read_addr_inst/cmd_queue/inst/fifo_gen_inst/inst_fifo_gen/gconvfifo.rf/grf.rf/rstblk/ngwrdrst.grst.g7serrst.gnsckt_wrst.gcc_rst.sckt_wr_rst_cc_reg[1]/Q
                         net (fo=2, routed)           0.247     3.723    design_1_i/ps8_0_axi_periph/m01_couplers/auto_ds/inst/gen_downsizer.gen_simple_downsizer.axi_downsizer_inst/USE_READ.read_addr_inst/cmd_queue/inst/fifo_gen_inst/inst_fifo_gen/gconvfifo.rf/grf.rf/rstblk/ngwrdrst.grst.g7serrst.gnsckt_wrst.gcc_rst.sckt_wr_rst_cc[1]
    SLICE_X12Y84         LUT3 (Prop_G6LUT_SLICEM_I0_O)
                                                      0.226     3.949 f  design_1_i/ps8_0_axi_periph/m01_couplers/auto_ds/inst/gen_downsizer.gen_simple_downsizer.axi_downsizer_inst/USE_READ.read_addr_inst/cmd_queue/inst/fifo_gen_inst/inst_fifo_gen/gconvfifo.rf/grf.rf/rstblk/gpregsm1.curr_fwft_state[1]_i_2/O
                         net (fo=32, routed)          0.937     4.886    design_1_i/ps8_0_axi_periph/m01_couplers/auto_ds/inst/gen_downsizer.gen_simple_downsizer.axi_downsizer_inst/USE_READ.read_addr_inst/cmd_queue/inst/fifo_gen_inst/inst_fifo_gen/gconvfifo.rf/grf.rf/gntv_or_sync_fifo.gl0.rd/gr1.gr1_int.rfwft/gpregsm1.user_valid_reg_0
    SLICE_X13Y84         FDPE                                         f  design_1_i/ps8_0_axi_periph/m01_couplers/auto_ds/inst/gen_downsizer.gen_simple_downsizer.axi_downsizer_inst/USE_READ.read_addr_inst/cmd_queue/inst/fifo_gen_inst/inst_fifo_gen/gconvfifo.rf/grf.rf/gntv_or_sync_fifo.gl0.rd/gr1.gr1_int.rfwft/empty_fwft_i_reg/PRE
  -------------------------------------------------------------------    -------------------

                         (clock clk_pl_0 rise edge)
                                                     10.000    10.000 r  
    PS8_X0Y0             PS8                          0.000    10.000 r  design_1_i/zynq_ultra_ps_e_0/inst/PS8_i/PLCLK[0]
                         net (fo=1, routed)           0.181    10.181    design_1_i/zynq_ultra_ps_e_0/inst/pl_clk_unbuffered[0]
    BUFG_PS_X0Y80        BUFG_PS (Prop_BUFG_PS_I_O)
                                                      0.035    10.216 r  design_1_i/zynq_ultra_ps_e_0/inst/buffer_pl_clk_0.PL_CLK_0_BUFG/O
    X1Y1 (CLOCK_ROOT)    net (fo=10070, routed)       2.796    13.012    design_1_i/ps8_0_axi_periph/m01_couplers/auto_ds/inst/gen_downsizer.gen_simple_downsizer.axi_downsizer_inst/USE_READ.read_addr_inst/cmd_queue/inst/fifo_gen_inst/inst_fifo_gen/gconvfifo.rf/grf.rf/gntv_or_sync_fifo.gl0.rd/gr1.gr1_int.rfwft/clk
    SLICE_X13Y84         FDPE                                         r  design_1_i/ps8_0_axi_periph/m01_couplers/auto_ds/inst/gen_downsizer.gen_simple_downsizer.axi_downsizer_inst/USE_READ.read_addr_inst/cmd_queue/inst/fifo_gen_inst/inst_fifo_gen/gconvfifo.rf/grf.rf/gntv_or_sync_fifo.gl0.rd/gr1.gr1_int.rfwft/empty_fwft_i_reg/C
                         clock pessimism              0.240    13.253    
                         clock uncertainty           -0.160    13.092    
    SLICE_X13Y84         FDPE (Recov_FFF2_SLICEM_C_PRE)
                                                     -0.093    12.999    design_1_i/ps8_0_axi_periph/m01_couplers/auto_ds/inst/gen_downsizer.gen_simple_downsizer.axi_downsizer_inst/USE_READ.read_addr_inst/cmd_queue/inst/fifo_gen_inst/inst_fifo_gen/gconvfifo.rf/grf.rf/gntv_or_sync_fifo.gl0.rd/gr1.gr1_int.rfwft/empty_fwft_i_reg
  -------------------------------------------------------------------
                         required time                         12.999    
                         arrival time                          -4.886    
  -------------------------------------------------------------------
                         slack                                  8.113    

Slack (MET) :             8.119ns  (required time - arrival time)
  Source:                 design_1_i/ps8_0_axi_periph/m01_couplers/auto_ds/inst/gen_downsizer.gen_simple_downsizer.axi_downsizer_inst/USE_READ.read_addr_inst/cmd_queue/inst/fifo_gen_inst/inst_fifo_gen/gconvfifo.rf/grf.rf/rstblk/ngwrdrst.grst.g7serrst.gnsckt_wrst.gcc_rst.sckt_wr_rst_cc_reg[1]/C
                            (rising edge-triggered cell FDRE clocked by clk_pl_0  {rise@0.000ns fall@5.000ns period=10.000ns})
  Destination:            design_1_i/ps8_0_axi_periph/m01_couplers/auto_ds/inst/gen_downsizer.gen_simple_downsizer.axi_downsizer_inst/USE_READ.read_addr_inst/cmd_queue/inst/fifo_gen_inst/inst_fifo_gen/gconvfifo.rf/grf.rf/gntv_or_sync_fifo.gl0.wr/wpntr/gcc0.gc0.count_reg[0]/PRE
                            (recovery check against rising-edge clock clk_pl_0  {rise@0.000ns fall@5.000ns period=10.000ns})
  Path Group:             **async_default**
  Path Type:              Recovery (Max at Slow Process Corner)
  Requirement:            10.000ns  (clk_pl_0 rise@10.000ns - clk_pl_0 rise@0.000ns)
  Data Path Delay:        1.508ns  (logic 0.344ns (22.810%)  route 1.164ns (77.190%))
  Logic Levels:           1  (LUT3=1)
  Clock Path Skew:        -0.120ns (DCD - SCD + CPR)
    Destination Clock Delay (DCD):    2.998ns = ( 12.998 - 10.000 ) 
    Source Clock Delay      (SCD):    3.358ns
    Clock Pessimism Removal (CPR):    0.240ns
  Clock Uncertainty:      0.160ns  ((TSJ^2 + DJ^2)^1/2) / 2 + PE
    Total System Jitter     (TSJ):    0.071ns
    Discrete Jitter          (DJ):    0.312ns
    Phase Error              (PE):    0.000ns
  Clock Net Delay (Source):      3.091ns (routing 1.584ns, distribution 1.507ns)
  Clock Net Delay (Destination): 2.782ns (routing 1.450ns, distribution 1.332ns)

    Location             Delay type                Incr(ns)  Path(ns)    Netlist Resource(s)
  -------------------------------------------------------------------    -------------------
                         (clock clk_pl_0 rise edge)
                                                      0.000     0.000 r  
    PS8_X0Y0             PS8                          0.000     0.000 r  design_1_i/zynq_ultra_ps_e_0/inst/PS8_i/PLCLK[0]
                         net (fo=1, routed)           0.229     0.229    design_1_i/zynq_ultra_ps_e_0/inst/pl_clk_unbuffered[0]
    BUFG_PS_X0Y80        BUFG_PS (Prop_BUFG_PS_I_O)
                                                      0.038     0.267 r  design_1_i/zynq_ultra_ps_e_0/inst/buffer_pl_clk_0.PL_CLK_0_BUFG/O
    X1Y1 (CLOCK_ROOT)    net (fo=10070, routed)       3.091     3.358    design_1_i/ps8_0_axi_periph/m01_couplers/auto_ds/inst/gen_downsizer.gen_simple_downsizer.axi_downsizer_inst/USE_READ.read_addr_inst/cmd_queue/inst/fifo_gen_inst/inst_fifo_gen/gconvfifo.rf/grf.rf/rstblk/clk
    SLICE_X12Y84         FDRE                                         r  design_1_i/ps8_0_axi_periph/m01_couplers/auto_ds/inst/gen_downsizer.gen_simple_downsizer.axi_downsizer_inst/USE_READ.read_addr_inst/cmd_queue/inst/fifo_gen_inst/inst_fifo_gen/gconvfifo.rf/grf.rf/rstblk/ngwrdrst.grst.g7serrst.gnsckt_wrst.gcc_rst.sckt_wr_rst_cc_reg[1]/C
  -------------------------------------------------------------------    -------------------
    SLICE_X12Y84         FDRE (Prop_EFF2_SLICEM_C_Q)
                                                      0.118     3.476 f  design_1_i/ps8_0_axi_periph/m01_couplers/auto_ds/inst/gen_downsizer.gen_simple_downsizer.axi_downsizer_inst/USE_READ.read_addr_inst/cmd_queue/inst/fifo_gen_inst/inst_fifo_gen/gconvfifo.rf/grf.rf/rstblk/ngwrdrst.grst.g7serrst.gnsckt_wrst.gcc_rst.sckt_wr_rst_cc_reg[1]/Q
                         net (fo=2, routed)           0.247     3.723    design_1_i/ps8_0_axi_periph/m01_couplers/auto_ds/inst/gen_downsizer.gen_simple_downsizer.axi_downsizer_inst/USE_READ.read_addr_inst/cmd_queue/inst/fifo_gen_inst/inst_fifo_gen/gconvfifo.rf/grf.rf/rstblk/ngwrdrst.grst.g7serrst.gnsckt_wrst.gcc_rst.sckt_wr_rst_cc[1]
    SLICE_X12Y84         LUT3 (Prop_G6LUT_SLICEM_I0_O)
                                                      0.226     3.949 f  design_1_i/ps8_0_axi_periph/m01_couplers/auto_ds/inst/gen_downsizer.gen_simple_downsizer.axi_downsizer_inst/USE_READ.read_addr_inst/cmd_queue/inst/fifo_gen_inst/inst_fifo_gen/gconvfifo.rf/grf.rf/rstblk/gpregsm1.curr_fwft_state[1]_i_2/O
                         net (fo=32, routed)          0.917     4.866    design_1_i/ps8_0_axi_periph/m01_couplers/auto_ds/inst/gen_downsizer.gen_simple_downsizer.axi_downsizer_inst/USE_READ.read_addr_inst/cmd_queue/inst/fifo_gen_inst/inst_fifo_gen/gconvfifo.rf/grf.rf/gntv_or_sync_fifo.gl0.wr/wpntr/AR[0]
    SLICE_X14Y88         FDPE                                         f  design_1_i/ps8_0_axi_periph/m01_couplers/auto_ds/inst/gen_downsizer.gen_simple_downsizer.axi_downsizer_inst/USE_READ.read_addr_inst/cmd_queue/inst/fifo_gen_inst/inst_fifo_gen/gconvfifo.rf/grf.rf/gntv_or_sync_fifo.gl0.wr/wpntr/gcc0.gc0.count_reg[0]/PRE
  -------------------------------------------------------------------    -------------------

                         (clock clk_pl_0 rise edge)
                                                     10.000    10.000 r  
    PS8_X0Y0             PS8                          0.000    10.000 r  design_1_i/zynq_ultra_ps_e_0/inst/PS8_i/PLCLK[0]
                         net (fo=1, routed)           0.181    10.181    design_1_i/zynq_ultra_ps_e_0/inst/pl_clk_unbuffered[0]
    BUFG_PS_X0Y80        BUFG_PS (Prop_BUFG_PS_I_O)
                                                      0.035    10.216 r  design_1_i/zynq_ultra_ps_e_0/inst/buffer_pl_clk_0.PL_CLK_0_BUFG/O
    X1Y1 (CLOCK_ROOT)    net (fo=10070, routed)       2.782    12.998    design_1_i/ps8_0_axi_periph/m01_couplers/auto_ds/inst/gen_downsizer.gen_simple_downsizer.axi_downsizer_inst/USE_READ.read_addr_inst/cmd_queue/inst/fifo_gen_inst/inst_fifo_gen/gconvfifo.rf/grf.rf/gntv_or_sync_fifo.gl0.wr/wpntr/clk
    SLICE_X14Y88         FDPE                                         r  design_1_i/ps8_0_axi_periph/m01_couplers/auto_ds/inst/gen_downsizer.gen_simple_downsizer.axi_downsizer_inst/USE_READ.read_addr_inst/cmd_queue/inst/fifo_gen_inst/inst_fifo_gen/gconvfifo.rf/grf.rf/gntv_or_sync_fifo.gl0.wr/wpntr/gcc0.gc0.count_reg[0]/C
                         clock pessimism              0.240    13.239    
                         clock uncertainty           -0.160    13.078    
    SLICE_X14Y88         FDPE (Recov_BFF2_SLICEL_C_PRE)
                                                     -0.093    12.985    design_1_i/ps8_0_axi_periph/m01_couplers/auto_ds/inst/gen_downsizer.gen_simple_downsizer.axi_downsizer_inst/USE_READ.read_addr_inst/cmd_queue/inst/fifo_gen_inst/inst_fifo_gen/gconvfifo.rf/grf.rf/gntv_or_sync_fifo.gl0.wr/wpntr/gcc0.gc0.count_reg[0]
  -------------------------------------------------------------------
                         required time                         12.985    
                         arrival time                          -4.866    
  -------------------------------------------------------------------
                         slack                                  8.119    

Slack (MET) :             8.119ns  (required time - arrival time)
  Source:                 design_1_i/ps8_0_axi_periph/m01_couplers/auto_ds/inst/gen_downsizer.gen_simple_downsizer.axi_downsizer_inst/USE_READ.read_addr_inst/cmd_queue/inst/fifo_gen_inst/inst_fifo_gen/gconvfifo.rf/grf.rf/rstblk/ngwrdrst.grst.g7serrst.gnsckt_wrst.gcc_rst.sckt_wr_rst_cc_reg[1]/C
                            (rising edge-triggered cell FDRE clocked by clk_pl_0  {rise@0.000ns fall@5.000ns period=10.000ns})
  Destination:            design_1_i/ps8_0_axi_periph/m01_couplers/auto_ds/inst/gen_downsizer.gen_simple_downsizer.axi_downsizer_inst/USE_READ.read_addr_inst/cmd_queue/inst/fifo_gen_inst/inst_fifo_gen/gconvfifo.rf/grf.rf/gntv_or_sync_fifo.gl0.wr/wpntr/gcc0.gc0.count_reg[2]/CLR
                            (recovery check against rising-edge clock clk_pl_0  {rise@0.000ns fall@5.000ns period=10.000ns})
  Path Group:             **async_default**
  Path Type:              Recovery (Max at Slow Process Corner)
  Requirement:            10.000ns  (clk_pl_0 rise@10.000ns - clk_pl_0 rise@0.000ns)
  Data Path Delay:        1.508ns  (logic 0.344ns (22.810%)  route 1.164ns (77.190%))
  Logic Levels:           1  (LUT3=1)
  Clock Path Skew:        -0.120ns (DCD - SCD + CPR)
    Destination Clock Delay (DCD):    2.998ns = ( 12.998 - 10.000 ) 
    Source Clock Delay      (SCD):    3.358ns
    Clock Pessimism Removal (CPR):    0.240ns
  Clock Uncertainty:      0.160ns  ((TSJ^2 + DJ^2)^1/2) / 2 + PE
    Total System Jitter     (TSJ):    0.071ns
    Discrete Jitter          (DJ):    0.312ns
    Phase Error              (PE):    0.000ns
  Clock Net Delay (Source):      3.091ns (routing 1.584ns, distribution 1.507ns)
  Clock Net Delay (Destination): 2.782ns (routing 1.450ns, distribution 1.332ns)

    Location             Delay type                Incr(ns)  Path(ns)    Netlist Resource(s)
  -------------------------------------------------------------------    -------------------
                         (clock clk_pl_0 rise edge)
                                                      0.000     0.000 r  
    PS8_X0Y0             PS8                          0.000     0.000 r  design_1_i/zynq_ultra_ps_e_0/inst/PS8_i/PLCLK[0]
                         net (fo=1, routed)           0.229     0.229    design_1_i/zynq_ultra_ps_e_0/inst/pl_clk_unbuffered[0]
    BUFG_PS_X0Y80        BUFG_PS (Prop_BUFG_PS_I_O)
                                                      0.038     0.267 r  design_1_i/zynq_ultra_ps_e_0/inst/buffer_pl_clk_0.PL_CLK_0_BUFG/O
    X1Y1 (CLOCK_ROOT)    net (fo=10070, routed)       3.091     3.358    design_1_i/ps8_0_axi_periph/m01_couplers/auto_ds/inst/gen_downsizer.gen_simple_downsizer.axi_downsizer_inst/USE_READ.read_addr_inst/cmd_queue/inst/fifo_gen_inst/inst_fifo_gen/gconvfifo.rf/grf.rf/rstblk/clk
    SLICE_X12Y84         FDRE                                         r  design_1_i/ps8_0_axi_periph/m01_couplers/auto_ds/inst/gen_downsizer.gen_simple_downsizer.axi_downsizer_inst/USE_READ.read_addr_inst/cmd_queue/inst/fifo_gen_inst/inst_fifo_gen/gconvfifo.rf/grf.rf/rstblk/ngwrdrst.grst.g7serrst.gnsckt_wrst.gcc_rst.sckt_wr_rst_cc_reg[1]/C
  -------------------------------------------------------------------    -------------------
    SLICE_X12Y84         FDRE (Prop_EFF2_SLICEM_C_Q)
                                                      0.118     3.476 f  design_1_i/ps8_0_axi_periph/m01_couplers/auto_ds/inst/gen_downsizer.gen_simple_downsizer.axi_downsizer_inst/USE_READ.read_addr_inst/cmd_queue/inst/fifo_gen_inst/inst_fifo_gen/gconvfifo.rf/grf.rf/rstblk/ngwrdrst.grst.g7serrst.gnsckt_wrst.gcc_rst.sckt_wr_rst_cc_reg[1]/Q
                         net (fo=2, routed)           0.247     3.723    design_1_i/ps8_0_axi_periph/m01_couplers/auto_ds/inst/gen_downsizer.gen_simple_downsizer.axi_downsizer_inst/USE_READ.read_addr_inst/cmd_queue/inst/fifo_gen_inst/inst_fifo_gen/gconvfifo.rf/grf.rf/rstblk/ngwrdrst.grst.g7serrst.gnsckt_wrst.gcc_rst.sckt_wr_rst_cc[1]
    SLICE_X12Y84         LUT3 (Prop_G6LUT_SLICEM_I0_O)
                                                      0.226     3.949 f  design_1_i/ps8_0_axi_periph/m01_couplers/auto_ds/inst/gen_downsizer.gen_simple_downsizer.axi_downsizer_inst/USE_READ.read_addr_inst/cmd_queue/inst/fifo_gen_inst/inst_fifo_gen/gconvfifo.rf/grf.rf/rstblk/gpregsm1.curr_fwft_state[1]_i_2/O
                         net (fo=32, routed)          0.917     4.866    design_1_i/ps8_0_axi_periph/m01_couplers/auto_ds/inst/gen_downsizer.gen_simple_downsizer.axi_downsizer_inst/USE_READ.read_addr_inst/cmd_queue/inst/fifo_gen_inst/inst_fifo_gen/gconvfifo.rf/grf.rf/gntv_or_sync_fifo.gl0.wr/wpntr/AR[0]
    SLICE_X14Y88         FDCE                                         f  design_1_i/ps8_0_axi_periph/m01_couplers/auto_ds/inst/gen_downsizer.gen_simple_downsizer.axi_downsizer_inst/USE_READ.read_addr_inst/cmd_queue/inst/fifo_gen_inst/inst_fifo_gen/gconvfifo.rf/grf.rf/gntv_or_sync_fifo.gl0.wr/wpntr/gcc0.gc0.count_reg[2]/CLR
  -------------------------------------------------------------------    -------------------

                         (clock clk_pl_0 rise edge)
                                                     10.000    10.000 r  
    PS8_X0Y0             PS8                          0.000    10.000 r  design_1_i/zynq_ultra_ps_e_0/inst/PS8_i/PLCLK[0]
                         net (fo=1, routed)           0.181    10.181    design_1_i/zynq_ultra_ps_e_0/inst/pl_clk_unbuffered[0]
    BUFG_PS_X0Y80        BUFG_PS (Prop_BUFG_PS_I_O)
                                                      0.035    10.216 r  design_1_i/zynq_ultra_ps_e_0/inst/buffer_pl_clk_0.PL_CLK_0_BUFG/O
    X1Y1 (CLOCK_ROOT)    net (fo=10070, routed)       2.782    12.998    design_1_i/ps8_0_axi_periph/m01_couplers/auto_ds/inst/gen_downsizer.gen_simple_downsizer.axi_downsizer_inst/USE_READ.read_addr_inst/cmd_queue/inst/fifo_gen_inst/inst_fifo_gen/gconvfifo.rf/grf.rf/gntv_or_sync_fifo.gl0.wr/wpntr/clk
    SLICE_X14Y88         FDCE                                         r  design_1_i/ps8_0_axi_periph/m01_couplers/auto_ds/inst/gen_downsizer.gen_simple_downsizer.axi_downsizer_inst/USE_READ.read_addr_inst/cmd_queue/inst/fifo_gen_inst/inst_fifo_gen/gconvfifo.rf/grf.rf/gntv_or_sync_fifo.gl0.wr/wpntr/gcc0.gc0.count_reg[2]/C
                         clock pessimism              0.240    13.239    
                         clock uncertainty           -0.160    13.078    
    SLICE_X14Y88         FDCE (Recov_AFF2_SLICEL_C_CLR)
                                                     -0.093    12.985    design_1_i/ps8_0_axi_periph/m01_couplers/auto_ds/inst/gen_downsizer.gen_simple_downsizer.axi_downsizer_inst/USE_READ.read_addr_inst/cmd_queue/inst/fifo_gen_inst/inst_fifo_gen/gconvfifo.rf/grf.rf/gntv_or_sync_fifo.gl0.wr/wpntr/gcc0.gc0.count_reg[2]
  -------------------------------------------------------------------
                         required time                         12.985    
                         arrival time                          -4.866    
  -------------------------------------------------------------------
                         slack                                  8.119    





Min Delay Paths
--------------------------------------------------------------------------------------
Slack (MET) :             0.232ns  (arrival time - required time)
  Source:                 design_1_i/ps8_0_axi_periph/m01_couplers/auto_ds/inst/gen_downsizer.gen_simple_downsizer.axi_downsizer_inst/USE_WRITE.write_addr_inst/USE_B_CHANNEL.cmd_b_queue/inst/fifo_gen_inst/inst_fifo_gen/gconvfifo.rf/grf.rf/rstblk/ngwrdrst.grst.g7serrst.gnsckt_wrst.rst_wr_reg2_inst/arststages_ff_reg[1]/C
                            (rising edge-triggered cell FDPE clocked by clk_pl_0  {rise@0.000ns fall@5.000ns period=10.000ns})
  Destination:            design_1_i/ps8_0_axi_periph/m01_couplers/auto_ds/inst/gen_downsizer.gen_simple_downsizer.axi_downsizer_inst/USE_WRITE.write_addr_inst/USE_B_CHANNEL.cmd_b_queue/inst/fifo_gen_inst/inst_fifo_gen/gconvfifo.rf/grf.rf/gntv_or_sync_fifo.gl0.rd/rpntr/gc0.count_d1_reg[0]/CLR
                            (removal check against rising-edge clock clk_pl_0  {rise@0.000ns fall@5.000ns period=10.000ns})
  Path Group:             **async_default**
  Path Type:              Removal (Min at Fast Process Corner)
  Requirement:            0.000ns  (clk_pl_0 rise@0.000ns - clk_pl_0 rise@0.000ns)
  Data Path Delay:        0.265ns  (logic 0.121ns (45.646%)  route 0.144ns (54.354%))
  Logic Levels:           1  (LUT3=1)
  Clock Path Skew:        0.051ns (DCD - SCD - CPR)
    Destination Clock Delay (DCD):    2.086ns
    Source Clock Delay      (SCD):    1.883ns
    Clock Pessimism Removal (CPR):    0.152ns
  Clock Net Delay (Source):      1.732ns (routing 0.886ns, distribution 0.846ns)
  Clock Net Delay (Destination): 1.899ns (routing 0.971ns, distribution 0.928ns)

    Location             Delay type                Incr(ns)  Path(ns)    Netlist Resource(s)
  -------------------------------------------------------------------    -------------------
                         (clock clk_pl_0 rise edge)
                                                      0.000     0.000 r  
    PS8_X0Y0             PS8                          0.000     0.000 r  design_1_i/zynq_ultra_ps_e_0/inst/PS8_i/PLCLK[0]
                         net (fo=1, routed)           0.129     0.129    design_1_i/zynq_ultra_ps_e_0/inst/pl_clk_unbuffered[0]
    BUFG_PS_X0Y80        BUFG_PS (Prop_BUFG_PS_I_O)
                                                      0.022     0.151 r  design_1_i/zynq_ultra_ps_e_0/inst/buffer_pl_clk_0.PL_CLK_0_BUFG/O
    X1Y1 (CLOCK_ROOT)    net (fo=10070, routed)       1.732     1.883    design_1_i/ps8_0_axi_periph/m01_couplers/auto_ds/inst/gen_downsizer.gen_simple_downsizer.axi_downsizer_inst/USE_WRITE.write_addr_inst/USE_B_CHANNEL.cmd_b_queue/inst/fifo_gen_inst/inst_fifo_gen/gconvfifo.rf/grf.rf/rstblk/ngwrdrst.grst.g7serrst.gnsckt_wrst.rst_wr_reg2_inst/dest_clk
    SLICE_X12Y136        FDPE                                         r  design_1_i/ps8_0_axi_periph/m01_couplers/auto_ds/inst/gen_downsizer.gen_simple_downsizer.axi_downsizer_inst/USE_WRITE.write_addr_inst/USE_B_CHANNEL.cmd_b_queue/inst/fifo_gen_inst/inst_fifo_gen/gconvfifo.rf/grf.rf/rstblk/ngwrdrst.grst.g7serrst.gnsckt_wrst.rst_wr_reg2_inst/arststages_ff_reg[1]/C
  -------------------------------------------------------------------    -------------------
    SLICE_X12Y136        FDPE (Prop_AFF2_SLICEM_C_Q)
                                                      0.084     1.967 f  design_1_i/ps8_0_axi_periph/m01_couplers/auto_ds/inst/gen_downsizer.gen_simple_downsizer.axi_downsizer_inst/USE_WRITE.write_addr_inst/USE_B_CHANNEL.cmd_b_queue/inst/fifo_gen_inst/inst_fifo_gen/gconvfifo.rf/grf.rf/rstblk/ngwrdrst.grst.g7serrst.gnsckt_wrst.rst_wr_reg2_inst/arststages_ff_reg[1]/Q
                         net (fo=3, routed)           0.055     2.022    design_1_i/ps8_0_axi_periph/m01_couplers/auto_ds/inst/gen_downsizer.gen_simple_downsizer.axi_downsizer_inst/USE_WRITE.write_addr_inst/USE_B_CHANNEL.cmd_b_queue/inst/fifo_gen_inst/inst_fifo_gen/gconvfifo.rf/grf.rf/rstblk/ngwrdrst.rst_wr_reg2
    SLICE_X11Y136        LUT3 (Prop_G6LUT_SLICEL_I2_O)
                                                      0.037     2.059 f  design_1_i/ps8_0_axi_periph/m01_couplers/auto_ds/inst/gen_downsizer.gen_simple_downsizer.axi_downsizer_inst/USE_WRITE.write_addr_inst/USE_B_CHANNEL.cmd_b_queue/inst/fifo_gen_inst/inst_fifo_gen/gconvfifo.rf/grf.rf/rstblk/gpregsm1.curr_fwft_state[1]_i_2/O
                         net (fo=32, routed)          0.089     2.148    design_1_i/ps8_0_axi_periph/m01_couplers/auto_ds/inst/gen_downsizer.gen_simple_downsizer.axi_downsizer_inst/USE_WRITE.write_addr_inst/USE_B_CHANNEL.cmd_b_queue/inst/fifo_gen_inst/inst_fifo_gen/gconvfifo.rf/grf.rf/gntv_or_sync_fifo.gl0.rd/rpntr/gc0.count_d1_reg[4]_1
    SLICE_X11Y137        FDCE                                         f  design_1_i/ps8_0_axi_periph/m01_couplers/auto_ds/inst/gen_downsizer.gen_simple_downsizer.axi_downsizer_inst/USE_WRITE.write_addr_inst/USE_B_CHANNEL.cmd_b_queue/inst/fifo_gen_inst/inst_fifo_gen/gconvfifo.rf/grf.rf/gntv_or_sync_fifo.gl0.rd/rpntr/gc0.count_d1_reg[0]/CLR
  -------------------------------------------------------------------    -------------------

                         (clock clk_pl_0 rise edge)
                                                      0.000     0.000 r  
    PS8_X0Y0             PS8                          0.000     0.000 r  design_1_i/zynq_ultra_ps_e_0/inst/PS8_i/PLCLK[0]
                         net (fo=1, routed)           0.164     0.164    design_1_i/zynq_ultra_ps_e_0/inst/pl_clk_unbuffered[0]
    BUFG_PS_X0Y80        BUFG_PS (Prop_BUFG_PS_I_O)
                                                      0.023     0.187 r  design_1_i/zynq_ultra_ps_e_0/inst/buffer_pl_clk_0.PL_CLK_0_BUFG/O
    X1Y1 (CLOCK_ROOT)    net (fo=10070, routed)       1.899     2.086    design_1_i/ps8_0_axi_periph/m01_couplers/auto_ds/inst/gen_downsizer.gen_simple_downsizer.axi_downsizer_inst/USE_WRITE.write_addr_inst/USE_B_CHANNEL.cmd_b_queue/inst/fifo_gen_inst/inst_fifo_gen/gconvfifo.rf/grf.rf/gntv_or_sync_fifo.gl0.rd/rpntr/clk
    SLICE_X11Y137        FDCE                                         r  design_1_i/ps8_0_axi_periph/m01_couplers/auto_ds/inst/gen_downsizer.gen_simple_downsizer.axi_downsizer_inst/USE_WRITE.write_addr_inst/USE_B_CHANNEL.cmd_b_queue/inst/fifo_gen_inst/inst_fifo_gen/gconvfifo.rf/grf.rf/gntv_or_sync_fifo.gl0.rd/rpntr/gc0.count_d1_reg[0]/C
                         clock pessimism             -0.152     1.934    
    SLICE_X11Y137        FDCE (Remov_EFF_SLICEL_C_CLR)
                                                     -0.018     1.916    design_1_i/ps8_0_axi_periph/m01_couplers/auto_ds/inst/gen_downsizer.gen_simple_downsizer.axi_downsizer_inst/USE_WRITE.write_addr_inst/USE_B_CHANNEL.cmd_b_queue/inst/fifo_gen_inst/inst_fifo_gen/gconvfifo.rf/grf.rf/gntv_or_sync_fifo.gl0.rd/rpntr/gc0.count_d1_reg[0]
  -------------------------------------------------------------------
                         required time                         -1.916    
                         arrival time                           2.148    
  -------------------------------------------------------------------
                         slack                                  0.232    

Slack (MET) :             0.232ns  (arrival time - required time)
  Source:                 design_1_i/ps8_0_axi_periph/m01_couplers/auto_ds/inst/gen_downsizer.gen_simple_downsizer.axi_downsizer_inst/USE_WRITE.write_addr_inst/USE_B_CHANNEL.cmd_b_queue/inst/fifo_gen_inst/inst_fifo_gen/gconvfifo.rf/grf.rf/rstblk/ngwrdrst.grst.g7serrst.gnsckt_wrst.rst_wr_reg2_inst/arststages_ff_reg[1]/C
                            (rising edge-triggered cell FDPE clocked by clk_pl_0  {rise@0.000ns fall@5.000ns period=10.000ns})
  Destination:            design_1_i/ps8_0_axi_periph/m01_couplers/auto_ds/inst/gen_downsizer.gen_simple_downsizer.axi_downsizer_inst/USE_WRITE.write_addr_inst/USE_B_CHANNEL.cmd_b_queue/inst/fifo_gen_inst/inst_fifo_gen/gconvfifo.rf/grf.rf/gntv_or_sync_fifo.gl0.rd/rpntr/gc0.count_d1_reg[1]/CLR
                            (removal check against rising-edge clock clk_pl_0  {rise@0.000ns fall@5.000ns period=10.000ns})
  Path Group:             **async_default**
  Path Type:              Removal (Min at Fast Process Corner)
  Requirement:            0.000ns  (clk_pl_0 rise@0.000ns - clk_pl_0 rise@0.000ns)
  Data Path Delay:        0.265ns  (logic 0.121ns (45.646%)  route 0.144ns (54.354%))
  Logic Levels:           1  (LUT3=1)
  Clock Path Skew:        0.051ns (DCD - SCD - CPR)
    Destination Clock Delay (DCD):    2.086ns
    Source Clock Delay      (SCD):    1.883ns
    Clock Pessimism Removal (CPR):    0.152ns
  Clock Net Delay (Source):      1.732ns (routing 0.886ns, distribution 0.846ns)
  Clock Net Delay (Destination): 1.899ns (routing 0.971ns, distribution 0.928ns)

    Location             Delay type                Incr(ns)  Path(ns)    Netlist Resource(s)
  -------------------------------------------------------------------    -------------------
                         (clock clk_pl_0 rise edge)
                                                      0.000     0.000 r  
    PS8_X0Y0             PS8                          0.000     0.000 r  design_1_i/zynq_ultra_ps_e_0/inst/PS8_i/PLCLK[0]
                         net (fo=1, routed)           0.129     0.129    design_1_i/zynq_ultra_ps_e_0/inst/pl_clk_unbuffered[0]
    BUFG_PS_X0Y80        BUFG_PS (Prop_BUFG_PS_I_O)
                                                      0.022     0.151 r  design_1_i/zynq_ultra_ps_e_0/inst/buffer_pl_clk_0.PL_CLK_0_BUFG/O
    X1Y1 (CLOCK_ROOT)    net (fo=10070, routed)       1.732     1.883    design_1_i/ps8_0_axi_periph/m01_couplers/auto_ds/inst/gen_downsizer.gen_simple_downsizer.axi_downsizer_inst/USE_WRITE.write_addr_inst/USE_B_CHANNEL.cmd_b_queue/inst/fifo_gen_inst/inst_fifo_gen/gconvfifo.rf/grf.rf/rstblk/ngwrdrst.grst.g7serrst.gnsckt_wrst.rst_wr_reg2_inst/dest_clk
    SLICE_X12Y136        FDPE                                         r  design_1_i/ps8_0_axi_periph/m01_couplers/auto_ds/inst/gen_downsizer.gen_simple_downsizer.axi_downsizer_inst/USE_WRITE.write_addr_inst/USE_B_CHANNEL.cmd_b_queue/inst/fifo_gen_inst/inst_fifo_gen/gconvfifo.rf/grf.rf/rstblk/ngwrdrst.grst.g7serrst.gnsckt_wrst.rst_wr_reg2_inst/arststages_ff_reg[1]/C
  -------------------------------------------------------------------    -------------------
    SLICE_X12Y136        FDPE (Prop_AFF2_SLICEM_C_Q)
                                                      0.084     1.967 f  design_1_i/ps8_0_axi_periph/m01_couplers/auto_ds/inst/gen_downsizer.gen_simple_downsizer.axi_downsizer_inst/USE_WRITE.write_addr_inst/USE_B_CHANNEL.cmd_b_queue/inst/fifo_gen_inst/inst_fifo_gen/gconvfifo.rf/grf.rf/rstblk/ngwrdrst.grst.g7serrst.gnsckt_wrst.rst_wr_reg2_inst/arststages_ff_reg[1]/Q
                         net (fo=3, routed)           0.055     2.022    design_1_i/ps8_0_axi_periph/m01_couplers/auto_ds/inst/gen_downsizer.gen_simple_downsizer.axi_downsizer_inst/USE_WRITE.write_addr_inst/USE_B_CHANNEL.cmd_b_queue/inst/fifo_gen_inst/inst_fifo_gen/gconvfifo.rf/grf.rf/rstblk/ngwrdrst.rst_wr_reg2
    SLICE_X11Y136        LUT3 (Prop_G6LUT_SLICEL_I2_O)
                                                      0.037     2.059 f  design_1_i/ps8_0_axi_periph/m01_couplers/auto_ds/inst/gen_downsizer.gen_simple_downsizer.axi_downsizer_inst/USE_WRITE.write_addr_inst/USE_B_CHANNEL.cmd_b_queue/inst/fifo_gen_inst/inst_fifo_gen/gconvfifo.rf/grf.rf/rstblk/gpregsm1.curr_fwft_state[1]_i_2/O
                         net (fo=32, routed)          0.089     2.148    design_1_i/ps8_0_axi_periph/m01_couplers/auto_ds/inst/gen_downsizer.gen_simple_downsizer.axi_downsizer_inst/USE_WRITE.write_addr_inst/USE_B_CHANNEL.cmd_b_queue/inst/fifo_gen_inst/inst_fifo_gen/gconvfifo.rf/grf.rf/gntv_or_sync_fifo.gl0.rd/rpntr/gc0.count_d1_reg[4]_1
    SLICE_X11Y137        FDCE                                         f  design_1_i/ps8_0_axi_periph/m01_couplers/auto_ds/inst/gen_downsizer.gen_simple_downsizer.axi_downsizer_inst/USE_WRITE.write_addr_inst/USE_B_CHANNEL.cmd_b_queue/inst/fifo_gen_inst/inst_fifo_gen/gconvfifo.rf/grf.rf/gntv_or_sync_fifo.gl0.rd/rpntr/gc0.count_d1_reg[1]/CLR
  -------------------------------------------------------------------    -------------------

                         (clock clk_pl_0 rise edge)
                                                      0.000     0.000 r  
    PS8_X0Y0             PS8                          0.000     0.000 r  design_1_i/zynq_ultra_ps_e_0/inst/PS8_i/PLCLK[0]
                         net (fo=1, routed)           0.164     0.164    design_1_i/zynq_ultra_ps_e_0/inst/pl_clk_unbuffered[0]
    BUFG_PS_X0Y80        BUFG_PS (Prop_BUFG_PS_I_O)
                                                      0.023     0.187 r  design_1_i/zynq_ultra_ps_e_0/inst/buffer_pl_clk_0.PL_CLK_0_BUFG/O
    X1Y1 (CLOCK_ROOT)    net (fo=10070, routed)       1.899     2.086    design_1_i/ps8_0_axi_periph/m01_couplers/auto_ds/inst/gen_downsizer.gen_simple_downsizer.axi_downsizer_inst/USE_WRITE.write_addr_inst/USE_B_CHANNEL.cmd_b_queue/inst/fifo_gen_inst/inst_fifo_gen/gconvfifo.rf/grf.rf/gntv_or_sync_fifo.gl0.rd/rpntr/clk
    SLICE_X11Y137        FDCE                                         r  design_1_i/ps8_0_axi_periph/m01_couplers/auto_ds/inst/gen_downsizer.gen_simple_downsizer.axi_downsizer_inst/USE_WRITE.write_addr_inst/USE_B_CHANNEL.cmd_b_queue/inst/fifo_gen_inst/inst_fifo_gen/gconvfifo.rf/grf.rf/gntv_or_sync_fifo.gl0.rd/rpntr/gc0.count_d1_reg[1]/C
                         clock pessimism             -0.152     1.934    
    SLICE_X11Y137        FDCE (Remov_EFF2_SLICEL_C_CLR)
                                                     -0.018     1.916    design_1_i/ps8_0_axi_periph/m01_couplers/auto_ds/inst/gen_downsizer.gen_simple_downsizer.axi_downsizer_inst/USE_WRITE.write_addr_inst/USE_B_CHANNEL.cmd_b_queue/inst/fifo_gen_inst/inst_fifo_gen/gconvfifo.rf/grf.rf/gntv_or_sync_fifo.gl0.rd/rpntr/gc0.count_d1_reg[1]
  -------------------------------------------------------------------
                         required time                         -1.916    
                         arrival time                           2.148    
  -------------------------------------------------------------------
                         slack                                  0.232    

Slack (MET) :             0.232ns  (arrival time - required time)
  Source:                 design_1_i/ps8_0_axi_periph/m01_couplers/auto_ds/inst/gen_downsizer.gen_simple_downsizer.axi_downsizer_inst/USE_WRITE.write_addr_inst/USE_B_CHANNEL.cmd_b_queue/inst/fifo_gen_inst/inst_fifo_gen/gconvfifo.rf/grf.rf/rstblk/ngwrdrst.grst.g7serrst.gnsckt_wrst.rst_wr_reg2_inst/arststages_ff_reg[1]/C
                            (rising edge-triggered cell FDPE clocked by clk_pl_0  {rise@0.000ns fall@5.000ns period=10.000ns})
  Destination:            design_1_i/ps8_0_axi_periph/m01_couplers/auto_ds/inst/gen_downsizer.gen_simple_downsizer.axi_downsizer_inst/USE_WRITE.write_addr_inst/USE_B_CHANNEL.cmd_b_queue/inst/fifo_gen_inst/inst_fifo_gen/gconvfifo.rf/grf.rf/gntv_or_sync_fifo.gl0.rd/rpntr/gc0.count_d1_reg[2]/CLR
                            (removal check against rising-edge clock clk_pl_0  {rise@0.000ns fall@5.000ns period=10.000ns})
  Path Group:             **async_default**
  Path Type:              Removal (Min at Fast Process Corner)
  Requirement:            0.000ns  (clk_pl_0 rise@0.000ns - clk_pl_0 rise@0.000ns)
  Data Path Delay:        0.265ns  (logic 0.121ns (45.646%)  route 0.144ns (54.354%))
  Logic Levels:           1  (LUT3=1)
  Clock Path Skew:        0.051ns (DCD - SCD - CPR)
    Destination Clock Delay (DCD):    2.086ns
    Source Clock Delay      (SCD):    1.883ns
    Clock Pessimism Removal (CPR):    0.152ns
  Clock Net Delay (Source):      1.732ns (routing 0.886ns, distribution 0.846ns)
  Clock Net Delay (Destination): 1.899ns (routing 0.971ns, distribution 0.928ns)

    Location             Delay type                Incr(ns)  Path(ns)    Netlist Resource(s)
  -------------------------------------------------------------------    -------------------
                         (clock clk_pl_0 rise edge)
                                                      0.000     0.000 r  
    PS8_X0Y0             PS8                          0.000     0.000 r  design_1_i/zynq_ultra_ps_e_0/inst/PS8_i/PLCLK[0]
                         net (fo=1, routed)           0.129     0.129    design_1_i/zynq_ultra_ps_e_0/inst/pl_clk_unbuffered[0]
    BUFG_PS_X0Y80        BUFG_PS (Prop_BUFG_PS_I_O)
                                                      0.022     0.151 r  design_1_i/zynq_ultra_ps_e_0/inst/buffer_pl_clk_0.PL_CLK_0_BUFG/O
    X1Y1 (CLOCK_ROOT)    net (fo=10070, routed)       1.732     1.883    design_1_i/ps8_0_axi_periph/m01_couplers/auto_ds/inst/gen_downsizer.gen_simple_downsizer.axi_downsizer_inst/USE_WRITE.write_addr_inst/USE_B_CHANNEL.cmd_b_queue/inst/fifo_gen_inst/inst_fifo_gen/gconvfifo.rf/grf.rf/rstblk/ngwrdrst.grst.g7serrst.gnsckt_wrst.rst_wr_reg2_inst/dest_clk
    SLICE_X12Y136        FDPE                                         r  design_1_i/ps8_0_axi_periph/m01_couplers/auto_ds/inst/gen_downsizer.gen_simple_downsizer.axi_downsizer_inst/USE_WRITE.write_addr_inst/USE_B_CHANNEL.cmd_b_queue/inst/fifo_gen_inst/inst_fifo_gen/gconvfifo.rf/grf.rf/rstblk/ngwrdrst.grst.g7serrst.gnsckt_wrst.rst_wr_reg2_inst/arststages_ff_reg[1]/C
  -------------------------------------------------------------------    -------------------
    SLICE_X12Y136        FDPE (Prop_AFF2_SLICEM_C_Q)
                                                      0.084     1.967 f  design_1_i/ps8_0_axi_periph/m01_couplers/auto_ds/inst/gen_downsizer.gen_simple_downsizer.axi_downsizer_inst/USE_WRITE.write_addr_inst/USE_B_CHANNEL.cmd_b_queue/inst/fifo_gen_inst/inst_fifo_gen/gconvfifo.rf/grf.rf/rstblk/ngwrdrst.grst.g7serrst.gnsckt_wrst.rst_wr_reg2_inst/arststages_ff_reg[1]/Q
                         net (fo=3, routed)           0.055     2.022    design_1_i/ps8_0_axi_periph/m01_couplers/auto_ds/inst/gen_downsizer.gen_simple_downsizer.axi_downsizer_inst/USE_WRITE.write_addr_inst/USE_B_CHANNEL.cmd_b_queue/inst/fifo_gen_inst/inst_fifo_gen/gconvfifo.rf/grf.rf/rstblk/ngwrdrst.rst_wr_reg2
    SLICE_X11Y136        LUT3 (Prop_G6LUT_SLICEL_I2_O)
                                                      0.037     2.059 f  design_1_i/ps8_0_axi_periph/m01_couplers/auto_ds/inst/gen_downsizer.gen_simple_downsizer.axi_downsizer_inst/USE_WRITE.write_addr_inst/USE_B_CHANNEL.cmd_b_queue/inst/fifo_gen_inst/inst_fifo_gen/gconvfifo.rf/grf.rf/rstblk/gpregsm1.curr_fwft_state[1]_i_2/O
                         net (fo=32, routed)          0.089     2.148    design_1_i/ps8_0_axi_periph/m01_couplers/auto_ds/inst/gen_downsizer.gen_simple_downsizer.axi_downsizer_inst/USE_WRITE.write_addr_inst/USE_B_CHANNEL.cmd_b_queue/inst/fifo_gen_inst/inst_fifo_gen/gconvfifo.rf/grf.rf/gntv_or_sync_fifo.gl0.rd/rpntr/gc0.count_d1_reg[4]_1
    SLICE_X11Y137        FDCE                                         f  design_1_i/ps8_0_axi_periph/m01_couplers/auto_ds/inst/gen_downsizer.gen_simple_downsizer.axi_downsizer_inst/USE_WRITE.write_addr_inst/USE_B_CHANNEL.cmd_b_queue/inst/fifo_gen_inst/inst_fifo_gen/gconvfifo.rf/grf.rf/gntv_or_sync_fifo.gl0.rd/rpntr/gc0.count_d1_reg[2]/CLR
  -------------------------------------------------------------------    -------------------

                         (clock clk_pl_0 rise edge)
                                                      0.000     0.000 r  
    PS8_X0Y0             PS8                          0.000     0.000 r  design_1_i/zynq_ultra_ps_e_0/inst/PS8_i/PLCLK[0]
                         net (fo=1, routed)           0.164     0.164    design_1_i/zynq_ultra_ps_e_0/inst/pl_clk_unbuffered[0]
    BUFG_PS_X0Y80        BUFG_PS (Prop_BUFG_PS_I_O)
                                                      0.023     0.187 r  design_1_i/zynq_ultra_ps_e_0/inst/buffer_pl_clk_0.PL_CLK_0_BUFG/O
    X1Y1 (CLOCK_ROOT)    net (fo=10070, routed)       1.899     2.086    design_1_i/ps8_0_axi_periph/m01_couplers/auto_ds/inst/gen_downsizer.gen_simple_downsizer.axi_downsizer_inst/USE_WRITE.write_addr_inst/USE_B_CHANNEL.cmd_b_queue/inst/fifo_gen_inst/inst_fifo_gen/gconvfifo.rf/grf.rf/gntv_or_sync_fifo.gl0.rd/rpntr/clk
    SLICE_X11Y137        FDCE                                         r  design_1_i/ps8_0_axi_periph/m01_couplers/auto_ds/inst/gen_downsizer.gen_simple_downsizer.axi_downsizer_inst/USE_WRITE.write_addr_inst/USE_B_CHANNEL.cmd_b_queue/inst/fifo_gen_inst/inst_fifo_gen/gconvfifo.rf/grf.rf/gntv_or_sync_fifo.gl0.rd/rpntr/gc0.count_d1_reg[2]/C
                         clock pessimism             -0.152     1.934    
    SLICE_X11Y137        FDCE (Remov_FFF_SLICEL_C_CLR)
                                                     -0.018     1.916    design_1_i/ps8_0_axi_periph/m01_couplers/auto_ds/inst/gen_downsizer.gen_simple_downsizer.axi_downsizer_inst/USE_WRITE.write_addr_inst/USE_B_CHANNEL.cmd_b_queue/inst/fifo_gen_inst/inst_fifo_gen/gconvfifo.rf/grf.rf/gntv_or_sync_fifo.gl0.rd/rpntr/gc0.count_d1_reg[2]
  -------------------------------------------------------------------
                         required time                         -1.916    
                         arrival time                           2.148    
  -------------------------------------------------------------------
                         slack                                  0.232    

Slack (MET) :             0.236ns  (arrival time - required time)
  Source:                 design_1_i/ps8_0_axi_periph/m01_couplers/auto_ds/inst/gen_downsizer.gen_simple_downsizer.axi_downsizer_inst/USE_WRITE.write_addr_inst/USE_B_CHANNEL.cmd_b_queue/inst/fifo_gen_inst/inst_fifo_gen/gconvfifo.rf/grf.rf/rstblk/ngwrdrst.grst.g7serrst.gnsckt_wrst.rst_wr_reg2_inst/arststages_ff_reg[1]/C
                            (rising edge-triggered cell FDPE clocked by clk_pl_0  {rise@0.000ns fall@5.000ns period=10.000ns})
  Destination:            design_1_i/ps8_0_axi_periph/m01_couplers/auto_ds/inst/gen_downsizer.gen_simple_downsizer.axi_downsizer_inst/USE_WRITE.write_addr_inst/USE_B_CHANNEL.cmd_b_queue/inst/fifo_gen_inst/inst_fifo_gen/gconvfifo.rf/grf.rf/gntv_or_sync_fifo.gl0.rd/rpntr/gc0.count_reg[0]/PRE
                            (removal check against rising-edge clock clk_pl_0  {rise@0.000ns fall@5.000ns period=10.000ns})
  Path Group:             **async_default**
  Path Type:              Removal (Min at Fast Process Corner)
  Requirement:            0.000ns  (clk_pl_0 rise@0.000ns - clk_pl_0 rise@0.000ns)
  Data Path Delay:        0.265ns  (logic 0.121ns (45.646%)  route 0.144ns (54.354%))
  Logic Levels:           1  (LUT3=1)
  Clock Path Skew:        0.047ns (DCD - SCD - CPR)
    Destination Clock Delay (DCD):    2.082ns
    Source Clock Delay      (SCD):    1.883ns
    Clock Pessimism Removal (CPR):    0.152ns
  Clock Net Delay (Source):      1.732ns (routing 0.886ns, distribution 0.846ns)
  Clock Net Delay (Destination): 1.895ns (routing 0.971ns, distribution 0.924ns)

    Location             Delay type                Incr(ns)  Path(ns)    Netlist Resource(s)
  -------------------------------------------------------------------    -------------------
                         (clock clk_pl_0 rise edge)
                                                      0.000     0.000 r  
    PS8_X0Y0             PS8                          0.000     0.000 r  design_1_i/zynq_ultra_ps_e_0/inst/PS8_i/PLCLK[0]
                         net (fo=1, routed)           0.129     0.129    design_1_i/zynq_ultra_ps_e_0/inst/pl_clk_unbuffered[0]
    BUFG_PS_X0Y80        BUFG_PS (Prop_BUFG_PS_I_O)
                                                      0.022     0.151 r  design_1_i/zynq_ultra_ps_e_0/inst/buffer_pl_clk_0.PL_CLK_0_BUFG/O
    X1Y1 (CLOCK_ROOT)    net (fo=10070, routed)       1.732     1.883    design_1_i/ps8_0_axi_periph/m01_couplers/auto_ds/inst/gen_downsizer.gen_simple_downsizer.axi_downsizer_inst/USE_WRITE.write_addr_inst/USE_B_CHANNEL.cmd_b_queue/inst/fifo_gen_inst/inst_fifo_gen/gconvfifo.rf/grf.rf/rstblk/ngwrdrst.grst.g7serrst.gnsckt_wrst.rst_wr_reg2_inst/dest_clk
    SLICE_X12Y136        FDPE                                         r  design_1_i/ps8_0_axi_periph/m01_couplers/auto_ds/inst/gen_downsizer.gen_simple_downsizer.axi_downsizer_inst/USE_WRITE.write_addr_inst/USE_B_CHANNEL.cmd_b_queue/inst/fifo_gen_inst/inst_fifo_gen/gconvfifo.rf/grf.rf/rstblk/ngwrdrst.grst.g7serrst.gnsckt_wrst.rst_wr_reg2_inst/arststages_ff_reg[1]/C
  -------------------------------------------------------------------    -------------------
    SLICE_X12Y136        FDPE (Prop_AFF2_SLICEM_C_Q)
                                                      0.084     1.967 f  design_1_i/ps8_0_axi_periph/m01_couplers/auto_ds/inst/gen_downsizer.gen_simple_downsizer.axi_downsizer_inst/USE_WRITE.write_addr_inst/USE_B_CHANNEL.cmd_b_queue/inst/fifo_gen_inst/inst_fifo_gen/gconvfifo.rf/grf.rf/rstblk/ngwrdrst.grst.g7serrst.gnsckt_wrst.rst_wr_reg2_inst/arststages_ff_reg[1]/Q
                         net (fo=3, routed)           0.055     2.022    design_1_i/ps8_0_axi_periph/m01_couplers/auto_ds/inst/gen_downsizer.gen_simple_downsizer.axi_downsizer_inst/USE_WRITE.write_addr_inst/USE_B_CHANNEL.cmd_b_queue/inst/fifo_gen_inst/inst_fifo_gen/gconvfifo.rf/grf.rf/rstblk/ngwrdrst.rst_wr_reg2
    SLICE_X11Y136        LUT3 (Prop_G6LUT_SLICEL_I2_O)
                                                      0.037     2.059 f  design_1_i/ps8_0_axi_periph/m01_couplers/auto_ds/inst/gen_downsizer.gen_simple_downsizer.axi_downsizer_inst/USE_WRITE.write_addr_inst/USE_B_CHANNEL.cmd_b_queue/inst/fifo_gen_inst/inst_fifo_gen/gconvfifo.rf/grf.rf/rstblk/gpregsm1.curr_fwft_state[1]_i_2/O
                         net (fo=32, routed)          0.089     2.148    design_1_i/ps8_0_axi_periph/m01_couplers/auto_ds/inst/gen_downsizer.gen_simple_downsizer.axi_downsizer_inst/USE_WRITE.write_addr_inst/USE_B_CHANNEL.cmd_b_queue/inst/fifo_gen_inst/inst_fifo_gen/gconvfifo.rf/grf.rf/gntv_or_sync_fifo.gl0.rd/rpntr/gc0.count_d1_reg[4]_1
    SLICE_X11Y137        FDPE                                         f  design_1_i/ps8_0_axi_periph/m01_couplers/auto_ds/inst/gen_downsizer.gen_simple_downsizer.axi_downsizer_inst/USE_WRITE.write_addr_inst/USE_B_CHANNEL.cmd_b_queue/inst/fifo_gen_inst/inst_fifo_gen/gconvfifo.rf/grf.rf/gntv_or_sync_fifo.gl0.rd/rpntr/gc0.count_reg[0]/PRE
  -------------------------------------------------------------------    -------------------

                         (clock clk_pl_0 rise edge)
                                                      0.000     0.000 r  
    PS8_X0Y0             PS8                          0.000     0.000 r  design_1_i/zynq_ultra_ps_e_0/inst/PS8_i/PLCLK[0]
                         net (fo=1, routed)           0.164     0.164    design_1_i/zynq_ultra_ps_e_0/inst/pl_clk_unbuffered[0]
    BUFG_PS_X0Y80        BUFG_PS (Prop_BUFG_PS_I_O)
                                                      0.023     0.187 r  design_1_i/zynq_ultra_ps_e_0/inst/buffer_pl_clk_0.PL_CLK_0_BUFG/O
    X1Y1 (CLOCK_ROOT)    net (fo=10070, routed)       1.895     2.082    design_1_i/ps8_0_axi_periph/m01_couplers/auto_ds/inst/gen_downsizer.gen_simple_downsizer.axi_downsizer_inst/USE_WRITE.write_addr_inst/USE_B_CHANNEL.cmd_b_queue/inst/fifo_gen_inst/inst_fifo_gen/gconvfifo.rf/grf.rf/gntv_or_sync_fifo.gl0.rd/rpntr/clk
    SLICE_X11Y137        FDPE                                         r  design_1_i/ps8_0_axi_periph/m01_couplers/auto_ds/inst/gen_downsizer.gen_simple_downsizer.axi_downsizer_inst/USE_WRITE.write_addr_inst/USE_B_CHANNEL.cmd_b_queue/inst/fifo_gen_inst/inst_fifo_gen/gconvfifo.rf/grf.rf/gntv_or_sync_fifo.gl0.rd/rpntr/gc0.count_reg[0]/C
                         clock pessimism             -0.152     1.930    
    SLICE_X11Y137        FDPE (Remov_BFF2_SLICEL_C_PRE)
                                                     -0.018     1.912    design_1_i/ps8_0_axi_periph/m01_couplers/auto_ds/inst/gen_downsizer.gen_simple_downsizer.axi_downsizer_inst/USE_WRITE.write_addr_inst/USE_B_CHANNEL.cmd_b_queue/inst/fifo_gen_inst/inst_fifo_gen/gconvfifo.rf/grf.rf/gntv_or_sync_fifo.gl0.rd/rpntr/gc0.count_reg[0]
  -------------------------------------------------------------------
                         required time                         -1.912    
                         arrival time                           2.148    
  -------------------------------------------------------------------
                         slack                                  0.236    

Slack (MET) :             0.236ns  (arrival time - required time)
  Source:                 design_1_i/ps8_0_axi_periph/m01_couplers/auto_ds/inst/gen_downsizer.gen_simple_downsizer.axi_downsizer_inst/USE_WRITE.write_addr_inst/USE_B_CHANNEL.cmd_b_queue/inst/fifo_gen_inst/inst_fifo_gen/gconvfifo.rf/grf.rf/rstblk/ngwrdrst.grst.g7serrst.gnsckt_wrst.rst_wr_reg2_inst/arststages_ff_reg[1]/C
                            (rising edge-triggered cell FDPE clocked by clk_pl_0  {rise@0.000ns fall@5.000ns period=10.000ns})
  Destination:            design_1_i/ps8_0_axi_periph/m01_couplers/auto_ds/inst/gen_downsizer.gen_simple_downsizer.axi_downsizer_inst/USE_WRITE.write_addr_inst/USE_B_CHANNEL.cmd_b_queue/inst/fifo_gen_inst/inst_fifo_gen/gconvfifo.rf/grf.rf/gntv_or_sync_fifo.gl0.rd/rpntr/gc0.count_reg[1]/CLR
                            (removal check against rising-edge clock clk_pl_0  {rise@0.000ns fall@5.000ns period=10.000ns})
  Path Group:             **async_default**
  Path Type:              Removal (Min at Fast Process Corner)
  Requirement:            0.000ns  (clk_pl_0 rise@0.000ns - clk_pl_0 rise@0.000ns)
  Data Path Delay:        0.265ns  (logic 0.121ns (45.646%)  route 0.144ns (54.354%))
  Logic Levels:           1  (LUT3=1)
  Clock Path Skew:        0.047ns (DCD - SCD - CPR)
    Destination Clock Delay (DCD):    2.082ns
    Source Clock Delay      (SCD):    1.883ns
    Clock Pessimism Removal (CPR):    0.152ns
  Clock Net Delay (Source):      1.732ns (routing 0.886ns, distribution 0.846ns)
  Clock Net Delay (Destination): 1.895ns (routing 0.971ns, distribution 0.924ns)

    Location             Delay type                Incr(ns)  Path(ns)    Netlist Resource(s)
  -------------------------------------------------------------------    -------------------
                         (clock clk_pl_0 rise edge)
                                                      0.000     0.000 r  
    PS8_X0Y0             PS8                          0.000     0.000 r  design_1_i/zynq_ultra_ps_e_0/inst/PS8_i/PLCLK[0]
                         net (fo=1, routed)           0.129     0.129    design_1_i/zynq_ultra_ps_e_0/inst/pl_clk_unbuffered[0]
    BUFG_PS_X0Y80        BUFG_PS (Prop_BUFG_PS_I_O)
                                                      0.022     0.151 r  design_1_i/zynq_ultra_ps_e_0/inst/buffer_pl_clk_0.PL_CLK_0_BUFG/O
    X1Y1 (CLOCK_ROOT)    net (fo=10070, routed)       1.732     1.883    design_1_i/ps8_0_axi_periph/m01_couplers/auto_ds/inst/gen_downsizer.gen_simple_downsizer.axi_downsizer_inst/USE_WRITE.write_addr_inst/USE_B_CHANNEL.cmd_b_queue/inst/fifo_gen_inst/inst_fifo_gen/gconvfifo.rf/grf.rf/rstblk/ngwrdrst.grst.g7serrst.gnsckt_wrst.rst_wr_reg2_inst/dest_clk
    SLICE_X12Y136        FDPE                                         r  design_1_i/ps8_0_axi_periph/m01_couplers/auto_ds/inst/gen_downsizer.gen_simple_downsizer.axi_downsizer_inst/USE_WRITE.write_addr_inst/USE_B_CHANNEL.cmd_b_queue/inst/fifo_gen_inst/inst_fifo_gen/gconvfifo.rf/grf.rf/rstblk/ngwrdrst.grst.g7serrst.gnsckt_wrst.rst_wr_reg2_inst/arststages_ff_reg[1]/C
  -------------------------------------------------------------------    -------------------
    SLICE_X12Y136        FDPE (Prop_AFF2_SLICEM_C_Q)
                                                      0.084     1.967 f  design_1_i/ps8_0_axi_periph/m01_couplers/auto_ds/inst/gen_downsizer.gen_simple_downsizer.axi_downsizer_inst/USE_WRITE.write_addr_inst/USE_B_CHANNEL.cmd_b_queue/inst/fifo_gen_inst/inst_fifo_gen/gconvfifo.rf/grf.rf/rstblk/ngwrdrst.grst.g7serrst.gnsckt_wrst.rst_wr_reg2_inst/arststages_ff_reg[1]/Q
                         net (fo=3, routed)           0.055     2.022    design_1_i/ps8_0_axi_periph/m01_couplers/auto_ds/inst/gen_downsizer.gen_simple_downsizer.axi_downsizer_inst/USE_WRITE.write_addr_inst/USE_B_CHANNEL.cmd_b_queue/inst/fifo_gen_inst/inst_fifo_gen/gconvfifo.rf/grf.rf/rstblk/ngwrdrst.rst_wr_reg2
    SLICE_X11Y136        LUT3 (Prop_G6LUT_SLICEL_I2_O)
                                                      0.037     2.059 f  design_1_i/ps8_0_axi_periph/m01_couplers/auto_ds/inst/gen_downsizer.gen_simple_downsizer.axi_downsizer_inst/USE_WRITE.write_addr_inst/USE_B_CHANNEL.cmd_b_queue/inst/fifo_gen_inst/inst_fifo_gen/gconvfifo.rf/grf.rf/rstblk/gpregsm1.curr_fwft_state[1]_i_2/O
                         net (fo=32, routed)          0.089     2.148    design_1_i/ps8_0_axi_periph/m01_couplers/auto_ds/inst/gen_downsizer.gen_simple_downsizer.axi_downsizer_inst/USE_WRITE.write_addr_inst/USE_B_CHANNEL.cmd_b_queue/inst/fifo_gen_inst/inst_fifo_gen/gconvfifo.rf/grf.rf/gntv_or_sync_fifo.gl0.rd/rpntr/gc0.count_d1_reg[4]_1
    SLICE_X11Y137        FDCE                                         f  design_1_i/ps8_0_axi_periph/m01_couplers/auto_ds/inst/gen_downsizer.gen_simple_downsizer.axi_downsizer_inst/USE_WRITE.write_addr_inst/USE_B_CHANNEL.cmd_b_queue/inst/fifo_gen_inst/inst_fifo_gen/gconvfifo.rf/grf.rf/gntv_or_sync_fifo.gl0.rd/rpntr/gc0.count_reg[1]/CLR
  -------------------------------------------------------------------    -------------------

                         (clock clk_pl_0 rise edge)
                                                      0.000     0.000 r  
    PS8_X0Y0             PS8                          0.000     0.000 r  design_1_i/zynq_ultra_ps_e_0/inst/PS8_i/PLCLK[0]
                         net (fo=1, routed)           0.164     0.164    design_1_i/zynq_ultra_ps_e_0/inst/pl_clk_unbuffered[0]
    BUFG_PS_X0Y80        BUFG_PS (Prop_BUFG_PS_I_O)
                                                      0.023     0.187 r  design_1_i/zynq_ultra_ps_e_0/inst/buffer_pl_clk_0.PL_CLK_0_BUFG/O
    X1Y1 (CLOCK_ROOT)    net (fo=10070, routed)       1.895     2.082    design_1_i/ps8_0_axi_periph/m01_couplers/auto_ds/inst/gen_downsizer.gen_simple_downsizer.axi_downsizer_inst/USE_WRITE.write_addr_inst/USE_B_CHANNEL.cmd_b_queue/inst/fifo_gen_inst/inst_fifo_gen/gconvfifo.rf/grf.rf/gntv_or_sync_fifo.gl0.rd/rpntr/clk
    SLICE_X11Y137        FDCE                                         r  design_1_i/ps8_0_axi_periph/m01_couplers/auto_ds/inst/gen_downsizer.gen_simple_downsizer.axi_downsizer_inst/USE_WRITE.write_addr_inst/USE_B_CHANNEL.cmd_b_queue/inst/fifo_gen_inst/inst_fifo_gen/gconvfifo.rf/grf.rf/gntv_or_sync_fifo.gl0.rd/rpntr/gc0.count_reg[1]/C
                         clock pessimism             -0.152     1.930    
    SLICE_X11Y137        FDCE (Remov_DFF_SLICEL_C_CLR)
                                                     -0.018     1.912    design_1_i/ps8_0_axi_periph/m01_couplers/auto_ds/inst/gen_downsizer.gen_simple_downsizer.axi_downsizer_inst/USE_WRITE.write_addr_inst/USE_B_CHANNEL.cmd_b_queue/inst/fifo_gen_inst/inst_fifo_gen/gconvfifo.rf/grf.rf/gntv_or_sync_fifo.gl0.rd/rpntr/gc0.count_reg[1]
  -------------------------------------------------------------------
                         required time                         -1.912    
                         arrival time                           2.148    
  -------------------------------------------------------------------
                         slack                                  0.236    

Slack (MET) :             0.236ns  (arrival time - required time)
  Source:                 design_1_i/ps8_0_axi_periph/m01_couplers/auto_ds/inst/gen_downsizer.gen_simple_downsizer.axi_downsizer_inst/USE_WRITE.write_addr_inst/USE_B_CHANNEL.cmd_b_queue/inst/fifo_gen_inst/inst_fifo_gen/gconvfifo.rf/grf.rf/rstblk/ngwrdrst.grst.g7serrst.gnsckt_wrst.rst_wr_reg2_inst/arststages_ff_reg[1]/C
                            (rising edge-triggered cell FDPE clocked by clk_pl_0  {rise@0.000ns fall@5.000ns period=10.000ns})
  Destination:            design_1_i/ps8_0_axi_periph/m01_couplers/auto_ds/inst/gen_downsizer.gen_simple_downsizer.axi_downsizer_inst/USE_WRITE.write_addr_inst/USE_B_CHANNEL.cmd_b_queue/inst/fifo_gen_inst/inst_fifo_gen/gconvfifo.rf/grf.rf/gntv_or_sync_fifo.gl0.rd/rpntr/gc0.count_reg[2]/CLR
                            (removal check against rising-edge clock clk_pl_0  {rise@0.000ns fall@5.000ns period=10.000ns})
  Path Group:             **async_default**
  Path Type:              Removal (Min at Fast Process Corner)
  Requirement:            0.000ns  (clk_pl_0 rise@0.000ns - clk_pl_0 rise@0.000ns)
  Data Path Delay:        0.265ns  (logic 0.121ns (45.646%)  route 0.144ns (54.354%))
  Logic Levels:           1  (LUT3=1)
  Clock Path Skew:        0.047ns (DCD - SCD - CPR)
    Destination Clock Delay (DCD):    2.082ns
    Source Clock Delay      (SCD):    1.883ns
    Clock Pessimism Removal (CPR):    0.152ns
  Clock Net Delay (Source):      1.732ns (routing 0.886ns, distribution 0.846ns)
  Clock Net Delay (Destination): 1.895ns (routing 0.971ns, distribution 0.924ns)

    Location             Delay type                Incr(ns)  Path(ns)    Netlist Resource(s)
  -------------------------------------------------------------------    -------------------
                         (clock clk_pl_0 rise edge)
                                                      0.000     0.000 r  
    PS8_X0Y0             PS8                          0.000     0.000 r  design_1_i/zynq_ultra_ps_e_0/inst/PS8_i/PLCLK[0]
                         net (fo=1, routed)           0.129     0.129    design_1_i/zynq_ultra_ps_e_0/inst/pl_clk_unbuffered[0]
    BUFG_PS_X0Y80        BUFG_PS (Prop_BUFG_PS_I_O)
                                                      0.022     0.151 r  design_1_i/zynq_ultra_ps_e_0/inst/buffer_pl_clk_0.PL_CLK_0_BUFG/O
    X1Y1 (CLOCK_ROOT)    net (fo=10070, routed)       1.732     1.883    design_1_i/ps8_0_axi_periph/m01_couplers/auto_ds/inst/gen_downsizer.gen_simple_downsizer.axi_downsizer_inst/USE_WRITE.write_addr_inst/USE_B_CHANNEL.cmd_b_queue/inst/fifo_gen_inst/inst_fifo_gen/gconvfifo.rf/grf.rf/rstblk/ngwrdrst.grst.g7serrst.gnsckt_wrst.rst_wr_reg2_inst/dest_clk
    SLICE_X12Y136        FDPE                                         r  design_1_i/ps8_0_axi_periph/m01_couplers/auto_ds/inst/gen_downsizer.gen_simple_downsizer.axi_downsizer_inst/USE_WRITE.write_addr_inst/USE_B_CHANNEL.cmd_b_queue/inst/fifo_gen_inst/inst_fifo_gen/gconvfifo.rf/grf.rf/rstblk/ngwrdrst.grst.g7serrst.gnsckt_wrst.rst_wr_reg2_inst/arststages_ff_reg[1]/C
  -------------------------------------------------------------------    -------------------
    SLICE_X12Y136        FDPE (Prop_AFF2_SLICEM_C_Q)
                                                      0.084     1.967 f  design_1_i/ps8_0_axi_periph/m01_couplers/auto_ds/inst/gen_downsizer.gen_simple_downsizer.axi_downsizer_inst/USE_WRITE.write_addr_inst/USE_B_CHANNEL.cmd_b_queue/inst/fifo_gen_inst/inst_fifo_gen/gconvfifo.rf/grf.rf/rstblk/ngwrdrst.grst.g7serrst.gnsckt_wrst.rst_wr_reg2_inst/arststages_ff_reg[1]/Q
                         net (fo=3, routed)           0.055     2.022    design_1_i/ps8_0_axi_periph/m01_couplers/auto_ds/inst/gen_downsizer.gen_simple_downsizer.axi_downsizer_inst/USE_WRITE.write_addr_inst/USE_B_CHANNEL.cmd_b_queue/inst/fifo_gen_inst/inst_fifo_gen/gconvfifo.rf/grf.rf/rstblk/ngwrdrst.rst_wr_reg2
    SLICE_X11Y136        LUT3 (Prop_G6LUT_SLICEL_I2_O)
                                                      0.037     2.059 f  design_1_i/ps8_0_axi_periph/m01_couplers/auto_ds/inst/gen_downsizer.gen_simple_downsizer.axi_downsizer_inst/USE_WRITE.write_addr_inst/USE_B_CHANNEL.cmd_b_queue/inst/fifo_gen_inst/inst_fifo_gen/gconvfifo.rf/grf.rf/rstblk/gpregsm1.curr_fwft_state[1]_i_2/O
                         net (fo=32, routed)          0.089     2.148    design_1_i/ps8_0_axi_periph/m01_couplers/auto_ds/inst/gen_downsizer.gen_simple_downsizer.axi_downsizer_inst/USE_WRITE.write_addr_inst/USE_B_CHANNEL.cmd_b_queue/inst/fifo_gen_inst/inst_fifo_gen/gconvfifo.rf/grf.rf/gntv_or_sync_fifo.gl0.rd/rpntr/gc0.count_d1_reg[4]_1
    SLICE_X11Y137        FDCE                                         f  design_1_i/ps8_0_axi_periph/m01_couplers/auto_ds/inst/gen_downsizer.gen_simple_downsizer.axi_downsizer_inst/USE_WRITE.write_addr_inst/USE_B_CHANNEL.cmd_b_queue/inst/fifo_gen_inst/inst_fifo_gen/gconvfifo.rf/grf.rf/gntv_or_sync_fifo.gl0.rd/rpntr/gc0.count_reg[2]/CLR
  -------------------------------------------------------------------    -------------------

                         (clock clk_pl_0 rise edge)
                                                      0.000     0.000 r  
    PS8_X0Y0             PS8                          0.000     0.000 r  design_1_i/zynq_ultra_ps_e_0/inst/PS8_i/PLCLK[0]
                         net (fo=1, routed)           0.164     0.164    design_1_i/zynq_ultra_ps_e_0/inst/pl_clk_unbuffered[0]
    BUFG_PS_X0Y80        BUFG_PS (Prop_BUFG_PS_I_O)
                                                      0.023     0.187 r  design_1_i/zynq_ultra_ps_e_0/inst/buffer_pl_clk_0.PL_CLK_0_BUFG/O
    X1Y1 (CLOCK_ROOT)    net (fo=10070, routed)       1.895     2.082    design_1_i/ps8_0_axi_periph/m01_couplers/auto_ds/inst/gen_downsizer.gen_simple_downsizer.axi_downsizer_inst/USE_WRITE.write_addr_inst/USE_B_CHANNEL.cmd_b_queue/inst/fifo_gen_inst/inst_fifo_gen/gconvfifo.rf/grf.rf/gntv_or_sync_fifo.gl0.rd/rpntr/clk
    SLICE_X11Y137        FDCE                                         r  design_1_i/ps8_0_axi_periph/m01_couplers/auto_ds/inst/gen_downsizer.gen_simple_downsizer.axi_downsizer_inst/USE_WRITE.write_addr_inst/USE_B_CHANNEL.cmd_b_queue/inst/fifo_gen_inst/inst_fifo_gen/gconvfifo.rf/grf.rf/gntv_or_sync_fifo.gl0.rd/rpntr/gc0.count_reg[2]/C
                         clock pessimism             -0.152     1.930    
    SLICE_X11Y137        FDCE (Remov_DFF2_SLICEL_C_CLR)
                                                     -0.018     1.912    design_1_i/ps8_0_axi_periph/m01_couplers/auto_ds/inst/gen_downsizer.gen_simple_downsizer.axi_downsizer_inst/USE_WRITE.write_addr_inst/USE_B_CHANNEL.cmd_b_queue/inst/fifo_gen_inst/inst_fifo_gen/gconvfifo.rf/grf.rf/gntv_or_sync_fifo.gl0.rd/rpntr/gc0.count_reg[2]
  -------------------------------------------------------------------
                         required time                         -1.912    
                         arrival time                           2.148    
  -------------------------------------------------------------------
                         slack                                  0.236    

Slack (MET) :             0.236ns  (arrival time - required time)
  Source:                 design_1_i/ps8_0_axi_periph/m01_couplers/auto_ds/inst/gen_downsizer.gen_simple_downsizer.axi_downsizer_inst/USE_WRITE.write_addr_inst/USE_B_CHANNEL.cmd_b_queue/inst/fifo_gen_inst/inst_fifo_gen/gconvfifo.rf/grf.rf/rstblk/ngwrdrst.grst.g7serrst.gnsckt_wrst.rst_wr_reg2_inst/arststages_ff_reg[1]/C
                            (rising edge-triggered cell FDPE clocked by clk_pl_0  {rise@0.000ns fall@5.000ns period=10.000ns})
  Destination:            design_1_i/ps8_0_axi_periph/m01_couplers/auto_ds/inst/gen_downsizer.gen_simple_downsizer.axi_downsizer_inst/USE_WRITE.write_addr_inst/USE_B_CHANNEL.cmd_b_queue/inst/fifo_gen_inst/inst_fifo_gen/gconvfifo.rf/grf.rf/gntv_or_sync_fifo.gl0.rd/rpntr/gc0.count_reg[3]/CLR
                            (removal check against rising-edge clock clk_pl_0  {rise@0.000ns fall@5.000ns period=10.000ns})
  Path Group:             **async_default**
  Path Type:              Removal (Min at Fast Process Corner)
  Requirement:            0.000ns  (clk_pl_0 rise@0.000ns - clk_pl_0 rise@0.000ns)
  Data Path Delay:        0.265ns  (logic 0.121ns (45.646%)  route 0.144ns (54.354%))
  Logic Levels:           1  (LUT3=1)
  Clock Path Skew:        0.047ns (DCD - SCD - CPR)
    Destination Clock Delay (DCD):    2.082ns
    Source Clock Delay      (SCD):    1.883ns
    Clock Pessimism Removal (CPR):    0.152ns
  Clock Net Delay (Source):      1.732ns (routing 0.886ns, distribution 0.846ns)
  Clock Net Delay (Destination): 1.895ns (routing 0.971ns, distribution 0.924ns)

    Location             Delay type                Incr(ns)  Path(ns)    Netlist Resource(s)
  -------------------------------------------------------------------    -------------------
                         (clock clk_pl_0 rise edge)
                                                      0.000     0.000 r  
    PS8_X0Y0             PS8                          0.000     0.000 r  design_1_i/zynq_ultra_ps_e_0/inst/PS8_i/PLCLK[0]
                         net (fo=1, routed)           0.129     0.129    design_1_i/zynq_ultra_ps_e_0/inst/pl_clk_unbuffered[0]
    BUFG_PS_X0Y80        BUFG_PS (Prop_BUFG_PS_I_O)
                                                      0.022     0.151 r  design_1_i/zynq_ultra_ps_e_0/inst/buffer_pl_clk_0.PL_CLK_0_BUFG/O
    X1Y1 (CLOCK_ROOT)    net (fo=10070, routed)       1.732     1.883    design_1_i/ps8_0_axi_periph/m01_couplers/auto_ds/inst/gen_downsizer.gen_simple_downsizer.axi_downsizer_inst/USE_WRITE.write_addr_inst/USE_B_CHANNEL.cmd_b_queue/inst/fifo_gen_inst/inst_fifo_gen/gconvfifo.rf/grf.rf/rstblk/ngwrdrst.grst.g7serrst.gnsckt_wrst.rst_wr_reg2_inst/dest_clk
    SLICE_X12Y136        FDPE                                         r  design_1_i/ps8_0_axi_periph/m01_couplers/auto_ds/inst/gen_downsizer.gen_simple_downsizer.axi_downsizer_inst/USE_WRITE.write_addr_inst/USE_B_CHANNEL.cmd_b_queue/inst/fifo_gen_inst/inst_fifo_gen/gconvfifo.rf/grf.rf/rstblk/ngwrdrst.grst.g7serrst.gnsckt_wrst.rst_wr_reg2_inst/arststages_ff_reg[1]/C
  -------------------------------------------------------------------    -------------------
    SLICE_X12Y136        FDPE (Prop_AFF2_SLICEM_C_Q)
                                                      0.084     1.967 f  design_1_i/ps8_0_axi_periph/m01_couplers/auto_ds/inst/gen_downsizer.gen_simple_downsizer.axi_downsizer_inst/USE_WRITE.write_addr_inst/USE_B_CHANNEL.cmd_b_queue/inst/fifo_gen_inst/inst_fifo_gen/gconvfifo.rf/grf.rf/rstblk/ngwrdrst.grst.g7serrst.gnsckt_wrst.rst_wr_reg2_inst/arststages_ff_reg[1]/Q
                         net (fo=3, routed)           0.055     2.022    design_1_i/ps8_0_axi_periph/m01_couplers/auto_ds/inst/gen_downsizer.gen_simple_downsizer.axi_downsizer_inst/USE_WRITE.write_addr_inst/USE_B_CHANNEL.cmd_b_queue/inst/fifo_gen_inst/inst_fifo_gen/gconvfifo.rf/grf.rf/rstblk/ngwrdrst.rst_wr_reg2
    SLICE_X11Y136        LUT3 (Prop_G6LUT_SLICEL_I2_O)
                                                      0.037     2.059 f  design_1_i/ps8_0_axi_periph/m01_couplers/auto_ds/inst/gen_downsizer.gen_simple_downsizer.axi_downsizer_inst/USE_WRITE.write_addr_inst/USE_B_CHANNEL.cmd_b_queue/inst/fifo_gen_inst/inst_fifo_gen/gconvfifo.rf/grf.rf/rstblk/gpregsm1.curr_fwft_state[1]_i_2/O
                         net (fo=32, routed)          0.089     2.148    design_1_i/ps8_0_axi_periph/m01_couplers/auto_ds/inst/gen_downsizer.gen_simple_downsizer.axi_downsizer_inst/USE_WRITE.write_addr_inst/USE_B_CHANNEL.cmd_b_queue/inst/fifo_gen_inst/inst_fifo_gen/gconvfifo.rf/grf.rf/gntv_or_sync_fifo.gl0.rd/rpntr/gc0.count_d1_reg[4]_1
    SLICE_X11Y137        FDCE                                         f  design_1_i/ps8_0_axi_periph/m01_couplers/auto_ds/inst/gen_downsizer.gen_simple_downsizer.axi_downsizer_inst/USE_WRITE.write_addr_inst/USE_B_CHANNEL.cmd_b_queue/inst/fifo_gen_inst/inst_fifo_gen/gconvfifo.rf/grf.rf/gntv_or_sync_fifo.gl0.rd/rpntr/gc0.count_reg[3]/CLR
  -------------------------------------------------------------------    -------------------

                         (clock clk_pl_0 rise edge)
                                                      0.000     0.000 r  
    PS8_X0Y0             PS8                          0.000     0.000 r  design_1_i/zynq_ultra_ps_e_0/inst/PS8_i/PLCLK[0]
                         net (fo=1, routed)           0.164     0.164    design_1_i/zynq_ultra_ps_e_0/inst/pl_clk_unbuffered[0]
    BUFG_PS_X0Y80        BUFG_PS (Prop_BUFG_PS_I_O)
                                                      0.023     0.187 r  design_1_i/zynq_ultra_ps_e_0/inst/buffer_pl_clk_0.PL_CLK_0_BUFG/O
    X1Y1 (CLOCK_ROOT)    net (fo=10070, routed)       1.895     2.082    design_1_i/ps8_0_axi_periph/m01_couplers/auto_ds/inst/gen_downsizer.gen_simple_downsizer.axi_downsizer_inst/USE_WRITE.write_addr_inst/USE_B_CHANNEL.cmd_b_queue/inst/fifo_gen_inst/inst_fifo_gen/gconvfifo.rf/grf.rf/gntv_or_sync_fifo.gl0.rd/rpntr/clk
    SLICE_X11Y137        FDCE                                         r  design_1_i/ps8_0_axi_periph/m01_couplers/auto_ds/inst/gen_downsizer.gen_simple_downsizer.axi_downsizer_inst/USE_WRITE.write_addr_inst/USE_B_CHANNEL.cmd_b_queue/inst/fifo_gen_inst/inst_fifo_gen/gconvfifo.rf/grf.rf/gntv_or_sync_fifo.gl0.rd/rpntr/gc0.count_reg[3]/C
                         clock pessimism             -0.152     1.930    
    SLICE_X11Y137        FDCE (Remov_CFF_SLICEL_C_CLR)
                                                     -0.018     1.912    design_1_i/ps8_0_axi_periph/m01_couplers/auto_ds/inst/gen_downsizer.gen_simple_downsizer.axi_downsizer_inst/USE_WRITE.write_addr_inst/USE_B_CHANNEL.cmd_b_queue/inst/fifo_gen_inst/inst_fifo_gen/gconvfifo.rf/grf.rf/gntv_or_sync_fifo.gl0.rd/rpntr/gc0.count_reg[3]
  -------------------------------------------------------------------
                         required time                         -1.912    
                         arrival time                           2.148    
  -------------------------------------------------------------------
                         slack                                  0.236    

Slack (MET) :             0.236ns  (arrival time - required time)
  Source:                 design_1_i/ps8_0_axi_periph/m01_couplers/auto_ds/inst/gen_downsizer.gen_simple_downsizer.axi_downsizer_inst/USE_WRITE.write_addr_inst/USE_B_CHANNEL.cmd_b_queue/inst/fifo_gen_inst/inst_fifo_gen/gconvfifo.rf/grf.rf/rstblk/ngwrdrst.grst.g7serrst.gnsckt_wrst.rst_wr_reg2_inst/arststages_ff_reg[1]/C
                            (rising edge-triggered cell FDPE clocked by clk_pl_0  {rise@0.000ns fall@5.000ns period=10.000ns})
  Destination:            design_1_i/ps8_0_axi_periph/m01_couplers/auto_ds/inst/gen_downsizer.gen_simple_downsizer.axi_downsizer_inst/USE_WRITE.write_addr_inst/USE_B_CHANNEL.cmd_b_queue/inst/fifo_gen_inst/inst_fifo_gen/gconvfifo.rf/grf.rf/gntv_or_sync_fifo.gl0.rd/rpntr/gc0.count_reg[4]/CLR
                            (removal check against rising-edge clock clk_pl_0  {rise@0.000ns fall@5.000ns period=10.000ns})
  Path Group:             **async_default**
  Path Type:              Removal (Min at Fast Process Corner)
  Requirement:            0.000ns  (clk_pl_0 rise@0.000ns - clk_pl_0 rise@0.000ns)
  Data Path Delay:        0.265ns  (logic 0.121ns (45.646%)  route 0.144ns (54.354%))
  Logic Levels:           1  (LUT3=1)
  Clock Path Skew:        0.047ns (DCD - SCD - CPR)
    Destination Clock Delay (DCD):    2.082ns
    Source Clock Delay      (SCD):    1.883ns
    Clock Pessimism Removal (CPR):    0.152ns
  Clock Net Delay (Source):      1.732ns (routing 0.886ns, distribution 0.846ns)
  Clock Net Delay (Destination): 1.895ns (routing 0.971ns, distribution 0.924ns)

    Location             Delay type                Incr(ns)  Path(ns)    Netlist Resource(s)
  -------------------------------------------------------------------    -------------------
                         (clock clk_pl_0 rise edge)
                                                      0.000     0.000 r  
    PS8_X0Y0             PS8                          0.000     0.000 r  design_1_i/zynq_ultra_ps_e_0/inst/PS8_i/PLCLK[0]
                         net (fo=1, routed)           0.129     0.129    design_1_i/zynq_ultra_ps_e_0/inst/pl_clk_unbuffered[0]
    BUFG_PS_X0Y80        BUFG_PS (Prop_BUFG_PS_I_O)
                                                      0.022     0.151 r  design_1_i/zynq_ultra_ps_e_0/inst/buffer_pl_clk_0.PL_CLK_0_BUFG/O
    X1Y1 (CLOCK_ROOT)    net (fo=10070, routed)       1.732     1.883    design_1_i/ps8_0_axi_periph/m01_couplers/auto_ds/inst/gen_downsizer.gen_simple_downsizer.axi_downsizer_inst/USE_WRITE.write_addr_inst/USE_B_CHANNEL.cmd_b_queue/inst/fifo_gen_inst/inst_fifo_gen/gconvfifo.rf/grf.rf/rstblk/ngwrdrst.grst.g7serrst.gnsckt_wrst.rst_wr_reg2_inst/dest_clk
    SLICE_X12Y136        FDPE                                         r  design_1_i/ps8_0_axi_periph/m01_couplers/auto_ds/inst/gen_downsizer.gen_simple_downsizer.axi_downsizer_inst/USE_WRITE.write_addr_inst/USE_B_CHANNEL.cmd_b_queue/inst/fifo_gen_inst/inst_fifo_gen/gconvfifo.rf/grf.rf/rstblk/ngwrdrst.grst.g7serrst.gnsckt_wrst.rst_wr_reg2_inst/arststages_ff_reg[1]/C
  -------------------------------------------------------------------    -------------------
    SLICE_X12Y136        FDPE (Prop_AFF2_SLICEM_C_Q)
                                                      0.084     1.967 f  design_1_i/ps8_0_axi_periph/m01_couplers/auto_ds/inst/gen_downsizer.gen_simple_downsizer.axi_downsizer_inst/USE_WRITE.write_addr_inst/USE_B_CHANNEL.cmd_b_queue/inst/fifo_gen_inst/inst_fifo_gen/gconvfifo.rf/grf.rf/rstblk/ngwrdrst.grst.g7serrst.gnsckt_wrst.rst_wr_reg2_inst/arststages_ff_reg[1]/Q
                         net (fo=3, routed)           0.055     2.022    design_1_i/ps8_0_axi_periph/m01_couplers/auto_ds/inst/gen_downsizer.gen_simple_downsizer.axi_downsizer_inst/USE_WRITE.write_addr_inst/USE_B_CHANNEL.cmd_b_queue/inst/fifo_gen_inst/inst_fifo_gen/gconvfifo.rf/grf.rf/rstblk/ngwrdrst.rst_wr_reg2
    SLICE_X11Y136        LUT3 (Prop_G6LUT_SLICEL_I2_O)
                                                      0.037     2.059 f  design_1_i/ps8_0_axi_periph/m01_couplers/auto_ds/inst/gen_downsizer.gen_simple_downsizer.axi_downsizer_inst/USE_WRITE.write_addr_inst/USE_B_CHANNEL.cmd_b_queue/inst/fifo_gen_inst/inst_fifo_gen/gconvfifo.rf/grf.rf/rstblk/gpregsm1.curr_fwft_state[1]_i_2/O
                         net (fo=32, routed)          0.089     2.148    design_1_i/ps8_0_axi_periph/m01_couplers/auto_ds/inst/gen_downsizer.gen_simple_downsizer.axi_downsizer_inst/USE_WRITE.write_addr_inst/USE_B_CHANNEL.cmd_b_queue/inst/fifo_gen_inst/inst_fifo_gen/gconvfifo.rf/grf.rf/gntv_or_sync_fifo.gl0.rd/rpntr/gc0.count_d1_reg[4]_1
    SLICE_X11Y137        FDCE                                         f  design_1_i/ps8_0_axi_periph/m01_couplers/auto_ds/inst/gen_downsizer.gen_simple_downsizer.axi_downsizer_inst/USE_WRITE.write_addr_inst/USE_B_CHANNEL.cmd_b_queue/inst/fifo_gen_inst/inst_fifo_gen/gconvfifo.rf/grf.rf/gntv_or_sync_fifo.gl0.rd/rpntr/gc0.count_reg[4]/CLR
  -------------------------------------------------------------------    -------------------

                         (clock clk_pl_0 rise edge)
                                                      0.000     0.000 r  
    PS8_X0Y0             PS8                          0.000     0.000 r  design_1_i/zynq_ultra_ps_e_0/inst/PS8_i/PLCLK[0]
                         net (fo=1, routed)           0.164     0.164    design_1_i/zynq_ultra_ps_e_0/inst/pl_clk_unbuffered[0]
    BUFG_PS_X0Y80        BUFG_PS (Prop_BUFG_PS_I_O)
                                                      0.023     0.187 r  design_1_i/zynq_ultra_ps_e_0/inst/buffer_pl_clk_0.PL_CLK_0_BUFG/O
    X1Y1 (CLOCK_ROOT)    net (fo=10070, routed)       1.895     2.082    design_1_i/ps8_0_axi_periph/m01_couplers/auto_ds/inst/gen_downsizer.gen_simple_downsizer.axi_downsizer_inst/USE_WRITE.write_addr_inst/USE_B_CHANNEL.cmd_b_queue/inst/fifo_gen_inst/inst_fifo_gen/gconvfifo.rf/grf.rf/gntv_or_sync_fifo.gl0.rd/rpntr/clk
    SLICE_X11Y137        FDCE                                         r  design_1_i/ps8_0_axi_periph/m01_couplers/auto_ds/inst/gen_downsizer.gen_simple_downsizer.axi_downsizer_inst/USE_WRITE.write_addr_inst/USE_B_CHANNEL.cmd_b_queue/inst/fifo_gen_inst/inst_fifo_gen/gconvfifo.rf/grf.rf/gntv_or_sync_fifo.gl0.rd/rpntr/gc0.count_reg[4]/C
                         clock pessimism             -0.152     1.930    
    SLICE_X11Y137        FDCE (Remov_CFF2_SLICEL_C_CLR)
                                                     -0.018     1.912    design_1_i/ps8_0_axi_periph/m01_couplers/auto_ds/inst/gen_downsizer.gen_simple_downsizer.axi_downsizer_inst/USE_WRITE.write_addr_inst/USE_B_CHANNEL.cmd_b_queue/inst/fifo_gen_inst/inst_fifo_gen/gconvfifo.rf/grf.rf/gntv_or_sync_fifo.gl0.rd/rpntr/gc0.count_reg[4]
  -------------------------------------------------------------------
                         required time                         -1.912    
                         arrival time                           2.148    
  -------------------------------------------------------------------
                         slack                                  0.236    

Slack (MET) :             0.237ns  (arrival time - required time)
  Source:                 design_1_i/ps8_0_axi_periph/m02_couplers/auto_ds/inst/gen_downsizer.gen_simple_downsizer.axi_downsizer_inst/USE_WRITE.write_addr_inst/cmd_queue/inst/fifo_gen_inst/inst_fifo_gen/gconvfifo.rf/grf.rf/rstblk/ngwrdrst.grst.g7serrst.gnsckt_wrst.rst_wr_reg2_inst/arststages_ff_reg[1]/C
                            (rising edge-triggered cell FDPE clocked by clk_pl_0  {rise@0.000ns fall@5.000ns period=10.000ns})
  Destination:            design_1_i/ps8_0_axi_periph/m02_couplers/auto_ds/inst/gen_downsizer.gen_simple_downsizer.axi_downsizer_inst/USE_WRITE.write_addr_inst/cmd_queue/inst/fifo_gen_inst/inst_fifo_gen/gconvfifo.rf/grf.rf/gntv_or_sync_fifo.gl0.rd/gr1.gr1_int.rfwft/empty_fwft_fb_o_i_reg/PRE
                            (removal check against rising-edge clock clk_pl_0  {rise@0.000ns fall@5.000ns period=10.000ns})
  Path Group:             **async_default**
  Path Type:              Removal (Min at Fast Process Corner)
  Requirement:            0.000ns  (clk_pl_0 rise@0.000ns - clk_pl_0 rise@0.000ns)
  Data Path Delay:        0.275ns  (logic 0.105ns (38.167%)  route 0.170ns (61.833%))
  Logic Levels:           1  (LUT3=1)
  Clock Path Skew:        0.056ns (DCD - SCD - CPR)
    Destination Clock Delay (DCD):    2.105ns
    Source Clock Delay      (SCD):    1.898ns
    Clock Pessimism Removal (CPR):    0.152ns
  Clock Net Delay (Source):      1.747ns (routing 0.886ns, distribution 0.861ns)
  Clock Net Delay (Destination): 1.918ns (routing 0.971ns, distribution 0.947ns)

    Location             Delay type                Incr(ns)  Path(ns)    Netlist Resource(s)
  -------------------------------------------------------------------    -------------------
                         (clock clk_pl_0 rise edge)
                                                      0.000     0.000 r  
    PS8_X0Y0             PS8                          0.000     0.000 r  design_1_i/zynq_ultra_ps_e_0/inst/PS8_i/PLCLK[0]
                         net (fo=1, routed)           0.129     0.129    design_1_i/zynq_ultra_ps_e_0/inst/pl_clk_unbuffered[0]
    BUFG_PS_X0Y80        BUFG_PS (Prop_BUFG_PS_I_O)
                                                      0.022     0.151 r  design_1_i/zynq_ultra_ps_e_0/inst/buffer_pl_clk_0.PL_CLK_0_BUFG/O
    X1Y1 (CLOCK_ROOT)    net (fo=10070, routed)       1.747     1.898    design_1_i/ps8_0_axi_periph/m02_couplers/auto_ds/inst/gen_downsizer.gen_simple_downsizer.axi_downsizer_inst/USE_WRITE.write_addr_inst/cmd_queue/inst/fifo_gen_inst/inst_fifo_gen/gconvfifo.rf/grf.rf/rstblk/ngwrdrst.grst.g7serrst.gnsckt_wrst.rst_wr_reg2_inst/dest_clk
    SLICE_X0Y137         FDPE                                         r  design_1_i/ps8_0_axi_periph/m02_couplers/auto_ds/inst/gen_downsizer.gen_simple_downsizer.axi_downsizer_inst/USE_WRITE.write_addr_inst/cmd_queue/inst/fifo_gen_inst/inst_fifo_gen/gconvfifo.rf/grf.rf/rstblk/ngwrdrst.grst.g7serrst.gnsckt_wrst.rst_wr_reg2_inst/arststages_ff_reg[1]/C
  -------------------------------------------------------------------    -------------------
    SLICE_X0Y137         FDPE (Prop_AFF2_SLICEL_C_Q)
                                                      0.085     1.983 f  design_1_i/ps8_0_axi_periph/m02_couplers/auto_ds/inst/gen_downsizer.gen_simple_downsizer.axi_downsizer_inst/USE_WRITE.write_addr_inst/cmd_queue/inst/fifo_gen_inst/inst_fifo_gen/gconvfifo.rf/grf.rf/rstblk/ngwrdrst.grst.g7serrst.gnsckt_wrst.rst_wr_reg2_inst/arststages_ff_reg[1]/Q
                         net (fo=3, routed)           0.074     2.056    design_1_i/ps8_0_axi_periph/m02_couplers/auto_ds/inst/gen_downsizer.gen_simple_downsizer.axi_downsizer_inst/USE_WRITE.write_addr_inst/cmd_queue/inst/fifo_gen_inst/inst_fifo_gen/gconvfifo.rf/grf.rf/rstblk/ngwrdrst.rst_wr_reg2
    SLICE_X0Y137         LUT3 (Prop_G6LUT_SLICEL_I2_O)
                                                      0.020     2.076 f  design_1_i/ps8_0_axi_periph/m02_couplers/auto_ds/inst/gen_downsizer.gen_simple_downsizer.axi_downsizer_inst/USE_WRITE.write_addr_inst/cmd_queue/inst/fifo_gen_inst/inst_fifo_gen/gconvfifo.rf/grf.rf/rstblk/gpregsm1.curr_fwft_state[1]_i_2/O
                         net (fo=32, routed)          0.096     2.173    design_1_i/ps8_0_axi_periph/m02_couplers/auto_ds/inst/gen_downsizer.gen_simple_downsizer.axi_downsizer_inst/USE_WRITE.write_addr_inst/cmd_queue/inst/fifo_gen_inst/inst_fifo_gen/gconvfifo.rf/grf.rf/gntv_or_sync_fifo.gl0.rd/gr1.gr1_int.rfwft/gpregsm1.user_valid_reg_0
    SLICE_X1Y137         FDPE                                         f  design_1_i/ps8_0_axi_periph/m02_couplers/auto_ds/inst/gen_downsizer.gen_simple_downsizer.axi_downsizer_inst/USE_WRITE.write_addr_inst/cmd_queue/inst/fifo_gen_inst/inst_fifo_gen/gconvfifo.rf/grf.rf/gntv_or_sync_fifo.gl0.rd/gr1.gr1_int.rfwft/empty_fwft_fb_o_i_reg/PRE
  -------------------------------------------------------------------    -------------------

                         (clock clk_pl_0 rise edge)
                                                      0.000     0.000 r  
    PS8_X0Y0             PS8                          0.000     0.000 r  design_1_i/zynq_ultra_ps_e_0/inst/PS8_i/PLCLK[0]
                         net (fo=1, routed)           0.164     0.164    design_1_i/zynq_ultra_ps_e_0/inst/pl_clk_unbuffered[0]
    BUFG_PS_X0Y80        BUFG_PS (Prop_BUFG_PS_I_O)
                                                      0.023     0.187 r  design_1_i/zynq_ultra_ps_e_0/inst/buffer_pl_clk_0.PL_CLK_0_BUFG/O
    X1Y1 (CLOCK_ROOT)    net (fo=10070, routed)       1.918     2.105    design_1_i/ps8_0_axi_periph/m02_couplers/auto_ds/inst/gen_downsizer.gen_simple_downsizer.axi_downsizer_inst/USE_WRITE.write_addr_inst/cmd_queue/inst/fifo_gen_inst/inst_fifo_gen/gconvfifo.rf/grf.rf/gntv_or_sync_fifo.gl0.rd/gr1.gr1_int.rfwft/clk
    SLICE_X1Y137         FDPE                                         r  design_1_i/ps8_0_axi_periph/m02_couplers/auto_ds/inst/gen_downsizer.gen_simple_downsizer.axi_downsizer_inst/USE_WRITE.write_addr_inst/cmd_queue/inst/fifo_gen_inst/inst_fifo_gen/gconvfifo.rf/grf.rf/gntv_or_sync_fifo.gl0.rd/gr1.gr1_int.rfwft/empty_fwft_fb_o_i_reg/C
                         clock pessimism             -0.152     1.954    
    SLICE_X1Y137         FDPE (Remov_DFF2_SLICEM_C_PRE)
                                                     -0.018     1.936    design_1_i/ps8_0_axi_periph/m02_couplers/auto_ds/inst/gen_downsizer.gen_simple_downsizer.axi_downsizer_inst/USE_WRITE.write_addr_inst/cmd_queue/inst/fifo_gen_inst/inst_fifo_gen/gconvfifo.rf/grf.rf/gntv_or_sync_fifo.gl0.rd/gr1.gr1_int.rfwft/empty_fwft_fb_o_i_reg
  -------------------------------------------------------------------
                         required time                         -1.936    
                         arrival time                           2.173    
  -------------------------------------------------------------------
                         slack                                  0.237    

Slack (MET) :             0.237ns  (arrival time - required time)
  Source:                 design_1_i/ps8_0_axi_periph/m02_couplers/auto_ds/inst/gen_downsizer.gen_simple_downsizer.axi_downsizer_inst/USE_WRITE.write_addr_inst/cmd_queue/inst/fifo_gen_inst/inst_fifo_gen/gconvfifo.rf/grf.rf/rstblk/ngwrdrst.grst.g7serrst.gnsckt_wrst.rst_wr_reg2_inst/arststages_ff_reg[1]/C
                            (rising edge-triggered cell FDPE clocked by clk_pl_0  {rise@0.000ns fall@5.000ns period=10.000ns})
  Destination:            design_1_i/ps8_0_axi_periph/m02_couplers/auto_ds/inst/gen_downsizer.gen_simple_downsizer.axi_downsizer_inst/USE_WRITE.write_addr_inst/cmd_queue/inst/fifo_gen_inst/inst_fifo_gen/gconvfifo.rf/grf.rf/gntv_or_sync_fifo.gl0.wr/gwss.wsts/ram_full_i_reg/CLR
                            (removal check against rising-edge clock clk_pl_0  {rise@0.000ns fall@5.000ns period=10.000ns})
  Path Group:             **async_default**
  Path Type:              Removal (Min at Fast Process Corner)
  Requirement:            0.000ns  (clk_pl_0 rise@0.000ns - clk_pl_0 rise@0.000ns)
  Data Path Delay:        0.275ns  (logic 0.105ns (38.167%)  route 0.170ns (61.833%))
  Logic Levels:           1  (LUT3=1)
  Clock Path Skew:        0.056ns (DCD - SCD - CPR)
    Destination Clock Delay (DCD):    2.105ns
    Source Clock Delay      (SCD):    1.898ns
    Clock Pessimism Removal (CPR):    0.152ns
  Clock Net Delay (Source):      1.747ns (routing 0.886ns, distribution 0.861ns)
  Clock Net Delay (Destination): 1.918ns (routing 0.971ns, distribution 0.947ns)

    Location             Delay type                Incr(ns)  Path(ns)    Netlist Resource(s)
  -------------------------------------------------------------------    -------------------
                         (clock clk_pl_0 rise edge)
                                                      0.000     0.000 r  
    PS8_X0Y0             PS8                          0.000     0.000 r  design_1_i/zynq_ultra_ps_e_0/inst/PS8_i/PLCLK[0]
                         net (fo=1, routed)           0.129     0.129    design_1_i/zynq_ultra_ps_e_0/inst/pl_clk_unbuffered[0]
    BUFG_PS_X0Y80        BUFG_PS (Prop_BUFG_PS_I_O)
                                                      0.022     0.151 r  design_1_i/zynq_ultra_ps_e_0/inst/buffer_pl_clk_0.PL_CLK_0_BUFG/O
    X1Y1 (CLOCK_ROOT)    net (fo=10070, routed)       1.747     1.898    design_1_i/ps8_0_axi_periph/m02_couplers/auto_ds/inst/gen_downsizer.gen_simple_downsizer.axi_downsizer_inst/USE_WRITE.write_addr_inst/cmd_queue/inst/fifo_gen_inst/inst_fifo_gen/gconvfifo.rf/grf.rf/rstblk/ngwrdrst.grst.g7serrst.gnsckt_wrst.rst_wr_reg2_inst/dest_clk
    SLICE_X0Y137         FDPE                                         r  design_1_i/ps8_0_axi_periph/m02_couplers/auto_ds/inst/gen_downsizer.gen_simple_downsizer.axi_downsizer_inst/USE_WRITE.write_addr_inst/cmd_queue/inst/fifo_gen_inst/inst_fifo_gen/gconvfifo.rf/grf.rf/rstblk/ngwrdrst.grst.g7serrst.gnsckt_wrst.rst_wr_reg2_inst/arststages_ff_reg[1]/C
  -------------------------------------------------------------------    -------------------
    SLICE_X0Y137         FDPE (Prop_AFF2_SLICEL_C_Q)
                                                      0.085     1.983 f  design_1_i/ps8_0_axi_periph/m02_couplers/auto_ds/inst/gen_downsizer.gen_simple_downsizer.axi_downsizer_inst/USE_WRITE.write_addr_inst/cmd_queue/inst/fifo_gen_inst/inst_fifo_gen/gconvfifo.rf/grf.rf/rstblk/ngwrdrst.grst.g7serrst.gnsckt_wrst.rst_wr_reg2_inst/arststages_ff_reg[1]/Q
                         net (fo=3, routed)           0.074     2.056    design_1_i/ps8_0_axi_periph/m02_couplers/auto_ds/inst/gen_downsizer.gen_simple_downsizer.axi_downsizer_inst/USE_WRITE.write_addr_inst/cmd_queue/inst/fifo_gen_inst/inst_fifo_gen/gconvfifo.rf/grf.rf/rstblk/ngwrdrst.rst_wr_reg2
    SLICE_X0Y137         LUT3 (Prop_G6LUT_SLICEL_I2_O)
                                                      0.020     2.076 f  design_1_i/ps8_0_axi_periph/m02_couplers/auto_ds/inst/gen_downsizer.gen_simple_downsizer.axi_downsizer_inst/USE_WRITE.write_addr_inst/cmd_queue/inst/fifo_gen_inst/inst_fifo_gen/gconvfifo.rf/grf.rf/rstblk/gpregsm1.curr_fwft_state[1]_i_2/O
                         net (fo=32, routed)          0.096     2.173    design_1_i/ps8_0_axi_periph/m02_couplers/auto_ds/inst/gen_downsizer.gen_simple_downsizer.axi_downsizer_inst/USE_WRITE.write_addr_inst/cmd_queue/inst/fifo_gen_inst/inst_fifo_gen/gconvfifo.rf/grf.rf/gntv_or_sync_fifo.gl0.wr/gwss.wsts/AR[0]
    SLICE_X1Y137         FDCE                                         f  design_1_i/ps8_0_axi_periph/m02_couplers/auto_ds/inst/gen_downsizer.gen_simple_downsizer.axi_downsizer_inst/USE_WRITE.write_addr_inst/cmd_queue/inst/fifo_gen_inst/inst_fifo_gen/gconvfifo.rf/grf.rf/gntv_or_sync_fifo.gl0.wr/gwss.wsts/ram_full_i_reg/CLR
  -------------------------------------------------------------------    -------------------

                         (clock clk_pl_0 rise edge)
                                                      0.000     0.000 r  
    PS8_X0Y0             PS8                          0.000     0.000 r  design_1_i/zynq_ultra_ps_e_0/inst/PS8_i/PLCLK[0]
                         net (fo=1, routed)           0.164     0.164    design_1_i/zynq_ultra_ps_e_0/inst/pl_clk_unbuffered[0]
    BUFG_PS_X0Y80        BUFG_PS (Prop_BUFG_PS_I_O)
                                                      0.023     0.187 r  design_1_i/zynq_ultra_ps_e_0/inst/buffer_pl_clk_0.PL_CLK_0_BUFG/O
    X1Y1 (CLOCK_ROOT)    net (fo=10070, routed)       1.918     2.105    design_1_i/ps8_0_axi_periph/m02_couplers/auto_ds/inst/gen_downsizer.gen_simple_downsizer.axi_downsizer_inst/USE_WRITE.write_addr_inst/cmd_queue/inst/fifo_gen_inst/inst_fifo_gen/gconvfifo.rf/grf.rf/gntv_or_sync_fifo.gl0.wr/gwss.wsts/clk
    SLICE_X1Y137         FDCE                                         r  design_1_i/ps8_0_axi_periph/m02_couplers/auto_ds/inst/gen_downsizer.gen_simple_downsizer.axi_downsizer_inst/USE_WRITE.write_addr_inst/cmd_queue/inst/fifo_gen_inst/inst_fifo_gen/gconvfifo.rf/grf.rf/gntv_or_sync_fifo.gl0.wr/gwss.wsts/ram_full_i_reg/C
                         clock pessimism             -0.152     1.954    
    SLICE_X1Y137         FDCE (Remov_AFF_SLICEM_C_CLR)
                                                     -0.018     1.936    design_1_i/ps8_0_axi_periph/m02_couplers/auto_ds/inst/gen_downsizer.gen_simple_downsizer.axi_downsizer_inst/USE_WRITE.write_addr_inst/cmd_queue/inst/fifo_gen_inst/inst_fifo_gen/gconvfifo.rf/grf.rf/gntv_or_sync_fifo.gl0.wr/gwss.wsts/ram_full_i_reg
  -------------------------------------------------------------------
                         required time                         -1.936    
                         arrival time                           2.173    
  -------------------------------------------------------------------
                         slack                                  0.237    





--------------------------------------------------------------------------------------
Path Group:  (none)
From Clock:  
  To Clock:  clk_pl_0

Max Delay             1 Endpoint
Min Delay             1 Endpoint
--------------------------------------------------------------------------------------


Max Delay Paths
--------------------------------------------------------------------------------------
Slack:                    inf
  Source:                 design_1_i/zynq_ultra_ps_e_0/inst/PS8_i/EMIOGPIOO[95]
                            (internal pin)
  Destination:            design_1_i/rst_ps8_0_99M/U0/EXT_LPF/ACTIVE_LOW_EXT.ACT_LO_EXT/GENERATE_LEVEL_P_S_CDC.SINGLE_BIT.CROSS_PLEVEL_IN2SCNDRY_IN_cdc_to/D
                            (rising edge-triggered cell FDRE clocked by clk_pl_0  {rise@0.000ns fall@5.000ns period=10.000ns})
  Path Group:             (none)
  Path Type:              Setup (Max at Slow Process Corner)
  Data Path Delay:        2.466ns  (logic 0.228ns (9.246%)  route 2.238ns (90.754%))
  Logic Levels:           1  (LUT1=1)
  Clock Uncertainty:      0.158ns  ((TSJ^2 + DJ^2)^1/2) / 2 + PE
    Total System Jitter     (TSJ):    0.050ns
    Discrete Jitter          (DJ):    0.312ns
    Phase Error              (PE):    0.000ns
  Clock Net Delay (Destination): 2.824ns (routing 1.450ns, distribution 1.374ns)
  Timing Exception:       False Path

    Location             Delay type                Incr(ns)  Path(ns)    Netlist Resource(s)
  -------------------------------------------------------------------    -------------------
    PS8_X0Y0             PS8                          0.000     0.000 f  design_1_i/zynq_ultra_ps_e_0/inst/PS8_i/EMIOGPIOO[95]
                         net (fo=1, routed)           2.001     2.001    design_1_i/rst_ps8_0_99M/U0/EXT_LPF/ACTIVE_LOW_EXT.ACT_LO_EXT/ext_reset_in
    SLICE_X8Y70          LUT1 (Prop_H6LUT_SLICEM_I0_O)
                                                      0.228     2.229 r  design_1_i/rst_ps8_0_99M/U0/EXT_LPF/ACTIVE_LOW_EXT.ACT_LO_EXT/GENERATE_LEVEL_P_S_CDC.SINGLE_BIT.CROSS_PLEVEL_IN2SCNDRY_IN_cdc_to_i_1/O
                         net (fo=1, routed)           0.237     2.466    design_1_i/rst_ps8_0_99M/U0/EXT_LPF/ACTIVE_LOW_EXT.ACT_LO_EXT/exr_d1
    SLICE_X8Y70          FDRE                                         r  design_1_i/rst_ps8_0_99M/U0/EXT_LPF/ACTIVE_LOW_EXT.ACT_LO_EXT/GENERATE_LEVEL_P_S_CDC.SINGLE_BIT.CROSS_PLEVEL_IN2SCNDRY_IN_cdc_to/D
  -------------------------------------------------------------------    -------------------

                         (clock clk_pl_0 rise edge)
                                                      0.000     0.000 r  
    PS8_X0Y0             PS8                          0.000     0.000 r  design_1_i/zynq_ultra_ps_e_0/inst/PS8_i/PLCLK[0]
                         net (fo=1, routed)           0.181     0.181    design_1_i/zynq_ultra_ps_e_0/inst/pl_clk_unbuffered[0]
    BUFG_PS_X0Y80        BUFG_PS (Prop_BUFG_PS_I_O)
                                                      0.035     0.216 r  design_1_i/zynq_ultra_ps_e_0/inst/buffer_pl_clk_0.PL_CLK_0_BUFG/O
    X1Y1 (CLOCK_ROOT)    net (fo=10070, routed)       2.824     3.040    design_1_i/rst_ps8_0_99M/U0/EXT_LPF/ACTIVE_LOW_EXT.ACT_LO_EXT/slowest_sync_clk
    SLICE_X8Y70          FDRE                                         r  design_1_i/rst_ps8_0_99M/U0/EXT_LPF/ACTIVE_LOW_EXT.ACT_LO_EXT/GENERATE_LEVEL_P_S_CDC.SINGLE_BIT.CROSS_PLEVEL_IN2SCNDRY_IN_cdc_to/C





Min Delay Paths
--------------------------------------------------------------------------------------
Slack:                    inf
  Source:                 design_1_i/zynq_ultra_ps_e_0/inst/PS8_i/EMIOGPIOO[95]
                            (internal pin)
  Destination:            design_1_i/rst_ps8_0_99M/U0/EXT_LPF/ACTIVE_LOW_EXT.ACT_LO_EXT/GENERATE_LEVEL_P_S_CDC.SINGLE_BIT.CROSS_PLEVEL_IN2SCNDRY_IN_cdc_to/D
                            (rising edge-triggered cell FDRE clocked by clk_pl_0  {rise@0.000ns fall@5.000ns period=10.000ns})
  Path Group:             (none)
  Path Type:              Hold (Min at Fast Process Corner)
  Data Path Delay:        0.992ns  (logic 0.106ns (10.685%)  route 0.886ns (89.315%))
  Logic Levels:           1  (LUT1=1)
  Clock Uncertainty:      0.158ns  ((TSJ^2 + DJ^2)^1/2) / 2 + PE
    Total System Jitter     (TSJ):    0.050ns
    Discrete Jitter          (DJ):    0.312ns
    Phase Error              (PE):    0.000ns
  Clock Net Delay (Destination): 1.877ns (routing 0.971ns, distribution 0.906ns)
  Timing Exception:       False Path

    Location             Delay type                Incr(ns)  Path(ns)    Netlist Resource(s)
  -------------------------------------------------------------------    -------------------
    PS8_X0Y0             PS8                          0.000     0.000 f  design_1_i/zynq_ultra_ps_e_0/inst/PS8_i/EMIOGPIOO[95]
                         net (fo=1, routed)           0.820     0.820    design_1_i/rst_ps8_0_99M/U0/EXT_LPF/ACTIVE_LOW_EXT.ACT_LO_EXT/ext_reset_in
    SLICE_X8Y70          LUT1 (Prop_H6LUT_SLICEM_I0_O)
                                                      0.106     0.926 r  design_1_i/rst_ps8_0_99M/U0/EXT_LPF/ACTIVE_LOW_EXT.ACT_LO_EXT/GENERATE_LEVEL_P_S_CDC.SINGLE_BIT.CROSS_PLEVEL_IN2SCNDRY_IN_cdc_to_i_1/O
                         net (fo=1, routed)           0.066     0.992    design_1_i/rst_ps8_0_99M/U0/EXT_LPF/ACTIVE_LOW_EXT.ACT_LO_EXT/exr_d1
    SLICE_X8Y70          FDRE                                         r  design_1_i/rst_ps8_0_99M/U0/EXT_LPF/ACTIVE_LOW_EXT.ACT_LO_EXT/GENERATE_LEVEL_P_S_CDC.SINGLE_BIT.CROSS_PLEVEL_IN2SCNDRY_IN_cdc_to/D
  -------------------------------------------------------------------    -------------------

                         (clock clk_pl_0 rise edge)
                                                      0.000     0.000 r  
    PS8_X0Y0             PS8                          0.000     0.000 r  design_1_i/zynq_ultra_ps_e_0/inst/PS8_i/PLCLK[0]
                         net (fo=1, routed)           0.164     0.164    design_1_i/zynq_ultra_ps_e_0/inst/pl_clk_unbuffered[0]
    BUFG_PS_X0Y80        BUFG_PS (Prop_BUFG_PS_I_O)
                                                      0.023     0.187 r  design_1_i/zynq_ultra_ps_e_0/inst/buffer_pl_clk_0.PL_CLK_0_BUFG/O
    X1Y1 (CLOCK_ROOT)    net (fo=10070, routed)       1.877     2.064    design_1_i/rst_ps8_0_99M/U0/EXT_LPF/ACTIVE_LOW_EXT.ACT_LO_EXT/slowest_sync_clk
    SLICE_X8Y70          FDRE                                         r  design_1_i/rst_ps8_0_99M/U0/EXT_LPF/ACTIVE_LOW_EXT.ACT_LO_EXT/GENERATE_LEVEL_P_S_CDC.SINGLE_BIT.CROSS_PLEVEL_IN2SCNDRY_IN_cdc_to/C





--------------------------------------------------------------------------------------
Path Group:  (none)
From Clock:  clk_pl_0
  To Clock:  clk_pl_0

Max Delay            18 Endpoints
Min Delay            18 Endpoints
--------------------------------------------------------------------------------------


Max Delay Paths
--------------------------------------------------------------------------------------
Slack:                    inf
  Source:                 design_1_i/rst_ps8_0_99M/U0/ACTIVE_LOW_PR_OUT_DFF[0].FDRE_PER_N/C
                            (rising edge-triggered cell FDRE clocked by clk_pl_0  {rise@0.000ns fall@5.000ns period=10.000ns})
  Destination:            design_1_i/ps8_0_axi_periph/m02_couplers/auto_ds/inst/gen_downsizer.gen_simple_downsizer.axi_downsizer_inst/USE_WRITE.write_addr_inst/USE_B_CHANNEL.cmd_b_queue/inst/fifo_gen_inst/inst_fifo_gen/gconvfifo.rf/grf.rf/rstblk/ngwrdrst.grst.g7serrst.gnsckt_wrst.rst_wr_reg2_inst/arststages_ff_reg[0]/PRE
                            (recovery check against rising-edge clock clk_pl_0  {rise@0.000ns fall@5.000ns period=10.000ns})
  Path Group:             (none)
  Path Type:              Recovery (Max at Slow Process Corner)
  Data Path Delay:        3.188ns  (logic 0.158ns (4.956%)  route 3.030ns (95.044%))
  Logic Levels:           1  (BUFGCE=1)
  Clock Path Skew:        -0.275ns (DCD - SCD + CPR)
    Destination Clock Delay (DCD):    3.089ns
    Source Clock Delay      (SCD):    3.364ns
    Clock Pessimism Removal (CPR):    0.000ns
  Clock Uncertainty:      0.160ns  ((TSJ^2 + DJ^2)^1/2) / 2 + PE
    Total System Jitter     (TSJ):    0.071ns
    Discrete Jitter          (DJ):    0.312ns
    Phase Error              (PE):    0.000ns
  Clock Net Delay (Source):      3.097ns (routing 1.584ns, distribution 1.513ns)
  Clock Net Delay (Destination): 2.873ns (routing 1.450ns, distribution 1.423ns)
  Timing Exception:       False Path

    Location             Delay type                Incr(ns)  Path(ns)    Netlist Resource(s)
  -------------------------------------------------------------------    -------------------
                         (clock clk_pl_0 rise edge)
                                                      0.000     0.000 r  
    PS8_X0Y0             PS8                          0.000     0.000 r  design_1_i/zynq_ultra_ps_e_0/inst/PS8_i/PLCLK[0]
                         net (fo=1, routed)           0.229     0.229    design_1_i/zynq_ultra_ps_e_0/inst/pl_clk_unbuffered[0]
    BUFG_PS_X0Y80        BUFG_PS (Prop_BUFG_PS_I_O)
                                                      0.038     0.267 r  design_1_i/zynq_ultra_ps_e_0/inst/buffer_pl_clk_0.PL_CLK_0_BUFG/O
    X1Y1 (CLOCK_ROOT)    net (fo=10070, routed)       3.097     3.364    design_1_i/rst_ps8_0_99M/U0/slowest_sync_clk
    SLICE_X11Y67         FDRE                                         r  design_1_i/rst_ps8_0_99M/U0/ACTIVE_LOW_PR_OUT_DFF[0].FDRE_PER_N/C
  -------------------------------------------------------------------    -------------------
    SLICE_X11Y67         FDRE (Prop_AFF_SLICEL_C_Q)
                                                      0.114     3.478 r  design_1_i/rst_ps8_0_99M/U0/ACTIVE_LOW_PR_OUT_DFF[0].FDRE_PER_N/Q
                         net (fo=1, routed)           1.380     4.858    design_1_i/rst_ps8_0_99M/U0/peripheral_aresetn[0]_bufg_place
    BUFGCE_X0Y26         BUFGCE (Prop_BUFCE_BUFGCE_I_O)
                                                      0.044     4.902 r  design_1_i/rst_ps8_0_99M/U0/ACTIVE_LOW_PR_OUT_DFF[0].FDRE_PER_N_bufg_place/O
                         net (fo=2786, routed)        1.650     6.552    design_1_i/ps8_0_axi_periph/m02_couplers/auto_ds/inst/gen_downsizer.gen_simple_downsizer.axi_downsizer_inst/USE_WRITE.write_addr_inst/USE_B_CHANNEL.cmd_b_queue/inst/fifo_gen_inst/inst_fifo_gen/gconvfifo.rf/grf.rf/rstblk/ngwrdrst.grst.g7serrst.gnsckt_wrst.rst_wr_reg2_inst/src_arst
    SLICE_X4Y139         FDPE                                         f  design_1_i/ps8_0_axi_periph/m02_couplers/auto_ds/inst/gen_downsizer.gen_simple_downsizer.axi_downsizer_inst/USE_WRITE.write_addr_inst/USE_B_CHANNEL.cmd_b_queue/inst/fifo_gen_inst/inst_fifo_gen/gconvfifo.rf/grf.rf/rstblk/ngwrdrst.grst.g7serrst.gnsckt_wrst.rst_wr_reg2_inst/arststages_ff_reg[0]/PRE  (IS_INVERTED)
  -------------------------------------------------------------------    -------------------

                         (clock clk_pl_0 rise edge)
                                                      0.000     0.000 r  
    PS8_X0Y0             PS8                          0.000     0.000 r  design_1_i/zynq_ultra_ps_e_0/inst/PS8_i/PLCLK[0]
                         net (fo=1, routed)           0.181     0.181    design_1_i/zynq_ultra_ps_e_0/inst/pl_clk_unbuffered[0]
    BUFG_PS_X0Y80        BUFG_PS (Prop_BUFG_PS_I_O)
                                                      0.035     0.216 r  design_1_i/zynq_ultra_ps_e_0/inst/buffer_pl_clk_0.PL_CLK_0_BUFG/O
    X1Y1 (CLOCK_ROOT)    net (fo=10070, routed)       2.873     3.089    design_1_i/ps8_0_axi_periph/m02_couplers/auto_ds/inst/gen_downsizer.gen_simple_downsizer.axi_downsizer_inst/USE_WRITE.write_addr_inst/USE_B_CHANNEL.cmd_b_queue/inst/fifo_gen_inst/inst_fifo_gen/gconvfifo.rf/grf.rf/rstblk/ngwrdrst.grst.g7serrst.gnsckt_wrst.rst_wr_reg2_inst/dest_clk
    SLICE_X4Y139         FDPE                                         r  design_1_i/ps8_0_axi_periph/m02_couplers/auto_ds/inst/gen_downsizer.gen_simple_downsizer.axi_downsizer_inst/USE_WRITE.write_addr_inst/USE_B_CHANNEL.cmd_b_queue/inst/fifo_gen_inst/inst_fifo_gen/gconvfifo.rf/grf.rf/rstblk/ngwrdrst.grst.g7serrst.gnsckt_wrst.rst_wr_reg2_inst/arststages_ff_reg[0]/C

Slack:                    inf
  Source:                 design_1_i/rst_ps8_0_99M/U0/ACTIVE_LOW_PR_OUT_DFF[0].FDRE_PER_N/C
                            (rising edge-triggered cell FDRE clocked by clk_pl_0  {rise@0.000ns fall@5.000ns period=10.000ns})
  Destination:            design_1_i/ps8_0_axi_periph/m02_couplers/auto_ds/inst/gen_downsizer.gen_simple_downsizer.axi_downsizer_inst/USE_WRITE.write_addr_inst/USE_B_CHANNEL.cmd_b_queue/inst/fifo_gen_inst/inst_fifo_gen/gconvfifo.rf/grf.rf/rstblk/ngwrdrst.grst.g7serrst.gnsckt_wrst.rst_wr_reg2_inst/arststages_ff_reg[1]/PRE
                            (recovery check against rising-edge clock clk_pl_0  {rise@0.000ns fall@5.000ns period=10.000ns})
  Path Group:             (none)
  Path Type:              Recovery (Max at Slow Process Corner)
  Data Path Delay:        3.188ns  (logic 0.158ns (4.956%)  route 3.030ns (95.044%))
  Logic Levels:           1  (BUFGCE=1)
  Clock Path Skew:        -0.275ns (DCD - SCD + CPR)
    Destination Clock Delay (DCD):    3.089ns
    Source Clock Delay      (SCD):    3.364ns
    Clock Pessimism Removal (CPR):    0.000ns
  Clock Uncertainty:      0.160ns  ((TSJ^2 + DJ^2)^1/2) / 2 + PE
    Total System Jitter     (TSJ):    0.071ns
    Discrete Jitter          (DJ):    0.312ns
    Phase Error              (PE):    0.000ns
  Clock Net Delay (Source):      3.097ns (routing 1.584ns, distribution 1.513ns)
  Clock Net Delay (Destination): 2.873ns (routing 1.450ns, distribution 1.423ns)
  Timing Exception:       False Path

    Location             Delay type                Incr(ns)  Path(ns)    Netlist Resource(s)
  -------------------------------------------------------------------    -------------------
                         (clock clk_pl_0 rise edge)
                                                      0.000     0.000 r  
    PS8_X0Y0             PS8                          0.000     0.000 r  design_1_i/zynq_ultra_ps_e_0/inst/PS8_i/PLCLK[0]
                         net (fo=1, routed)           0.229     0.229    design_1_i/zynq_ultra_ps_e_0/inst/pl_clk_unbuffered[0]
    BUFG_PS_X0Y80        BUFG_PS (Prop_BUFG_PS_I_O)
                                                      0.038     0.267 r  design_1_i/zynq_ultra_ps_e_0/inst/buffer_pl_clk_0.PL_CLK_0_BUFG/O
    X1Y1 (CLOCK_ROOT)    net (fo=10070, routed)       3.097     3.364    design_1_i/rst_ps8_0_99M/U0/slowest_sync_clk
    SLICE_X11Y67         FDRE                                         r  design_1_i/rst_ps8_0_99M/U0/ACTIVE_LOW_PR_OUT_DFF[0].FDRE_PER_N/C
  -------------------------------------------------------------------    -------------------
    SLICE_X11Y67         FDRE (Prop_AFF_SLICEL_C_Q)
                                                      0.114     3.478 r  design_1_i/rst_ps8_0_99M/U0/ACTIVE_LOW_PR_OUT_DFF[0].FDRE_PER_N/Q
                         net (fo=1, routed)           1.380     4.858    design_1_i/rst_ps8_0_99M/U0/peripheral_aresetn[0]_bufg_place
    BUFGCE_X0Y26         BUFGCE (Prop_BUFCE_BUFGCE_I_O)
                                                      0.044     4.902 r  design_1_i/rst_ps8_0_99M/U0/ACTIVE_LOW_PR_OUT_DFF[0].FDRE_PER_N_bufg_place/O
                         net (fo=2786, routed)        1.650     6.552    design_1_i/ps8_0_axi_periph/m02_couplers/auto_ds/inst/gen_downsizer.gen_simple_downsizer.axi_downsizer_inst/USE_WRITE.write_addr_inst/USE_B_CHANNEL.cmd_b_queue/inst/fifo_gen_inst/inst_fifo_gen/gconvfifo.rf/grf.rf/rstblk/ngwrdrst.grst.g7serrst.gnsckt_wrst.rst_wr_reg2_inst/src_arst
    SLICE_X4Y139         FDPE                                         f  design_1_i/ps8_0_axi_periph/m02_couplers/auto_ds/inst/gen_downsizer.gen_simple_downsizer.axi_downsizer_inst/USE_WRITE.write_addr_inst/USE_B_CHANNEL.cmd_b_queue/inst/fifo_gen_inst/inst_fifo_gen/gconvfifo.rf/grf.rf/rstblk/ngwrdrst.grst.g7serrst.gnsckt_wrst.rst_wr_reg2_inst/arststages_ff_reg[1]/PRE  (IS_INVERTED)
  -------------------------------------------------------------------    -------------------

                         (clock clk_pl_0 rise edge)
                                                      0.000     0.000 r  
    PS8_X0Y0             PS8                          0.000     0.000 r  design_1_i/zynq_ultra_ps_e_0/inst/PS8_i/PLCLK[0]
                         net (fo=1, routed)           0.181     0.181    design_1_i/zynq_ultra_ps_e_0/inst/pl_clk_unbuffered[0]
    BUFG_PS_X0Y80        BUFG_PS (Prop_BUFG_PS_I_O)
                                                      0.035     0.216 r  design_1_i/zynq_ultra_ps_e_0/inst/buffer_pl_clk_0.PL_CLK_0_BUFG/O
    X1Y1 (CLOCK_ROOT)    net (fo=10070, routed)       2.873     3.089    design_1_i/ps8_0_axi_periph/m02_couplers/auto_ds/inst/gen_downsizer.gen_simple_downsizer.axi_downsizer_inst/USE_WRITE.write_addr_inst/USE_B_CHANNEL.cmd_b_queue/inst/fifo_gen_inst/inst_fifo_gen/gconvfifo.rf/grf.rf/rstblk/ngwrdrst.grst.g7serrst.gnsckt_wrst.rst_wr_reg2_inst/dest_clk
    SLICE_X4Y139         FDPE                                         r  design_1_i/ps8_0_axi_periph/m02_couplers/auto_ds/inst/gen_downsizer.gen_simple_downsizer.axi_downsizer_inst/USE_WRITE.write_addr_inst/USE_B_CHANNEL.cmd_b_queue/inst/fifo_gen_inst/inst_fifo_gen/gconvfifo.rf/grf.rf/rstblk/ngwrdrst.grst.g7serrst.gnsckt_wrst.rst_wr_reg2_inst/arststages_ff_reg[1]/C

Slack:                    inf
  Source:                 design_1_i/rst_ps8_0_99M/U0/ACTIVE_LOW_PR_OUT_DFF[0].FDRE_PER_N/C
                            (rising edge-triggered cell FDRE clocked by clk_pl_0  {rise@0.000ns fall@5.000ns period=10.000ns})
  Destination:            design_1_i/ps8_0_axi_periph/m00_couplers/auto_ds/inst/gen_downsizer.gen_simple_downsizer.axi_downsizer_inst/USE_WRITE.write_addr_inst/cmd_queue/inst/fifo_gen_inst/inst_fifo_gen/gconvfifo.rf/grf.rf/rstblk/ngwrdrst.grst.g7serrst.gnsckt_wrst.rst_wr_reg2_inst/arststages_ff_reg[0]/PRE
                            (recovery check against rising-edge clock clk_pl_0  {rise@0.000ns fall@5.000ns period=10.000ns})
  Path Group:             (none)
  Path Type:              Recovery (Max at Slow Process Corner)
  Data Path Delay:        3.177ns  (logic 0.158ns (4.973%)  route 3.019ns (95.027%))
  Logic Levels:           1  (BUFGCE=1)
  Clock Path Skew:        -0.284ns (DCD - SCD + CPR)
    Destination Clock Delay (DCD):    3.080ns
    Source Clock Delay      (SCD):    3.364ns
    Clock Pessimism Removal (CPR):    0.000ns
  Clock Uncertainty:      0.160ns  ((TSJ^2 + DJ^2)^1/2) / 2 + PE
    Total System Jitter     (TSJ):    0.071ns
    Discrete Jitter          (DJ):    0.312ns
    Phase Error              (PE):    0.000ns
  Clock Net Delay (Source):      3.097ns (routing 1.584ns, distribution 1.513ns)
  Clock Net Delay (Destination): 2.864ns (routing 1.450ns, distribution 1.414ns)
  Timing Exception:       False Path

    Location             Delay type                Incr(ns)  Path(ns)    Netlist Resource(s)
  -------------------------------------------------------------------    -------------------
                         (clock clk_pl_0 rise edge)
                                                      0.000     0.000 r  
    PS8_X0Y0             PS8                          0.000     0.000 r  design_1_i/zynq_ultra_ps_e_0/inst/PS8_i/PLCLK[0]
                         net (fo=1, routed)           0.229     0.229    design_1_i/zynq_ultra_ps_e_0/inst/pl_clk_unbuffered[0]
    BUFG_PS_X0Y80        BUFG_PS (Prop_BUFG_PS_I_O)
                                                      0.038     0.267 r  design_1_i/zynq_ultra_ps_e_0/inst/buffer_pl_clk_0.PL_CLK_0_BUFG/O
    X1Y1 (CLOCK_ROOT)    net (fo=10070, routed)       3.097     3.364    design_1_i/rst_ps8_0_99M/U0/slowest_sync_clk
    SLICE_X11Y67         FDRE                                         r  design_1_i/rst_ps8_0_99M/U0/ACTIVE_LOW_PR_OUT_DFF[0].FDRE_PER_N/C
  -------------------------------------------------------------------    -------------------
    SLICE_X11Y67         FDRE (Prop_AFF_SLICEL_C_Q)
                                                      0.114     3.478 r  design_1_i/rst_ps8_0_99M/U0/ACTIVE_LOW_PR_OUT_DFF[0].FDRE_PER_N/Q
                         net (fo=1, routed)           1.380     4.858    design_1_i/rst_ps8_0_99M/U0/peripheral_aresetn[0]_bufg_place
    BUFGCE_X0Y26         BUFGCE (Prop_BUFCE_BUFGCE_I_O)
                                                      0.044     4.902 r  design_1_i/rst_ps8_0_99M/U0/ACTIVE_LOW_PR_OUT_DFF[0].FDRE_PER_N_bufg_place/O
                         net (fo=2786, routed)        1.639     6.541    design_1_i/ps8_0_axi_periph/m00_couplers/auto_ds/inst/gen_downsizer.gen_simple_downsizer.axi_downsizer_inst/USE_WRITE.write_addr_inst/cmd_queue/inst/fifo_gen_inst/inst_fifo_gen/gconvfifo.rf/grf.rf/rstblk/ngwrdrst.grst.g7serrst.gnsckt_wrst.rst_wr_reg2_inst/src_arst
    SLICE_X10Y143        FDPE                                         f  design_1_i/ps8_0_axi_periph/m00_couplers/auto_ds/inst/gen_downsizer.gen_simple_downsizer.axi_downsizer_inst/USE_WRITE.write_addr_inst/cmd_queue/inst/fifo_gen_inst/inst_fifo_gen/gconvfifo.rf/grf.rf/rstblk/ngwrdrst.grst.g7serrst.gnsckt_wrst.rst_wr_reg2_inst/arststages_ff_reg[0]/PRE  (IS_INVERTED)
  -------------------------------------------------------------------    -------------------

                         (clock clk_pl_0 rise edge)
                                                      0.000     0.000 r  
    PS8_X0Y0             PS8                          0.000     0.000 r  design_1_i/zynq_ultra_ps_e_0/inst/PS8_i/PLCLK[0]
                         net (fo=1, routed)           0.181     0.181    design_1_i/zynq_ultra_ps_e_0/inst/pl_clk_unbuffered[0]
    BUFG_PS_X0Y80        BUFG_PS (Prop_BUFG_PS_I_O)
                                                      0.035     0.216 r  design_1_i/zynq_ultra_ps_e_0/inst/buffer_pl_clk_0.PL_CLK_0_BUFG/O
    X1Y1 (CLOCK_ROOT)    net (fo=10070, routed)       2.864     3.080    design_1_i/ps8_0_axi_periph/m00_couplers/auto_ds/inst/gen_downsizer.gen_simple_downsizer.axi_downsizer_inst/USE_WRITE.write_addr_inst/cmd_queue/inst/fifo_gen_inst/inst_fifo_gen/gconvfifo.rf/grf.rf/rstblk/ngwrdrst.grst.g7serrst.gnsckt_wrst.rst_wr_reg2_inst/dest_clk
    SLICE_X10Y143        FDPE                                         r  design_1_i/ps8_0_axi_periph/m00_couplers/auto_ds/inst/gen_downsizer.gen_simple_downsizer.axi_downsizer_inst/USE_WRITE.write_addr_inst/cmd_queue/inst/fifo_gen_inst/inst_fifo_gen/gconvfifo.rf/grf.rf/rstblk/ngwrdrst.grst.g7serrst.gnsckt_wrst.rst_wr_reg2_inst/arststages_ff_reg[0]/C

Slack:                    inf
  Source:                 design_1_i/rst_ps8_0_99M/U0/ACTIVE_LOW_PR_OUT_DFF[0].FDRE_PER_N/C
                            (rising edge-triggered cell FDRE clocked by clk_pl_0  {rise@0.000ns fall@5.000ns period=10.000ns})
  Destination:            design_1_i/ps8_0_axi_periph/m00_couplers/auto_ds/inst/gen_downsizer.gen_simple_downsizer.axi_downsizer_inst/USE_WRITE.write_addr_inst/cmd_queue/inst/fifo_gen_inst/inst_fifo_gen/gconvfifo.rf/grf.rf/rstblk/ngwrdrst.grst.g7serrst.gnsckt_wrst.rst_wr_reg2_inst/arststages_ff_reg[1]/PRE
                            (recovery check against rising-edge clock clk_pl_0  {rise@0.000ns fall@5.000ns period=10.000ns})
  Path Group:             (none)
  Path Type:              Recovery (Max at Slow Process Corner)
  Data Path Delay:        3.177ns  (logic 0.158ns (4.973%)  route 3.019ns (95.027%))
  Logic Levels:           1  (BUFGCE=1)
  Clock Path Skew:        -0.284ns (DCD - SCD + CPR)
    Destination Clock Delay (DCD):    3.080ns
    Source Clock Delay      (SCD):    3.364ns
    Clock Pessimism Removal (CPR):    0.000ns
  Clock Uncertainty:      0.160ns  ((TSJ^2 + DJ^2)^1/2) / 2 + PE
    Total System Jitter     (TSJ):    0.071ns
    Discrete Jitter          (DJ):    0.312ns
    Phase Error              (PE):    0.000ns
  Clock Net Delay (Source):      3.097ns (routing 1.584ns, distribution 1.513ns)
  Clock Net Delay (Destination): 2.864ns (routing 1.450ns, distribution 1.414ns)
  Timing Exception:       False Path

    Location             Delay type                Incr(ns)  Path(ns)    Netlist Resource(s)
  -------------------------------------------------------------------    -------------------
                         (clock clk_pl_0 rise edge)
                                                      0.000     0.000 r  
    PS8_X0Y0             PS8                          0.000     0.000 r  design_1_i/zynq_ultra_ps_e_0/inst/PS8_i/PLCLK[0]
                         net (fo=1, routed)           0.229     0.229    design_1_i/zynq_ultra_ps_e_0/inst/pl_clk_unbuffered[0]
    BUFG_PS_X0Y80        BUFG_PS (Prop_BUFG_PS_I_O)
                                                      0.038     0.267 r  design_1_i/zynq_ultra_ps_e_0/inst/buffer_pl_clk_0.PL_CLK_0_BUFG/O
    X1Y1 (CLOCK_ROOT)    net (fo=10070, routed)       3.097     3.364    design_1_i/rst_ps8_0_99M/U0/slowest_sync_clk
    SLICE_X11Y67         FDRE                                         r  design_1_i/rst_ps8_0_99M/U0/ACTIVE_LOW_PR_OUT_DFF[0].FDRE_PER_N/C
  -------------------------------------------------------------------    -------------------
    SLICE_X11Y67         FDRE (Prop_AFF_SLICEL_C_Q)
                                                      0.114     3.478 r  design_1_i/rst_ps8_0_99M/U0/ACTIVE_LOW_PR_OUT_DFF[0].FDRE_PER_N/Q
                         net (fo=1, routed)           1.380     4.858    design_1_i/rst_ps8_0_99M/U0/peripheral_aresetn[0]_bufg_place
    BUFGCE_X0Y26         BUFGCE (Prop_BUFCE_BUFGCE_I_O)
                                                      0.044     4.902 r  design_1_i/rst_ps8_0_99M/U0/ACTIVE_LOW_PR_OUT_DFF[0].FDRE_PER_N_bufg_place/O
                         net (fo=2786, routed)        1.639     6.541    design_1_i/ps8_0_axi_periph/m00_couplers/auto_ds/inst/gen_downsizer.gen_simple_downsizer.axi_downsizer_inst/USE_WRITE.write_addr_inst/cmd_queue/inst/fifo_gen_inst/inst_fifo_gen/gconvfifo.rf/grf.rf/rstblk/ngwrdrst.grst.g7serrst.gnsckt_wrst.rst_wr_reg2_inst/src_arst
    SLICE_X10Y143        FDPE                                         f  design_1_i/ps8_0_axi_periph/m00_couplers/auto_ds/inst/gen_downsizer.gen_simple_downsizer.axi_downsizer_inst/USE_WRITE.write_addr_inst/cmd_queue/inst/fifo_gen_inst/inst_fifo_gen/gconvfifo.rf/grf.rf/rstblk/ngwrdrst.grst.g7serrst.gnsckt_wrst.rst_wr_reg2_inst/arststages_ff_reg[1]/PRE  (IS_INVERTED)
  -------------------------------------------------------------------    -------------------

                         (clock clk_pl_0 rise edge)
                                                      0.000     0.000 r  
    PS8_X0Y0             PS8                          0.000     0.000 r  design_1_i/zynq_ultra_ps_e_0/inst/PS8_i/PLCLK[0]
                         net (fo=1, routed)           0.181     0.181    design_1_i/zynq_ultra_ps_e_0/inst/pl_clk_unbuffered[0]
    BUFG_PS_X0Y80        BUFG_PS (Prop_BUFG_PS_I_O)
                                                      0.035     0.216 r  design_1_i/zynq_ultra_ps_e_0/inst/buffer_pl_clk_0.PL_CLK_0_BUFG/O
    X1Y1 (CLOCK_ROOT)    net (fo=10070, routed)       2.864     3.080    design_1_i/ps8_0_axi_periph/m00_couplers/auto_ds/inst/gen_downsizer.gen_simple_downsizer.axi_downsizer_inst/USE_WRITE.write_addr_inst/cmd_queue/inst/fifo_gen_inst/inst_fifo_gen/gconvfifo.rf/grf.rf/rstblk/ngwrdrst.grst.g7serrst.gnsckt_wrst.rst_wr_reg2_inst/dest_clk
    SLICE_X10Y143        FDPE                                         r  design_1_i/ps8_0_axi_periph/m00_couplers/auto_ds/inst/gen_downsizer.gen_simple_downsizer.axi_downsizer_inst/USE_WRITE.write_addr_inst/cmd_queue/inst/fifo_gen_inst/inst_fifo_gen/gconvfifo.rf/grf.rf/rstblk/ngwrdrst.grst.g7serrst.gnsckt_wrst.rst_wr_reg2_inst/arststages_ff_reg[1]/C

Slack:                    inf
  Source:                 design_1_i/rst_ps8_0_99M/U0/ACTIVE_LOW_PR_OUT_DFF[0].FDRE_PER_N/C
                            (rising edge-triggered cell FDRE clocked by clk_pl_0  {rise@0.000ns fall@5.000ns period=10.000ns})
  Destination:            design_1_i/ps8_0_axi_periph/m01_couplers/auto_ds/inst/gen_downsizer.gen_simple_downsizer.axi_downsizer_inst/USE_WRITE.write_addr_inst/cmd_queue/inst/fifo_gen_inst/inst_fifo_gen/gconvfifo.rf/grf.rf/rstblk/ngwrdrst.grst.g7serrst.gnsckt_wrst.rst_wr_reg2_inst/arststages_ff_reg[0]/PRE
                            (recovery check against rising-edge clock clk_pl_0  {rise@0.000ns fall@5.000ns period=10.000ns})
  Path Group:             (none)
  Path Type:              Recovery (Max at Slow Process Corner)
  Data Path Delay:        3.177ns  (logic 0.158ns (4.973%)  route 3.019ns (95.027%))
  Logic Levels:           1  (BUFGCE=1)
  Clock Path Skew:        -0.265ns (DCD - SCD + CPR)
    Destination Clock Delay (DCD):    3.100ns
    Source Clock Delay      (SCD):    3.364ns
    Clock Pessimism Removal (CPR):    0.000ns
  Clock Uncertainty:      0.160ns  ((TSJ^2 + DJ^2)^1/2) / 2 + PE
    Total System Jitter     (TSJ):    0.071ns
    Discrete Jitter          (DJ):    0.312ns
    Phase Error              (PE):    0.000ns
  Clock Net Delay (Source):      3.097ns (routing 1.584ns, distribution 1.513ns)
  Clock Net Delay (Destination): 2.884ns (routing 1.450ns, distribution 1.434ns)
  Timing Exception:       False Path

    Location             Delay type                Incr(ns)  Path(ns)    Netlist Resource(s)
  -------------------------------------------------------------------    -------------------
                         (clock clk_pl_0 rise edge)
                                                      0.000     0.000 r  
    PS8_X0Y0             PS8                          0.000     0.000 r  design_1_i/zynq_ultra_ps_e_0/inst/PS8_i/PLCLK[0]
                         net (fo=1, routed)           0.229     0.229    design_1_i/zynq_ultra_ps_e_0/inst/pl_clk_unbuffered[0]
    BUFG_PS_X0Y80        BUFG_PS (Prop_BUFG_PS_I_O)
                                                      0.038     0.267 r  design_1_i/zynq_ultra_ps_e_0/inst/buffer_pl_clk_0.PL_CLK_0_BUFG/O
    X1Y1 (CLOCK_ROOT)    net (fo=10070, routed)       3.097     3.364    design_1_i/rst_ps8_0_99M/U0/slowest_sync_clk
    SLICE_X11Y67         FDRE                                         r  design_1_i/rst_ps8_0_99M/U0/ACTIVE_LOW_PR_OUT_DFF[0].FDRE_PER_N/C
  -------------------------------------------------------------------    -------------------
    SLICE_X11Y67         FDRE (Prop_AFF_SLICEL_C_Q)
                                                      0.114     3.478 r  design_1_i/rst_ps8_0_99M/U0/ACTIVE_LOW_PR_OUT_DFF[0].FDRE_PER_N/Q
                         net (fo=1, routed)           1.380     4.858    design_1_i/rst_ps8_0_99M/U0/peripheral_aresetn[0]_bufg_place
    BUFGCE_X0Y26         BUFGCE (Prop_BUFCE_BUFGCE_I_O)
                                                      0.044     4.902 r  design_1_i/rst_ps8_0_99M/U0/ACTIVE_LOW_PR_OUT_DFF[0].FDRE_PER_N_bufg_place/O
                         net (fo=2786, routed)        1.639     6.541    design_1_i/ps8_0_axi_periph/m01_couplers/auto_ds/inst/gen_downsizer.gen_simple_downsizer.axi_downsizer_inst/USE_WRITE.write_addr_inst/cmd_queue/inst/fifo_gen_inst/inst_fifo_gen/gconvfifo.rf/grf.rf/rstblk/ngwrdrst.grst.g7serrst.gnsckt_wrst.rst_wr_reg2_inst/src_arst
    SLICE_X6Y126         FDPE                                         f  design_1_i/ps8_0_axi_periph/m01_couplers/auto_ds/inst/gen_downsizer.gen_simple_downsizer.axi_downsizer_inst/USE_WRITE.write_addr_inst/cmd_queue/inst/fifo_gen_inst/inst_fifo_gen/gconvfifo.rf/grf.rf/rstblk/ngwrdrst.grst.g7serrst.gnsckt_wrst.rst_wr_reg2_inst/arststages_ff_reg[0]/PRE  (IS_INVERTED)
  -------------------------------------------------------------------    -------------------

                         (clock clk_pl_0 rise edge)
                                                      0.000     0.000 r  
    PS8_X0Y0             PS8                          0.000     0.000 r  design_1_i/zynq_ultra_ps_e_0/inst/PS8_i/PLCLK[0]
                         net (fo=1, routed)           0.181     0.181    design_1_i/zynq_ultra_ps_e_0/inst/pl_clk_unbuffered[0]
    BUFG_PS_X0Y80        BUFG_PS (Prop_BUFG_PS_I_O)
                                                      0.035     0.216 r  design_1_i/zynq_ultra_ps_e_0/inst/buffer_pl_clk_0.PL_CLK_0_BUFG/O
    X1Y1 (CLOCK_ROOT)    net (fo=10070, routed)       2.884     3.100    design_1_i/ps8_0_axi_periph/m01_couplers/auto_ds/inst/gen_downsizer.gen_simple_downsizer.axi_downsizer_inst/USE_WRITE.write_addr_inst/cmd_queue/inst/fifo_gen_inst/inst_fifo_gen/gconvfifo.rf/grf.rf/rstblk/ngwrdrst.grst.g7serrst.gnsckt_wrst.rst_wr_reg2_inst/dest_clk
    SLICE_X6Y126         FDPE                                         r  design_1_i/ps8_0_axi_periph/m01_couplers/auto_ds/inst/gen_downsizer.gen_simple_downsizer.axi_downsizer_inst/USE_WRITE.write_addr_inst/cmd_queue/inst/fifo_gen_inst/inst_fifo_gen/gconvfifo.rf/grf.rf/rstblk/ngwrdrst.grst.g7serrst.gnsckt_wrst.rst_wr_reg2_inst/arststages_ff_reg[0]/C

Slack:                    inf
  Source:                 design_1_i/rst_ps8_0_99M/U0/ACTIVE_LOW_PR_OUT_DFF[0].FDRE_PER_N/C
                            (rising edge-triggered cell FDRE clocked by clk_pl_0  {rise@0.000ns fall@5.000ns period=10.000ns})
  Destination:            design_1_i/ps8_0_axi_periph/m01_couplers/auto_ds/inst/gen_downsizer.gen_simple_downsizer.axi_downsizer_inst/USE_WRITE.write_addr_inst/cmd_queue/inst/fifo_gen_inst/inst_fifo_gen/gconvfifo.rf/grf.rf/rstblk/ngwrdrst.grst.g7serrst.gnsckt_wrst.rst_wr_reg2_inst/arststages_ff_reg[1]/PRE
                            (recovery check against rising-edge clock clk_pl_0  {rise@0.000ns fall@5.000ns period=10.000ns})
  Path Group:             (none)
  Path Type:              Recovery (Max at Slow Process Corner)
  Data Path Delay:        3.177ns  (logic 0.158ns (4.973%)  route 3.019ns (95.027%))
  Logic Levels:           1  (BUFGCE=1)
  Clock Path Skew:        -0.265ns (DCD - SCD + CPR)
    Destination Clock Delay (DCD):    3.100ns
    Source Clock Delay      (SCD):    3.364ns
    Clock Pessimism Removal (CPR):    0.000ns
  Clock Uncertainty:      0.160ns  ((TSJ^2 + DJ^2)^1/2) / 2 + PE
    Total System Jitter     (TSJ):    0.071ns
    Discrete Jitter          (DJ):    0.312ns
    Phase Error              (PE):    0.000ns
  Clock Net Delay (Source):      3.097ns (routing 1.584ns, distribution 1.513ns)
  Clock Net Delay (Destination): 2.884ns (routing 1.450ns, distribution 1.434ns)
  Timing Exception:       False Path

    Location             Delay type                Incr(ns)  Path(ns)    Netlist Resource(s)
  -------------------------------------------------------------------    -------------------
                         (clock clk_pl_0 rise edge)
                                                      0.000     0.000 r  
    PS8_X0Y0             PS8                          0.000     0.000 r  design_1_i/zynq_ultra_ps_e_0/inst/PS8_i/PLCLK[0]
                         net (fo=1, routed)           0.229     0.229    design_1_i/zynq_ultra_ps_e_0/inst/pl_clk_unbuffered[0]
    BUFG_PS_X0Y80        BUFG_PS (Prop_BUFG_PS_I_O)
                                                      0.038     0.267 r  design_1_i/zynq_ultra_ps_e_0/inst/buffer_pl_clk_0.PL_CLK_0_BUFG/O
    X1Y1 (CLOCK_ROOT)    net (fo=10070, routed)       3.097     3.364    design_1_i/rst_ps8_0_99M/U0/slowest_sync_clk
    SLICE_X11Y67         FDRE                                         r  design_1_i/rst_ps8_0_99M/U0/ACTIVE_LOW_PR_OUT_DFF[0].FDRE_PER_N/C
  -------------------------------------------------------------------    -------------------
    SLICE_X11Y67         FDRE (Prop_AFF_SLICEL_C_Q)
                                                      0.114     3.478 r  design_1_i/rst_ps8_0_99M/U0/ACTIVE_LOW_PR_OUT_DFF[0].FDRE_PER_N/Q
                         net (fo=1, routed)           1.380     4.858    design_1_i/rst_ps8_0_99M/U0/peripheral_aresetn[0]_bufg_place
    BUFGCE_X0Y26         BUFGCE (Prop_BUFCE_BUFGCE_I_O)
                                                      0.044     4.902 r  design_1_i/rst_ps8_0_99M/U0/ACTIVE_LOW_PR_OUT_DFF[0].FDRE_PER_N_bufg_place/O
                         net (fo=2786, routed)        1.639     6.541    design_1_i/ps8_0_axi_periph/m01_couplers/auto_ds/inst/gen_downsizer.gen_simple_downsizer.axi_downsizer_inst/USE_WRITE.write_addr_inst/cmd_queue/inst/fifo_gen_inst/inst_fifo_gen/gconvfifo.rf/grf.rf/rstblk/ngwrdrst.grst.g7serrst.gnsckt_wrst.rst_wr_reg2_inst/src_arst
    SLICE_X6Y126         FDPE                                         f  design_1_i/ps8_0_axi_periph/m01_couplers/auto_ds/inst/gen_downsizer.gen_simple_downsizer.axi_downsizer_inst/USE_WRITE.write_addr_inst/cmd_queue/inst/fifo_gen_inst/inst_fifo_gen/gconvfifo.rf/grf.rf/rstblk/ngwrdrst.grst.g7serrst.gnsckt_wrst.rst_wr_reg2_inst/arststages_ff_reg[1]/PRE  (IS_INVERTED)
  -------------------------------------------------------------------    -------------------

                         (clock clk_pl_0 rise edge)
                                                      0.000     0.000 r  
    PS8_X0Y0             PS8                          0.000     0.000 r  design_1_i/zynq_ultra_ps_e_0/inst/PS8_i/PLCLK[0]
                         net (fo=1, routed)           0.181     0.181    design_1_i/zynq_ultra_ps_e_0/inst/pl_clk_unbuffered[0]
    BUFG_PS_X0Y80        BUFG_PS (Prop_BUFG_PS_I_O)
                                                      0.035     0.216 r  design_1_i/zynq_ultra_ps_e_0/inst/buffer_pl_clk_0.PL_CLK_0_BUFG/O
    X1Y1 (CLOCK_ROOT)    net (fo=10070, routed)       2.884     3.100    design_1_i/ps8_0_axi_periph/m01_couplers/auto_ds/inst/gen_downsizer.gen_simple_downsizer.axi_downsizer_inst/USE_WRITE.write_addr_inst/cmd_queue/inst/fifo_gen_inst/inst_fifo_gen/gconvfifo.rf/grf.rf/rstblk/ngwrdrst.grst.g7serrst.gnsckt_wrst.rst_wr_reg2_inst/dest_clk
    SLICE_X6Y126         FDPE                                         r  design_1_i/ps8_0_axi_periph/m01_couplers/auto_ds/inst/gen_downsizer.gen_simple_downsizer.axi_downsizer_inst/USE_WRITE.write_addr_inst/cmd_queue/inst/fifo_gen_inst/inst_fifo_gen/gconvfifo.rf/grf.rf/rstblk/ngwrdrst.grst.g7serrst.gnsckt_wrst.rst_wr_reg2_inst/arststages_ff_reg[1]/C

Slack:                    inf
  Source:                 design_1_i/rst_ps8_0_99M/U0/ACTIVE_LOW_PR_OUT_DFF[0].FDRE_PER_N/C
                            (rising edge-triggered cell FDRE clocked by clk_pl_0  {rise@0.000ns fall@5.000ns period=10.000ns})
  Destination:            design_1_i/ps8_0_axi_periph/m02_couplers/auto_ds/inst/gen_downsizer.gen_simple_downsizer.axi_downsizer_inst/USE_WRITE.write_addr_inst/cmd_queue/inst/fifo_gen_inst/inst_fifo_gen/gconvfifo.rf/grf.rf/rstblk/ngwrdrst.grst.g7serrst.gnsckt_wrst.rst_wr_reg2_inst/arststages_ff_reg[0]/PRE
                            (recovery check against rising-edge clock clk_pl_0  {rise@0.000ns fall@5.000ns period=10.000ns})
  Path Group:             (none)
  Path Type:              Recovery (Max at Slow Process Corner)
  Data Path Delay:        3.174ns  (logic 0.158ns (4.978%)  route 3.016ns (95.022%))
  Logic Levels:           1  (BUFGCE=1)
  Clock Path Skew:        -0.281ns (DCD - SCD + CPR)
    Destination Clock Delay (DCD):    3.083ns
    Source Clock Delay      (SCD):    3.364ns
    Clock Pessimism Removal (CPR):    0.000ns
  Clock Uncertainty:      0.160ns  ((TSJ^2 + DJ^2)^1/2) / 2 + PE
    Total System Jitter     (TSJ):    0.071ns
    Discrete Jitter          (DJ):    0.312ns
    Phase Error              (PE):    0.000ns
  Clock Net Delay (Source):      3.097ns (routing 1.584ns, distribution 1.513ns)
  Clock Net Delay (Destination): 2.867ns (routing 1.450ns, distribution 1.417ns)
  Timing Exception:       False Path

    Location             Delay type                Incr(ns)  Path(ns)    Netlist Resource(s)
  -------------------------------------------------------------------    -------------------
                         (clock clk_pl_0 rise edge)
                                                      0.000     0.000 r  
    PS8_X0Y0             PS8                          0.000     0.000 r  design_1_i/zynq_ultra_ps_e_0/inst/PS8_i/PLCLK[0]
                         net (fo=1, routed)           0.229     0.229    design_1_i/zynq_ultra_ps_e_0/inst/pl_clk_unbuffered[0]
    BUFG_PS_X0Y80        BUFG_PS (Prop_BUFG_PS_I_O)
                                                      0.038     0.267 r  design_1_i/zynq_ultra_ps_e_0/inst/buffer_pl_clk_0.PL_CLK_0_BUFG/O
    X1Y1 (CLOCK_ROOT)    net (fo=10070, routed)       3.097     3.364    design_1_i/rst_ps8_0_99M/U0/slowest_sync_clk
    SLICE_X11Y67         FDRE                                         r  design_1_i/rst_ps8_0_99M/U0/ACTIVE_LOW_PR_OUT_DFF[0].FDRE_PER_N/C
  -------------------------------------------------------------------    -------------------
    SLICE_X11Y67         FDRE (Prop_AFF_SLICEL_C_Q)
                                                      0.114     3.478 r  design_1_i/rst_ps8_0_99M/U0/ACTIVE_LOW_PR_OUT_DFF[0].FDRE_PER_N/Q
                         net (fo=1, routed)           1.380     4.858    design_1_i/rst_ps8_0_99M/U0/peripheral_aresetn[0]_bufg_place
    BUFGCE_X0Y26         BUFGCE (Prop_BUFCE_BUFGCE_I_O)
                                                      0.044     4.902 r  design_1_i/rst_ps8_0_99M/U0/ACTIVE_LOW_PR_OUT_DFF[0].FDRE_PER_N_bufg_place/O
                         net (fo=2786, routed)        1.636     6.538    design_1_i/ps8_0_axi_periph/m02_couplers/auto_ds/inst/gen_downsizer.gen_simple_downsizer.axi_downsizer_inst/USE_WRITE.write_addr_inst/cmd_queue/inst/fifo_gen_inst/inst_fifo_gen/gconvfifo.rf/grf.rf/rstblk/ngwrdrst.grst.g7serrst.gnsckt_wrst.rst_wr_reg2_inst/src_arst
    SLICE_X0Y137         FDPE                                         f  design_1_i/ps8_0_axi_periph/m02_couplers/auto_ds/inst/gen_downsizer.gen_simple_downsizer.axi_downsizer_inst/USE_WRITE.write_addr_inst/cmd_queue/inst/fifo_gen_inst/inst_fifo_gen/gconvfifo.rf/grf.rf/rstblk/ngwrdrst.grst.g7serrst.gnsckt_wrst.rst_wr_reg2_inst/arststages_ff_reg[0]/PRE  (IS_INVERTED)
  -------------------------------------------------------------------    -------------------

                         (clock clk_pl_0 rise edge)
                                                      0.000     0.000 r  
    PS8_X0Y0             PS8                          0.000     0.000 r  design_1_i/zynq_ultra_ps_e_0/inst/PS8_i/PLCLK[0]
                         net (fo=1, routed)           0.181     0.181    design_1_i/zynq_ultra_ps_e_0/inst/pl_clk_unbuffered[0]
    BUFG_PS_X0Y80        BUFG_PS (Prop_BUFG_PS_I_O)
                                                      0.035     0.216 r  design_1_i/zynq_ultra_ps_e_0/inst/buffer_pl_clk_0.PL_CLK_0_BUFG/O
    X1Y1 (CLOCK_ROOT)    net (fo=10070, routed)       2.867     3.083    design_1_i/ps8_0_axi_periph/m02_couplers/auto_ds/inst/gen_downsizer.gen_simple_downsizer.axi_downsizer_inst/USE_WRITE.write_addr_inst/cmd_queue/inst/fifo_gen_inst/inst_fifo_gen/gconvfifo.rf/grf.rf/rstblk/ngwrdrst.grst.g7serrst.gnsckt_wrst.rst_wr_reg2_inst/dest_clk
    SLICE_X0Y137         FDPE                                         r  design_1_i/ps8_0_axi_periph/m02_couplers/auto_ds/inst/gen_downsizer.gen_simple_downsizer.axi_downsizer_inst/USE_WRITE.write_addr_inst/cmd_queue/inst/fifo_gen_inst/inst_fifo_gen/gconvfifo.rf/grf.rf/rstblk/ngwrdrst.grst.g7serrst.gnsckt_wrst.rst_wr_reg2_inst/arststages_ff_reg[0]/C

Slack:                    inf
  Source:                 design_1_i/rst_ps8_0_99M/U0/ACTIVE_LOW_PR_OUT_DFF[0].FDRE_PER_N/C
                            (rising edge-triggered cell FDRE clocked by clk_pl_0  {rise@0.000ns fall@5.000ns period=10.000ns})
  Destination:            design_1_i/ps8_0_axi_periph/m02_couplers/auto_ds/inst/gen_downsizer.gen_simple_downsizer.axi_downsizer_inst/USE_WRITE.write_addr_inst/cmd_queue/inst/fifo_gen_inst/inst_fifo_gen/gconvfifo.rf/grf.rf/rstblk/ngwrdrst.grst.g7serrst.gnsckt_wrst.rst_wr_reg2_inst/arststages_ff_reg[1]/PRE
                            (recovery check against rising-edge clock clk_pl_0  {rise@0.000ns fall@5.000ns period=10.000ns})
  Path Group:             (none)
  Path Type:              Recovery (Max at Slow Process Corner)
  Data Path Delay:        3.174ns  (logic 0.158ns (4.978%)  route 3.016ns (95.022%))
  Logic Levels:           1  (BUFGCE=1)
  Clock Path Skew:        -0.281ns (DCD - SCD + CPR)
    Destination Clock Delay (DCD):    3.083ns
    Source Clock Delay      (SCD):    3.364ns
    Clock Pessimism Removal (CPR):    0.000ns
  Clock Uncertainty:      0.160ns  ((TSJ^2 + DJ^2)^1/2) / 2 + PE
    Total System Jitter     (TSJ):    0.071ns
    Discrete Jitter          (DJ):    0.312ns
    Phase Error              (PE):    0.000ns
  Clock Net Delay (Source):      3.097ns (routing 1.584ns, distribution 1.513ns)
  Clock Net Delay (Destination): 2.867ns (routing 1.450ns, distribution 1.417ns)
  Timing Exception:       False Path

    Location             Delay type                Incr(ns)  Path(ns)    Netlist Resource(s)
  -------------------------------------------------------------------    -------------------
                         (clock clk_pl_0 rise edge)
                                                      0.000     0.000 r  
    PS8_X0Y0             PS8                          0.000     0.000 r  design_1_i/zynq_ultra_ps_e_0/inst/PS8_i/PLCLK[0]
                         net (fo=1, routed)           0.229     0.229    design_1_i/zynq_ultra_ps_e_0/inst/pl_clk_unbuffered[0]
    BUFG_PS_X0Y80        BUFG_PS (Prop_BUFG_PS_I_O)
                                                      0.038     0.267 r  design_1_i/zynq_ultra_ps_e_0/inst/buffer_pl_clk_0.PL_CLK_0_BUFG/O
    X1Y1 (CLOCK_ROOT)    net (fo=10070, routed)       3.097     3.364    design_1_i/rst_ps8_0_99M/U0/slowest_sync_clk
    SLICE_X11Y67         FDRE                                         r  design_1_i/rst_ps8_0_99M/U0/ACTIVE_LOW_PR_OUT_DFF[0].FDRE_PER_N/C
  -------------------------------------------------------------------    -------------------
    SLICE_X11Y67         FDRE (Prop_AFF_SLICEL_C_Q)
                                                      0.114     3.478 r  design_1_i/rst_ps8_0_99M/U0/ACTIVE_LOW_PR_OUT_DFF[0].FDRE_PER_N/Q
                         net (fo=1, routed)           1.380     4.858    design_1_i/rst_ps8_0_99M/U0/peripheral_aresetn[0]_bufg_place
    BUFGCE_X0Y26         BUFGCE (Prop_BUFCE_BUFGCE_I_O)
                                                      0.044     4.902 r  design_1_i/rst_ps8_0_99M/U0/ACTIVE_LOW_PR_OUT_DFF[0].FDRE_PER_N_bufg_place/O
                         net (fo=2786, routed)        1.636     6.538    design_1_i/ps8_0_axi_periph/m02_couplers/auto_ds/inst/gen_downsizer.gen_simple_downsizer.axi_downsizer_inst/USE_WRITE.write_addr_inst/cmd_queue/inst/fifo_gen_inst/inst_fifo_gen/gconvfifo.rf/grf.rf/rstblk/ngwrdrst.grst.g7serrst.gnsckt_wrst.rst_wr_reg2_inst/src_arst
    SLICE_X0Y137         FDPE                                         f  design_1_i/ps8_0_axi_periph/m02_couplers/auto_ds/inst/gen_downsizer.gen_simple_downsizer.axi_downsizer_inst/USE_WRITE.write_addr_inst/cmd_queue/inst/fifo_gen_inst/inst_fifo_gen/gconvfifo.rf/grf.rf/rstblk/ngwrdrst.grst.g7serrst.gnsckt_wrst.rst_wr_reg2_inst/arststages_ff_reg[1]/PRE  (IS_INVERTED)
  -------------------------------------------------------------------    -------------------

                         (clock clk_pl_0 rise edge)
                                                      0.000     0.000 r  
    PS8_X0Y0             PS8                          0.000     0.000 r  design_1_i/zynq_ultra_ps_e_0/inst/PS8_i/PLCLK[0]
                         net (fo=1, routed)           0.181     0.181    design_1_i/zynq_ultra_ps_e_0/inst/pl_clk_unbuffered[0]
    BUFG_PS_X0Y80        BUFG_PS (Prop_BUFG_PS_I_O)
                                                      0.035     0.216 r  design_1_i/zynq_ultra_ps_e_0/inst/buffer_pl_clk_0.PL_CLK_0_BUFG/O
    X1Y1 (CLOCK_ROOT)    net (fo=10070, routed)       2.867     3.083    design_1_i/ps8_0_axi_periph/m02_couplers/auto_ds/inst/gen_downsizer.gen_simple_downsizer.axi_downsizer_inst/USE_WRITE.write_addr_inst/cmd_queue/inst/fifo_gen_inst/inst_fifo_gen/gconvfifo.rf/grf.rf/rstblk/ngwrdrst.grst.g7serrst.gnsckt_wrst.rst_wr_reg2_inst/dest_clk
    SLICE_X0Y137         FDPE                                         r  design_1_i/ps8_0_axi_periph/m02_couplers/auto_ds/inst/gen_downsizer.gen_simple_downsizer.axi_downsizer_inst/USE_WRITE.write_addr_inst/cmd_queue/inst/fifo_gen_inst/inst_fifo_gen/gconvfifo.rf/grf.rf/rstblk/ngwrdrst.grst.g7serrst.gnsckt_wrst.rst_wr_reg2_inst/arststages_ff_reg[1]/C

Slack:                    inf
  Source:                 design_1_i/rst_ps8_0_99M/U0/ACTIVE_LOW_PR_OUT_DFF[0].FDRE_PER_N/C
                            (rising edge-triggered cell FDRE clocked by clk_pl_0  {rise@0.000ns fall@5.000ns period=10.000ns})
  Destination:            design_1_i/ps8_0_axi_periph/m01_couplers/auto_ds/inst/gen_downsizer.gen_simple_downsizer.axi_downsizer_inst/USE_WRITE.write_addr_inst/USE_B_CHANNEL.cmd_b_queue/inst/fifo_gen_inst/inst_fifo_gen/gconvfifo.rf/grf.rf/rstblk/ngwrdrst.grst.g7serrst.gnsckt_wrst.rst_wr_reg2_inst/arststages_ff_reg[0]/PRE
                            (recovery check against rising-edge clock clk_pl_0  {rise@0.000ns fall@5.000ns period=10.000ns})
  Path Group:             (none)
  Path Type:              Recovery (Max at Slow Process Corner)
  Data Path Delay:        3.166ns  (logic 0.158ns (4.991%)  route 3.008ns (95.009%))
  Logic Levels:           1  (BUFGCE=1)
  Clock Path Skew:        -0.300ns (DCD - SCD + CPR)
    Destination Clock Delay (DCD):    3.064ns
    Source Clock Delay      (SCD):    3.364ns
    Clock Pessimism Removal (CPR):    0.000ns
  Clock Uncertainty:      0.160ns  ((TSJ^2 + DJ^2)^1/2) / 2 + PE
    Total System Jitter     (TSJ):    0.071ns
    Discrete Jitter          (DJ):    0.312ns
    Phase Error              (PE):    0.000ns
  Clock Net Delay (Source):      3.097ns (routing 1.584ns, distribution 1.513ns)
  Clock Net Delay (Destination): 2.848ns (routing 1.450ns, distribution 1.398ns)
  Timing Exception:       False Path

    Location             Delay type                Incr(ns)  Path(ns)    Netlist Resource(s)
  -------------------------------------------------------------------    -------------------
                         (clock clk_pl_0 rise edge)
                                                      0.000     0.000 r  
    PS8_X0Y0             PS8                          0.000     0.000 r  design_1_i/zynq_ultra_ps_e_0/inst/PS8_i/PLCLK[0]
                         net (fo=1, routed)           0.229     0.229    design_1_i/zynq_ultra_ps_e_0/inst/pl_clk_unbuffered[0]
    BUFG_PS_X0Y80        BUFG_PS (Prop_BUFG_PS_I_O)
                                                      0.038     0.267 r  design_1_i/zynq_ultra_ps_e_0/inst/buffer_pl_clk_0.PL_CLK_0_BUFG/O
    X1Y1 (CLOCK_ROOT)    net (fo=10070, routed)       3.097     3.364    design_1_i/rst_ps8_0_99M/U0/slowest_sync_clk
    SLICE_X11Y67         FDRE                                         r  design_1_i/rst_ps8_0_99M/U0/ACTIVE_LOW_PR_OUT_DFF[0].FDRE_PER_N/C
  -------------------------------------------------------------------    -------------------
    SLICE_X11Y67         FDRE (Prop_AFF_SLICEL_C_Q)
                                                      0.114     3.478 r  design_1_i/rst_ps8_0_99M/U0/ACTIVE_LOW_PR_OUT_DFF[0].FDRE_PER_N/Q
                         net (fo=1, routed)           1.380     4.858    design_1_i/rst_ps8_0_99M/U0/peripheral_aresetn[0]_bufg_place
    BUFGCE_X0Y26         BUFGCE (Prop_BUFCE_BUFGCE_I_O)
                                                      0.044     4.902 r  design_1_i/rst_ps8_0_99M/U0/ACTIVE_LOW_PR_OUT_DFF[0].FDRE_PER_N_bufg_place/O
                         net (fo=2786, routed)        1.628     6.530    design_1_i/ps8_0_axi_periph/m01_couplers/auto_ds/inst/gen_downsizer.gen_simple_downsizer.axi_downsizer_inst/USE_WRITE.write_addr_inst/USE_B_CHANNEL.cmd_b_queue/inst/fifo_gen_inst/inst_fifo_gen/gconvfifo.rf/grf.rf/rstblk/ngwrdrst.grst.g7serrst.gnsckt_wrst.rst_wr_reg2_inst/src_arst
    SLICE_X12Y136        FDPE                                         f  design_1_i/ps8_0_axi_periph/m01_couplers/auto_ds/inst/gen_downsizer.gen_simple_downsizer.axi_downsizer_inst/USE_WRITE.write_addr_inst/USE_B_CHANNEL.cmd_b_queue/inst/fifo_gen_inst/inst_fifo_gen/gconvfifo.rf/grf.rf/rstblk/ngwrdrst.grst.g7serrst.gnsckt_wrst.rst_wr_reg2_inst/arststages_ff_reg[0]/PRE  (IS_INVERTED)
  -------------------------------------------------------------------    -------------------

                         (clock clk_pl_0 rise edge)
                                                      0.000     0.000 r  
    PS8_X0Y0             PS8                          0.000     0.000 r  design_1_i/zynq_ultra_ps_e_0/inst/PS8_i/PLCLK[0]
                         net (fo=1, routed)           0.181     0.181    design_1_i/zynq_ultra_ps_e_0/inst/pl_clk_unbuffered[0]
    BUFG_PS_X0Y80        BUFG_PS (Prop_BUFG_PS_I_O)
                                                      0.035     0.216 r  design_1_i/zynq_ultra_ps_e_0/inst/buffer_pl_clk_0.PL_CLK_0_BUFG/O
    X1Y1 (CLOCK_ROOT)    net (fo=10070, routed)       2.848     3.064    design_1_i/ps8_0_axi_periph/m01_couplers/auto_ds/inst/gen_downsizer.gen_simple_downsizer.axi_downsizer_inst/USE_WRITE.write_addr_inst/USE_B_CHANNEL.cmd_b_queue/inst/fifo_gen_inst/inst_fifo_gen/gconvfifo.rf/grf.rf/rstblk/ngwrdrst.grst.g7serrst.gnsckt_wrst.rst_wr_reg2_inst/dest_clk
    SLICE_X12Y136        FDPE                                         r  design_1_i/ps8_0_axi_periph/m01_couplers/auto_ds/inst/gen_downsizer.gen_simple_downsizer.axi_downsizer_inst/USE_WRITE.write_addr_inst/USE_B_CHANNEL.cmd_b_queue/inst/fifo_gen_inst/inst_fifo_gen/gconvfifo.rf/grf.rf/rstblk/ngwrdrst.grst.g7serrst.gnsckt_wrst.rst_wr_reg2_inst/arststages_ff_reg[0]/C

Slack:                    inf
  Source:                 design_1_i/rst_ps8_0_99M/U0/ACTIVE_LOW_PR_OUT_DFF[0].FDRE_PER_N/C
                            (rising edge-triggered cell FDRE clocked by clk_pl_0  {rise@0.000ns fall@5.000ns period=10.000ns})
  Destination:            design_1_i/ps8_0_axi_periph/m01_couplers/auto_ds/inst/gen_downsizer.gen_simple_downsizer.axi_downsizer_inst/USE_WRITE.write_addr_inst/USE_B_CHANNEL.cmd_b_queue/inst/fifo_gen_inst/inst_fifo_gen/gconvfifo.rf/grf.rf/rstblk/ngwrdrst.grst.g7serrst.gnsckt_wrst.rst_wr_reg2_inst/arststages_ff_reg[1]/PRE
                            (recovery check against rising-edge clock clk_pl_0  {rise@0.000ns fall@5.000ns period=10.000ns})
  Path Group:             (none)
  Path Type:              Recovery (Max at Slow Process Corner)
  Data Path Delay:        3.166ns  (logic 0.158ns (4.991%)  route 3.008ns (95.009%))
  Logic Levels:           1  (BUFGCE=1)
  Clock Path Skew:        -0.300ns (DCD - SCD + CPR)
    Destination Clock Delay (DCD):    3.064ns
    Source Clock Delay      (SCD):    3.364ns
    Clock Pessimism Removal (CPR):    0.000ns
  Clock Uncertainty:      0.160ns  ((TSJ^2 + DJ^2)^1/2) / 2 + PE
    Total System Jitter     (TSJ):    0.071ns
    Discrete Jitter          (DJ):    0.312ns
    Phase Error              (PE):    0.000ns
  Clock Net Delay (Source):      3.097ns (routing 1.584ns, distribution 1.513ns)
  Clock Net Delay (Destination): 2.848ns (routing 1.450ns, distribution 1.398ns)
  Timing Exception:       False Path

    Location             Delay type                Incr(ns)  Path(ns)    Netlist Resource(s)
  -------------------------------------------------------------------    -------------------
                         (clock clk_pl_0 rise edge)
                                                      0.000     0.000 r  
    PS8_X0Y0             PS8                          0.000     0.000 r  design_1_i/zynq_ultra_ps_e_0/inst/PS8_i/PLCLK[0]
                         net (fo=1, routed)           0.229     0.229    design_1_i/zynq_ultra_ps_e_0/inst/pl_clk_unbuffered[0]
    BUFG_PS_X0Y80        BUFG_PS (Prop_BUFG_PS_I_O)
                                                      0.038     0.267 r  design_1_i/zynq_ultra_ps_e_0/inst/buffer_pl_clk_0.PL_CLK_0_BUFG/O
    X1Y1 (CLOCK_ROOT)    net (fo=10070, routed)       3.097     3.364    design_1_i/rst_ps8_0_99M/U0/slowest_sync_clk
    SLICE_X11Y67         FDRE                                         r  design_1_i/rst_ps8_0_99M/U0/ACTIVE_LOW_PR_OUT_DFF[0].FDRE_PER_N/C
  -------------------------------------------------------------------    -------------------
    SLICE_X11Y67         FDRE (Prop_AFF_SLICEL_C_Q)
                                                      0.114     3.478 r  design_1_i/rst_ps8_0_99M/U0/ACTIVE_LOW_PR_OUT_DFF[0].FDRE_PER_N/Q
                         net (fo=1, routed)           1.380     4.858    design_1_i/rst_ps8_0_99M/U0/peripheral_aresetn[0]_bufg_place
    BUFGCE_X0Y26         BUFGCE (Prop_BUFCE_BUFGCE_I_O)
                                                      0.044     4.902 r  design_1_i/rst_ps8_0_99M/U0/ACTIVE_LOW_PR_OUT_DFF[0].FDRE_PER_N_bufg_place/O
                         net (fo=2786, routed)        1.628     6.530    design_1_i/ps8_0_axi_periph/m01_couplers/auto_ds/inst/gen_downsizer.gen_simple_downsizer.axi_downsizer_inst/USE_WRITE.write_addr_inst/USE_B_CHANNEL.cmd_b_queue/inst/fifo_gen_inst/inst_fifo_gen/gconvfifo.rf/grf.rf/rstblk/ngwrdrst.grst.g7serrst.gnsckt_wrst.rst_wr_reg2_inst/src_arst
    SLICE_X12Y136        FDPE                                         f  design_1_i/ps8_0_axi_periph/m01_couplers/auto_ds/inst/gen_downsizer.gen_simple_downsizer.axi_downsizer_inst/USE_WRITE.write_addr_inst/USE_B_CHANNEL.cmd_b_queue/inst/fifo_gen_inst/inst_fifo_gen/gconvfifo.rf/grf.rf/rstblk/ngwrdrst.grst.g7serrst.gnsckt_wrst.rst_wr_reg2_inst/arststages_ff_reg[1]/PRE  (IS_INVERTED)
  -------------------------------------------------------------------    -------------------

                         (clock clk_pl_0 rise edge)
                                                      0.000     0.000 r  
    PS8_X0Y0             PS8                          0.000     0.000 r  design_1_i/zynq_ultra_ps_e_0/inst/PS8_i/PLCLK[0]
                         net (fo=1, routed)           0.181     0.181    design_1_i/zynq_ultra_ps_e_0/inst/pl_clk_unbuffered[0]
    BUFG_PS_X0Y80        BUFG_PS (Prop_BUFG_PS_I_O)
                                                      0.035     0.216 r  design_1_i/zynq_ultra_ps_e_0/inst/buffer_pl_clk_0.PL_CLK_0_BUFG/O
    X1Y1 (CLOCK_ROOT)    net (fo=10070, routed)       2.848     3.064    design_1_i/ps8_0_axi_periph/m01_couplers/auto_ds/inst/gen_downsizer.gen_simple_downsizer.axi_downsizer_inst/USE_WRITE.write_addr_inst/USE_B_CHANNEL.cmd_b_queue/inst/fifo_gen_inst/inst_fifo_gen/gconvfifo.rf/grf.rf/rstblk/ngwrdrst.grst.g7serrst.gnsckt_wrst.rst_wr_reg2_inst/dest_clk
    SLICE_X12Y136        FDPE                                         r  design_1_i/ps8_0_axi_periph/m01_couplers/auto_ds/inst/gen_downsizer.gen_simple_downsizer.axi_downsizer_inst/USE_WRITE.write_addr_inst/USE_B_CHANNEL.cmd_b_queue/inst/fifo_gen_inst/inst_fifo_gen/gconvfifo.rf/grf.rf/rstblk/ngwrdrst.grst.g7serrst.gnsckt_wrst.rst_wr_reg2_inst/arststages_ff_reg[1]/C





Min Delay Paths
--------------------------------------------------------------------------------------
Slack:                    inf
  Source:                 design_1_i/rst_ps8_0_99M/U0/ACTIVE_LOW_PR_OUT_DFF[0].FDRE_PER_N/C
                            (rising edge-triggered cell FDRE clocked by clk_pl_0  {rise@0.000ns fall@5.000ns period=10.000ns})
  Destination:            design_1_i/ps8_0_axi_periph/m00_couplers/auto_ds/inst/gen_downsizer.gen_simple_downsizer.axi_downsizer_inst/USE_READ.read_addr_inst/cmd_queue/inst/fifo_gen_inst/inst_fifo_gen/gconvfifo.rf/grf.rf/rstblk/ngwrdrst.grst.g7serrst.gnsckt_wrst.rst_wr_reg2_inst/arststages_ff_reg[0]/PRE
                            (removal check against rising-edge clock clk_pl_0  {rise@0.000ns fall@5.000ns period=10.000ns})
  Path Group:             (none)
  Path Type:              Removal (Min at Fast Process Corner)
  Data Path Delay:        1.534ns  (logic 0.107ns (6.975%)  route 1.427ns (93.025%))
  Logic Levels:           1  (BUFGCE=1)
  Clock Path Skew:        0.174ns (DCD - SCD - CPR)
    Destination Clock Delay (DCD):    2.028ns
    Source Clock Delay      (SCD):    1.855ns
    Clock Pessimism Removal (CPR):    -0.000ns
  Clock Uncertainty:      0.160ns  ((TSJ^2 + DJ^2)^1/2) / 2 + PE
    Total System Jitter     (TSJ):    0.071ns
    Discrete Jitter          (DJ):    0.312ns
    Phase Error              (PE):    0.000ns
  Clock Net Delay (Source):      1.704ns (routing 0.886ns, distribution 0.818ns)
  Clock Net Delay (Destination): 1.841ns (routing 0.971ns, distribution 0.870ns)
  Timing Exception:       False Path

    Location             Delay type                Incr(ns)  Path(ns)    Netlist Resource(s)
  -------------------------------------------------------------------    -------------------
                         (clock clk_pl_0 rise edge)
                                                      0.000     0.000 r  
    PS8_X0Y0             PS8                          0.000     0.000 r  design_1_i/zynq_ultra_ps_e_0/inst/PS8_i/PLCLK[0]
                         net (fo=1, routed)           0.129     0.129    design_1_i/zynq_ultra_ps_e_0/inst/pl_clk_unbuffered[0]
    BUFG_PS_X0Y80        BUFG_PS (Prop_BUFG_PS_I_O)
                                                      0.022     0.151 r  design_1_i/zynq_ultra_ps_e_0/inst/buffer_pl_clk_0.PL_CLK_0_BUFG/O
    X1Y1 (CLOCK_ROOT)    net (fo=10070, routed)       1.704     1.855    design_1_i/rst_ps8_0_99M/U0/slowest_sync_clk
    SLICE_X11Y67         FDRE                                         r  design_1_i/rst_ps8_0_99M/U0/ACTIVE_LOW_PR_OUT_DFF[0].FDRE_PER_N/C
  -------------------------------------------------------------------    -------------------
    SLICE_X11Y67         FDRE (Prop_AFF_SLICEL_C_Q)
                                                      0.084     1.939 r  design_1_i/rst_ps8_0_99M/U0/ACTIVE_LOW_PR_OUT_DFF[0].FDRE_PER_N/Q
                         net (fo=1, routed)           0.608     2.547    design_1_i/rst_ps8_0_99M/U0/peripheral_aresetn[0]_bufg_place
    BUFGCE_X0Y26         BUFGCE (Prop_BUFCE_BUFGCE_I_O)
                                                      0.023     2.570 r  design_1_i/rst_ps8_0_99M/U0/ACTIVE_LOW_PR_OUT_DFF[0].FDRE_PER_N_bufg_place/O
                         net (fo=2786, routed)        0.819     3.389    design_1_i/ps8_0_axi_periph/m00_couplers/auto_ds/inst/gen_downsizer.gen_simple_downsizer.axi_downsizer_inst/USE_READ.read_addr_inst/cmd_queue/inst/fifo_gen_inst/inst_fifo_gen/gconvfifo.rf/grf.rf/rstblk/ngwrdrst.grst.g7serrst.gnsckt_wrst.rst_wr_reg2_inst/src_arst
    SLICE_X21Y106        FDPE                                         f  design_1_i/ps8_0_axi_periph/m00_couplers/auto_ds/inst/gen_downsizer.gen_simple_downsizer.axi_downsizer_inst/USE_READ.read_addr_inst/cmd_queue/inst/fifo_gen_inst/inst_fifo_gen/gconvfifo.rf/grf.rf/rstblk/ngwrdrst.grst.g7serrst.gnsckt_wrst.rst_wr_reg2_inst/arststages_ff_reg[0]/PRE  (IS_INVERTED)
  -------------------------------------------------------------------    -------------------

                         (clock clk_pl_0 rise edge)
                                                      0.000     0.000 r  
    PS8_X0Y0             PS8                          0.000     0.000 r  design_1_i/zynq_ultra_ps_e_0/inst/PS8_i/PLCLK[0]
                         net (fo=1, routed)           0.164     0.164    design_1_i/zynq_ultra_ps_e_0/inst/pl_clk_unbuffered[0]
    BUFG_PS_X0Y80        BUFG_PS (Prop_BUFG_PS_I_O)
                                                      0.023     0.187 r  design_1_i/zynq_ultra_ps_e_0/inst/buffer_pl_clk_0.PL_CLK_0_BUFG/O
    X1Y1 (CLOCK_ROOT)    net (fo=10070, routed)       1.841     2.028    design_1_i/ps8_0_axi_periph/m00_couplers/auto_ds/inst/gen_downsizer.gen_simple_downsizer.axi_downsizer_inst/USE_READ.read_addr_inst/cmd_queue/inst/fifo_gen_inst/inst_fifo_gen/gconvfifo.rf/grf.rf/rstblk/ngwrdrst.grst.g7serrst.gnsckt_wrst.rst_wr_reg2_inst/dest_clk
    SLICE_X21Y106        FDPE                                         r  design_1_i/ps8_0_axi_periph/m00_couplers/auto_ds/inst/gen_downsizer.gen_simple_downsizer.axi_downsizer_inst/USE_READ.read_addr_inst/cmd_queue/inst/fifo_gen_inst/inst_fifo_gen/gconvfifo.rf/grf.rf/rstblk/ngwrdrst.grst.g7serrst.gnsckt_wrst.rst_wr_reg2_inst/arststages_ff_reg[0]/C

Slack:                    inf
  Source:                 design_1_i/rst_ps8_0_99M/U0/ACTIVE_LOW_PR_OUT_DFF[0].FDRE_PER_N/C
                            (rising edge-triggered cell FDRE clocked by clk_pl_0  {rise@0.000ns fall@5.000ns period=10.000ns})
  Destination:            design_1_i/ps8_0_axi_periph/m00_couplers/auto_ds/inst/gen_downsizer.gen_simple_downsizer.axi_downsizer_inst/USE_READ.read_addr_inst/cmd_queue/inst/fifo_gen_inst/inst_fifo_gen/gconvfifo.rf/grf.rf/rstblk/ngwrdrst.grst.g7serrst.gnsckt_wrst.rst_wr_reg2_inst/arststages_ff_reg[1]/PRE
                            (removal check against rising-edge clock clk_pl_0  {rise@0.000ns fall@5.000ns period=10.000ns})
  Path Group:             (none)
  Path Type:              Removal (Min at Fast Process Corner)
  Data Path Delay:        1.534ns  (logic 0.107ns (6.975%)  route 1.427ns (93.025%))
  Logic Levels:           1  (BUFGCE=1)
  Clock Path Skew:        0.174ns (DCD - SCD - CPR)
    Destination Clock Delay (DCD):    2.028ns
    Source Clock Delay      (SCD):    1.855ns
    Clock Pessimism Removal (CPR):    -0.000ns
  Clock Uncertainty:      0.160ns  ((TSJ^2 + DJ^2)^1/2) / 2 + PE
    Total System Jitter     (TSJ):    0.071ns
    Discrete Jitter          (DJ):    0.312ns
    Phase Error              (PE):    0.000ns
  Clock Net Delay (Source):      1.704ns (routing 0.886ns, distribution 0.818ns)
  Clock Net Delay (Destination): 1.841ns (routing 0.971ns, distribution 0.870ns)
  Timing Exception:       False Path

    Location             Delay type                Incr(ns)  Path(ns)    Netlist Resource(s)
  -------------------------------------------------------------------    -------------------
                         (clock clk_pl_0 rise edge)
                                                      0.000     0.000 r  
    PS8_X0Y0             PS8                          0.000     0.000 r  design_1_i/zynq_ultra_ps_e_0/inst/PS8_i/PLCLK[0]
                         net (fo=1, routed)           0.129     0.129    design_1_i/zynq_ultra_ps_e_0/inst/pl_clk_unbuffered[0]
    BUFG_PS_X0Y80        BUFG_PS (Prop_BUFG_PS_I_O)
                                                      0.022     0.151 r  design_1_i/zynq_ultra_ps_e_0/inst/buffer_pl_clk_0.PL_CLK_0_BUFG/O
    X1Y1 (CLOCK_ROOT)    net (fo=10070, routed)       1.704     1.855    design_1_i/rst_ps8_0_99M/U0/slowest_sync_clk
    SLICE_X11Y67         FDRE                                         r  design_1_i/rst_ps8_0_99M/U0/ACTIVE_LOW_PR_OUT_DFF[0].FDRE_PER_N/C
  -------------------------------------------------------------------    -------------------
    SLICE_X11Y67         FDRE (Prop_AFF_SLICEL_C_Q)
                                                      0.084     1.939 r  design_1_i/rst_ps8_0_99M/U0/ACTIVE_LOW_PR_OUT_DFF[0].FDRE_PER_N/Q
                         net (fo=1, routed)           0.608     2.547    design_1_i/rst_ps8_0_99M/U0/peripheral_aresetn[0]_bufg_place
    BUFGCE_X0Y26         BUFGCE (Prop_BUFCE_BUFGCE_I_O)
                                                      0.023     2.570 r  design_1_i/rst_ps8_0_99M/U0/ACTIVE_LOW_PR_OUT_DFF[0].FDRE_PER_N_bufg_place/O
                         net (fo=2786, routed)        0.819     3.389    design_1_i/ps8_0_axi_periph/m00_couplers/auto_ds/inst/gen_downsizer.gen_simple_downsizer.axi_downsizer_inst/USE_READ.read_addr_inst/cmd_queue/inst/fifo_gen_inst/inst_fifo_gen/gconvfifo.rf/grf.rf/rstblk/ngwrdrst.grst.g7serrst.gnsckt_wrst.rst_wr_reg2_inst/src_arst
    SLICE_X21Y106        FDPE                                         f  design_1_i/ps8_0_axi_periph/m00_couplers/auto_ds/inst/gen_downsizer.gen_simple_downsizer.axi_downsizer_inst/USE_READ.read_addr_inst/cmd_queue/inst/fifo_gen_inst/inst_fifo_gen/gconvfifo.rf/grf.rf/rstblk/ngwrdrst.grst.g7serrst.gnsckt_wrst.rst_wr_reg2_inst/arststages_ff_reg[1]/PRE  (IS_INVERTED)
  -------------------------------------------------------------------    -------------------

                         (clock clk_pl_0 rise edge)
                                                      0.000     0.000 r  
    PS8_X0Y0             PS8                          0.000     0.000 r  design_1_i/zynq_ultra_ps_e_0/inst/PS8_i/PLCLK[0]
                         net (fo=1, routed)           0.164     0.164    design_1_i/zynq_ultra_ps_e_0/inst/pl_clk_unbuffered[0]
    BUFG_PS_X0Y80        BUFG_PS (Prop_BUFG_PS_I_O)
                                                      0.023     0.187 r  design_1_i/zynq_ultra_ps_e_0/inst/buffer_pl_clk_0.PL_CLK_0_BUFG/O
    X1Y1 (CLOCK_ROOT)    net (fo=10070, routed)       1.841     2.028    design_1_i/ps8_0_axi_periph/m00_couplers/auto_ds/inst/gen_downsizer.gen_simple_downsizer.axi_downsizer_inst/USE_READ.read_addr_inst/cmd_queue/inst/fifo_gen_inst/inst_fifo_gen/gconvfifo.rf/grf.rf/rstblk/ngwrdrst.grst.g7serrst.gnsckt_wrst.rst_wr_reg2_inst/dest_clk
    SLICE_X21Y106        FDPE                                         r  design_1_i/ps8_0_axi_periph/m00_couplers/auto_ds/inst/gen_downsizer.gen_simple_downsizer.axi_downsizer_inst/USE_READ.read_addr_inst/cmd_queue/inst/fifo_gen_inst/inst_fifo_gen/gconvfifo.rf/grf.rf/rstblk/ngwrdrst.grst.g7serrst.gnsckt_wrst.rst_wr_reg2_inst/arststages_ff_reg[1]/C

Slack:                    inf
  Source:                 design_1_i/rst_ps8_0_99M/U0/ACTIVE_LOW_PR_OUT_DFF[0].FDRE_PER_N/C
                            (rising edge-triggered cell FDRE clocked by clk_pl_0  {rise@0.000ns fall@5.000ns period=10.000ns})
  Destination:            design_1_i/ps8_0_axi_periph/m01_couplers/auto_ds/inst/gen_downsizer.gen_simple_downsizer.axi_downsizer_inst/USE_READ.read_addr_inst/cmd_queue/inst/fifo_gen_inst/inst_fifo_gen/gconvfifo.rf/grf.rf/rstblk/ngwrdrst.grst.g7serrst.gnsckt_wrst.rst_wr_reg2_inst/arststages_ff_reg[0]/PRE
                            (removal check against rising-edge clock clk_pl_0  {rise@0.000ns fall@5.000ns period=10.000ns})
  Path Group:             (none)
  Path Type:              Removal (Min at Fast Process Corner)
  Data Path Delay:        1.549ns  (logic 0.107ns (6.908%)  route 1.442ns (93.092%))
  Logic Levels:           1  (BUFGCE=1)
  Clock Path Skew:        0.194ns (DCD - SCD - CPR)
    Destination Clock Delay (DCD):    2.048ns
    Source Clock Delay      (SCD):    1.855ns
    Clock Pessimism Removal (CPR):    -0.000ns
  Clock Uncertainty:      0.160ns  ((TSJ^2 + DJ^2)^1/2) / 2 + PE
    Total System Jitter     (TSJ):    0.071ns
    Discrete Jitter          (DJ):    0.312ns
    Phase Error              (PE):    0.000ns
  Clock Net Delay (Source):      1.704ns (routing 0.886ns, distribution 0.818ns)
  Clock Net Delay (Destination): 1.861ns (routing 0.971ns, distribution 0.890ns)
  Timing Exception:       False Path

    Location             Delay type                Incr(ns)  Path(ns)    Netlist Resource(s)
  -------------------------------------------------------------------    -------------------
                         (clock clk_pl_0 rise edge)
                                                      0.000     0.000 r  
    PS8_X0Y0             PS8                          0.000     0.000 r  design_1_i/zynq_ultra_ps_e_0/inst/PS8_i/PLCLK[0]
                         net (fo=1, routed)           0.129     0.129    design_1_i/zynq_ultra_ps_e_0/inst/pl_clk_unbuffered[0]
    BUFG_PS_X0Y80        BUFG_PS (Prop_BUFG_PS_I_O)
                                                      0.022     0.151 r  design_1_i/zynq_ultra_ps_e_0/inst/buffer_pl_clk_0.PL_CLK_0_BUFG/O
    X1Y1 (CLOCK_ROOT)    net (fo=10070, routed)       1.704     1.855    design_1_i/rst_ps8_0_99M/U0/slowest_sync_clk
    SLICE_X11Y67         FDRE                                         r  design_1_i/rst_ps8_0_99M/U0/ACTIVE_LOW_PR_OUT_DFF[0].FDRE_PER_N/C
  -------------------------------------------------------------------    -------------------
    SLICE_X11Y67         FDRE (Prop_AFF_SLICEL_C_Q)
                                                      0.084     1.939 r  design_1_i/rst_ps8_0_99M/U0/ACTIVE_LOW_PR_OUT_DFF[0].FDRE_PER_N/Q
                         net (fo=1, routed)           0.608     2.547    design_1_i/rst_ps8_0_99M/U0/peripheral_aresetn[0]_bufg_place
    BUFGCE_X0Y26         BUFGCE (Prop_BUFCE_BUFGCE_I_O)
                                                      0.023     2.570 r  design_1_i/rst_ps8_0_99M/U0/ACTIVE_LOW_PR_OUT_DFF[0].FDRE_PER_N_bufg_place/O
                         net (fo=2786, routed)        0.834     3.404    design_1_i/ps8_0_axi_periph/m01_couplers/auto_ds/inst/gen_downsizer.gen_simple_downsizer.axi_downsizer_inst/USE_READ.read_addr_inst/cmd_queue/inst/fifo_gen_inst/inst_fifo_gen/gconvfifo.rf/grf.rf/rstblk/ngwrdrst.grst.g7serrst.gnsckt_wrst.rst_wr_reg2_inst/src_arst
    SLICE_X12Y84         FDPE                                         f  design_1_i/ps8_0_axi_periph/m01_couplers/auto_ds/inst/gen_downsizer.gen_simple_downsizer.axi_downsizer_inst/USE_READ.read_addr_inst/cmd_queue/inst/fifo_gen_inst/inst_fifo_gen/gconvfifo.rf/grf.rf/rstblk/ngwrdrst.grst.g7serrst.gnsckt_wrst.rst_wr_reg2_inst/arststages_ff_reg[0]/PRE  (IS_INVERTED)
  -------------------------------------------------------------------    -------------------

                         (clock clk_pl_0 rise edge)
                                                      0.000     0.000 r  
    PS8_X0Y0             PS8                          0.000     0.000 r  design_1_i/zynq_ultra_ps_e_0/inst/PS8_i/PLCLK[0]
                         net (fo=1, routed)           0.164     0.164    design_1_i/zynq_ultra_ps_e_0/inst/pl_clk_unbuffered[0]
    BUFG_PS_X0Y80        BUFG_PS (Prop_BUFG_PS_I_O)
                                                      0.023     0.187 r  design_1_i/zynq_ultra_ps_e_0/inst/buffer_pl_clk_0.PL_CLK_0_BUFG/O
    X1Y1 (CLOCK_ROOT)    net (fo=10070, routed)       1.861     2.048    design_1_i/ps8_0_axi_periph/m01_couplers/auto_ds/inst/gen_downsizer.gen_simple_downsizer.axi_downsizer_inst/USE_READ.read_addr_inst/cmd_queue/inst/fifo_gen_inst/inst_fifo_gen/gconvfifo.rf/grf.rf/rstblk/ngwrdrst.grst.g7serrst.gnsckt_wrst.rst_wr_reg2_inst/dest_clk
    SLICE_X12Y84         FDPE                                         r  design_1_i/ps8_0_axi_periph/m01_couplers/auto_ds/inst/gen_downsizer.gen_simple_downsizer.axi_downsizer_inst/USE_READ.read_addr_inst/cmd_queue/inst/fifo_gen_inst/inst_fifo_gen/gconvfifo.rf/grf.rf/rstblk/ngwrdrst.grst.g7serrst.gnsckt_wrst.rst_wr_reg2_inst/arststages_ff_reg[0]/C

Slack:                    inf
  Source:                 design_1_i/rst_ps8_0_99M/U0/ACTIVE_LOW_PR_OUT_DFF[0].FDRE_PER_N/C
                            (rising edge-triggered cell FDRE clocked by clk_pl_0  {rise@0.000ns fall@5.000ns period=10.000ns})
  Destination:            design_1_i/ps8_0_axi_periph/m01_couplers/auto_ds/inst/gen_downsizer.gen_simple_downsizer.axi_downsizer_inst/USE_READ.read_addr_inst/cmd_queue/inst/fifo_gen_inst/inst_fifo_gen/gconvfifo.rf/grf.rf/rstblk/ngwrdrst.grst.g7serrst.gnsckt_wrst.rst_wr_reg2_inst/arststages_ff_reg[1]/PRE
                            (removal check against rising-edge clock clk_pl_0  {rise@0.000ns fall@5.000ns period=10.000ns})
  Path Group:             (none)
  Path Type:              Removal (Min at Fast Process Corner)
  Data Path Delay:        1.549ns  (logic 0.107ns (6.908%)  route 1.442ns (93.092%))
  Logic Levels:           1  (BUFGCE=1)
  Clock Path Skew:        0.194ns (DCD - SCD - CPR)
    Destination Clock Delay (DCD):    2.048ns
    Source Clock Delay      (SCD):    1.855ns
    Clock Pessimism Removal (CPR):    -0.000ns
  Clock Uncertainty:      0.160ns  ((TSJ^2 + DJ^2)^1/2) / 2 + PE
    Total System Jitter     (TSJ):    0.071ns
    Discrete Jitter          (DJ):    0.312ns
    Phase Error              (PE):    0.000ns
  Clock Net Delay (Source):      1.704ns (routing 0.886ns, distribution 0.818ns)
  Clock Net Delay (Destination): 1.861ns (routing 0.971ns, distribution 0.890ns)
  Timing Exception:       False Path

    Location             Delay type                Incr(ns)  Path(ns)    Netlist Resource(s)
  -------------------------------------------------------------------    -------------------
                         (clock clk_pl_0 rise edge)
                                                      0.000     0.000 r  
    PS8_X0Y0             PS8                          0.000     0.000 r  design_1_i/zynq_ultra_ps_e_0/inst/PS8_i/PLCLK[0]
                         net (fo=1, routed)           0.129     0.129    design_1_i/zynq_ultra_ps_e_0/inst/pl_clk_unbuffered[0]
    BUFG_PS_X0Y80        BUFG_PS (Prop_BUFG_PS_I_O)
                                                      0.022     0.151 r  design_1_i/zynq_ultra_ps_e_0/inst/buffer_pl_clk_0.PL_CLK_0_BUFG/O
    X1Y1 (CLOCK_ROOT)    net (fo=10070, routed)       1.704     1.855    design_1_i/rst_ps8_0_99M/U0/slowest_sync_clk
    SLICE_X11Y67         FDRE                                         r  design_1_i/rst_ps8_0_99M/U0/ACTIVE_LOW_PR_OUT_DFF[0].FDRE_PER_N/C
  -------------------------------------------------------------------    -------------------
    SLICE_X11Y67         FDRE (Prop_AFF_SLICEL_C_Q)
                                                      0.084     1.939 r  design_1_i/rst_ps8_0_99M/U0/ACTIVE_LOW_PR_OUT_DFF[0].FDRE_PER_N/Q
                         net (fo=1, routed)           0.608     2.547    design_1_i/rst_ps8_0_99M/U0/peripheral_aresetn[0]_bufg_place
    BUFGCE_X0Y26         BUFGCE (Prop_BUFCE_BUFGCE_I_O)
                                                      0.023     2.570 r  design_1_i/rst_ps8_0_99M/U0/ACTIVE_LOW_PR_OUT_DFF[0].FDRE_PER_N_bufg_place/O
                         net (fo=2786, routed)        0.834     3.404    design_1_i/ps8_0_axi_periph/m01_couplers/auto_ds/inst/gen_downsizer.gen_simple_downsizer.axi_downsizer_inst/USE_READ.read_addr_inst/cmd_queue/inst/fifo_gen_inst/inst_fifo_gen/gconvfifo.rf/grf.rf/rstblk/ngwrdrst.grst.g7serrst.gnsckt_wrst.rst_wr_reg2_inst/src_arst
    SLICE_X12Y84         FDPE                                         f  design_1_i/ps8_0_axi_periph/m01_couplers/auto_ds/inst/gen_downsizer.gen_simple_downsizer.axi_downsizer_inst/USE_READ.read_addr_inst/cmd_queue/inst/fifo_gen_inst/inst_fifo_gen/gconvfifo.rf/grf.rf/rstblk/ngwrdrst.grst.g7serrst.gnsckt_wrst.rst_wr_reg2_inst/arststages_ff_reg[1]/PRE  (IS_INVERTED)
  -------------------------------------------------------------------    -------------------

                         (clock clk_pl_0 rise edge)
                                                      0.000     0.000 r  
    PS8_X0Y0             PS8                          0.000     0.000 r  design_1_i/zynq_ultra_ps_e_0/inst/PS8_i/PLCLK[0]
                         net (fo=1, routed)           0.164     0.164    design_1_i/zynq_ultra_ps_e_0/inst/pl_clk_unbuffered[0]
    BUFG_PS_X0Y80        BUFG_PS (Prop_BUFG_PS_I_O)
                                                      0.023     0.187 r  design_1_i/zynq_ultra_ps_e_0/inst/buffer_pl_clk_0.PL_CLK_0_BUFG/O
    X1Y1 (CLOCK_ROOT)    net (fo=10070, routed)       1.861     2.048    design_1_i/ps8_0_axi_periph/m01_couplers/auto_ds/inst/gen_downsizer.gen_simple_downsizer.axi_downsizer_inst/USE_READ.read_addr_inst/cmd_queue/inst/fifo_gen_inst/inst_fifo_gen/gconvfifo.rf/grf.rf/rstblk/ngwrdrst.grst.g7serrst.gnsckt_wrst.rst_wr_reg2_inst/dest_clk
    SLICE_X12Y84         FDPE                                         r  design_1_i/ps8_0_axi_periph/m01_couplers/auto_ds/inst/gen_downsizer.gen_simple_downsizer.axi_downsizer_inst/USE_READ.read_addr_inst/cmd_queue/inst/fifo_gen_inst/inst_fifo_gen/gconvfifo.rf/grf.rf/rstblk/ngwrdrst.grst.g7serrst.gnsckt_wrst.rst_wr_reg2_inst/arststages_ff_reg[1]/C

Slack:                    inf
  Source:                 design_1_i/rst_ps8_0_99M/U0/ACTIVE_LOW_PR_OUT_DFF[0].FDRE_PER_N/C
                            (rising edge-triggered cell FDRE clocked by clk_pl_0  {rise@0.000ns fall@5.000ns period=10.000ns})
  Destination:            design_1_i/ps8_0_axi_periph/m02_couplers/auto_ds/inst/gen_downsizer.gen_simple_downsizer.axi_downsizer_inst/USE_READ.read_addr_inst/cmd_queue/inst/fifo_gen_inst/inst_fifo_gen/gconvfifo.rf/grf.rf/rstblk/ngwrdrst.grst.g7serrst.gnsckt_wrst.rst_wr_reg2_inst/arststages_ff_reg[0]/PRE
                            (removal check against rising-edge clock clk_pl_0  {rise@0.000ns fall@5.000ns period=10.000ns})
  Path Group:             (none)
  Path Type:              Removal (Min at Fast Process Corner)
  Data Path Delay:        1.549ns  (logic 0.107ns (6.908%)  route 1.442ns (93.092%))
  Logic Levels:           1  (BUFGCE=1)
  Clock Path Skew:        0.192ns (DCD - SCD - CPR)
    Destination Clock Delay (DCD):    2.046ns
    Source Clock Delay      (SCD):    1.855ns
    Clock Pessimism Removal (CPR):    -0.000ns
  Clock Uncertainty:      0.160ns  ((TSJ^2 + DJ^2)^1/2) / 2 + PE
    Total System Jitter     (TSJ):    0.071ns
    Discrete Jitter          (DJ):    0.312ns
    Phase Error              (PE):    0.000ns
  Clock Net Delay (Source):      1.704ns (routing 0.886ns, distribution 0.818ns)
  Clock Net Delay (Destination): 1.859ns (routing 0.971ns, distribution 0.888ns)
  Timing Exception:       False Path

    Location             Delay type                Incr(ns)  Path(ns)    Netlist Resource(s)
  -------------------------------------------------------------------    -------------------
                         (clock clk_pl_0 rise edge)
                                                      0.000     0.000 r  
    PS8_X0Y0             PS8                          0.000     0.000 r  design_1_i/zynq_ultra_ps_e_0/inst/PS8_i/PLCLK[0]
                         net (fo=1, routed)           0.129     0.129    design_1_i/zynq_ultra_ps_e_0/inst/pl_clk_unbuffered[0]
    BUFG_PS_X0Y80        BUFG_PS (Prop_BUFG_PS_I_O)
                                                      0.022     0.151 r  design_1_i/zynq_ultra_ps_e_0/inst/buffer_pl_clk_0.PL_CLK_0_BUFG/O
    X1Y1 (CLOCK_ROOT)    net (fo=10070, routed)       1.704     1.855    design_1_i/rst_ps8_0_99M/U0/slowest_sync_clk
    SLICE_X11Y67         FDRE                                         r  design_1_i/rst_ps8_0_99M/U0/ACTIVE_LOW_PR_OUT_DFF[0].FDRE_PER_N/C
  -------------------------------------------------------------------    -------------------
    SLICE_X11Y67         FDRE (Prop_AFF_SLICEL_C_Q)
                                                      0.084     1.939 r  design_1_i/rst_ps8_0_99M/U0/ACTIVE_LOW_PR_OUT_DFF[0].FDRE_PER_N/Q
                         net (fo=1, routed)           0.608     2.547    design_1_i/rst_ps8_0_99M/U0/peripheral_aresetn[0]_bufg_place
    BUFGCE_X0Y26         BUFGCE (Prop_BUFCE_BUFGCE_I_O)
                                                      0.023     2.570 r  design_1_i/rst_ps8_0_99M/U0/ACTIVE_LOW_PR_OUT_DFF[0].FDRE_PER_N_bufg_place/O
                         net (fo=2786, routed)        0.834     3.404    design_1_i/ps8_0_axi_periph/m02_couplers/auto_ds/inst/gen_downsizer.gen_simple_downsizer.axi_downsizer_inst/USE_READ.read_addr_inst/cmd_queue/inst/fifo_gen_inst/inst_fifo_gen/gconvfifo.rf/grf.rf/rstblk/ngwrdrst.grst.g7serrst.gnsckt_wrst.rst_wr_reg2_inst/src_arst
    SLICE_X12Y99         FDPE                                         f  design_1_i/ps8_0_axi_periph/m02_couplers/auto_ds/inst/gen_downsizer.gen_simple_downsizer.axi_downsizer_inst/USE_READ.read_addr_inst/cmd_queue/inst/fifo_gen_inst/inst_fifo_gen/gconvfifo.rf/grf.rf/rstblk/ngwrdrst.grst.g7serrst.gnsckt_wrst.rst_wr_reg2_inst/arststages_ff_reg[0]/PRE  (IS_INVERTED)
  -------------------------------------------------------------------    -------------------

                         (clock clk_pl_0 rise edge)
                                                      0.000     0.000 r  
    PS8_X0Y0             PS8                          0.000     0.000 r  design_1_i/zynq_ultra_ps_e_0/inst/PS8_i/PLCLK[0]
                         net (fo=1, routed)           0.164     0.164    design_1_i/zynq_ultra_ps_e_0/inst/pl_clk_unbuffered[0]
    BUFG_PS_X0Y80        BUFG_PS (Prop_BUFG_PS_I_O)
                                                      0.023     0.187 r  design_1_i/zynq_ultra_ps_e_0/inst/buffer_pl_clk_0.PL_CLK_0_BUFG/O
    X1Y1 (CLOCK_ROOT)    net (fo=10070, routed)       1.859     2.046    design_1_i/ps8_0_axi_periph/m02_couplers/auto_ds/inst/gen_downsizer.gen_simple_downsizer.axi_downsizer_inst/USE_READ.read_addr_inst/cmd_queue/inst/fifo_gen_inst/inst_fifo_gen/gconvfifo.rf/grf.rf/rstblk/ngwrdrst.grst.g7serrst.gnsckt_wrst.rst_wr_reg2_inst/dest_clk
    SLICE_X12Y99         FDPE                                         r  design_1_i/ps8_0_axi_periph/m02_couplers/auto_ds/inst/gen_downsizer.gen_simple_downsizer.axi_downsizer_inst/USE_READ.read_addr_inst/cmd_queue/inst/fifo_gen_inst/inst_fifo_gen/gconvfifo.rf/grf.rf/rstblk/ngwrdrst.grst.g7serrst.gnsckt_wrst.rst_wr_reg2_inst/arststages_ff_reg[0]/C

Slack:                    inf
  Source:                 design_1_i/rst_ps8_0_99M/U0/ACTIVE_LOW_PR_OUT_DFF[0].FDRE_PER_N/C
                            (rising edge-triggered cell FDRE clocked by clk_pl_0  {rise@0.000ns fall@5.000ns period=10.000ns})
  Destination:            design_1_i/ps8_0_axi_periph/m02_couplers/auto_ds/inst/gen_downsizer.gen_simple_downsizer.axi_downsizer_inst/USE_READ.read_addr_inst/cmd_queue/inst/fifo_gen_inst/inst_fifo_gen/gconvfifo.rf/grf.rf/rstblk/ngwrdrst.grst.g7serrst.gnsckt_wrst.rst_wr_reg2_inst/arststages_ff_reg[1]/PRE
                            (removal check against rising-edge clock clk_pl_0  {rise@0.000ns fall@5.000ns period=10.000ns})
  Path Group:             (none)
  Path Type:              Removal (Min at Fast Process Corner)
  Data Path Delay:        1.549ns  (logic 0.107ns (6.908%)  route 1.442ns (93.092%))
  Logic Levels:           1  (BUFGCE=1)
  Clock Path Skew:        0.192ns (DCD - SCD - CPR)
    Destination Clock Delay (DCD):    2.046ns
    Source Clock Delay      (SCD):    1.855ns
    Clock Pessimism Removal (CPR):    -0.000ns
  Clock Uncertainty:      0.160ns  ((TSJ^2 + DJ^2)^1/2) / 2 + PE
    Total System Jitter     (TSJ):    0.071ns
    Discrete Jitter          (DJ):    0.312ns
    Phase Error              (PE):    0.000ns
  Clock Net Delay (Source):      1.704ns (routing 0.886ns, distribution 0.818ns)
  Clock Net Delay (Destination): 1.859ns (routing 0.971ns, distribution 0.888ns)
  Timing Exception:       False Path

    Location             Delay type                Incr(ns)  Path(ns)    Netlist Resource(s)
  -------------------------------------------------------------------    -------------------
                         (clock clk_pl_0 rise edge)
                                                      0.000     0.000 r  
    PS8_X0Y0             PS8                          0.000     0.000 r  design_1_i/zynq_ultra_ps_e_0/inst/PS8_i/PLCLK[0]
                         net (fo=1, routed)           0.129     0.129    design_1_i/zynq_ultra_ps_e_0/inst/pl_clk_unbuffered[0]
    BUFG_PS_X0Y80        BUFG_PS (Prop_BUFG_PS_I_O)
                                                      0.022     0.151 r  design_1_i/zynq_ultra_ps_e_0/inst/buffer_pl_clk_0.PL_CLK_0_BUFG/O
    X1Y1 (CLOCK_ROOT)    net (fo=10070, routed)       1.704     1.855    design_1_i/rst_ps8_0_99M/U0/slowest_sync_clk
    SLICE_X11Y67         FDRE                                         r  design_1_i/rst_ps8_0_99M/U0/ACTIVE_LOW_PR_OUT_DFF[0].FDRE_PER_N/C
  -------------------------------------------------------------------    -------------------
    SLICE_X11Y67         FDRE (Prop_AFF_SLICEL_C_Q)
                                                      0.084     1.939 r  design_1_i/rst_ps8_0_99M/U0/ACTIVE_LOW_PR_OUT_DFF[0].FDRE_PER_N/Q
                         net (fo=1, routed)           0.608     2.547    design_1_i/rst_ps8_0_99M/U0/peripheral_aresetn[0]_bufg_place
    BUFGCE_X0Y26         BUFGCE (Prop_BUFCE_BUFGCE_I_O)
                                                      0.023     2.570 r  design_1_i/rst_ps8_0_99M/U0/ACTIVE_LOW_PR_OUT_DFF[0].FDRE_PER_N_bufg_place/O
                         net (fo=2786, routed)        0.834     3.404    design_1_i/ps8_0_axi_periph/m02_couplers/auto_ds/inst/gen_downsizer.gen_simple_downsizer.axi_downsizer_inst/USE_READ.read_addr_inst/cmd_queue/inst/fifo_gen_inst/inst_fifo_gen/gconvfifo.rf/grf.rf/rstblk/ngwrdrst.grst.g7serrst.gnsckt_wrst.rst_wr_reg2_inst/src_arst
    SLICE_X12Y99         FDPE                                         f  design_1_i/ps8_0_axi_periph/m02_couplers/auto_ds/inst/gen_downsizer.gen_simple_downsizer.axi_downsizer_inst/USE_READ.read_addr_inst/cmd_queue/inst/fifo_gen_inst/inst_fifo_gen/gconvfifo.rf/grf.rf/rstblk/ngwrdrst.grst.g7serrst.gnsckt_wrst.rst_wr_reg2_inst/arststages_ff_reg[1]/PRE  (IS_INVERTED)
  -------------------------------------------------------------------    -------------------

                         (clock clk_pl_0 rise edge)
                                                      0.000     0.000 r  
    PS8_X0Y0             PS8                          0.000     0.000 r  design_1_i/zynq_ultra_ps_e_0/inst/PS8_i/PLCLK[0]
                         net (fo=1, routed)           0.164     0.164    design_1_i/zynq_ultra_ps_e_0/inst/pl_clk_unbuffered[0]
    BUFG_PS_X0Y80        BUFG_PS (Prop_BUFG_PS_I_O)
                                                      0.023     0.187 r  design_1_i/zynq_ultra_ps_e_0/inst/buffer_pl_clk_0.PL_CLK_0_BUFG/O
    X1Y1 (CLOCK_ROOT)    net (fo=10070, routed)       1.859     2.046    design_1_i/ps8_0_axi_periph/m02_couplers/auto_ds/inst/gen_downsizer.gen_simple_downsizer.axi_downsizer_inst/USE_READ.read_addr_inst/cmd_queue/inst/fifo_gen_inst/inst_fifo_gen/gconvfifo.rf/grf.rf/rstblk/ngwrdrst.grst.g7serrst.gnsckt_wrst.rst_wr_reg2_inst/dest_clk
    SLICE_X12Y99         FDPE                                         r  design_1_i/ps8_0_axi_periph/m02_couplers/auto_ds/inst/gen_downsizer.gen_simple_downsizer.axi_downsizer_inst/USE_READ.read_addr_inst/cmd_queue/inst/fifo_gen_inst/inst_fifo_gen/gconvfifo.rf/grf.rf/rstblk/ngwrdrst.grst.g7serrst.gnsckt_wrst.rst_wr_reg2_inst/arststages_ff_reg[1]/C

Slack:                    inf
  Source:                 design_1_i/rst_ps8_0_99M/U0/ACTIVE_LOW_PR_OUT_DFF[0].FDRE_PER_N/C
                            (rising edge-triggered cell FDRE clocked by clk_pl_0  {rise@0.000ns fall@5.000ns period=10.000ns})
  Destination:            design_1_i/ps8_0_axi_periph/m00_couplers/auto_ds/inst/gen_downsizer.gen_simple_downsizer.axi_downsizer_inst/USE_WRITE.write_addr_inst/USE_B_CHANNEL.cmd_b_queue/inst/fifo_gen_inst/inst_fifo_gen/gconvfifo.rf/grf.rf/rstblk/ngwrdrst.grst.g7serrst.gnsckt_wrst.rst_wr_reg2_inst/arststages_ff_reg[0]/PRE
                            (removal check against rising-edge clock clk_pl_0  {rise@0.000ns fall@5.000ns period=10.000ns})
  Path Group:             (none)
  Path Type:              Removal (Min at Fast Process Corner)
  Data Path Delay:        1.576ns  (logic 0.107ns (6.789%)  route 1.469ns (93.211%))
  Logic Levels:           1  (BUFGCE=1)
  Clock Path Skew:        0.226ns (DCD - SCD - CPR)
    Destination Clock Delay (DCD):    2.081ns
    Source Clock Delay      (SCD):    1.855ns
    Clock Pessimism Removal (CPR):    -0.000ns
  Clock Uncertainty:      0.160ns  ((TSJ^2 + DJ^2)^1/2) / 2 + PE
    Total System Jitter     (TSJ):    0.071ns
    Discrete Jitter          (DJ):    0.312ns
    Phase Error              (PE):    0.000ns
  Clock Net Delay (Source):      1.704ns (routing 0.886ns, distribution 0.818ns)
  Clock Net Delay (Destination): 1.894ns (routing 0.971ns, distribution 0.923ns)
  Timing Exception:       False Path

    Location             Delay type                Incr(ns)  Path(ns)    Netlist Resource(s)
  -------------------------------------------------------------------    -------------------
                         (clock clk_pl_0 rise edge)
                                                      0.000     0.000 r  
    PS8_X0Y0             PS8                          0.000     0.000 r  design_1_i/zynq_ultra_ps_e_0/inst/PS8_i/PLCLK[0]
                         net (fo=1, routed)           0.129     0.129    design_1_i/zynq_ultra_ps_e_0/inst/pl_clk_unbuffered[0]
    BUFG_PS_X0Y80        BUFG_PS (Prop_BUFG_PS_I_O)
                                                      0.022     0.151 r  design_1_i/zynq_ultra_ps_e_0/inst/buffer_pl_clk_0.PL_CLK_0_BUFG/O
    X1Y1 (CLOCK_ROOT)    net (fo=10070, routed)       1.704     1.855    design_1_i/rst_ps8_0_99M/U0/slowest_sync_clk
    SLICE_X11Y67         FDRE                                         r  design_1_i/rst_ps8_0_99M/U0/ACTIVE_LOW_PR_OUT_DFF[0].FDRE_PER_N/C
  -------------------------------------------------------------------    -------------------
    SLICE_X11Y67         FDRE (Prop_AFF_SLICEL_C_Q)
                                                      0.084     1.939 r  design_1_i/rst_ps8_0_99M/U0/ACTIVE_LOW_PR_OUT_DFF[0].FDRE_PER_N/Q
                         net (fo=1, routed)           0.608     2.547    design_1_i/rst_ps8_0_99M/U0/peripheral_aresetn[0]_bufg_place
    BUFGCE_X0Y26         BUFGCE (Prop_BUFCE_BUFGCE_I_O)
                                                      0.023     2.570 r  design_1_i/rst_ps8_0_99M/U0/ACTIVE_LOW_PR_OUT_DFF[0].FDRE_PER_N_bufg_place/O
                         net (fo=2786, routed)        0.861     3.431    design_1_i/ps8_0_axi_periph/m00_couplers/auto_ds/inst/gen_downsizer.gen_simple_downsizer.axi_downsizer_inst/USE_WRITE.write_addr_inst/USE_B_CHANNEL.cmd_b_queue/inst/fifo_gen_inst/inst_fifo_gen/gconvfifo.rf/grf.rf/rstblk/ngwrdrst.grst.g7serrst.gnsckt_wrst.rst_wr_reg2_inst/src_arst
    SLICE_X6Y149         FDPE                                         f  design_1_i/ps8_0_axi_periph/m00_couplers/auto_ds/inst/gen_downsizer.gen_simple_downsizer.axi_downsizer_inst/USE_WRITE.write_addr_inst/USE_B_CHANNEL.cmd_b_queue/inst/fifo_gen_inst/inst_fifo_gen/gconvfifo.rf/grf.rf/rstblk/ngwrdrst.grst.g7serrst.gnsckt_wrst.rst_wr_reg2_inst/arststages_ff_reg[0]/PRE  (IS_INVERTED)
  -------------------------------------------------------------------    -------------------

                         (clock clk_pl_0 rise edge)
                                                      0.000     0.000 r  
    PS8_X0Y0             PS8                          0.000     0.000 r  design_1_i/zynq_ultra_ps_e_0/inst/PS8_i/PLCLK[0]
                         net (fo=1, routed)           0.164     0.164    design_1_i/zynq_ultra_ps_e_0/inst/pl_clk_unbuffered[0]
    BUFG_PS_X0Y80        BUFG_PS (Prop_BUFG_PS_I_O)
                                                      0.023     0.187 r  design_1_i/zynq_ultra_ps_e_0/inst/buffer_pl_clk_0.PL_CLK_0_BUFG/O
    X1Y1 (CLOCK_ROOT)    net (fo=10070, routed)       1.894     2.081    design_1_i/ps8_0_axi_periph/m00_couplers/auto_ds/inst/gen_downsizer.gen_simple_downsizer.axi_downsizer_inst/USE_WRITE.write_addr_inst/USE_B_CHANNEL.cmd_b_queue/inst/fifo_gen_inst/inst_fifo_gen/gconvfifo.rf/grf.rf/rstblk/ngwrdrst.grst.g7serrst.gnsckt_wrst.rst_wr_reg2_inst/dest_clk
    SLICE_X6Y149         FDPE                                         r  design_1_i/ps8_0_axi_periph/m00_couplers/auto_ds/inst/gen_downsizer.gen_simple_downsizer.axi_downsizer_inst/USE_WRITE.write_addr_inst/USE_B_CHANNEL.cmd_b_queue/inst/fifo_gen_inst/inst_fifo_gen/gconvfifo.rf/grf.rf/rstblk/ngwrdrst.grst.g7serrst.gnsckt_wrst.rst_wr_reg2_inst/arststages_ff_reg[0]/C

Slack:                    inf
  Source:                 design_1_i/rst_ps8_0_99M/U0/ACTIVE_LOW_PR_OUT_DFF[0].FDRE_PER_N/C
                            (rising edge-triggered cell FDRE clocked by clk_pl_0  {rise@0.000ns fall@5.000ns period=10.000ns})
  Destination:            design_1_i/ps8_0_axi_periph/m00_couplers/auto_ds/inst/gen_downsizer.gen_simple_downsizer.axi_downsizer_inst/USE_WRITE.write_addr_inst/USE_B_CHANNEL.cmd_b_queue/inst/fifo_gen_inst/inst_fifo_gen/gconvfifo.rf/grf.rf/rstblk/ngwrdrst.grst.g7serrst.gnsckt_wrst.rst_wr_reg2_inst/arststages_ff_reg[1]/PRE
                            (removal check against rising-edge clock clk_pl_0  {rise@0.000ns fall@5.000ns period=10.000ns})
  Path Group:             (none)
  Path Type:              Removal (Min at Fast Process Corner)
  Data Path Delay:        1.576ns  (logic 0.107ns (6.789%)  route 1.469ns (93.211%))
  Logic Levels:           1  (BUFGCE=1)
  Clock Path Skew:        0.226ns (DCD - SCD - CPR)
    Destination Clock Delay (DCD):    2.081ns
    Source Clock Delay      (SCD):    1.855ns
    Clock Pessimism Removal (CPR):    -0.000ns
  Clock Uncertainty:      0.160ns  ((TSJ^2 + DJ^2)^1/2) / 2 + PE
    Total System Jitter     (TSJ):    0.071ns
    Discrete Jitter          (DJ):    0.312ns
    Phase Error              (PE):    0.000ns
  Clock Net Delay (Source):      1.704ns (routing 0.886ns, distribution 0.818ns)
  Clock Net Delay (Destination): 1.894ns (routing 0.971ns, distribution 0.923ns)
  Timing Exception:       False Path

    Location             Delay type                Incr(ns)  Path(ns)    Netlist Resource(s)
  -------------------------------------------------------------------    -------------------
                         (clock clk_pl_0 rise edge)
                                                      0.000     0.000 r  
    PS8_X0Y0             PS8                          0.000     0.000 r  design_1_i/zynq_ultra_ps_e_0/inst/PS8_i/PLCLK[0]
                         net (fo=1, routed)           0.129     0.129    design_1_i/zynq_ultra_ps_e_0/inst/pl_clk_unbuffered[0]
    BUFG_PS_X0Y80        BUFG_PS (Prop_BUFG_PS_I_O)
                                                      0.022     0.151 r  design_1_i/zynq_ultra_ps_e_0/inst/buffer_pl_clk_0.PL_CLK_0_BUFG/O
    X1Y1 (CLOCK_ROOT)    net (fo=10070, routed)       1.704     1.855    design_1_i/rst_ps8_0_99M/U0/slowest_sync_clk
    SLICE_X11Y67         FDRE                                         r  design_1_i/rst_ps8_0_99M/U0/ACTIVE_LOW_PR_OUT_DFF[0].FDRE_PER_N/C
  -------------------------------------------------------------------    -------------------
    SLICE_X11Y67         FDRE (Prop_AFF_SLICEL_C_Q)
                                                      0.084     1.939 r  design_1_i/rst_ps8_0_99M/U0/ACTIVE_LOW_PR_OUT_DFF[0].FDRE_PER_N/Q
                         net (fo=1, routed)           0.608     2.547    design_1_i/rst_ps8_0_99M/U0/peripheral_aresetn[0]_bufg_place
    BUFGCE_X0Y26         BUFGCE (Prop_BUFCE_BUFGCE_I_O)
                                                      0.023     2.570 r  design_1_i/rst_ps8_0_99M/U0/ACTIVE_LOW_PR_OUT_DFF[0].FDRE_PER_N_bufg_place/O
                         net (fo=2786, routed)        0.861     3.431    design_1_i/ps8_0_axi_periph/m00_couplers/auto_ds/inst/gen_downsizer.gen_simple_downsizer.axi_downsizer_inst/USE_WRITE.write_addr_inst/USE_B_CHANNEL.cmd_b_queue/inst/fifo_gen_inst/inst_fifo_gen/gconvfifo.rf/grf.rf/rstblk/ngwrdrst.grst.g7serrst.gnsckt_wrst.rst_wr_reg2_inst/src_arst
    SLICE_X6Y149         FDPE                                         f  design_1_i/ps8_0_axi_periph/m00_couplers/auto_ds/inst/gen_downsizer.gen_simple_downsizer.axi_downsizer_inst/USE_WRITE.write_addr_inst/USE_B_CHANNEL.cmd_b_queue/inst/fifo_gen_inst/inst_fifo_gen/gconvfifo.rf/grf.rf/rstblk/ngwrdrst.grst.g7serrst.gnsckt_wrst.rst_wr_reg2_inst/arststages_ff_reg[1]/PRE  (IS_INVERTED)
  -------------------------------------------------------------------    -------------------

                         (clock clk_pl_0 rise edge)
                                                      0.000     0.000 r  
    PS8_X0Y0             PS8                          0.000     0.000 r  design_1_i/zynq_ultra_ps_e_0/inst/PS8_i/PLCLK[0]
                         net (fo=1, routed)           0.164     0.164    design_1_i/zynq_ultra_ps_e_0/inst/pl_clk_unbuffered[0]
    BUFG_PS_X0Y80        BUFG_PS (Prop_BUFG_PS_I_O)
                                                      0.023     0.187 r  design_1_i/zynq_ultra_ps_e_0/inst/buffer_pl_clk_0.PL_CLK_0_BUFG/O
    X1Y1 (CLOCK_ROOT)    net (fo=10070, routed)       1.894     2.081    design_1_i/ps8_0_axi_periph/m00_couplers/auto_ds/inst/gen_downsizer.gen_simple_downsizer.axi_downsizer_inst/USE_WRITE.write_addr_inst/USE_B_CHANNEL.cmd_b_queue/inst/fifo_gen_inst/inst_fifo_gen/gconvfifo.rf/grf.rf/rstblk/ngwrdrst.grst.g7serrst.gnsckt_wrst.rst_wr_reg2_inst/dest_clk
    SLICE_X6Y149         FDPE                                         r  design_1_i/ps8_0_axi_periph/m00_couplers/auto_ds/inst/gen_downsizer.gen_simple_downsizer.axi_downsizer_inst/USE_WRITE.write_addr_inst/USE_B_CHANNEL.cmd_b_queue/inst/fifo_gen_inst/inst_fifo_gen/gconvfifo.rf/grf.rf/rstblk/ngwrdrst.grst.g7serrst.gnsckt_wrst.rst_wr_reg2_inst/arststages_ff_reg[1]/C

Slack:                    inf
  Source:                 design_1_i/rst_ps8_0_99M/U0/ACTIVE_LOW_PR_OUT_DFF[0].FDRE_PER_N/C
                            (rising edge-triggered cell FDRE clocked by clk_pl_0  {rise@0.000ns fall@5.000ns period=10.000ns})
  Destination:            design_1_i/ps8_0_axi_periph/m01_couplers/auto_ds/inst/gen_downsizer.gen_simple_downsizer.axi_downsizer_inst/USE_WRITE.write_addr_inst/USE_B_CHANNEL.cmd_b_queue/inst/fifo_gen_inst/inst_fifo_gen/gconvfifo.rf/grf.rf/rstblk/ngwrdrst.grst.g7serrst.gnsckt_wrst.rst_wr_reg2_inst/arststages_ff_reg[0]/PRE
                            (removal check against rising-edge clock clk_pl_0  {rise@0.000ns fall@5.000ns period=10.000ns})
  Path Group:             (none)
  Path Type:              Removal (Min at Fast Process Corner)
  Data Path Delay:        1.577ns  (logic 0.107ns (6.785%)  route 1.470ns (93.215%))
  Logic Levels:           1  (BUFGCE=1)
  Clock Path Skew:        0.230ns (DCD - SCD - CPR)
    Destination Clock Delay (DCD):    2.085ns
    Source Clock Delay      (SCD):    1.855ns
    Clock Pessimism Removal (CPR):    -0.000ns
  Clock Uncertainty:      0.160ns  ((TSJ^2 + DJ^2)^1/2) / 2 + PE
    Total System Jitter     (TSJ):    0.071ns
    Discrete Jitter          (DJ):    0.312ns
    Phase Error              (PE):    0.000ns
  Clock Net Delay (Source):      1.704ns (routing 0.886ns, distribution 0.818ns)
  Clock Net Delay (Destination): 1.898ns (routing 0.971ns, distribution 0.927ns)
  Timing Exception:       False Path

    Location             Delay type                Incr(ns)  Path(ns)    Netlist Resource(s)
  -------------------------------------------------------------------    -------------------
                         (clock clk_pl_0 rise edge)
                                                      0.000     0.000 r  
    PS8_X0Y0             PS8                          0.000     0.000 r  design_1_i/zynq_ultra_ps_e_0/inst/PS8_i/PLCLK[0]
                         net (fo=1, routed)           0.129     0.129    design_1_i/zynq_ultra_ps_e_0/inst/pl_clk_unbuffered[0]
    BUFG_PS_X0Y80        BUFG_PS (Prop_BUFG_PS_I_O)
                                                      0.022     0.151 r  design_1_i/zynq_ultra_ps_e_0/inst/buffer_pl_clk_0.PL_CLK_0_BUFG/O
    X1Y1 (CLOCK_ROOT)    net (fo=10070, routed)       1.704     1.855    design_1_i/rst_ps8_0_99M/U0/slowest_sync_clk
    SLICE_X11Y67         FDRE                                         r  design_1_i/rst_ps8_0_99M/U0/ACTIVE_LOW_PR_OUT_DFF[0].FDRE_PER_N/C
  -------------------------------------------------------------------    -------------------
    SLICE_X11Y67         FDRE (Prop_AFF_SLICEL_C_Q)
                                                      0.084     1.939 r  design_1_i/rst_ps8_0_99M/U0/ACTIVE_LOW_PR_OUT_DFF[0].FDRE_PER_N/Q
                         net (fo=1, routed)           0.608     2.547    design_1_i/rst_ps8_0_99M/U0/peripheral_aresetn[0]_bufg_place
    BUFGCE_X0Y26         BUFGCE (Prop_BUFCE_BUFGCE_I_O)
                                                      0.023     2.570 r  design_1_i/rst_ps8_0_99M/U0/ACTIVE_LOW_PR_OUT_DFF[0].FDRE_PER_N_bufg_place/O
                         net (fo=2786, routed)        0.862     3.432    design_1_i/ps8_0_axi_periph/m01_couplers/auto_ds/inst/gen_downsizer.gen_simple_downsizer.axi_downsizer_inst/USE_WRITE.write_addr_inst/USE_B_CHANNEL.cmd_b_queue/inst/fifo_gen_inst/inst_fifo_gen/gconvfifo.rf/grf.rf/rstblk/ngwrdrst.grst.g7serrst.gnsckt_wrst.rst_wr_reg2_inst/src_arst
    SLICE_X12Y136        FDPE                                         f  design_1_i/ps8_0_axi_periph/m01_couplers/auto_ds/inst/gen_downsizer.gen_simple_downsizer.axi_downsizer_inst/USE_WRITE.write_addr_inst/USE_B_CHANNEL.cmd_b_queue/inst/fifo_gen_inst/inst_fifo_gen/gconvfifo.rf/grf.rf/rstblk/ngwrdrst.grst.g7serrst.gnsckt_wrst.rst_wr_reg2_inst/arststages_ff_reg[0]/PRE  (IS_INVERTED)
  -------------------------------------------------------------------    -------------------

                         (clock clk_pl_0 rise edge)
                                                      0.000     0.000 r  
    PS8_X0Y0             PS8                          0.000     0.000 r  design_1_i/zynq_ultra_ps_e_0/inst/PS8_i/PLCLK[0]
                         net (fo=1, routed)           0.164     0.164    design_1_i/zynq_ultra_ps_e_0/inst/pl_clk_unbuffered[0]
    BUFG_PS_X0Y80        BUFG_PS (Prop_BUFG_PS_I_O)
                                                      0.023     0.187 r  design_1_i/zynq_ultra_ps_e_0/inst/buffer_pl_clk_0.PL_CLK_0_BUFG/O
    X1Y1 (CLOCK_ROOT)    net (fo=10070, routed)       1.898     2.085    design_1_i/ps8_0_axi_periph/m01_couplers/auto_ds/inst/gen_downsizer.gen_simple_downsizer.axi_downsizer_inst/USE_WRITE.write_addr_inst/USE_B_CHANNEL.cmd_b_queue/inst/fifo_gen_inst/inst_fifo_gen/gconvfifo.rf/grf.rf/rstblk/ngwrdrst.grst.g7serrst.gnsckt_wrst.rst_wr_reg2_inst/dest_clk
    SLICE_X12Y136        FDPE                                         r  design_1_i/ps8_0_axi_periph/m01_couplers/auto_ds/inst/gen_downsizer.gen_simple_downsizer.axi_downsizer_inst/USE_WRITE.write_addr_inst/USE_B_CHANNEL.cmd_b_queue/inst/fifo_gen_inst/inst_fifo_gen/gconvfifo.rf/grf.rf/rstblk/ngwrdrst.grst.g7serrst.gnsckt_wrst.rst_wr_reg2_inst/arststages_ff_reg[0]/C

Slack:                    inf
  Source:                 design_1_i/rst_ps8_0_99M/U0/ACTIVE_LOW_PR_OUT_DFF[0].FDRE_PER_N/C
                            (rising edge-triggered cell FDRE clocked by clk_pl_0  {rise@0.000ns fall@5.000ns period=10.000ns})
  Destination:            design_1_i/ps8_0_axi_periph/m01_couplers/auto_ds/inst/gen_downsizer.gen_simple_downsizer.axi_downsizer_inst/USE_WRITE.write_addr_inst/USE_B_CHANNEL.cmd_b_queue/inst/fifo_gen_inst/inst_fifo_gen/gconvfifo.rf/grf.rf/rstblk/ngwrdrst.grst.g7serrst.gnsckt_wrst.rst_wr_reg2_inst/arststages_ff_reg[1]/PRE
                            (removal check against rising-edge clock clk_pl_0  {rise@0.000ns fall@5.000ns period=10.000ns})
  Path Group:             (none)
  Path Type:              Removal (Min at Fast Process Corner)
  Data Path Delay:        1.577ns  (logic 0.107ns (6.785%)  route 1.470ns (93.215%))
  Logic Levels:           1  (BUFGCE=1)
  Clock Path Skew:        0.230ns (DCD - SCD - CPR)
    Destination Clock Delay (DCD):    2.085ns
    Source Clock Delay      (SCD):    1.855ns
    Clock Pessimism Removal (CPR):    -0.000ns
  Clock Uncertainty:      0.160ns  ((TSJ^2 + DJ^2)^1/2) / 2 + PE
    Total System Jitter     (TSJ):    0.071ns
    Discrete Jitter          (DJ):    0.312ns
    Phase Error              (PE):    0.000ns
  Clock Net Delay (Source):      1.704ns (routing 0.886ns, distribution 0.818ns)
  Clock Net Delay (Destination): 1.898ns (routing 0.971ns, distribution 0.927ns)
  Timing Exception:       False Path

    Location             Delay type                Incr(ns)  Path(ns)    Netlist Resource(s)
  -------------------------------------------------------------------    -------------------
                         (clock clk_pl_0 rise edge)
                                                      0.000     0.000 r  
    PS8_X0Y0             PS8                          0.000     0.000 r  design_1_i/zynq_ultra_ps_e_0/inst/PS8_i/PLCLK[0]
                         net (fo=1, routed)           0.129     0.129    design_1_i/zynq_ultra_ps_e_0/inst/pl_clk_unbuffered[0]
    BUFG_PS_X0Y80        BUFG_PS (Prop_BUFG_PS_I_O)
                                                      0.022     0.151 r  design_1_i/zynq_ultra_ps_e_0/inst/buffer_pl_clk_0.PL_CLK_0_BUFG/O
    X1Y1 (CLOCK_ROOT)    net (fo=10070, routed)       1.704     1.855    design_1_i/rst_ps8_0_99M/U0/slowest_sync_clk
    SLICE_X11Y67         FDRE                                         r  design_1_i/rst_ps8_0_99M/U0/ACTIVE_LOW_PR_OUT_DFF[0].FDRE_PER_N/C
  -------------------------------------------------------------------    -------------------
    SLICE_X11Y67         FDRE (Prop_AFF_SLICEL_C_Q)
                                                      0.084     1.939 r  design_1_i/rst_ps8_0_99M/U0/ACTIVE_LOW_PR_OUT_DFF[0].FDRE_PER_N/Q
                         net (fo=1, routed)           0.608     2.547    design_1_i/rst_ps8_0_99M/U0/peripheral_aresetn[0]_bufg_place
    BUFGCE_X0Y26         BUFGCE (Prop_BUFCE_BUFGCE_I_O)
                                                      0.023     2.570 r  design_1_i/rst_ps8_0_99M/U0/ACTIVE_LOW_PR_OUT_DFF[0].FDRE_PER_N_bufg_place/O
                         net (fo=2786, routed)        0.862     3.432    design_1_i/ps8_0_axi_periph/m01_couplers/auto_ds/inst/gen_downsizer.gen_simple_downsizer.axi_downsizer_inst/USE_WRITE.write_addr_inst/USE_B_CHANNEL.cmd_b_queue/inst/fifo_gen_inst/inst_fifo_gen/gconvfifo.rf/grf.rf/rstblk/ngwrdrst.grst.g7serrst.gnsckt_wrst.rst_wr_reg2_inst/src_arst
    SLICE_X12Y136        FDPE                                         f  design_1_i/ps8_0_axi_periph/m01_couplers/auto_ds/inst/gen_downsizer.gen_simple_downsizer.axi_downsizer_inst/USE_WRITE.write_addr_inst/USE_B_CHANNEL.cmd_b_queue/inst/fifo_gen_inst/inst_fifo_gen/gconvfifo.rf/grf.rf/rstblk/ngwrdrst.grst.g7serrst.gnsckt_wrst.rst_wr_reg2_inst/arststages_ff_reg[1]/PRE  (IS_INVERTED)
  -------------------------------------------------------------------    -------------------

                         (clock clk_pl_0 rise edge)
                                                      0.000     0.000 r  
    PS8_X0Y0             PS8                          0.000     0.000 r  design_1_i/zynq_ultra_ps_e_0/inst/PS8_i/PLCLK[0]
                         net (fo=1, routed)           0.164     0.164    design_1_i/zynq_ultra_ps_e_0/inst/pl_clk_unbuffered[0]
    BUFG_PS_X0Y80        BUFG_PS (Prop_BUFG_PS_I_O)
                                                      0.023     0.187 r  design_1_i/zynq_ultra_ps_e_0/inst/buffer_pl_clk_0.PL_CLK_0_BUFG/O
    X1Y1 (CLOCK_ROOT)    net (fo=10070, routed)       1.898     2.085    design_1_i/ps8_0_axi_periph/m01_couplers/auto_ds/inst/gen_downsizer.gen_simple_downsizer.axi_downsizer_inst/USE_WRITE.write_addr_inst/USE_B_CHANNEL.cmd_b_queue/inst/fifo_gen_inst/inst_fifo_gen/gconvfifo.rf/grf.rf/rstblk/ngwrdrst.grst.g7serrst.gnsckt_wrst.rst_wr_reg2_inst/dest_clk
    SLICE_X12Y136        FDPE                                         r  design_1_i/ps8_0_axi_periph/m01_couplers/auto_ds/inst/gen_downsizer.gen_simple_downsizer.axi_downsizer_inst/USE_WRITE.write_addr_inst/USE_B_CHANNEL.cmd_b_queue/inst/fifo_gen_inst/inst_fifo_gen/gconvfifo.rf/grf.rf/rstblk/ngwrdrst.grst.g7serrst.gnsckt_wrst.rst_wr_reg2_inst/arststages_ff_reg[1]/C





--------------------------------------------------------------------------------------
Path Group:  (none)
From Clock:  
  To Clock:  clk_pl_0

Max Delay            48 Endpoints
Min Delay            48 Endpoints
--------------------------------------------------------------------------------------


Max Delay Paths
--------------------------------------------------------------------------------------
Slack:                    inf
  Source:                 design_1_i/denoiser_top_0/inst/grp_inference_fu_131/mul_50ns_50ns_100_1_1_U59/dout__0/DSP_A_B_DATA_INST/B2_DATA[17]
                            (internal pin)
  Destination:            design_1_i/denoiser_top_0/inst/grp_inference_fu_131/trunc_ln813_1_reg_2740_reg[46]/D
                            (rising edge-triggered cell FDRE clocked by clk_pl_0  {rise@0.000ns fall@5.000ns period=10.000ns})
  Path Group:             (none)
  Path Type:              Setup (Max at Slow Process Corner)
  Data Path Delay:        4.283ns  (logic 3.335ns (77.861%)  route 0.948ns (22.139%))
  Logic Levels:           12  (CARRY8=4 DSP_ALU=2 DSP_M_DATA=1 DSP_MULTIPLIER=1 DSP_OUTPUT=2 DSP_PREADD_DATA=1 LUT4=1)
  Clock Uncertainty:      0.158ns  ((TSJ^2 + DJ^2)^1/2) / 2 + PE
    Total System Jitter     (TSJ):    0.050ns
    Discrete Jitter          (DJ):    0.312ns
    Phase Error              (PE):    0.000ns
  Clock Net Delay (Destination): 2.612ns (routing 1.450ns, distribution 1.162ns)

    Location             Delay type                Incr(ns)  Path(ns)    Netlist Resource(s)
  -------------------------------------------------------------------    -------------------
    DSP48E2_X6Y36        DSP_A_B_DATA                 0.000     0.000 r  design_1_i/denoiser_top_0/inst/grp_inference_fu_131/mul_50ns_50ns_100_1_1_U59/dout__0/DSP_A_B_DATA_INST/B2_DATA[17]
                         net (fo=1, routed)           0.000     0.000    design_1_i/denoiser_top_0/inst/grp_inference_fu_131/mul_50ns_50ns_100_1_1_U59/dout__0/DSP_A_B_DATA.B2_DATA<17>
    DSP48E2_X6Y36        DSP_PREADD_DATA (Prop_DSP_PREADD_DATA_DSP48E2_B2_DATA[17]_B2B1[17])
                                                      0.097     0.097 r  design_1_i/denoiser_top_0/inst/grp_inference_fu_131/mul_50ns_50ns_100_1_1_U59/dout__0/DSP_PREADD_DATA_INST/B2B1[17]
                         net (fo=1, routed)           0.000     0.097    design_1_i/denoiser_top_0/inst/grp_inference_fu_131/mul_50ns_50ns_100_1_1_U59/dout__0/DSP_PREADD_DATA.B2B1<17>
    DSP48E2_X6Y36        DSP_MULTIPLIER (Prop_DSP_MULTIPLIER_DSP48E2_B2B1[17]_U[43])
                                                      0.773     0.870 f  design_1_i/denoiser_top_0/inst/grp_inference_fu_131/mul_50ns_50ns_100_1_1_U59/dout__0/DSP_MULTIPLIER_INST/U[43]
                         net (fo=1, routed)           0.000     0.870    design_1_i/denoiser_top_0/inst/grp_inference_fu_131/mul_50ns_50ns_100_1_1_U59/dout__0/DSP_MULTIPLIER.U<43>
    DSP48E2_X6Y36        DSP_M_DATA (Prop_DSP_M_DATA_DSP48E2_U[43]_U_DATA[43])
                                                      0.067     0.937 r  design_1_i/denoiser_top_0/inst/grp_inference_fu_131/mul_50ns_50ns_100_1_1_U59/dout__0/DSP_M_DATA_INST/U_DATA[43]
                         net (fo=1, routed)           0.000     0.937    design_1_i/denoiser_top_0/inst/grp_inference_fu_131/mul_50ns_50ns_100_1_1_U59/dout__0/DSP_M_DATA.U_DATA<43>
    DSP48E2_X6Y36        DSP_ALU (Prop_DSP_ALU_DSP48E2_U_DATA[43]_ALU_OUT[47])
                                                      0.727     1.664 f  design_1_i/denoiser_top_0/inst/grp_inference_fu_131/mul_50ns_50ns_100_1_1_U59/dout__0/DSP_ALU_INST/ALU_OUT[47]
                         net (fo=1, routed)           0.000     1.664    design_1_i/denoiser_top_0/inst/grp_inference_fu_131/mul_50ns_50ns_100_1_1_U59/dout__0/DSP_ALU.ALU_OUT<47>
    DSP48E2_X6Y36        DSP_OUTPUT (Prop_DSP_OUTPUT_DSP48E2_ALU_OUT[47]_PCOUT[47])
                                                      0.167     1.831 r  design_1_i/denoiser_top_0/inst/grp_inference_fu_131/mul_50ns_50ns_100_1_1_U59/dout__0/DSP_OUTPUT_INST/PCOUT[47]
                         net (fo=1, routed)           0.014     1.845    design_1_i/denoiser_top_0/inst/grp_inference_fu_131/mul_50ns_50ns_100_1_1_U59/dout__1/PCIN[47]
    DSP48E2_X6Y37        DSP_ALU (Prop_DSP_ALU_DSP48E2_PCIN[47]_ALU_OUT[5])
                                                      0.739     2.584 f  design_1_i/denoiser_top_0/inst/grp_inference_fu_131/mul_50ns_50ns_100_1_1_U59/dout__1/DSP_ALU_INST/ALU_OUT[5]
                         net (fo=1, routed)           0.000     2.584    design_1_i/denoiser_top_0/inst/grp_inference_fu_131/mul_50ns_50ns_100_1_1_U59/dout__1/DSP_ALU.ALU_OUT<5>
    DSP48E2_X6Y37        DSP_OUTPUT (Prop_DSP_OUTPUT_DSP48E2_ALU_OUT[5]_P[5])
                                                      0.146     2.730 r  design_1_i/denoiser_top_0/inst/grp_inference_fu_131/mul_50ns_50ns_100_1_1_U59/dout__1/DSP_OUTPUT_INST/P[5]
                         net (fo=5, routed)           0.471     3.201    design_1_i/denoiser_top_0/inst/grp_inference_fu_131/mul_50ns_50ns_100_1_1_U59/dout__1_n_104
    SLICE_X25Y90         LUT4 (Prop_B6LUT_SLICEM_I0_O)
                                                      0.225     3.426 r  design_1_i/denoiser_top_0/inst/grp_inference_fu_131/mul_50ns_50ns_100_1_1_U59/trunc_ln813_1_reg_2740[28]_i_7/O
                         net (fo=1, routed)           0.340     3.766    design_1_i/denoiser_top_0/inst/grp_inference_fu_131/mul_50ns_50ns_100_1_1_U59/trunc_ln813_1_reg_2740[28]_i_7_n_4
    SLICE_X23Y91         CARRY8 (Prop_CARRY8_SLICEL_DI[2]_CO[7])
                                                      0.158     3.924 r  design_1_i/denoiser_top_0/inst/grp_inference_fu_131/mul_50ns_50ns_100_1_1_U59/trunc_ln813_1_reg_2740_reg[28]_i_1/CO[7]
                         net (fo=1, routed)           0.030     3.954    design_1_i/denoiser_top_0/inst/grp_inference_fu_131/mul_50ns_50ns_100_1_1_U59/trunc_ln813_1_reg_2740_reg[28]_i_1_n_4
    SLICE_X23Y92         CARRY8 (Prop_CARRY8_SLICEL_CI_CO[7])
                                                      0.065     4.019 r  design_1_i/denoiser_top_0/inst/grp_inference_fu_131/mul_50ns_50ns_100_1_1_U59/trunc_ln813_1_reg_2740_reg[36]_i_1/CO[7]
                         net (fo=1, routed)           0.030     4.049    design_1_i/denoiser_top_0/inst/grp_inference_fu_131/mul_50ns_50ns_100_1_1_U59/trunc_ln813_1_reg_2740_reg[36]_i_1_n_4
    SLICE_X23Y93         CARRY8 (Prop_CARRY8_SLICEL_CI_CO[7])
                                                      0.065     4.114 r  design_1_i/denoiser_top_0/inst/grp_inference_fu_131/mul_50ns_50ns_100_1_1_U59/trunc_ln813_1_reg_2740_reg[44]_i_1/CO[7]
                         net (fo=1, routed)           0.030     4.144    design_1_i/denoiser_top_0/inst/grp_inference_fu_131/mul_50ns_50ns_100_1_1_U59/trunc_ln813_1_reg_2740_reg[44]_i_1_n_4
    SLICE_X23Y94         CARRY8 (Prop_CARRY8_SLICEL_CI_O[1])
                                                      0.106     4.250 r  design_1_i/denoiser_top_0/inst/grp_inference_fu_131/mul_50ns_50ns_100_1_1_U59/trunc_ln813_1_reg_2740_reg[47]_i_1/O[1]
                         net (fo=1, routed)           0.033     4.283    design_1_i/denoiser_top_0/inst/grp_inference_fu_131/dout__8[98]
    SLICE_X23Y94         FDRE                                         r  design_1_i/denoiser_top_0/inst/grp_inference_fu_131/trunc_ln813_1_reg_2740_reg[46]/D
  -------------------------------------------------------------------    -------------------

                         (clock clk_pl_0 rise edge)
                                                      0.000     0.000 r  
    PS8_X0Y0             PS8                          0.000     0.000 r  design_1_i/zynq_ultra_ps_e_0/inst/PS8_i/PLCLK[0]
                         net (fo=1, routed)           0.181     0.181    design_1_i/zynq_ultra_ps_e_0/inst/pl_clk_unbuffered[0]
    BUFG_PS_X0Y80        BUFG_PS (Prop_BUFG_PS_I_O)
                                                      0.035     0.216 r  design_1_i/zynq_ultra_ps_e_0/inst/buffer_pl_clk_0.PL_CLK_0_BUFG/O
    X1Y1 (CLOCK_ROOT)    net (fo=10070, routed)       2.612     2.828    design_1_i/denoiser_top_0/inst/grp_inference_fu_131/ap_clk
    SLICE_X23Y94         FDRE                                         r  design_1_i/denoiser_top_0/inst/grp_inference_fu_131/trunc_ln813_1_reg_2740_reg[46]/C

Slack:                    inf
  Source:                 design_1_i/denoiser_top_0/inst/grp_inference_fu_131/mul_50ns_50ns_100_1_1_U59/dout__0/DSP_A_B_DATA_INST/B2_DATA[17]
                            (internal pin)
  Destination:            design_1_i/denoiser_top_0/inst/grp_inference_fu_131/trunc_ln813_1_reg_2740_reg[47]/D
                            (rising edge-triggered cell FDRE clocked by clk_pl_0  {rise@0.000ns fall@5.000ns period=10.000ns})
  Path Group:             (none)
  Path Type:              Setup (Max at Slow Process Corner)
  Data Path Delay:        4.271ns  (logic 3.322ns (77.775%)  route 0.949ns (22.225%))
  Logic Levels:           12  (CARRY8=4 DSP_ALU=2 DSP_M_DATA=1 DSP_MULTIPLIER=1 DSP_OUTPUT=2 DSP_PREADD_DATA=1 LUT4=1)
  Clock Uncertainty:      0.158ns  ((TSJ^2 + DJ^2)^1/2) / 2 + PE
    Total System Jitter     (TSJ):    0.050ns
    Discrete Jitter          (DJ):    0.312ns
    Phase Error              (PE):    0.000ns
  Clock Net Delay (Destination): 2.612ns (routing 1.450ns, distribution 1.162ns)

    Location             Delay type                Incr(ns)  Path(ns)    Netlist Resource(s)
  -------------------------------------------------------------------    -------------------
    DSP48E2_X6Y36        DSP_A_B_DATA                 0.000     0.000 r  design_1_i/denoiser_top_0/inst/grp_inference_fu_131/mul_50ns_50ns_100_1_1_U59/dout__0/DSP_A_B_DATA_INST/B2_DATA[17]
                         net (fo=1, routed)           0.000     0.000    design_1_i/denoiser_top_0/inst/grp_inference_fu_131/mul_50ns_50ns_100_1_1_U59/dout__0/DSP_A_B_DATA.B2_DATA<17>
    DSP48E2_X6Y36        DSP_PREADD_DATA (Prop_DSP_PREADD_DATA_DSP48E2_B2_DATA[17]_B2B1[17])
                                                      0.097     0.097 r  design_1_i/denoiser_top_0/inst/grp_inference_fu_131/mul_50ns_50ns_100_1_1_U59/dout__0/DSP_PREADD_DATA_INST/B2B1[17]
                         net (fo=1, routed)           0.000     0.097    design_1_i/denoiser_top_0/inst/grp_inference_fu_131/mul_50ns_50ns_100_1_1_U59/dout__0/DSP_PREADD_DATA.B2B1<17>
    DSP48E2_X6Y36        DSP_MULTIPLIER (Prop_DSP_MULTIPLIER_DSP48E2_B2B1[17]_U[43])
                                                      0.773     0.870 f  design_1_i/denoiser_top_0/inst/grp_inference_fu_131/mul_50ns_50ns_100_1_1_U59/dout__0/DSP_MULTIPLIER_INST/U[43]
                         net (fo=1, routed)           0.000     0.870    design_1_i/denoiser_top_0/inst/grp_inference_fu_131/mul_50ns_50ns_100_1_1_U59/dout__0/DSP_MULTIPLIER.U<43>
    DSP48E2_X6Y36        DSP_M_DATA (Prop_DSP_M_DATA_DSP48E2_U[43]_U_DATA[43])
                                                      0.067     0.937 r  design_1_i/denoiser_top_0/inst/grp_inference_fu_131/mul_50ns_50ns_100_1_1_U59/dout__0/DSP_M_DATA_INST/U_DATA[43]
                         net (fo=1, routed)           0.000     0.937    design_1_i/denoiser_top_0/inst/grp_inference_fu_131/mul_50ns_50ns_100_1_1_U59/dout__0/DSP_M_DATA.U_DATA<43>
    DSP48E2_X6Y36        DSP_ALU (Prop_DSP_ALU_DSP48E2_U_DATA[43]_ALU_OUT[47])
                                                      0.727     1.664 f  design_1_i/denoiser_top_0/inst/grp_inference_fu_131/mul_50ns_50ns_100_1_1_U59/dout__0/DSP_ALU_INST/ALU_OUT[47]
                         net (fo=1, routed)           0.000     1.664    design_1_i/denoiser_top_0/inst/grp_inference_fu_131/mul_50ns_50ns_100_1_1_U59/dout__0/DSP_ALU.ALU_OUT<47>
    DSP48E2_X6Y36        DSP_OUTPUT (Prop_DSP_OUTPUT_DSP48E2_ALU_OUT[47]_PCOUT[47])
                                                      0.167     1.831 r  design_1_i/denoiser_top_0/inst/grp_inference_fu_131/mul_50ns_50ns_100_1_1_U59/dout__0/DSP_OUTPUT_INST/PCOUT[47]
                         net (fo=1, routed)           0.014     1.845    design_1_i/denoiser_top_0/inst/grp_inference_fu_131/mul_50ns_50ns_100_1_1_U59/dout__1/PCIN[47]
    DSP48E2_X6Y37        DSP_ALU (Prop_DSP_ALU_DSP48E2_PCIN[47]_ALU_OUT[5])
                                                      0.739     2.584 f  design_1_i/denoiser_top_0/inst/grp_inference_fu_131/mul_50ns_50ns_100_1_1_U59/dout__1/DSP_ALU_INST/ALU_OUT[5]
                         net (fo=1, routed)           0.000     2.584    design_1_i/denoiser_top_0/inst/grp_inference_fu_131/mul_50ns_50ns_100_1_1_U59/dout__1/DSP_ALU.ALU_OUT<5>
    DSP48E2_X6Y37        DSP_OUTPUT (Prop_DSP_OUTPUT_DSP48E2_ALU_OUT[5]_P[5])
                                                      0.146     2.730 r  design_1_i/denoiser_top_0/inst/grp_inference_fu_131/mul_50ns_50ns_100_1_1_U59/dout__1/DSP_OUTPUT_INST/P[5]
                         net (fo=5, routed)           0.471     3.201    design_1_i/denoiser_top_0/inst/grp_inference_fu_131/mul_50ns_50ns_100_1_1_U59/dout__1_n_104
    SLICE_X25Y90         LUT4 (Prop_B6LUT_SLICEM_I0_O)
                                                      0.225     3.426 r  design_1_i/denoiser_top_0/inst/grp_inference_fu_131/mul_50ns_50ns_100_1_1_U59/trunc_ln813_1_reg_2740[28]_i_7/O
                         net (fo=1, routed)           0.340     3.766    design_1_i/denoiser_top_0/inst/grp_inference_fu_131/mul_50ns_50ns_100_1_1_U59/trunc_ln813_1_reg_2740[28]_i_7_n_4
    SLICE_X23Y91         CARRY8 (Prop_CARRY8_SLICEL_DI[2]_CO[7])
                                                      0.158     3.924 r  design_1_i/denoiser_top_0/inst/grp_inference_fu_131/mul_50ns_50ns_100_1_1_U59/trunc_ln813_1_reg_2740_reg[28]_i_1/CO[7]
                         net (fo=1, routed)           0.030     3.954    design_1_i/denoiser_top_0/inst/grp_inference_fu_131/mul_50ns_50ns_100_1_1_U59/trunc_ln813_1_reg_2740_reg[28]_i_1_n_4
    SLICE_X23Y92         CARRY8 (Prop_CARRY8_SLICEL_CI_CO[7])
                                                      0.065     4.019 r  design_1_i/denoiser_top_0/inst/grp_inference_fu_131/mul_50ns_50ns_100_1_1_U59/trunc_ln813_1_reg_2740_reg[36]_i_1/CO[7]
                         net (fo=1, routed)           0.030     4.049    design_1_i/denoiser_top_0/inst/grp_inference_fu_131/mul_50ns_50ns_100_1_1_U59/trunc_ln813_1_reg_2740_reg[36]_i_1_n_4
    SLICE_X23Y93         CARRY8 (Prop_CARRY8_SLICEL_CI_CO[7])
                                                      0.065     4.114 r  design_1_i/denoiser_top_0/inst/grp_inference_fu_131/mul_50ns_50ns_100_1_1_U59/trunc_ln813_1_reg_2740_reg[44]_i_1/CO[7]
                         net (fo=1, routed)           0.030     4.144    design_1_i/denoiser_top_0/inst/grp_inference_fu_131/mul_50ns_50ns_100_1_1_U59/trunc_ln813_1_reg_2740_reg[44]_i_1_n_4
    SLICE_X23Y94         CARRY8 (Prop_CARRY8_SLICEL_CI_O[2])
                                                      0.093     4.237 r  design_1_i/denoiser_top_0/inst/grp_inference_fu_131/mul_50ns_50ns_100_1_1_U59/trunc_ln813_1_reg_2740_reg[47]_i_1/O[2]
                         net (fo=1, routed)           0.034     4.271    design_1_i/denoiser_top_0/inst/grp_inference_fu_131/dout__8[99]
    SLICE_X23Y94         FDRE                                         r  design_1_i/denoiser_top_0/inst/grp_inference_fu_131/trunc_ln813_1_reg_2740_reg[47]/D
  -------------------------------------------------------------------    -------------------

                         (clock clk_pl_0 rise edge)
                                                      0.000     0.000 r  
    PS8_X0Y0             PS8                          0.000     0.000 r  design_1_i/zynq_ultra_ps_e_0/inst/PS8_i/PLCLK[0]
                         net (fo=1, routed)           0.181     0.181    design_1_i/zynq_ultra_ps_e_0/inst/pl_clk_unbuffered[0]
    BUFG_PS_X0Y80        BUFG_PS (Prop_BUFG_PS_I_O)
                                                      0.035     0.216 r  design_1_i/zynq_ultra_ps_e_0/inst/buffer_pl_clk_0.PL_CLK_0_BUFG/O
    X1Y1 (CLOCK_ROOT)    net (fo=10070, routed)       2.612     2.828    design_1_i/denoiser_top_0/inst/grp_inference_fu_131/ap_clk
    SLICE_X23Y94         FDRE                                         r  design_1_i/denoiser_top_0/inst/grp_inference_fu_131/trunc_ln813_1_reg_2740_reg[47]/C

Slack:                    inf
  Source:                 design_1_i/denoiser_top_0/inst/grp_inference_fu_131/mul_50ns_50ns_100_1_1_U59/dout__0/DSP_A_B_DATA_INST/B2_DATA[17]
                            (internal pin)
  Destination:            design_1_i/denoiser_top_0/inst/grp_inference_fu_131/trunc_ln813_1_reg_2740_reg[44]/D
                            (rising edge-triggered cell FDRE clocked by clk_pl_0  {rise@0.000ns fall@5.000ns period=10.000ns})
  Path Group:             (none)
  Path Type:              Setup (Max at Slow Process Corner)
  Data Path Delay:        4.254ns  (logic 3.335ns (78.392%)  route 0.919ns (21.608%))
  Logic Levels:           11  (CARRY8=3 DSP_ALU=2 DSP_M_DATA=1 DSP_MULTIPLIER=1 DSP_OUTPUT=2 DSP_PREADD_DATA=1 LUT4=1)
  Clock Uncertainty:      0.158ns  ((TSJ^2 + DJ^2)^1/2) / 2 + PE
    Total System Jitter     (TSJ):    0.050ns
    Discrete Jitter          (DJ):    0.312ns
    Phase Error              (PE):    0.000ns
  Clock Net Delay (Destination): 2.613ns (routing 1.450ns, distribution 1.163ns)

    Location             Delay type                Incr(ns)  Path(ns)    Netlist Resource(s)
  -------------------------------------------------------------------    -------------------
    DSP48E2_X6Y36        DSP_A_B_DATA                 0.000     0.000 r  design_1_i/denoiser_top_0/inst/grp_inference_fu_131/mul_50ns_50ns_100_1_1_U59/dout__0/DSP_A_B_DATA_INST/B2_DATA[17]
                         net (fo=1, routed)           0.000     0.000    design_1_i/denoiser_top_0/inst/grp_inference_fu_131/mul_50ns_50ns_100_1_1_U59/dout__0/DSP_A_B_DATA.B2_DATA<17>
    DSP48E2_X6Y36        DSP_PREADD_DATA (Prop_DSP_PREADD_DATA_DSP48E2_B2_DATA[17]_B2B1[17])
                                                      0.097     0.097 r  design_1_i/denoiser_top_0/inst/grp_inference_fu_131/mul_50ns_50ns_100_1_1_U59/dout__0/DSP_PREADD_DATA_INST/B2B1[17]
                         net (fo=1, routed)           0.000     0.097    design_1_i/denoiser_top_0/inst/grp_inference_fu_131/mul_50ns_50ns_100_1_1_U59/dout__0/DSP_PREADD_DATA.B2B1<17>
    DSP48E2_X6Y36        DSP_MULTIPLIER (Prop_DSP_MULTIPLIER_DSP48E2_B2B1[17]_U[43])
                                                      0.773     0.870 f  design_1_i/denoiser_top_0/inst/grp_inference_fu_131/mul_50ns_50ns_100_1_1_U59/dout__0/DSP_MULTIPLIER_INST/U[43]
                         net (fo=1, routed)           0.000     0.870    design_1_i/denoiser_top_0/inst/grp_inference_fu_131/mul_50ns_50ns_100_1_1_U59/dout__0/DSP_MULTIPLIER.U<43>
    DSP48E2_X6Y36        DSP_M_DATA (Prop_DSP_M_DATA_DSP48E2_U[43]_U_DATA[43])
                                                      0.067     0.937 r  design_1_i/denoiser_top_0/inst/grp_inference_fu_131/mul_50ns_50ns_100_1_1_U59/dout__0/DSP_M_DATA_INST/U_DATA[43]
                         net (fo=1, routed)           0.000     0.937    design_1_i/denoiser_top_0/inst/grp_inference_fu_131/mul_50ns_50ns_100_1_1_U59/dout__0/DSP_M_DATA.U_DATA<43>
    DSP48E2_X6Y36        DSP_ALU (Prop_DSP_ALU_DSP48E2_U_DATA[43]_ALU_OUT[47])
                                                      0.727     1.664 f  design_1_i/denoiser_top_0/inst/grp_inference_fu_131/mul_50ns_50ns_100_1_1_U59/dout__0/DSP_ALU_INST/ALU_OUT[47]
                         net (fo=1, routed)           0.000     1.664    design_1_i/denoiser_top_0/inst/grp_inference_fu_131/mul_50ns_50ns_100_1_1_U59/dout__0/DSP_ALU.ALU_OUT<47>
    DSP48E2_X6Y36        DSP_OUTPUT (Prop_DSP_OUTPUT_DSP48E2_ALU_OUT[47]_PCOUT[47])
                                                      0.167     1.831 r  design_1_i/denoiser_top_0/inst/grp_inference_fu_131/mul_50ns_50ns_100_1_1_U59/dout__0/DSP_OUTPUT_INST/PCOUT[47]
                         net (fo=1, routed)           0.014     1.845    design_1_i/denoiser_top_0/inst/grp_inference_fu_131/mul_50ns_50ns_100_1_1_U59/dout__1/PCIN[47]
    DSP48E2_X6Y37        DSP_ALU (Prop_DSP_ALU_DSP48E2_PCIN[47]_ALU_OUT[5])
                                                      0.739     2.584 f  design_1_i/denoiser_top_0/inst/grp_inference_fu_131/mul_50ns_50ns_100_1_1_U59/dout__1/DSP_ALU_INST/ALU_OUT[5]
                         net (fo=1, routed)           0.000     2.584    design_1_i/denoiser_top_0/inst/grp_inference_fu_131/mul_50ns_50ns_100_1_1_U59/dout__1/DSP_ALU.ALU_OUT<5>
    DSP48E2_X6Y37        DSP_OUTPUT (Prop_DSP_OUTPUT_DSP48E2_ALU_OUT[5]_P[5])
                                                      0.146     2.730 r  design_1_i/denoiser_top_0/inst/grp_inference_fu_131/mul_50ns_50ns_100_1_1_U59/dout__1/DSP_OUTPUT_INST/P[5]
                         net (fo=5, routed)           0.471     3.201    design_1_i/denoiser_top_0/inst/grp_inference_fu_131/mul_50ns_50ns_100_1_1_U59/dout__1_n_104
    SLICE_X25Y90         LUT4 (Prop_B6LUT_SLICEM_I0_O)
                                                      0.225     3.426 r  design_1_i/denoiser_top_0/inst/grp_inference_fu_131/mul_50ns_50ns_100_1_1_U59/trunc_ln813_1_reg_2740[28]_i_7/O
                         net (fo=1, routed)           0.340     3.766    design_1_i/denoiser_top_0/inst/grp_inference_fu_131/mul_50ns_50ns_100_1_1_U59/trunc_ln813_1_reg_2740[28]_i_7_n_4
    SLICE_X23Y91         CARRY8 (Prop_CARRY8_SLICEL_DI[2]_CO[7])
                                                      0.158     3.924 r  design_1_i/denoiser_top_0/inst/grp_inference_fu_131/mul_50ns_50ns_100_1_1_U59/trunc_ln813_1_reg_2740_reg[28]_i_1/CO[7]
                         net (fo=1, routed)           0.030     3.954    design_1_i/denoiser_top_0/inst/grp_inference_fu_131/mul_50ns_50ns_100_1_1_U59/trunc_ln813_1_reg_2740_reg[28]_i_1_n_4
    SLICE_X23Y92         CARRY8 (Prop_CARRY8_SLICEL_CI_CO[7])
                                                      0.065     4.019 r  design_1_i/denoiser_top_0/inst/grp_inference_fu_131/mul_50ns_50ns_100_1_1_U59/trunc_ln813_1_reg_2740_reg[36]_i_1/CO[7]
                         net (fo=1, routed)           0.030     4.049    design_1_i/denoiser_top_0/inst/grp_inference_fu_131/mul_50ns_50ns_100_1_1_U59/trunc_ln813_1_reg_2740_reg[36]_i_1_n_4
    SLICE_X23Y93         CARRY8 (Prop_CARRY8_SLICEL_CI_O[7])
                                                      0.171     4.220 r  design_1_i/denoiser_top_0/inst/grp_inference_fu_131/mul_50ns_50ns_100_1_1_U59/trunc_ln813_1_reg_2740_reg[44]_i_1/O[7]
                         net (fo=1, routed)           0.034     4.254    design_1_i/denoiser_top_0/inst/grp_inference_fu_131/dout__8[96]
    SLICE_X23Y93         FDRE                                         r  design_1_i/denoiser_top_0/inst/grp_inference_fu_131/trunc_ln813_1_reg_2740_reg[44]/D
  -------------------------------------------------------------------    -------------------

                         (clock clk_pl_0 rise edge)
                                                      0.000     0.000 r  
    PS8_X0Y0             PS8                          0.000     0.000 r  design_1_i/zynq_ultra_ps_e_0/inst/PS8_i/PLCLK[0]
                         net (fo=1, routed)           0.181     0.181    design_1_i/zynq_ultra_ps_e_0/inst/pl_clk_unbuffered[0]
    BUFG_PS_X0Y80        BUFG_PS (Prop_BUFG_PS_I_O)
                                                      0.035     0.216 r  design_1_i/zynq_ultra_ps_e_0/inst/buffer_pl_clk_0.PL_CLK_0_BUFG/O
    X1Y1 (CLOCK_ROOT)    net (fo=10070, routed)       2.613     2.829    design_1_i/denoiser_top_0/inst/grp_inference_fu_131/ap_clk
    SLICE_X23Y93         FDRE                                         r  design_1_i/denoiser_top_0/inst/grp_inference_fu_131/trunc_ln813_1_reg_2740_reg[44]/C

Slack:                    inf
  Source:                 design_1_i/denoiser_top_0/inst/grp_inference_fu_131/mul_50ns_50ns_100_1_1_U59/dout__0/DSP_A_B_DATA_INST/B2_DATA[17]
                            (internal pin)
  Destination:            design_1_i/denoiser_top_0/inst/grp_inference_fu_131/trunc_ln813_1_reg_2740_reg[45]/D
                            (rising edge-triggered cell FDRE clocked by clk_pl_0  {rise@0.000ns fall@5.000ns period=10.000ns})
  Path Group:             (none)
  Path Type:              Setup (Max at Slow Process Corner)
  Data Path Delay:        4.254ns  (logic 3.307ns (77.734%)  route 0.947ns (22.266%))
  Logic Levels:           12  (CARRY8=4 DSP_ALU=2 DSP_M_DATA=1 DSP_MULTIPLIER=1 DSP_OUTPUT=2 DSP_PREADD_DATA=1 LUT4=1)
  Clock Uncertainty:      0.158ns  ((TSJ^2 + DJ^2)^1/2) / 2 + PE
    Total System Jitter     (TSJ):    0.050ns
    Discrete Jitter          (DJ):    0.312ns
    Phase Error              (PE):    0.000ns
  Clock Net Delay (Destination): 2.612ns (routing 1.450ns, distribution 1.162ns)

    Location             Delay type                Incr(ns)  Path(ns)    Netlist Resource(s)
  -------------------------------------------------------------------    -------------------
    DSP48E2_X6Y36        DSP_A_B_DATA                 0.000     0.000 r  design_1_i/denoiser_top_0/inst/grp_inference_fu_131/mul_50ns_50ns_100_1_1_U59/dout__0/DSP_A_B_DATA_INST/B2_DATA[17]
                         net (fo=1, routed)           0.000     0.000    design_1_i/denoiser_top_0/inst/grp_inference_fu_131/mul_50ns_50ns_100_1_1_U59/dout__0/DSP_A_B_DATA.B2_DATA<17>
    DSP48E2_X6Y36        DSP_PREADD_DATA (Prop_DSP_PREADD_DATA_DSP48E2_B2_DATA[17]_B2B1[17])
                                                      0.097     0.097 r  design_1_i/denoiser_top_0/inst/grp_inference_fu_131/mul_50ns_50ns_100_1_1_U59/dout__0/DSP_PREADD_DATA_INST/B2B1[17]
                         net (fo=1, routed)           0.000     0.097    design_1_i/denoiser_top_0/inst/grp_inference_fu_131/mul_50ns_50ns_100_1_1_U59/dout__0/DSP_PREADD_DATA.B2B1<17>
    DSP48E2_X6Y36        DSP_MULTIPLIER (Prop_DSP_MULTIPLIER_DSP48E2_B2B1[17]_U[43])
                                                      0.773     0.870 f  design_1_i/denoiser_top_0/inst/grp_inference_fu_131/mul_50ns_50ns_100_1_1_U59/dout__0/DSP_MULTIPLIER_INST/U[43]
                         net (fo=1, routed)           0.000     0.870    design_1_i/denoiser_top_0/inst/grp_inference_fu_131/mul_50ns_50ns_100_1_1_U59/dout__0/DSP_MULTIPLIER.U<43>
    DSP48E2_X6Y36        DSP_M_DATA (Prop_DSP_M_DATA_DSP48E2_U[43]_U_DATA[43])
                                                      0.067     0.937 r  design_1_i/denoiser_top_0/inst/grp_inference_fu_131/mul_50ns_50ns_100_1_1_U59/dout__0/DSP_M_DATA_INST/U_DATA[43]
                         net (fo=1, routed)           0.000     0.937    design_1_i/denoiser_top_0/inst/grp_inference_fu_131/mul_50ns_50ns_100_1_1_U59/dout__0/DSP_M_DATA.U_DATA<43>
    DSP48E2_X6Y36        DSP_ALU (Prop_DSP_ALU_DSP48E2_U_DATA[43]_ALU_OUT[47])
                                                      0.727     1.664 f  design_1_i/denoiser_top_0/inst/grp_inference_fu_131/mul_50ns_50ns_100_1_1_U59/dout__0/DSP_ALU_INST/ALU_OUT[47]
                         net (fo=1, routed)           0.000     1.664    design_1_i/denoiser_top_0/inst/grp_inference_fu_131/mul_50ns_50ns_100_1_1_U59/dout__0/DSP_ALU.ALU_OUT<47>
    DSP48E2_X6Y36        DSP_OUTPUT (Prop_DSP_OUTPUT_DSP48E2_ALU_OUT[47]_PCOUT[47])
                                                      0.167     1.831 r  design_1_i/denoiser_top_0/inst/grp_inference_fu_131/mul_50ns_50ns_100_1_1_U59/dout__0/DSP_OUTPUT_INST/PCOUT[47]
                         net (fo=1, routed)           0.014     1.845    design_1_i/denoiser_top_0/inst/grp_inference_fu_131/mul_50ns_50ns_100_1_1_U59/dout__1/PCIN[47]
    DSP48E2_X6Y37        DSP_ALU (Prop_DSP_ALU_DSP48E2_PCIN[47]_ALU_OUT[5])
                                                      0.739     2.584 f  design_1_i/denoiser_top_0/inst/grp_inference_fu_131/mul_50ns_50ns_100_1_1_U59/dout__1/DSP_ALU_INST/ALU_OUT[5]
                         net (fo=1, routed)           0.000     2.584    design_1_i/denoiser_top_0/inst/grp_inference_fu_131/mul_50ns_50ns_100_1_1_U59/dout__1/DSP_ALU.ALU_OUT<5>
    DSP48E2_X6Y37        DSP_OUTPUT (Prop_DSP_OUTPUT_DSP48E2_ALU_OUT[5]_P[5])
                                                      0.146     2.730 r  design_1_i/denoiser_top_0/inst/grp_inference_fu_131/mul_50ns_50ns_100_1_1_U59/dout__1/DSP_OUTPUT_INST/P[5]
                         net (fo=5, routed)           0.471     3.201    design_1_i/denoiser_top_0/inst/grp_inference_fu_131/mul_50ns_50ns_100_1_1_U59/dout__1_n_104
    SLICE_X25Y90         LUT4 (Prop_B6LUT_SLICEM_I0_O)
                                                      0.225     3.426 r  design_1_i/denoiser_top_0/inst/grp_inference_fu_131/mul_50ns_50ns_100_1_1_U59/trunc_ln813_1_reg_2740[28]_i_7/O
                         net (fo=1, routed)           0.340     3.766    design_1_i/denoiser_top_0/inst/grp_inference_fu_131/mul_50ns_50ns_100_1_1_U59/trunc_ln813_1_reg_2740[28]_i_7_n_4
    SLICE_X23Y91         CARRY8 (Prop_CARRY8_SLICEL_DI[2]_CO[7])
                                                      0.158     3.924 r  design_1_i/denoiser_top_0/inst/grp_inference_fu_131/mul_50ns_50ns_100_1_1_U59/trunc_ln813_1_reg_2740_reg[28]_i_1/CO[7]
                         net (fo=1, routed)           0.030     3.954    design_1_i/denoiser_top_0/inst/grp_inference_fu_131/mul_50ns_50ns_100_1_1_U59/trunc_ln813_1_reg_2740_reg[28]_i_1_n_4
    SLICE_X23Y92         CARRY8 (Prop_CARRY8_SLICEL_CI_CO[7])
                                                      0.065     4.019 r  design_1_i/denoiser_top_0/inst/grp_inference_fu_131/mul_50ns_50ns_100_1_1_U59/trunc_ln813_1_reg_2740_reg[36]_i_1/CO[7]
                         net (fo=1, routed)           0.030     4.049    design_1_i/denoiser_top_0/inst/grp_inference_fu_131/mul_50ns_50ns_100_1_1_U59/trunc_ln813_1_reg_2740_reg[36]_i_1_n_4
    SLICE_X23Y93         CARRY8 (Prop_CARRY8_SLICEL_CI_CO[7])
                                                      0.065     4.114 r  design_1_i/denoiser_top_0/inst/grp_inference_fu_131/mul_50ns_50ns_100_1_1_U59/trunc_ln813_1_reg_2740_reg[44]_i_1/CO[7]
                         net (fo=1, routed)           0.030     4.144    design_1_i/denoiser_top_0/inst/grp_inference_fu_131/mul_50ns_50ns_100_1_1_U59/trunc_ln813_1_reg_2740_reg[44]_i_1_n_4
    SLICE_X23Y94         CARRY8 (Prop_CARRY8_SLICEL_CI_O[0])
                                                      0.078     4.222 r  design_1_i/denoiser_top_0/inst/grp_inference_fu_131/mul_50ns_50ns_100_1_1_U59/trunc_ln813_1_reg_2740_reg[47]_i_1/O[0]
                         net (fo=1, routed)           0.032     4.254    design_1_i/denoiser_top_0/inst/grp_inference_fu_131/dout__8[97]
    SLICE_X23Y94         FDRE                                         r  design_1_i/denoiser_top_0/inst/grp_inference_fu_131/trunc_ln813_1_reg_2740_reg[45]/D
  -------------------------------------------------------------------    -------------------

                         (clock clk_pl_0 rise edge)
                                                      0.000     0.000 r  
    PS8_X0Y0             PS8                          0.000     0.000 r  design_1_i/zynq_ultra_ps_e_0/inst/PS8_i/PLCLK[0]
                         net (fo=1, routed)           0.181     0.181    design_1_i/zynq_ultra_ps_e_0/inst/pl_clk_unbuffered[0]
    BUFG_PS_X0Y80        BUFG_PS (Prop_BUFG_PS_I_O)
                                                      0.035     0.216 r  design_1_i/zynq_ultra_ps_e_0/inst/buffer_pl_clk_0.PL_CLK_0_BUFG/O
    X1Y1 (CLOCK_ROOT)    net (fo=10070, routed)       2.612     2.828    design_1_i/denoiser_top_0/inst/grp_inference_fu_131/ap_clk
    SLICE_X23Y94         FDRE                                         r  design_1_i/denoiser_top_0/inst/grp_inference_fu_131/trunc_ln813_1_reg_2740_reg[45]/C

Slack:                    inf
  Source:                 design_1_i/denoiser_top_0/inst/grp_inference_fu_131/mul_50ns_50ns_100_1_1_U59/dout__0/DSP_A_B_DATA_INST/B2_DATA[17]
                            (internal pin)
  Destination:            design_1_i/denoiser_top_0/inst/grp_inference_fu_131/trunc_ln813_1_reg_2740_reg[42]/D
                            (rising edge-triggered cell FDRE clocked by clk_pl_0  {rise@0.000ns fall@5.000ns period=10.000ns})
  Path Group:             (none)
  Path Type:              Setup (Max at Slow Process Corner)
  Data Path Delay:        4.243ns  (logic 3.325ns (78.359%)  route 0.918ns (21.641%))
  Logic Levels:           11  (CARRY8=3 DSP_ALU=2 DSP_M_DATA=1 DSP_MULTIPLIER=1 DSP_OUTPUT=2 DSP_PREADD_DATA=1 LUT4=1)
  Clock Uncertainty:      0.158ns  ((TSJ^2 + DJ^2)^1/2) / 2 + PE
    Total System Jitter     (TSJ):    0.050ns
    Discrete Jitter          (DJ):    0.312ns
    Phase Error              (PE):    0.000ns
  Clock Net Delay (Destination): 2.613ns (routing 1.450ns, distribution 1.163ns)

    Location             Delay type                Incr(ns)  Path(ns)    Netlist Resource(s)
  -------------------------------------------------------------------    -------------------
    DSP48E2_X6Y36        DSP_A_B_DATA                 0.000     0.000 r  design_1_i/denoiser_top_0/inst/grp_inference_fu_131/mul_50ns_50ns_100_1_1_U59/dout__0/DSP_A_B_DATA_INST/B2_DATA[17]
                         net (fo=1, routed)           0.000     0.000    design_1_i/denoiser_top_0/inst/grp_inference_fu_131/mul_50ns_50ns_100_1_1_U59/dout__0/DSP_A_B_DATA.B2_DATA<17>
    DSP48E2_X6Y36        DSP_PREADD_DATA (Prop_DSP_PREADD_DATA_DSP48E2_B2_DATA[17]_B2B1[17])
                                                      0.097     0.097 r  design_1_i/denoiser_top_0/inst/grp_inference_fu_131/mul_50ns_50ns_100_1_1_U59/dout__0/DSP_PREADD_DATA_INST/B2B1[17]
                         net (fo=1, routed)           0.000     0.097    design_1_i/denoiser_top_0/inst/grp_inference_fu_131/mul_50ns_50ns_100_1_1_U59/dout__0/DSP_PREADD_DATA.B2B1<17>
    DSP48E2_X6Y36        DSP_MULTIPLIER (Prop_DSP_MULTIPLIER_DSP48E2_B2B1[17]_U[43])
                                                      0.773     0.870 f  design_1_i/denoiser_top_0/inst/grp_inference_fu_131/mul_50ns_50ns_100_1_1_U59/dout__0/DSP_MULTIPLIER_INST/U[43]
                         net (fo=1, routed)           0.000     0.870    design_1_i/denoiser_top_0/inst/grp_inference_fu_131/mul_50ns_50ns_100_1_1_U59/dout__0/DSP_MULTIPLIER.U<43>
    DSP48E2_X6Y36        DSP_M_DATA (Prop_DSP_M_DATA_DSP48E2_U[43]_U_DATA[43])
                                                      0.067     0.937 r  design_1_i/denoiser_top_0/inst/grp_inference_fu_131/mul_50ns_50ns_100_1_1_U59/dout__0/DSP_M_DATA_INST/U_DATA[43]
                         net (fo=1, routed)           0.000     0.937    design_1_i/denoiser_top_0/inst/grp_inference_fu_131/mul_50ns_50ns_100_1_1_U59/dout__0/DSP_M_DATA.U_DATA<43>
    DSP48E2_X6Y36        DSP_ALU (Prop_DSP_ALU_DSP48E2_U_DATA[43]_ALU_OUT[47])
                                                      0.727     1.664 f  design_1_i/denoiser_top_0/inst/grp_inference_fu_131/mul_50ns_50ns_100_1_1_U59/dout__0/DSP_ALU_INST/ALU_OUT[47]
                         net (fo=1, routed)           0.000     1.664    design_1_i/denoiser_top_0/inst/grp_inference_fu_131/mul_50ns_50ns_100_1_1_U59/dout__0/DSP_ALU.ALU_OUT<47>
    DSP48E2_X6Y36        DSP_OUTPUT (Prop_DSP_OUTPUT_DSP48E2_ALU_OUT[47]_PCOUT[47])
                                                      0.167     1.831 r  design_1_i/denoiser_top_0/inst/grp_inference_fu_131/mul_50ns_50ns_100_1_1_U59/dout__0/DSP_OUTPUT_INST/PCOUT[47]
                         net (fo=1, routed)           0.014     1.845    design_1_i/denoiser_top_0/inst/grp_inference_fu_131/mul_50ns_50ns_100_1_1_U59/dout__1/PCIN[47]
    DSP48E2_X6Y37        DSP_ALU (Prop_DSP_ALU_DSP48E2_PCIN[47]_ALU_OUT[5])
                                                      0.739     2.584 f  design_1_i/denoiser_top_0/inst/grp_inference_fu_131/mul_50ns_50ns_100_1_1_U59/dout__1/DSP_ALU_INST/ALU_OUT[5]
                         net (fo=1, routed)           0.000     2.584    design_1_i/denoiser_top_0/inst/grp_inference_fu_131/mul_50ns_50ns_100_1_1_U59/dout__1/DSP_ALU.ALU_OUT<5>
    DSP48E2_X6Y37        DSP_OUTPUT (Prop_DSP_OUTPUT_DSP48E2_ALU_OUT[5]_P[5])
                                                      0.146     2.730 r  design_1_i/denoiser_top_0/inst/grp_inference_fu_131/mul_50ns_50ns_100_1_1_U59/dout__1/DSP_OUTPUT_INST/P[5]
                         net (fo=5, routed)           0.471     3.201    design_1_i/denoiser_top_0/inst/grp_inference_fu_131/mul_50ns_50ns_100_1_1_U59/dout__1_n_104
    SLICE_X25Y90         LUT4 (Prop_B6LUT_SLICEM_I0_O)
                                                      0.225     3.426 r  design_1_i/denoiser_top_0/inst/grp_inference_fu_131/mul_50ns_50ns_100_1_1_U59/trunc_ln813_1_reg_2740[28]_i_7/O
                         net (fo=1, routed)           0.340     3.766    design_1_i/denoiser_top_0/inst/grp_inference_fu_131/mul_50ns_50ns_100_1_1_U59/trunc_ln813_1_reg_2740[28]_i_7_n_4
    SLICE_X23Y91         CARRY8 (Prop_CARRY8_SLICEL_DI[2]_CO[7])
                                                      0.158     3.924 r  design_1_i/denoiser_top_0/inst/grp_inference_fu_131/mul_50ns_50ns_100_1_1_U59/trunc_ln813_1_reg_2740_reg[28]_i_1/CO[7]
                         net (fo=1, routed)           0.030     3.954    design_1_i/denoiser_top_0/inst/grp_inference_fu_131/mul_50ns_50ns_100_1_1_U59/trunc_ln813_1_reg_2740_reg[28]_i_1_n_4
    SLICE_X23Y92         CARRY8 (Prop_CARRY8_SLICEL_CI_CO[7])
                                                      0.065     4.019 r  design_1_i/denoiser_top_0/inst/grp_inference_fu_131/mul_50ns_50ns_100_1_1_U59/trunc_ln813_1_reg_2740_reg[36]_i_1/CO[7]
                         net (fo=1, routed)           0.030     4.049    design_1_i/denoiser_top_0/inst/grp_inference_fu_131/mul_50ns_50ns_100_1_1_U59/trunc_ln813_1_reg_2740_reg[36]_i_1_n_4
    SLICE_X23Y93         CARRY8 (Prop_CARRY8_SLICEL_CI_O[5])
                                                      0.161     4.210 r  design_1_i/denoiser_top_0/inst/grp_inference_fu_131/mul_50ns_50ns_100_1_1_U59/trunc_ln813_1_reg_2740_reg[44]_i_1/O[5]
                         net (fo=1, routed)           0.033     4.243    design_1_i/denoiser_top_0/inst/grp_inference_fu_131/dout__8[94]
    SLICE_X23Y93         FDRE                                         r  design_1_i/denoiser_top_0/inst/grp_inference_fu_131/trunc_ln813_1_reg_2740_reg[42]/D
  -------------------------------------------------------------------    -------------------

                         (clock clk_pl_0 rise edge)
                                                      0.000     0.000 r  
    PS8_X0Y0             PS8                          0.000     0.000 r  design_1_i/zynq_ultra_ps_e_0/inst/PS8_i/PLCLK[0]
                         net (fo=1, routed)           0.181     0.181    design_1_i/zynq_ultra_ps_e_0/inst/pl_clk_unbuffered[0]
    BUFG_PS_X0Y80        BUFG_PS (Prop_BUFG_PS_I_O)
                                                      0.035     0.216 r  design_1_i/zynq_ultra_ps_e_0/inst/buffer_pl_clk_0.PL_CLK_0_BUFG/O
    X1Y1 (CLOCK_ROOT)    net (fo=10070, routed)       2.613     2.829    design_1_i/denoiser_top_0/inst/grp_inference_fu_131/ap_clk
    SLICE_X23Y93         FDRE                                         r  design_1_i/denoiser_top_0/inst/grp_inference_fu_131/trunc_ln813_1_reg_2740_reg[42]/C

Slack:                    inf
  Source:                 design_1_i/denoiser_top_0/inst/grp_inference_fu_131/mul_50ns_50ns_100_1_1_U59/dout__0/DSP_A_B_DATA_INST/B2_DATA[17]
                            (internal pin)
  Destination:            design_1_i/denoiser_top_0/inst/grp_inference_fu_131/trunc_ln813_1_reg_2740_reg[43]/D
                            (rising edge-triggered cell FDRE clocked by clk_pl_0  {rise@0.000ns fall@5.000ns period=10.000ns})
  Path Group:             (none)
  Path Type:              Setup (Max at Slow Process Corner)
  Data Path Delay:        4.240ns  (logic 3.321ns (78.320%)  route 0.919ns (21.680%))
  Logic Levels:           11  (CARRY8=3 DSP_ALU=2 DSP_M_DATA=1 DSP_MULTIPLIER=1 DSP_OUTPUT=2 DSP_PREADD_DATA=1 LUT4=1)
  Clock Uncertainty:      0.158ns  ((TSJ^2 + DJ^2)^1/2) / 2 + PE
    Total System Jitter     (TSJ):    0.050ns
    Discrete Jitter          (DJ):    0.312ns
    Phase Error              (PE):    0.000ns
  Clock Net Delay (Destination): 2.613ns (routing 1.450ns, distribution 1.163ns)

    Location             Delay type                Incr(ns)  Path(ns)    Netlist Resource(s)
  -------------------------------------------------------------------    -------------------
    DSP48E2_X6Y36        DSP_A_B_DATA                 0.000     0.000 r  design_1_i/denoiser_top_0/inst/grp_inference_fu_131/mul_50ns_50ns_100_1_1_U59/dout__0/DSP_A_B_DATA_INST/B2_DATA[17]
                         net (fo=1, routed)           0.000     0.000    design_1_i/denoiser_top_0/inst/grp_inference_fu_131/mul_50ns_50ns_100_1_1_U59/dout__0/DSP_A_B_DATA.B2_DATA<17>
    DSP48E2_X6Y36        DSP_PREADD_DATA (Prop_DSP_PREADD_DATA_DSP48E2_B2_DATA[17]_B2B1[17])
                                                      0.097     0.097 r  design_1_i/denoiser_top_0/inst/grp_inference_fu_131/mul_50ns_50ns_100_1_1_U59/dout__0/DSP_PREADD_DATA_INST/B2B1[17]
                         net (fo=1, routed)           0.000     0.097    design_1_i/denoiser_top_0/inst/grp_inference_fu_131/mul_50ns_50ns_100_1_1_U59/dout__0/DSP_PREADD_DATA.B2B1<17>
    DSP48E2_X6Y36        DSP_MULTIPLIER (Prop_DSP_MULTIPLIER_DSP48E2_B2B1[17]_U[43])
                                                      0.773     0.870 f  design_1_i/denoiser_top_0/inst/grp_inference_fu_131/mul_50ns_50ns_100_1_1_U59/dout__0/DSP_MULTIPLIER_INST/U[43]
                         net (fo=1, routed)           0.000     0.870    design_1_i/denoiser_top_0/inst/grp_inference_fu_131/mul_50ns_50ns_100_1_1_U59/dout__0/DSP_MULTIPLIER.U<43>
    DSP48E2_X6Y36        DSP_M_DATA (Prop_DSP_M_DATA_DSP48E2_U[43]_U_DATA[43])
                                                      0.067     0.937 r  design_1_i/denoiser_top_0/inst/grp_inference_fu_131/mul_50ns_50ns_100_1_1_U59/dout__0/DSP_M_DATA_INST/U_DATA[43]
                         net (fo=1, routed)           0.000     0.937    design_1_i/denoiser_top_0/inst/grp_inference_fu_131/mul_50ns_50ns_100_1_1_U59/dout__0/DSP_M_DATA.U_DATA<43>
    DSP48E2_X6Y36        DSP_ALU (Prop_DSP_ALU_DSP48E2_U_DATA[43]_ALU_OUT[47])
                                                      0.727     1.664 f  design_1_i/denoiser_top_0/inst/grp_inference_fu_131/mul_50ns_50ns_100_1_1_U59/dout__0/DSP_ALU_INST/ALU_OUT[47]
                         net (fo=1, routed)           0.000     1.664    design_1_i/denoiser_top_0/inst/grp_inference_fu_131/mul_50ns_50ns_100_1_1_U59/dout__0/DSP_ALU.ALU_OUT<47>
    DSP48E2_X6Y36        DSP_OUTPUT (Prop_DSP_OUTPUT_DSP48E2_ALU_OUT[47]_PCOUT[47])
                                                      0.167     1.831 r  design_1_i/denoiser_top_0/inst/grp_inference_fu_131/mul_50ns_50ns_100_1_1_U59/dout__0/DSP_OUTPUT_INST/PCOUT[47]
                         net (fo=1, routed)           0.014     1.845    design_1_i/denoiser_top_0/inst/grp_inference_fu_131/mul_50ns_50ns_100_1_1_U59/dout__1/PCIN[47]
    DSP48E2_X6Y37        DSP_ALU (Prop_DSP_ALU_DSP48E2_PCIN[47]_ALU_OUT[5])
                                                      0.739     2.584 f  design_1_i/denoiser_top_0/inst/grp_inference_fu_131/mul_50ns_50ns_100_1_1_U59/dout__1/DSP_ALU_INST/ALU_OUT[5]
                         net (fo=1, routed)           0.000     2.584    design_1_i/denoiser_top_0/inst/grp_inference_fu_131/mul_50ns_50ns_100_1_1_U59/dout__1/DSP_ALU.ALU_OUT<5>
    DSP48E2_X6Y37        DSP_OUTPUT (Prop_DSP_OUTPUT_DSP48E2_ALU_OUT[5]_P[5])
                                                      0.146     2.730 r  design_1_i/denoiser_top_0/inst/grp_inference_fu_131/mul_50ns_50ns_100_1_1_U59/dout__1/DSP_OUTPUT_INST/P[5]
                         net (fo=5, routed)           0.471     3.201    design_1_i/denoiser_top_0/inst/grp_inference_fu_131/mul_50ns_50ns_100_1_1_U59/dout__1_n_104
    SLICE_X25Y90         LUT4 (Prop_B6LUT_SLICEM_I0_O)
                                                      0.225     3.426 r  design_1_i/denoiser_top_0/inst/grp_inference_fu_131/mul_50ns_50ns_100_1_1_U59/trunc_ln813_1_reg_2740[28]_i_7/O
                         net (fo=1, routed)           0.340     3.766    design_1_i/denoiser_top_0/inst/grp_inference_fu_131/mul_50ns_50ns_100_1_1_U59/trunc_ln813_1_reg_2740[28]_i_7_n_4
    SLICE_X23Y91         CARRY8 (Prop_CARRY8_SLICEL_DI[2]_CO[7])
                                                      0.158     3.924 r  design_1_i/denoiser_top_0/inst/grp_inference_fu_131/mul_50ns_50ns_100_1_1_U59/trunc_ln813_1_reg_2740_reg[28]_i_1/CO[7]
                         net (fo=1, routed)           0.030     3.954    design_1_i/denoiser_top_0/inst/grp_inference_fu_131/mul_50ns_50ns_100_1_1_U59/trunc_ln813_1_reg_2740_reg[28]_i_1_n_4
    SLICE_X23Y92         CARRY8 (Prop_CARRY8_SLICEL_CI_CO[7])
                                                      0.065     4.019 r  design_1_i/denoiser_top_0/inst/grp_inference_fu_131/mul_50ns_50ns_100_1_1_U59/trunc_ln813_1_reg_2740_reg[36]_i_1/CO[7]
                         net (fo=1, routed)           0.030     4.049    design_1_i/denoiser_top_0/inst/grp_inference_fu_131/mul_50ns_50ns_100_1_1_U59/trunc_ln813_1_reg_2740_reg[36]_i_1_n_4
    SLICE_X23Y93         CARRY8 (Prop_CARRY8_SLICEL_CI_O[6])
                                                      0.157     4.206 r  design_1_i/denoiser_top_0/inst/grp_inference_fu_131/mul_50ns_50ns_100_1_1_U59/trunc_ln813_1_reg_2740_reg[44]_i_1/O[6]
                         net (fo=1, routed)           0.034     4.240    design_1_i/denoiser_top_0/inst/grp_inference_fu_131/dout__8[95]
    SLICE_X23Y93         FDRE                                         r  design_1_i/denoiser_top_0/inst/grp_inference_fu_131/trunc_ln813_1_reg_2740_reg[43]/D
  -------------------------------------------------------------------    -------------------

                         (clock clk_pl_0 rise edge)
                                                      0.000     0.000 r  
    PS8_X0Y0             PS8                          0.000     0.000 r  design_1_i/zynq_ultra_ps_e_0/inst/PS8_i/PLCLK[0]
                         net (fo=1, routed)           0.181     0.181    design_1_i/zynq_ultra_ps_e_0/inst/pl_clk_unbuffered[0]
    BUFG_PS_X0Y80        BUFG_PS (Prop_BUFG_PS_I_O)
                                                      0.035     0.216 r  design_1_i/zynq_ultra_ps_e_0/inst/buffer_pl_clk_0.PL_CLK_0_BUFG/O
    X1Y1 (CLOCK_ROOT)    net (fo=10070, routed)       2.613     2.829    design_1_i/denoiser_top_0/inst/grp_inference_fu_131/ap_clk
    SLICE_X23Y93         FDRE                                         r  design_1_i/denoiser_top_0/inst/grp_inference_fu_131/trunc_ln813_1_reg_2740_reg[43]/C

Slack:                    inf
  Source:                 design_1_i/denoiser_top_0/inst/grp_inference_fu_131/mul_50ns_50ns_100_1_1_U59/dout__0/DSP_A_B_DATA_INST/B2_DATA[17]
                            (internal pin)
  Destination:            design_1_i/denoiser_top_0/inst/grp_inference_fu_131/trunc_ln813_1_reg_2740_reg[41]/D
                            (rising edge-triggered cell FDRE clocked by clk_pl_0  {rise@0.000ns fall@5.000ns period=10.000ns})
  Path Group:             (none)
  Path Type:              Setup (Max at Slow Process Corner)
  Data Path Delay:        4.200ns  (logic 3.283ns (78.162%)  route 0.917ns (21.838%))
  Logic Levels:           11  (CARRY8=3 DSP_ALU=2 DSP_M_DATA=1 DSP_MULTIPLIER=1 DSP_OUTPUT=2 DSP_PREADD_DATA=1 LUT4=1)
  Clock Uncertainty:      0.158ns  ((TSJ^2 + DJ^2)^1/2) / 2 + PE
    Total System Jitter     (TSJ):    0.050ns
    Discrete Jitter          (DJ):    0.312ns
    Phase Error              (PE):    0.000ns
  Clock Net Delay (Destination): 2.613ns (routing 1.450ns, distribution 1.163ns)

    Location             Delay type                Incr(ns)  Path(ns)    Netlist Resource(s)
  -------------------------------------------------------------------    -------------------
    DSP48E2_X6Y36        DSP_A_B_DATA                 0.000     0.000 r  design_1_i/denoiser_top_0/inst/grp_inference_fu_131/mul_50ns_50ns_100_1_1_U59/dout__0/DSP_A_B_DATA_INST/B2_DATA[17]
                         net (fo=1, routed)           0.000     0.000    design_1_i/denoiser_top_0/inst/grp_inference_fu_131/mul_50ns_50ns_100_1_1_U59/dout__0/DSP_A_B_DATA.B2_DATA<17>
    DSP48E2_X6Y36        DSP_PREADD_DATA (Prop_DSP_PREADD_DATA_DSP48E2_B2_DATA[17]_B2B1[17])
                                                      0.097     0.097 r  design_1_i/denoiser_top_0/inst/grp_inference_fu_131/mul_50ns_50ns_100_1_1_U59/dout__0/DSP_PREADD_DATA_INST/B2B1[17]
                         net (fo=1, routed)           0.000     0.097    design_1_i/denoiser_top_0/inst/grp_inference_fu_131/mul_50ns_50ns_100_1_1_U59/dout__0/DSP_PREADD_DATA.B2B1<17>
    DSP48E2_X6Y36        DSP_MULTIPLIER (Prop_DSP_MULTIPLIER_DSP48E2_B2B1[17]_U[43])
                                                      0.773     0.870 f  design_1_i/denoiser_top_0/inst/grp_inference_fu_131/mul_50ns_50ns_100_1_1_U59/dout__0/DSP_MULTIPLIER_INST/U[43]
                         net (fo=1, routed)           0.000     0.870    design_1_i/denoiser_top_0/inst/grp_inference_fu_131/mul_50ns_50ns_100_1_1_U59/dout__0/DSP_MULTIPLIER.U<43>
    DSP48E2_X6Y36        DSP_M_DATA (Prop_DSP_M_DATA_DSP48E2_U[43]_U_DATA[43])
                                                      0.067     0.937 r  design_1_i/denoiser_top_0/inst/grp_inference_fu_131/mul_50ns_50ns_100_1_1_U59/dout__0/DSP_M_DATA_INST/U_DATA[43]
                         net (fo=1, routed)           0.000     0.937    design_1_i/denoiser_top_0/inst/grp_inference_fu_131/mul_50ns_50ns_100_1_1_U59/dout__0/DSP_M_DATA.U_DATA<43>
    DSP48E2_X6Y36        DSP_ALU (Prop_DSP_ALU_DSP48E2_U_DATA[43]_ALU_OUT[47])
                                                      0.727     1.664 f  design_1_i/denoiser_top_0/inst/grp_inference_fu_131/mul_50ns_50ns_100_1_1_U59/dout__0/DSP_ALU_INST/ALU_OUT[47]
                         net (fo=1, routed)           0.000     1.664    design_1_i/denoiser_top_0/inst/grp_inference_fu_131/mul_50ns_50ns_100_1_1_U59/dout__0/DSP_ALU.ALU_OUT<47>
    DSP48E2_X6Y36        DSP_OUTPUT (Prop_DSP_OUTPUT_DSP48E2_ALU_OUT[47]_PCOUT[47])
                                                      0.167     1.831 r  design_1_i/denoiser_top_0/inst/grp_inference_fu_131/mul_50ns_50ns_100_1_1_U59/dout__0/DSP_OUTPUT_INST/PCOUT[47]
                         net (fo=1, routed)           0.014     1.845    design_1_i/denoiser_top_0/inst/grp_inference_fu_131/mul_50ns_50ns_100_1_1_U59/dout__1/PCIN[47]
    DSP48E2_X6Y37        DSP_ALU (Prop_DSP_ALU_DSP48E2_PCIN[47]_ALU_OUT[5])
                                                      0.739     2.584 f  design_1_i/denoiser_top_0/inst/grp_inference_fu_131/mul_50ns_50ns_100_1_1_U59/dout__1/DSP_ALU_INST/ALU_OUT[5]
                         net (fo=1, routed)           0.000     2.584    design_1_i/denoiser_top_0/inst/grp_inference_fu_131/mul_50ns_50ns_100_1_1_U59/dout__1/DSP_ALU.ALU_OUT<5>
    DSP48E2_X6Y37        DSP_OUTPUT (Prop_DSP_OUTPUT_DSP48E2_ALU_OUT[5]_P[5])
                                                      0.146     2.730 r  design_1_i/denoiser_top_0/inst/grp_inference_fu_131/mul_50ns_50ns_100_1_1_U59/dout__1/DSP_OUTPUT_INST/P[5]
                         net (fo=5, routed)           0.471     3.201    design_1_i/denoiser_top_0/inst/grp_inference_fu_131/mul_50ns_50ns_100_1_1_U59/dout__1_n_104
    SLICE_X25Y90         LUT4 (Prop_B6LUT_SLICEM_I0_O)
                                                      0.225     3.426 r  design_1_i/denoiser_top_0/inst/grp_inference_fu_131/mul_50ns_50ns_100_1_1_U59/trunc_ln813_1_reg_2740[28]_i_7/O
                         net (fo=1, routed)           0.340     3.766    design_1_i/denoiser_top_0/inst/grp_inference_fu_131/mul_50ns_50ns_100_1_1_U59/trunc_ln813_1_reg_2740[28]_i_7_n_4
    SLICE_X23Y91         CARRY8 (Prop_CARRY8_SLICEL_DI[2]_CO[7])
                                                      0.158     3.924 r  design_1_i/denoiser_top_0/inst/grp_inference_fu_131/mul_50ns_50ns_100_1_1_U59/trunc_ln813_1_reg_2740_reg[28]_i_1/CO[7]
                         net (fo=1, routed)           0.030     3.954    design_1_i/denoiser_top_0/inst/grp_inference_fu_131/mul_50ns_50ns_100_1_1_U59/trunc_ln813_1_reg_2740_reg[28]_i_1_n_4
    SLICE_X23Y92         CARRY8 (Prop_CARRY8_SLICEL_CI_CO[7])
                                                      0.065     4.019 r  design_1_i/denoiser_top_0/inst/grp_inference_fu_131/mul_50ns_50ns_100_1_1_U59/trunc_ln813_1_reg_2740_reg[36]_i_1/CO[7]
                         net (fo=1, routed)           0.030     4.049    design_1_i/denoiser_top_0/inst/grp_inference_fu_131/mul_50ns_50ns_100_1_1_U59/trunc_ln813_1_reg_2740_reg[36]_i_1_n_4
    SLICE_X23Y93         CARRY8 (Prop_CARRY8_SLICEL_CI_O[4])
                                                      0.119     4.168 r  design_1_i/denoiser_top_0/inst/grp_inference_fu_131/mul_50ns_50ns_100_1_1_U59/trunc_ln813_1_reg_2740_reg[44]_i_1/O[4]
                         net (fo=1, routed)           0.032     4.200    design_1_i/denoiser_top_0/inst/grp_inference_fu_131/dout__8[93]
    SLICE_X23Y93         FDRE                                         r  design_1_i/denoiser_top_0/inst/grp_inference_fu_131/trunc_ln813_1_reg_2740_reg[41]/D
  -------------------------------------------------------------------    -------------------

                         (clock clk_pl_0 rise edge)
                                                      0.000     0.000 r  
    PS8_X0Y0             PS8                          0.000     0.000 r  design_1_i/zynq_ultra_ps_e_0/inst/PS8_i/PLCLK[0]
                         net (fo=1, routed)           0.181     0.181    design_1_i/zynq_ultra_ps_e_0/inst/pl_clk_unbuffered[0]
    BUFG_PS_X0Y80        BUFG_PS (Prop_BUFG_PS_I_O)
                                                      0.035     0.216 r  design_1_i/zynq_ultra_ps_e_0/inst/buffer_pl_clk_0.PL_CLK_0_BUFG/O
    X1Y1 (CLOCK_ROOT)    net (fo=10070, routed)       2.613     2.829    design_1_i/denoiser_top_0/inst/grp_inference_fu_131/ap_clk
    SLICE_X23Y93         FDRE                                         r  design_1_i/denoiser_top_0/inst/grp_inference_fu_131/trunc_ln813_1_reg_2740_reg[41]/C

Slack:                    inf
  Source:                 design_1_i/denoiser_top_0/inst/grp_inference_fu_131/mul_50ns_50ns_100_1_1_U59/dout__0/DSP_A_B_DATA_INST/B2_DATA[17]
                            (internal pin)
  Destination:            design_1_i/denoiser_top_0/inst/grp_inference_fu_131/trunc_ln813_1_reg_2740_reg[40]/D
                            (rising edge-triggered cell FDRE clocked by clk_pl_0  {rise@0.000ns fall@5.000ns period=10.000ns})
  Path Group:             (none)
  Path Type:              Setup (Max at Slow Process Corner)
  Data Path Delay:        4.197ns  (logic 3.278ns (78.098%)  route 0.919ns (21.902%))
  Logic Levels:           11  (CARRY8=3 DSP_ALU=2 DSP_M_DATA=1 DSP_MULTIPLIER=1 DSP_OUTPUT=2 DSP_PREADD_DATA=1 LUT4=1)
  Clock Uncertainty:      0.158ns  ((TSJ^2 + DJ^2)^1/2) / 2 + PE
    Total System Jitter     (TSJ):    0.050ns
    Discrete Jitter          (DJ):    0.312ns
    Phase Error              (PE):    0.000ns
  Clock Net Delay (Destination): 2.610ns (routing 1.450ns, distribution 1.160ns)

    Location             Delay type                Incr(ns)  Path(ns)    Netlist Resource(s)
  -------------------------------------------------------------------    -------------------
    DSP48E2_X6Y36        DSP_A_B_DATA                 0.000     0.000 r  design_1_i/denoiser_top_0/inst/grp_inference_fu_131/mul_50ns_50ns_100_1_1_U59/dout__0/DSP_A_B_DATA_INST/B2_DATA[17]
                         net (fo=1, routed)           0.000     0.000    design_1_i/denoiser_top_0/inst/grp_inference_fu_131/mul_50ns_50ns_100_1_1_U59/dout__0/DSP_A_B_DATA.B2_DATA<17>
    DSP48E2_X6Y36        DSP_PREADD_DATA (Prop_DSP_PREADD_DATA_DSP48E2_B2_DATA[17]_B2B1[17])
                                                      0.097     0.097 r  design_1_i/denoiser_top_0/inst/grp_inference_fu_131/mul_50ns_50ns_100_1_1_U59/dout__0/DSP_PREADD_DATA_INST/B2B1[17]
                         net (fo=1, routed)           0.000     0.097    design_1_i/denoiser_top_0/inst/grp_inference_fu_131/mul_50ns_50ns_100_1_1_U59/dout__0/DSP_PREADD_DATA.B2B1<17>
    DSP48E2_X6Y36        DSP_MULTIPLIER (Prop_DSP_MULTIPLIER_DSP48E2_B2B1[17]_U[43])
                                                      0.773     0.870 f  design_1_i/denoiser_top_0/inst/grp_inference_fu_131/mul_50ns_50ns_100_1_1_U59/dout__0/DSP_MULTIPLIER_INST/U[43]
                         net (fo=1, routed)           0.000     0.870    design_1_i/denoiser_top_0/inst/grp_inference_fu_131/mul_50ns_50ns_100_1_1_U59/dout__0/DSP_MULTIPLIER.U<43>
    DSP48E2_X6Y36        DSP_M_DATA (Prop_DSP_M_DATA_DSP48E2_U[43]_U_DATA[43])
                                                      0.067     0.937 r  design_1_i/denoiser_top_0/inst/grp_inference_fu_131/mul_50ns_50ns_100_1_1_U59/dout__0/DSP_M_DATA_INST/U_DATA[43]
                         net (fo=1, routed)           0.000     0.937    design_1_i/denoiser_top_0/inst/grp_inference_fu_131/mul_50ns_50ns_100_1_1_U59/dout__0/DSP_M_DATA.U_DATA<43>
    DSP48E2_X6Y36        DSP_ALU (Prop_DSP_ALU_DSP48E2_U_DATA[43]_ALU_OUT[47])
                                                      0.727     1.664 f  design_1_i/denoiser_top_0/inst/grp_inference_fu_131/mul_50ns_50ns_100_1_1_U59/dout__0/DSP_ALU_INST/ALU_OUT[47]
                         net (fo=1, routed)           0.000     1.664    design_1_i/denoiser_top_0/inst/grp_inference_fu_131/mul_50ns_50ns_100_1_1_U59/dout__0/DSP_ALU.ALU_OUT<47>
    DSP48E2_X6Y36        DSP_OUTPUT (Prop_DSP_OUTPUT_DSP48E2_ALU_OUT[47]_PCOUT[47])
                                                      0.167     1.831 r  design_1_i/denoiser_top_0/inst/grp_inference_fu_131/mul_50ns_50ns_100_1_1_U59/dout__0/DSP_OUTPUT_INST/PCOUT[47]
                         net (fo=1, routed)           0.014     1.845    design_1_i/denoiser_top_0/inst/grp_inference_fu_131/mul_50ns_50ns_100_1_1_U59/dout__1/PCIN[47]
    DSP48E2_X6Y37        DSP_ALU (Prop_DSP_ALU_DSP48E2_PCIN[47]_ALU_OUT[5])
                                                      0.739     2.584 f  design_1_i/denoiser_top_0/inst/grp_inference_fu_131/mul_50ns_50ns_100_1_1_U59/dout__1/DSP_ALU_INST/ALU_OUT[5]
                         net (fo=1, routed)           0.000     2.584    design_1_i/denoiser_top_0/inst/grp_inference_fu_131/mul_50ns_50ns_100_1_1_U59/dout__1/DSP_ALU.ALU_OUT<5>
    DSP48E2_X6Y37        DSP_OUTPUT (Prop_DSP_OUTPUT_DSP48E2_ALU_OUT[5]_P[5])
                                                      0.146     2.730 r  design_1_i/denoiser_top_0/inst/grp_inference_fu_131/mul_50ns_50ns_100_1_1_U59/dout__1/DSP_OUTPUT_INST/P[5]
                         net (fo=5, routed)           0.471     3.201    design_1_i/denoiser_top_0/inst/grp_inference_fu_131/mul_50ns_50ns_100_1_1_U59/dout__1_n_104
    SLICE_X25Y90         LUT4 (Prop_B6LUT_SLICEM_I0_O)
                                                      0.225     3.426 r  design_1_i/denoiser_top_0/inst/grp_inference_fu_131/mul_50ns_50ns_100_1_1_U59/trunc_ln813_1_reg_2740[28]_i_7/O
                         net (fo=1, routed)           0.340     3.766    design_1_i/denoiser_top_0/inst/grp_inference_fu_131/mul_50ns_50ns_100_1_1_U59/trunc_ln813_1_reg_2740[28]_i_7_n_4
    SLICE_X23Y91         CARRY8 (Prop_CARRY8_SLICEL_DI[2]_CO[7])
                                                      0.158     3.924 r  design_1_i/denoiser_top_0/inst/grp_inference_fu_131/mul_50ns_50ns_100_1_1_U59/trunc_ln813_1_reg_2740_reg[28]_i_1/CO[7]
                         net (fo=1, routed)           0.030     3.954    design_1_i/denoiser_top_0/inst/grp_inference_fu_131/mul_50ns_50ns_100_1_1_U59/trunc_ln813_1_reg_2740_reg[28]_i_1_n_4
    SLICE_X23Y92         CARRY8 (Prop_CARRY8_SLICEL_CI_CO[7])
                                                      0.065     4.019 r  design_1_i/denoiser_top_0/inst/grp_inference_fu_131/mul_50ns_50ns_100_1_1_U59/trunc_ln813_1_reg_2740_reg[36]_i_1/CO[7]
                         net (fo=1, routed)           0.030     4.049    design_1_i/denoiser_top_0/inst/grp_inference_fu_131/mul_50ns_50ns_100_1_1_U59/trunc_ln813_1_reg_2740_reg[36]_i_1_n_4
    SLICE_X23Y93         CARRY8 (Prop_CARRY8_SLICEL_CI_O[3])
                                                      0.114     4.163 r  design_1_i/denoiser_top_0/inst/grp_inference_fu_131/mul_50ns_50ns_100_1_1_U59/trunc_ln813_1_reg_2740_reg[44]_i_1/O[3]
                         net (fo=1, routed)           0.034     4.197    design_1_i/denoiser_top_0/inst/grp_inference_fu_131/dout__8[92]
    SLICE_X23Y93         FDRE                                         r  design_1_i/denoiser_top_0/inst/grp_inference_fu_131/trunc_ln813_1_reg_2740_reg[40]/D
  -------------------------------------------------------------------    -------------------

                         (clock clk_pl_0 rise edge)
                                                      0.000     0.000 r  
    PS8_X0Y0             PS8                          0.000     0.000 r  design_1_i/zynq_ultra_ps_e_0/inst/PS8_i/PLCLK[0]
                         net (fo=1, routed)           0.181     0.181    design_1_i/zynq_ultra_ps_e_0/inst/pl_clk_unbuffered[0]
    BUFG_PS_X0Y80        BUFG_PS (Prop_BUFG_PS_I_O)
                                                      0.035     0.216 r  design_1_i/zynq_ultra_ps_e_0/inst/buffer_pl_clk_0.PL_CLK_0_BUFG/O
    X1Y1 (CLOCK_ROOT)    net (fo=10070, routed)       2.610     2.826    design_1_i/denoiser_top_0/inst/grp_inference_fu_131/ap_clk
    SLICE_X23Y93         FDRE                                         r  design_1_i/denoiser_top_0/inst/grp_inference_fu_131/trunc_ln813_1_reg_2740_reg[40]/C

Slack:                    inf
  Source:                 design_1_i/denoiser_top_0/inst/grp_inference_fu_131/mul_50ns_50ns_100_1_1_U59/dout__0/DSP_A_B_DATA_INST/B2_DATA[17]
                            (internal pin)
  Destination:            design_1_i/denoiser_top_0/inst/grp_inference_fu_131/trunc_ln813_1_reg_2740_reg[38]/D
                            (rising edge-triggered cell FDRE clocked by clk_pl_0  {rise@0.000ns fall@5.000ns period=10.000ns})
  Path Group:             (none)
  Path Type:              Setup (Max at Slow Process Corner)
  Data Path Delay:        4.188ns  (logic 3.270ns (78.075%)  route 0.918ns (21.925%))
  Logic Levels:           11  (CARRY8=3 DSP_ALU=2 DSP_M_DATA=1 DSP_MULTIPLIER=1 DSP_OUTPUT=2 DSP_PREADD_DATA=1 LUT4=1)
  Clock Uncertainty:      0.158ns  ((TSJ^2 + DJ^2)^1/2) / 2 + PE
    Total System Jitter     (TSJ):    0.050ns
    Discrete Jitter          (DJ):    0.312ns
    Phase Error              (PE):    0.000ns
  Clock Net Delay (Destination): 2.610ns (routing 1.450ns, distribution 1.160ns)

    Location             Delay type                Incr(ns)  Path(ns)    Netlist Resource(s)
  -------------------------------------------------------------------    -------------------
    DSP48E2_X6Y36        DSP_A_B_DATA                 0.000     0.000 r  design_1_i/denoiser_top_0/inst/grp_inference_fu_131/mul_50ns_50ns_100_1_1_U59/dout__0/DSP_A_B_DATA_INST/B2_DATA[17]
                         net (fo=1, routed)           0.000     0.000    design_1_i/denoiser_top_0/inst/grp_inference_fu_131/mul_50ns_50ns_100_1_1_U59/dout__0/DSP_A_B_DATA.B2_DATA<17>
    DSP48E2_X6Y36        DSP_PREADD_DATA (Prop_DSP_PREADD_DATA_DSP48E2_B2_DATA[17]_B2B1[17])
                                                      0.097     0.097 r  design_1_i/denoiser_top_0/inst/grp_inference_fu_131/mul_50ns_50ns_100_1_1_U59/dout__0/DSP_PREADD_DATA_INST/B2B1[17]
                         net (fo=1, routed)           0.000     0.097    design_1_i/denoiser_top_0/inst/grp_inference_fu_131/mul_50ns_50ns_100_1_1_U59/dout__0/DSP_PREADD_DATA.B2B1<17>
    DSP48E2_X6Y36        DSP_MULTIPLIER (Prop_DSP_MULTIPLIER_DSP48E2_B2B1[17]_U[43])
                                                      0.773     0.870 f  design_1_i/denoiser_top_0/inst/grp_inference_fu_131/mul_50ns_50ns_100_1_1_U59/dout__0/DSP_MULTIPLIER_INST/U[43]
                         net (fo=1, routed)           0.000     0.870    design_1_i/denoiser_top_0/inst/grp_inference_fu_131/mul_50ns_50ns_100_1_1_U59/dout__0/DSP_MULTIPLIER.U<43>
    DSP48E2_X6Y36        DSP_M_DATA (Prop_DSP_M_DATA_DSP48E2_U[43]_U_DATA[43])
                                                      0.067     0.937 r  design_1_i/denoiser_top_0/inst/grp_inference_fu_131/mul_50ns_50ns_100_1_1_U59/dout__0/DSP_M_DATA_INST/U_DATA[43]
                         net (fo=1, routed)           0.000     0.937    design_1_i/denoiser_top_0/inst/grp_inference_fu_131/mul_50ns_50ns_100_1_1_U59/dout__0/DSP_M_DATA.U_DATA<43>
    DSP48E2_X6Y36        DSP_ALU (Prop_DSP_ALU_DSP48E2_U_DATA[43]_ALU_OUT[47])
                                                      0.727     1.664 f  design_1_i/denoiser_top_0/inst/grp_inference_fu_131/mul_50ns_50ns_100_1_1_U59/dout__0/DSP_ALU_INST/ALU_OUT[47]
                         net (fo=1, routed)           0.000     1.664    design_1_i/denoiser_top_0/inst/grp_inference_fu_131/mul_50ns_50ns_100_1_1_U59/dout__0/DSP_ALU.ALU_OUT<47>
    DSP48E2_X6Y36        DSP_OUTPUT (Prop_DSP_OUTPUT_DSP48E2_ALU_OUT[47]_PCOUT[47])
                                                      0.167     1.831 r  design_1_i/denoiser_top_0/inst/grp_inference_fu_131/mul_50ns_50ns_100_1_1_U59/dout__0/DSP_OUTPUT_INST/PCOUT[47]
                         net (fo=1, routed)           0.014     1.845    design_1_i/denoiser_top_0/inst/grp_inference_fu_131/mul_50ns_50ns_100_1_1_U59/dout__1/PCIN[47]
    DSP48E2_X6Y37        DSP_ALU (Prop_DSP_ALU_DSP48E2_PCIN[47]_ALU_OUT[5])
                                                      0.739     2.584 f  design_1_i/denoiser_top_0/inst/grp_inference_fu_131/mul_50ns_50ns_100_1_1_U59/dout__1/DSP_ALU_INST/ALU_OUT[5]
                         net (fo=1, routed)           0.000     2.584    design_1_i/denoiser_top_0/inst/grp_inference_fu_131/mul_50ns_50ns_100_1_1_U59/dout__1/DSP_ALU.ALU_OUT<5>
    DSP48E2_X6Y37        DSP_OUTPUT (Prop_DSP_OUTPUT_DSP48E2_ALU_OUT[5]_P[5])
                                                      0.146     2.730 r  design_1_i/denoiser_top_0/inst/grp_inference_fu_131/mul_50ns_50ns_100_1_1_U59/dout__1/DSP_OUTPUT_INST/P[5]
                         net (fo=5, routed)           0.471     3.201    design_1_i/denoiser_top_0/inst/grp_inference_fu_131/mul_50ns_50ns_100_1_1_U59/dout__1_n_104
    SLICE_X25Y90         LUT4 (Prop_B6LUT_SLICEM_I0_O)
                                                      0.225     3.426 r  design_1_i/denoiser_top_0/inst/grp_inference_fu_131/mul_50ns_50ns_100_1_1_U59/trunc_ln813_1_reg_2740[28]_i_7/O
                         net (fo=1, routed)           0.340     3.766    design_1_i/denoiser_top_0/inst/grp_inference_fu_131/mul_50ns_50ns_100_1_1_U59/trunc_ln813_1_reg_2740[28]_i_7_n_4
    SLICE_X23Y91         CARRY8 (Prop_CARRY8_SLICEL_DI[2]_CO[7])
                                                      0.158     3.924 r  design_1_i/denoiser_top_0/inst/grp_inference_fu_131/mul_50ns_50ns_100_1_1_U59/trunc_ln813_1_reg_2740_reg[28]_i_1/CO[7]
                         net (fo=1, routed)           0.030     3.954    design_1_i/denoiser_top_0/inst/grp_inference_fu_131/mul_50ns_50ns_100_1_1_U59/trunc_ln813_1_reg_2740_reg[28]_i_1_n_4
    SLICE_X23Y92         CARRY8 (Prop_CARRY8_SLICEL_CI_CO[7])
                                                      0.065     4.019 r  design_1_i/denoiser_top_0/inst/grp_inference_fu_131/mul_50ns_50ns_100_1_1_U59/trunc_ln813_1_reg_2740_reg[36]_i_1/CO[7]
                         net (fo=1, routed)           0.030     4.049    design_1_i/denoiser_top_0/inst/grp_inference_fu_131/mul_50ns_50ns_100_1_1_U59/trunc_ln813_1_reg_2740_reg[36]_i_1_n_4
    SLICE_X23Y93         CARRY8 (Prop_CARRY8_SLICEL_CI_O[1])
                                                      0.106     4.155 r  design_1_i/denoiser_top_0/inst/grp_inference_fu_131/mul_50ns_50ns_100_1_1_U59/trunc_ln813_1_reg_2740_reg[44]_i_1/O[1]
                         net (fo=1, routed)           0.033     4.188    design_1_i/denoiser_top_0/inst/grp_inference_fu_131/dout__8[90]
    SLICE_X23Y93         FDRE                                         r  design_1_i/denoiser_top_0/inst/grp_inference_fu_131/trunc_ln813_1_reg_2740_reg[38]/D
  -------------------------------------------------------------------    -------------------

                         (clock clk_pl_0 rise edge)
                                                      0.000     0.000 r  
    PS8_X0Y0             PS8                          0.000     0.000 r  design_1_i/zynq_ultra_ps_e_0/inst/PS8_i/PLCLK[0]
                         net (fo=1, routed)           0.181     0.181    design_1_i/zynq_ultra_ps_e_0/inst/pl_clk_unbuffered[0]
    BUFG_PS_X0Y80        BUFG_PS (Prop_BUFG_PS_I_O)
                                                      0.035     0.216 r  design_1_i/zynq_ultra_ps_e_0/inst/buffer_pl_clk_0.PL_CLK_0_BUFG/O
    X1Y1 (CLOCK_ROOT)    net (fo=10070, routed)       2.610     2.826    design_1_i/denoiser_top_0/inst/grp_inference_fu_131/ap_clk
    SLICE_X23Y93         FDRE                                         r  design_1_i/denoiser_top_0/inst/grp_inference_fu_131/trunc_ln813_1_reg_2740_reg[38]/C

Slack:                    inf
  Source:                 design_1_i/denoiser_top_0/inst/grp_inference_fu_131/mul_50ns_50ns_100_1_1_U59/dout__0/DSP_A_B_DATA_INST/B2_DATA[17]
                            (internal pin)
  Destination:            design_1_i/denoiser_top_0/inst/grp_inference_fu_131/trunc_ln813_1_reg_2740_reg[39]/D
                            (rising edge-triggered cell FDRE clocked by clk_pl_0  {rise@0.000ns fall@5.000ns period=10.000ns})
  Path Group:             (none)
  Path Type:              Setup (Max at Slow Process Corner)
  Data Path Delay:        4.176ns  (logic 3.257ns (77.988%)  route 0.919ns (22.012%))
  Logic Levels:           11  (CARRY8=3 DSP_ALU=2 DSP_M_DATA=1 DSP_MULTIPLIER=1 DSP_OUTPUT=2 DSP_PREADD_DATA=1 LUT4=1)
  Clock Uncertainty:      0.158ns  ((TSJ^2 + DJ^2)^1/2) / 2 + PE
    Total System Jitter     (TSJ):    0.050ns
    Discrete Jitter          (DJ):    0.312ns
    Phase Error              (PE):    0.000ns
  Clock Net Delay (Destination): 2.610ns (routing 1.450ns, distribution 1.160ns)

    Location             Delay type                Incr(ns)  Path(ns)    Netlist Resource(s)
  -------------------------------------------------------------------    -------------------
    DSP48E2_X6Y36        DSP_A_B_DATA                 0.000     0.000 r  design_1_i/denoiser_top_0/inst/grp_inference_fu_131/mul_50ns_50ns_100_1_1_U59/dout__0/DSP_A_B_DATA_INST/B2_DATA[17]
                         net (fo=1, routed)           0.000     0.000    design_1_i/denoiser_top_0/inst/grp_inference_fu_131/mul_50ns_50ns_100_1_1_U59/dout__0/DSP_A_B_DATA.B2_DATA<17>
    DSP48E2_X6Y36        DSP_PREADD_DATA (Prop_DSP_PREADD_DATA_DSP48E2_B2_DATA[17]_B2B1[17])
                                                      0.097     0.097 r  design_1_i/denoiser_top_0/inst/grp_inference_fu_131/mul_50ns_50ns_100_1_1_U59/dout__0/DSP_PREADD_DATA_INST/B2B1[17]
                         net (fo=1, routed)           0.000     0.097    design_1_i/denoiser_top_0/inst/grp_inference_fu_131/mul_50ns_50ns_100_1_1_U59/dout__0/DSP_PREADD_DATA.B2B1<17>
    DSP48E2_X6Y36        DSP_MULTIPLIER (Prop_DSP_MULTIPLIER_DSP48E2_B2B1[17]_U[43])
                                                      0.773     0.870 f  design_1_i/denoiser_top_0/inst/grp_inference_fu_131/mul_50ns_50ns_100_1_1_U59/dout__0/DSP_MULTIPLIER_INST/U[43]
                         net (fo=1, routed)           0.000     0.870    design_1_i/denoiser_top_0/inst/grp_inference_fu_131/mul_50ns_50ns_100_1_1_U59/dout__0/DSP_MULTIPLIER.U<43>
    DSP48E2_X6Y36        DSP_M_DATA (Prop_DSP_M_DATA_DSP48E2_U[43]_U_DATA[43])
                                                      0.067     0.937 r  design_1_i/denoiser_top_0/inst/grp_inference_fu_131/mul_50ns_50ns_100_1_1_U59/dout__0/DSP_M_DATA_INST/U_DATA[43]
                         net (fo=1, routed)           0.000     0.937    design_1_i/denoiser_top_0/inst/grp_inference_fu_131/mul_50ns_50ns_100_1_1_U59/dout__0/DSP_M_DATA.U_DATA<43>
    DSP48E2_X6Y36        DSP_ALU (Prop_DSP_ALU_DSP48E2_U_DATA[43]_ALU_OUT[47])
                                                      0.727     1.664 f  design_1_i/denoiser_top_0/inst/grp_inference_fu_131/mul_50ns_50ns_100_1_1_U59/dout__0/DSP_ALU_INST/ALU_OUT[47]
                         net (fo=1, routed)           0.000     1.664    design_1_i/denoiser_top_0/inst/grp_inference_fu_131/mul_50ns_50ns_100_1_1_U59/dout__0/DSP_ALU.ALU_OUT<47>
    DSP48E2_X6Y36        DSP_OUTPUT (Prop_DSP_OUTPUT_DSP48E2_ALU_OUT[47]_PCOUT[47])
                                                      0.167     1.831 r  design_1_i/denoiser_top_0/inst/grp_inference_fu_131/mul_50ns_50ns_100_1_1_U59/dout__0/DSP_OUTPUT_INST/PCOUT[47]
                         net (fo=1, routed)           0.014     1.845    design_1_i/denoiser_top_0/inst/grp_inference_fu_131/mul_50ns_50ns_100_1_1_U59/dout__1/PCIN[47]
    DSP48E2_X6Y37        DSP_ALU (Prop_DSP_ALU_DSP48E2_PCIN[47]_ALU_OUT[5])
                                                      0.739     2.584 f  design_1_i/denoiser_top_0/inst/grp_inference_fu_131/mul_50ns_50ns_100_1_1_U59/dout__1/DSP_ALU_INST/ALU_OUT[5]
                         net (fo=1, routed)           0.000     2.584    design_1_i/denoiser_top_0/inst/grp_inference_fu_131/mul_50ns_50ns_100_1_1_U59/dout__1/DSP_ALU.ALU_OUT<5>
    DSP48E2_X6Y37        DSP_OUTPUT (Prop_DSP_OUTPUT_DSP48E2_ALU_OUT[5]_P[5])
                                                      0.146     2.730 r  design_1_i/denoiser_top_0/inst/grp_inference_fu_131/mul_50ns_50ns_100_1_1_U59/dout__1/DSP_OUTPUT_INST/P[5]
                         net (fo=5, routed)           0.471     3.201    design_1_i/denoiser_top_0/inst/grp_inference_fu_131/mul_50ns_50ns_100_1_1_U59/dout__1_n_104
    SLICE_X25Y90         LUT4 (Prop_B6LUT_SLICEM_I0_O)
                                                      0.225     3.426 r  design_1_i/denoiser_top_0/inst/grp_inference_fu_131/mul_50ns_50ns_100_1_1_U59/trunc_ln813_1_reg_2740[28]_i_7/O
                         net (fo=1, routed)           0.340     3.766    design_1_i/denoiser_top_0/inst/grp_inference_fu_131/mul_50ns_50ns_100_1_1_U59/trunc_ln813_1_reg_2740[28]_i_7_n_4
    SLICE_X23Y91         CARRY8 (Prop_CARRY8_SLICEL_DI[2]_CO[7])
                                                      0.158     3.924 r  design_1_i/denoiser_top_0/inst/grp_inference_fu_131/mul_50ns_50ns_100_1_1_U59/trunc_ln813_1_reg_2740_reg[28]_i_1/CO[7]
                         net (fo=1, routed)           0.030     3.954    design_1_i/denoiser_top_0/inst/grp_inference_fu_131/mul_50ns_50ns_100_1_1_U59/trunc_ln813_1_reg_2740_reg[28]_i_1_n_4
    SLICE_X23Y92         CARRY8 (Prop_CARRY8_SLICEL_CI_CO[7])
                                                      0.065     4.019 r  design_1_i/denoiser_top_0/inst/grp_inference_fu_131/mul_50ns_50ns_100_1_1_U59/trunc_ln813_1_reg_2740_reg[36]_i_1/CO[7]
                         net (fo=1, routed)           0.030     4.049    design_1_i/denoiser_top_0/inst/grp_inference_fu_131/mul_50ns_50ns_100_1_1_U59/trunc_ln813_1_reg_2740_reg[36]_i_1_n_4
    SLICE_X23Y93         CARRY8 (Prop_CARRY8_SLICEL_CI_O[2])
                                                      0.093     4.142 r  design_1_i/denoiser_top_0/inst/grp_inference_fu_131/mul_50ns_50ns_100_1_1_U59/trunc_ln813_1_reg_2740_reg[44]_i_1/O[2]
                         net (fo=1, routed)           0.034     4.176    design_1_i/denoiser_top_0/inst/grp_inference_fu_131/dout__8[91]
    SLICE_X23Y93         FDRE                                         r  design_1_i/denoiser_top_0/inst/grp_inference_fu_131/trunc_ln813_1_reg_2740_reg[39]/D
  -------------------------------------------------------------------    -------------------

                         (clock clk_pl_0 rise edge)
                                                      0.000     0.000 r  
    PS8_X0Y0             PS8                          0.000     0.000 r  design_1_i/zynq_ultra_ps_e_0/inst/PS8_i/PLCLK[0]
                         net (fo=1, routed)           0.181     0.181    design_1_i/zynq_ultra_ps_e_0/inst/pl_clk_unbuffered[0]
    BUFG_PS_X0Y80        BUFG_PS (Prop_BUFG_PS_I_O)
                                                      0.035     0.216 r  design_1_i/zynq_ultra_ps_e_0/inst/buffer_pl_clk_0.PL_CLK_0_BUFG/O
    X1Y1 (CLOCK_ROOT)    net (fo=10070, routed)       2.610     2.826    design_1_i/denoiser_top_0/inst/grp_inference_fu_131/ap_clk
    SLICE_X23Y93         FDRE                                         r  design_1_i/denoiser_top_0/inst/grp_inference_fu_131/trunc_ln813_1_reg_2740_reg[39]/C





Min Delay Paths
--------------------------------------------------------------------------------------
Slack:                    inf
  Source:                 design_1_i/denoiser_top_0/inst/grp_inference_fu_131/mul_50ns_50ns_100_1_1_U59/dout__1/DSP_A_B_DATA_INST/A2_DATA[20]
                            (internal pin)
  Destination:            design_1_i/denoiser_top_0/inst/grp_inference_fu_131/trunc_ln813_1_reg_2740_reg[39]/D
                            (rising edge-triggered cell FDRE clocked by clk_pl_0  {rise@0.000ns fall@5.000ns period=10.000ns})
  Path Group:             (none)
  Path Type:              Hold (Min at Fast Process Corner)
  Data Path Delay:        0.380ns  (logic 0.302ns (79.483%)  route 0.078ns (20.517%))
  Logic Levels:           6  (CARRY8=1 DSP_ALU=1 DSP_M_DATA=1 DSP_MULTIPLIER=1 DSP_OUTPUT=1 DSP_PREADD_DATA=1)
  Clock Uncertainty:      0.158ns  ((TSJ^2 + DJ^2)^1/2) / 2 + PE
    Total System Jitter     (TSJ):    0.050ns
    Discrete Jitter          (DJ):    0.312ns
    Phase Error              (PE):    0.000ns
  Clock Net Delay (Destination): 1.741ns (routing 0.971ns, distribution 0.770ns)

    Location             Delay type                Incr(ns)  Path(ns)    Netlist Resource(s)
  -------------------------------------------------------------------    -------------------
    DSP48E2_X6Y37        DSP_A_B_DATA                 0.000     0.000 r  design_1_i/denoiser_top_0/inst/grp_inference_fu_131/mul_50ns_50ns_100_1_1_U59/dout__1/DSP_A_B_DATA_INST/A2_DATA[20]
                         net (fo=1, routed)           0.000     0.000    design_1_i/denoiser_top_0/inst/grp_inference_fu_131/mul_50ns_50ns_100_1_1_U59/dout__1/DSP_A_B_DATA.A2_DATA<20>
    DSP48E2_X6Y37        DSP_PREADD_DATA (Prop_DSP_PREADD_DATA_DSP48E2_A2_DATA[20]_A2A1[20])
                                                      0.021     0.021 r  design_1_i/denoiser_top_0/inst/grp_inference_fu_131/mul_50ns_50ns_100_1_1_U59/dout__1/DSP_PREADD_DATA_INST/A2A1[20]
                         net (fo=1, routed)           0.000     0.021    design_1_i/denoiser_top_0/inst/grp_inference_fu_131/mul_50ns_50ns_100_1_1_U59/dout__1/DSP_PREADD_DATA.A2A1<20>
    DSP48E2_X6Y37        DSP_MULTIPLIER (Prop_DSP_MULTIPLIER_DSP48E2_A2A1[20]_U[21])
                                                      0.074     0.095 f  design_1_i/denoiser_top_0/inst/grp_inference_fu_131/mul_50ns_50ns_100_1_1_U59/dout__1/DSP_MULTIPLIER_INST/U[21]
                         net (fo=1, routed)           0.000     0.095    design_1_i/denoiser_top_0/inst/grp_inference_fu_131/mul_50ns_50ns_100_1_1_U59/dout__1/DSP_MULTIPLIER.U<21>
    DSP48E2_X6Y37        DSP_M_DATA (Prop_DSP_M_DATA_DSP48E2_U[21]_U_DATA[21])
                                                      0.014     0.109 r  design_1_i/denoiser_top_0/inst/grp_inference_fu_131/mul_50ns_50ns_100_1_1_U59/dout__1/DSP_M_DATA_INST/U_DATA[21]
                         net (fo=1, routed)           0.000     0.109    design_1_i/denoiser_top_0/inst/grp_inference_fu_131/mul_50ns_50ns_100_1_1_U59/dout__1/DSP_M_DATA.U_DATA<21>
    DSP48E2_X6Y37        DSP_ALU (Prop_DSP_ALU_DSP48E2_U_DATA[21]_ALU_OUT[21])
                                                      0.127     0.236 f  design_1_i/denoiser_top_0/inst/grp_inference_fu_131/mul_50ns_50ns_100_1_1_U59/dout__1/DSP_ALU_INST/ALU_OUT[21]
                         net (fo=1, routed)           0.000     0.236    design_1_i/denoiser_top_0/inst/grp_inference_fu_131/mul_50ns_50ns_100_1_1_U59/dout__1/DSP_ALU.ALU_OUT<21>
    DSP48E2_X6Y37        DSP_OUTPUT (Prop_DSP_OUTPUT_DSP48E2_ALU_OUT[21]_P[21])
                                                      0.033     0.269 r  design_1_i/denoiser_top_0/inst/grp_inference_fu_131/mul_50ns_50ns_100_1_1_U59/dout__1/DSP_OUTPUT_INST/P[21]
                         net (fo=3, routed)           0.070     0.339    design_1_i/denoiser_top_0/inst/grp_inference_fu_131/mul_50ns_50ns_100_1_1_U59/dout__1_n_88
    SLICE_X23Y93         CARRY8 (Prop_CARRY8_SLICEL_DI[1]_O[2])
                                                      0.033     0.372 r  design_1_i/denoiser_top_0/inst/grp_inference_fu_131/mul_50ns_50ns_100_1_1_U59/trunc_ln813_1_reg_2740_reg[44]_i_1/O[2]
                         net (fo=1, routed)           0.008     0.380    design_1_i/denoiser_top_0/inst/grp_inference_fu_131/dout__8[91]
    SLICE_X23Y93         FDRE                                         r  design_1_i/denoiser_top_0/inst/grp_inference_fu_131/trunc_ln813_1_reg_2740_reg[39]/D
  -------------------------------------------------------------------    -------------------

                         (clock clk_pl_0 rise edge)
                                                      0.000     0.000 r  
    PS8_X0Y0             PS8                          0.000     0.000 r  design_1_i/zynq_ultra_ps_e_0/inst/PS8_i/PLCLK[0]
                         net (fo=1, routed)           0.164     0.164    design_1_i/zynq_ultra_ps_e_0/inst/pl_clk_unbuffered[0]
    BUFG_PS_X0Y80        BUFG_PS (Prop_BUFG_PS_I_O)
                                                      0.023     0.187 r  design_1_i/zynq_ultra_ps_e_0/inst/buffer_pl_clk_0.PL_CLK_0_BUFG/O
    X1Y1 (CLOCK_ROOT)    net (fo=10070, routed)       1.741     1.928    design_1_i/denoiser_top_0/inst/grp_inference_fu_131/ap_clk
    SLICE_X23Y93         FDRE                                         r  design_1_i/denoiser_top_0/inst/grp_inference_fu_131/trunc_ln813_1_reg_2740_reg[39]/C

Slack:                    inf
  Source:                 design_1_i/denoiser_top_0/inst/grp_inference_fu_131/mul_50ns_50ns_100_1_1_U59/dout__1/DSP_A_B_DATA_INST/A2_DATA[26]
                            (internal pin)
  Destination:            design_1_i/denoiser_top_0/inst/grp_inference_fu_131/trunc_ln813_1_reg_2740_reg[47]/D
                            (rising edge-triggered cell FDRE clocked by clk_pl_0  {rise@0.000ns fall@5.000ns period=10.000ns})
  Path Group:             (none)
  Path Type:              Hold (Min at Fast Process Corner)
  Data Path Delay:        0.381ns  (logic 0.302ns (79.274%)  route 0.079ns (20.726%))
  Logic Levels:           6  (CARRY8=1 DSP_ALU=1 DSP_M_DATA=1 DSP_MULTIPLIER=1 DSP_OUTPUT=1 DSP_PREADD_DATA=1)
  Clock Uncertainty:      0.158ns  ((TSJ^2 + DJ^2)^1/2) / 2 + PE
    Total System Jitter     (TSJ):    0.050ns
    Discrete Jitter          (DJ):    0.312ns
    Phase Error              (PE):    0.000ns
  Clock Net Delay (Destination): 1.742ns (routing 0.971ns, distribution 0.771ns)

    Location             Delay type                Incr(ns)  Path(ns)    Netlist Resource(s)
  -------------------------------------------------------------------    -------------------
    DSP48E2_X6Y37        DSP_A_B_DATA                 0.000     0.000 r  design_1_i/denoiser_top_0/inst/grp_inference_fu_131/mul_50ns_50ns_100_1_1_U59/dout__1/DSP_A_B_DATA_INST/A2_DATA[26]
                         net (fo=1, routed)           0.000     0.000    design_1_i/denoiser_top_0/inst/grp_inference_fu_131/mul_50ns_50ns_100_1_1_U59/dout__1/DSP_A_B_DATA.A2_DATA<26>
    DSP48E2_X6Y37        DSP_PREADD_DATA (Prop_DSP_PREADD_DATA_DSP48E2_A2_DATA[26]_A2A1[26])
                                                      0.021     0.021 r  design_1_i/denoiser_top_0/inst/grp_inference_fu_131/mul_50ns_50ns_100_1_1_U59/dout__1/DSP_PREADD_DATA_INST/A2A1[26]
                         net (fo=1, routed)           0.000     0.021    design_1_i/denoiser_top_0/inst/grp_inference_fu_131/mul_50ns_50ns_100_1_1_U59/dout__1/DSP_PREADD_DATA.A2A1<26>
    DSP48E2_X6Y37        DSP_MULTIPLIER (Prop_DSP_MULTIPLIER_DSP48E2_A2A1[26]_U[29])
                                                      0.074     0.095 f  design_1_i/denoiser_top_0/inst/grp_inference_fu_131/mul_50ns_50ns_100_1_1_U59/dout__1/DSP_MULTIPLIER_INST/U[29]
                         net (fo=1, routed)           0.000     0.095    design_1_i/denoiser_top_0/inst/grp_inference_fu_131/mul_50ns_50ns_100_1_1_U59/dout__1/DSP_MULTIPLIER.U<29>
    DSP48E2_X6Y37        DSP_M_DATA (Prop_DSP_M_DATA_DSP48E2_U[29]_U_DATA[29])
                                                      0.014     0.109 r  design_1_i/denoiser_top_0/inst/grp_inference_fu_131/mul_50ns_50ns_100_1_1_U59/dout__1/DSP_M_DATA_INST/U_DATA[29]
                         net (fo=1, routed)           0.000     0.109    design_1_i/denoiser_top_0/inst/grp_inference_fu_131/mul_50ns_50ns_100_1_1_U59/dout__1/DSP_M_DATA.U_DATA<29>
    DSP48E2_X6Y37        DSP_ALU (Prop_DSP_ALU_DSP48E2_U_DATA[29]_ALU_OUT[29])
                                                      0.127     0.236 f  design_1_i/denoiser_top_0/inst/grp_inference_fu_131/mul_50ns_50ns_100_1_1_U59/dout__1/DSP_ALU_INST/ALU_OUT[29]
                         net (fo=1, routed)           0.000     0.236    design_1_i/denoiser_top_0/inst/grp_inference_fu_131/mul_50ns_50ns_100_1_1_U59/dout__1/DSP_ALU.ALU_OUT<29>
    DSP48E2_X6Y37        DSP_OUTPUT (Prop_DSP_OUTPUT_DSP48E2_ALU_OUT[29]_P[29])
                                                      0.033     0.269 r  design_1_i/denoiser_top_0/inst/grp_inference_fu_131/mul_50ns_50ns_100_1_1_U59/dout__1/DSP_OUTPUT_INST/P[29]
                         net (fo=3, routed)           0.071     0.340    design_1_i/denoiser_top_0/inst/grp_inference_fu_131/mul_50ns_50ns_100_1_1_U59/dout__1_n_80
    SLICE_X23Y94         CARRY8 (Prop_CARRY8_SLICEL_DI[1]_O[2])
                                                      0.033     0.373 r  design_1_i/denoiser_top_0/inst/grp_inference_fu_131/mul_50ns_50ns_100_1_1_U59/trunc_ln813_1_reg_2740_reg[47]_i_1/O[2]
                         net (fo=1, routed)           0.008     0.381    design_1_i/denoiser_top_0/inst/grp_inference_fu_131/dout__8[99]
    SLICE_X23Y94         FDRE                                         r  design_1_i/denoiser_top_0/inst/grp_inference_fu_131/trunc_ln813_1_reg_2740_reg[47]/D
  -------------------------------------------------------------------    -------------------

                         (clock clk_pl_0 rise edge)
                                                      0.000     0.000 r  
    PS8_X0Y0             PS8                          0.000     0.000 r  design_1_i/zynq_ultra_ps_e_0/inst/PS8_i/PLCLK[0]
                         net (fo=1, routed)           0.164     0.164    design_1_i/zynq_ultra_ps_e_0/inst/pl_clk_unbuffered[0]
    BUFG_PS_X0Y80        BUFG_PS (Prop_BUFG_PS_I_O)
                                                      0.023     0.187 r  design_1_i/zynq_ultra_ps_e_0/inst/buffer_pl_clk_0.PL_CLK_0_BUFG/O
    X1Y1 (CLOCK_ROOT)    net (fo=10070, routed)       1.742     1.929    design_1_i/denoiser_top_0/inst/grp_inference_fu_131/ap_clk
    SLICE_X23Y94         FDRE                                         r  design_1_i/denoiser_top_0/inst/grp_inference_fu_131/trunc_ln813_1_reg_2740_reg[47]/C

Slack:                    inf
  Source:                 design_1_i/denoiser_top_0/inst/grp_inference_fu_131/mul_50ns_50ns_100_1_1_U59/dout__1/DSP_A_B_DATA_INST/A2_DATA[20]
                            (internal pin)
  Destination:            design_1_i/denoiser_top_0/inst/grp_inference_fu_131/trunc_ln813_1_reg_2740_reg[38]/D
                            (rising edge-triggered cell FDRE clocked by clk_pl_0  {rise@0.000ns fall@5.000ns period=10.000ns})
  Path Group:             (none)
  Path Type:              Hold (Min at Fast Process Corner)
  Data Path Delay:        0.384ns  (logic 0.310ns (80.664%)  route 0.074ns (19.336%))
  Logic Levels:           7  (CARRY8=1 DSP_ALU=1 DSP_M_DATA=1 DSP_MULTIPLIER=1 DSP_OUTPUT=1 DSP_PREADD_DATA=1 LUT2=1)
  Clock Uncertainty:      0.158ns  ((TSJ^2 + DJ^2)^1/2) / 2 + PE
    Total System Jitter     (TSJ):    0.050ns
    Discrete Jitter          (DJ):    0.312ns
    Phase Error              (PE):    0.000ns
  Clock Net Delay (Destination): 1.741ns (routing 0.971ns, distribution 0.770ns)

    Location             Delay type                Incr(ns)  Path(ns)    Netlist Resource(s)
  -------------------------------------------------------------------    -------------------
    DSP48E2_X6Y37        DSP_A_B_DATA                 0.000     0.000 r  design_1_i/denoiser_top_0/inst/grp_inference_fu_131/mul_50ns_50ns_100_1_1_U59/dout__1/DSP_A_B_DATA_INST/A2_DATA[20]
                         net (fo=1, routed)           0.000     0.000    design_1_i/denoiser_top_0/inst/grp_inference_fu_131/mul_50ns_50ns_100_1_1_U59/dout__1/DSP_A_B_DATA.A2_DATA<20>
    DSP48E2_X6Y37        DSP_PREADD_DATA (Prop_DSP_PREADD_DATA_DSP48E2_A2_DATA[20]_A2A1[20])
                                                      0.021     0.021 r  design_1_i/denoiser_top_0/inst/grp_inference_fu_131/mul_50ns_50ns_100_1_1_U59/dout__1/DSP_PREADD_DATA_INST/A2A1[20]
                         net (fo=1, routed)           0.000     0.021    design_1_i/denoiser_top_0/inst/grp_inference_fu_131/mul_50ns_50ns_100_1_1_U59/dout__1/DSP_PREADD_DATA.A2A1<20>
    DSP48E2_X6Y37        DSP_MULTIPLIER (Prop_DSP_MULTIPLIER_DSP48E2_A2A1[20]_U[21])
                                                      0.074     0.095 f  design_1_i/denoiser_top_0/inst/grp_inference_fu_131/mul_50ns_50ns_100_1_1_U59/dout__1/DSP_MULTIPLIER_INST/U[21]
                         net (fo=1, routed)           0.000     0.095    design_1_i/denoiser_top_0/inst/grp_inference_fu_131/mul_50ns_50ns_100_1_1_U59/dout__1/DSP_MULTIPLIER.U<21>
    DSP48E2_X6Y37        DSP_M_DATA (Prop_DSP_M_DATA_DSP48E2_U[21]_U_DATA[21])
                                                      0.014     0.109 r  design_1_i/denoiser_top_0/inst/grp_inference_fu_131/mul_50ns_50ns_100_1_1_U59/dout__1/DSP_M_DATA_INST/U_DATA[21]
                         net (fo=1, routed)           0.000     0.109    design_1_i/denoiser_top_0/inst/grp_inference_fu_131/mul_50ns_50ns_100_1_1_U59/dout__1/DSP_M_DATA.U_DATA<21>
    DSP48E2_X6Y37        DSP_ALU (Prop_DSP_ALU_DSP48E2_U_DATA[21]_ALU_OUT[21])
                                                      0.127     0.236 f  design_1_i/denoiser_top_0/inst/grp_inference_fu_131/mul_50ns_50ns_100_1_1_U59/dout__1/DSP_ALU_INST/ALU_OUT[21]
                         net (fo=1, routed)           0.000     0.236    design_1_i/denoiser_top_0/inst/grp_inference_fu_131/mul_50ns_50ns_100_1_1_U59/dout__1/DSP_ALU.ALU_OUT<21>
    DSP48E2_X6Y37        DSP_OUTPUT (Prop_DSP_OUTPUT_DSP48E2_ALU_OUT[21]_P[21])
                                                      0.033     0.269 r  design_1_i/denoiser_top_0/inst/grp_inference_fu_131/mul_50ns_50ns_100_1_1_U59/dout__1/DSP_OUTPUT_INST/P[21]
                         net (fo=3, routed)           0.058     0.327    design_1_i/denoiser_top_0/inst/grp_inference_fu_131/mul_50ns_50ns_100_1_1_U59/dout__1_n_88
    SLICE_X23Y93         LUT2 (Prop_B6LUT_SLICEL_I0_O)
                                                      0.022     0.349 r  design_1_i/denoiser_top_0/inst/grp_inference_fu_131/mul_50ns_50ns_100_1_1_U59/trunc_ln813_1_reg_2740[44]_i_8/O
                         net (fo=1, routed)           0.008     0.357    design_1_i/denoiser_top_0/inst/grp_inference_fu_131/mul_50ns_50ns_100_1_1_U59/trunc_ln813_1_reg_2740[44]_i_8_n_4
    SLICE_X23Y93         CARRY8 (Prop_CARRY8_SLICEL_S[1]_O[1])
                                                      0.019     0.376 r  design_1_i/denoiser_top_0/inst/grp_inference_fu_131/mul_50ns_50ns_100_1_1_U59/trunc_ln813_1_reg_2740_reg[44]_i_1/O[1]
                         net (fo=1, routed)           0.008     0.384    design_1_i/denoiser_top_0/inst/grp_inference_fu_131/dout__8[90]
    SLICE_X23Y93         FDRE                                         r  design_1_i/denoiser_top_0/inst/grp_inference_fu_131/trunc_ln813_1_reg_2740_reg[38]/D
  -------------------------------------------------------------------    -------------------

                         (clock clk_pl_0 rise edge)
                                                      0.000     0.000 r  
    PS8_X0Y0             PS8                          0.000     0.000 r  design_1_i/zynq_ultra_ps_e_0/inst/PS8_i/PLCLK[0]
                         net (fo=1, routed)           0.164     0.164    design_1_i/zynq_ultra_ps_e_0/inst/pl_clk_unbuffered[0]
    BUFG_PS_X0Y80        BUFG_PS (Prop_BUFG_PS_I_O)
                                                      0.023     0.187 r  design_1_i/zynq_ultra_ps_e_0/inst/buffer_pl_clk_0.PL_CLK_0_BUFG/O
    X1Y1 (CLOCK_ROOT)    net (fo=10070, routed)       1.741     1.928    design_1_i/denoiser_top_0/inst/grp_inference_fu_131/ap_clk
    SLICE_X23Y93         FDRE                                         r  design_1_i/denoiser_top_0/inst/grp_inference_fu_131/trunc_ln813_1_reg_2740_reg[38]/C

Slack:                    inf
  Source:                 design_1_i/denoiser_top_0/inst/grp_inference_fu_131/mul_50ns_50ns_100_1_1_U59/dout__1/DSP_A_B_DATA_INST/A2_DATA[26]
                            (internal pin)
  Destination:            design_1_i/denoiser_top_0/inst/grp_inference_fu_131/trunc_ln813_1_reg_2740_reg[46]/D
                            (rising edge-triggered cell FDRE clocked by clk_pl_0  {rise@0.000ns fall@5.000ns period=10.000ns})
  Path Group:             (none)
  Path Type:              Hold (Min at Fast Process Corner)
  Data Path Delay:        0.385ns  (logic 0.310ns (80.455%)  route 0.075ns (19.545%))
  Logic Levels:           7  (CARRY8=1 DSP_ALU=1 DSP_M_DATA=1 DSP_MULTIPLIER=1 DSP_OUTPUT=1 DSP_PREADD_DATA=1 LUT2=1)
  Clock Uncertainty:      0.158ns  ((TSJ^2 + DJ^2)^1/2) / 2 + PE
    Total System Jitter     (TSJ):    0.050ns
    Discrete Jitter          (DJ):    0.312ns
    Phase Error              (PE):    0.000ns
  Clock Net Delay (Destination): 1.742ns (routing 0.971ns, distribution 0.771ns)

    Location             Delay type                Incr(ns)  Path(ns)    Netlist Resource(s)
  -------------------------------------------------------------------    -------------------
    DSP48E2_X6Y37        DSP_A_B_DATA                 0.000     0.000 r  design_1_i/denoiser_top_0/inst/grp_inference_fu_131/mul_50ns_50ns_100_1_1_U59/dout__1/DSP_A_B_DATA_INST/A2_DATA[26]
                         net (fo=1, routed)           0.000     0.000    design_1_i/denoiser_top_0/inst/grp_inference_fu_131/mul_50ns_50ns_100_1_1_U59/dout__1/DSP_A_B_DATA.A2_DATA<26>
    DSP48E2_X6Y37        DSP_PREADD_DATA (Prop_DSP_PREADD_DATA_DSP48E2_A2_DATA[26]_A2A1[26])
                                                      0.021     0.021 r  design_1_i/denoiser_top_0/inst/grp_inference_fu_131/mul_50ns_50ns_100_1_1_U59/dout__1/DSP_PREADD_DATA_INST/A2A1[26]
                         net (fo=1, routed)           0.000     0.021    design_1_i/denoiser_top_0/inst/grp_inference_fu_131/mul_50ns_50ns_100_1_1_U59/dout__1/DSP_PREADD_DATA.A2A1<26>
    DSP48E2_X6Y37        DSP_MULTIPLIER (Prop_DSP_MULTIPLIER_DSP48E2_A2A1[26]_U[29])
                                                      0.074     0.095 f  design_1_i/denoiser_top_0/inst/grp_inference_fu_131/mul_50ns_50ns_100_1_1_U59/dout__1/DSP_MULTIPLIER_INST/U[29]
                         net (fo=1, routed)           0.000     0.095    design_1_i/denoiser_top_0/inst/grp_inference_fu_131/mul_50ns_50ns_100_1_1_U59/dout__1/DSP_MULTIPLIER.U<29>
    DSP48E2_X6Y37        DSP_M_DATA (Prop_DSP_M_DATA_DSP48E2_U[29]_U_DATA[29])
                                                      0.014     0.109 r  design_1_i/denoiser_top_0/inst/grp_inference_fu_131/mul_50ns_50ns_100_1_1_U59/dout__1/DSP_M_DATA_INST/U_DATA[29]
                         net (fo=1, routed)           0.000     0.109    design_1_i/denoiser_top_0/inst/grp_inference_fu_131/mul_50ns_50ns_100_1_1_U59/dout__1/DSP_M_DATA.U_DATA<29>
    DSP48E2_X6Y37        DSP_ALU (Prop_DSP_ALU_DSP48E2_U_DATA[29]_ALU_OUT[29])
                                                      0.127     0.236 f  design_1_i/denoiser_top_0/inst/grp_inference_fu_131/mul_50ns_50ns_100_1_1_U59/dout__1/DSP_ALU_INST/ALU_OUT[29]
                         net (fo=1, routed)           0.000     0.236    design_1_i/denoiser_top_0/inst/grp_inference_fu_131/mul_50ns_50ns_100_1_1_U59/dout__1/DSP_ALU.ALU_OUT<29>
    DSP48E2_X6Y37        DSP_OUTPUT (Prop_DSP_OUTPUT_DSP48E2_ALU_OUT[29]_P[29])
                                                      0.033     0.269 r  design_1_i/denoiser_top_0/inst/grp_inference_fu_131/mul_50ns_50ns_100_1_1_U59/dout__1/DSP_OUTPUT_INST/P[29]
                         net (fo=3, routed)           0.059     0.328    design_1_i/denoiser_top_0/inst/grp_inference_fu_131/mul_50ns_50ns_100_1_1_U59/dout__1_n_80
    SLICE_X23Y94         LUT2 (Prop_B6LUT_SLICEL_I0_O)
                                                      0.022     0.350 r  design_1_i/denoiser_top_0/inst/grp_inference_fu_131/mul_50ns_50ns_100_1_1_U59/trunc_ln813_1_reg_2740[47]_i_3/O
                         net (fo=1, routed)           0.008     0.358    design_1_i/denoiser_top_0/inst/grp_inference_fu_131/mul_50ns_50ns_100_1_1_U59/trunc_ln813_1_reg_2740[47]_i_3_n_4
    SLICE_X23Y94         CARRY8 (Prop_CARRY8_SLICEL_S[1]_O[1])
                                                      0.019     0.377 r  design_1_i/denoiser_top_0/inst/grp_inference_fu_131/mul_50ns_50ns_100_1_1_U59/trunc_ln813_1_reg_2740_reg[47]_i_1/O[1]
                         net (fo=1, routed)           0.008     0.385    design_1_i/denoiser_top_0/inst/grp_inference_fu_131/dout__8[98]
    SLICE_X23Y94         FDRE                                         r  design_1_i/denoiser_top_0/inst/grp_inference_fu_131/trunc_ln813_1_reg_2740_reg[46]/D
  -------------------------------------------------------------------    -------------------

                         (clock clk_pl_0 rise edge)
                                                      0.000     0.000 r  
    PS8_X0Y0             PS8                          0.000     0.000 r  design_1_i/zynq_ultra_ps_e_0/inst/PS8_i/PLCLK[0]
                         net (fo=1, routed)           0.164     0.164    design_1_i/zynq_ultra_ps_e_0/inst/pl_clk_unbuffered[0]
    BUFG_PS_X0Y80        BUFG_PS (Prop_BUFG_PS_I_O)
                                                      0.023     0.187 r  design_1_i/zynq_ultra_ps_e_0/inst/buffer_pl_clk_0.PL_CLK_0_BUFG/O
    X1Y1 (CLOCK_ROOT)    net (fo=10070, routed)       1.742     1.929    design_1_i/denoiser_top_0/inst/grp_inference_fu_131/ap_clk
    SLICE_X23Y94         FDRE                                         r  design_1_i/denoiser_top_0/inst/grp_inference_fu_131/trunc_ln813_1_reg_2740_reg[46]/C

Slack:                    inf
  Source:                 design_1_i/denoiser_top_0/inst/grp_inference_fu_131/mul_50ns_50ns_100_1_1_U59/dout__1/DSP_A_B_DATA_INST/A2_DATA[20]
                            (internal pin)
  Destination:            design_1_i/denoiser_top_0/inst/grp_inference_fu_131/trunc_ln813_1_reg_2740_reg[37]/D
                            (rising edge-triggered cell FDRE clocked by clk_pl_0  {rise@0.000ns fall@5.000ns period=10.000ns})
  Path Group:             (none)
  Path Type:              Hold (Min at Fast Process Corner)
  Data Path Delay:        0.386ns  (logic 0.310ns (80.246%)  route 0.076ns (19.754%))
  Logic Levels:           7  (CARRY8=1 DSP_ALU=1 DSP_M_DATA=1 DSP_MULTIPLIER=1 DSP_OUTPUT=1 DSP_PREADD_DATA=1 LUT2=1)
  Clock Uncertainty:      0.158ns  ((TSJ^2 + DJ^2)^1/2) / 2 + PE
    Total System Jitter     (TSJ):    0.050ns
    Discrete Jitter          (DJ):    0.312ns
    Phase Error              (PE):    0.000ns
  Clock Net Delay (Destination): 1.741ns (routing 0.971ns, distribution 0.770ns)

    Location             Delay type                Incr(ns)  Path(ns)    Netlist Resource(s)
  -------------------------------------------------------------------    -------------------
    DSP48E2_X6Y37        DSP_A_B_DATA                 0.000     0.000 r  design_1_i/denoiser_top_0/inst/grp_inference_fu_131/mul_50ns_50ns_100_1_1_U59/dout__1/DSP_A_B_DATA_INST/A2_DATA[20]
                         net (fo=1, routed)           0.000     0.000    design_1_i/denoiser_top_0/inst/grp_inference_fu_131/mul_50ns_50ns_100_1_1_U59/dout__1/DSP_A_B_DATA.A2_DATA<20>
    DSP48E2_X6Y37        DSP_PREADD_DATA (Prop_DSP_PREADD_DATA_DSP48E2_A2_DATA[20]_A2A1[20])
                                                      0.021     0.021 r  design_1_i/denoiser_top_0/inst/grp_inference_fu_131/mul_50ns_50ns_100_1_1_U59/dout__1/DSP_PREADD_DATA_INST/A2A1[20]
                         net (fo=1, routed)           0.000     0.021    design_1_i/denoiser_top_0/inst/grp_inference_fu_131/mul_50ns_50ns_100_1_1_U59/dout__1/DSP_PREADD_DATA.A2A1<20>
    DSP48E2_X6Y37        DSP_MULTIPLIER (Prop_DSP_MULTIPLIER_DSP48E2_A2A1[20]_U[21])
                                                      0.074     0.095 f  design_1_i/denoiser_top_0/inst/grp_inference_fu_131/mul_50ns_50ns_100_1_1_U59/dout__1/DSP_MULTIPLIER_INST/U[21]
                         net (fo=1, routed)           0.000     0.095    design_1_i/denoiser_top_0/inst/grp_inference_fu_131/mul_50ns_50ns_100_1_1_U59/dout__1/DSP_MULTIPLIER.U<21>
    DSP48E2_X6Y37        DSP_M_DATA (Prop_DSP_M_DATA_DSP48E2_U[21]_U_DATA[21])
                                                      0.014     0.109 r  design_1_i/denoiser_top_0/inst/grp_inference_fu_131/mul_50ns_50ns_100_1_1_U59/dout__1/DSP_M_DATA_INST/U_DATA[21]
                         net (fo=1, routed)           0.000     0.109    design_1_i/denoiser_top_0/inst/grp_inference_fu_131/mul_50ns_50ns_100_1_1_U59/dout__1/DSP_M_DATA.U_DATA<21>
    DSP48E2_X6Y37        DSP_ALU (Prop_DSP_ALU_DSP48E2_U_DATA[21]_ALU_OUT[21])
                                                      0.127     0.236 f  design_1_i/denoiser_top_0/inst/grp_inference_fu_131/mul_50ns_50ns_100_1_1_U59/dout__1/DSP_ALU_INST/ALU_OUT[21]
                         net (fo=1, routed)           0.000     0.236    design_1_i/denoiser_top_0/inst/grp_inference_fu_131/mul_50ns_50ns_100_1_1_U59/dout__1/DSP_ALU.ALU_OUT<21>
    DSP48E2_X6Y37        DSP_OUTPUT (Prop_DSP_OUTPUT_DSP48E2_ALU_OUT[21]_P[21])
                                                      0.033     0.269 r  design_1_i/denoiser_top_0/inst/grp_inference_fu_131/mul_50ns_50ns_100_1_1_U59/dout__1/DSP_OUTPUT_INST/P[21]
                         net (fo=3, routed)           0.059     0.328    design_1_i/denoiser_top_0/inst/grp_inference_fu_131/mul_50ns_50ns_100_1_1_U59/dout__1_n_88
    SLICE_X23Y93         LUT2 (Prop_A6LUT_SLICEL_I1_O)
                                                      0.021     0.349 r  design_1_i/denoiser_top_0/inst/grp_inference_fu_131/mul_50ns_50ns_100_1_1_U59/trunc_ln813_1_reg_2740[44]_i_9/O
                         net (fo=1, routed)           0.009     0.358    design_1_i/denoiser_top_0/inst/grp_inference_fu_131/mul_50ns_50ns_100_1_1_U59/trunc_ln813_1_reg_2740[44]_i_9_n_4
    SLICE_X23Y93         CARRY8 (Prop_CARRY8_SLICEL_S[0]_O[0])
                                                      0.020     0.378 r  design_1_i/denoiser_top_0/inst/grp_inference_fu_131/mul_50ns_50ns_100_1_1_U59/trunc_ln813_1_reg_2740_reg[44]_i_1/O[0]
                         net (fo=1, routed)           0.008     0.386    design_1_i/denoiser_top_0/inst/grp_inference_fu_131/dout__8[89]
    SLICE_X23Y93         FDRE                                         r  design_1_i/denoiser_top_0/inst/grp_inference_fu_131/trunc_ln813_1_reg_2740_reg[37]/D
  -------------------------------------------------------------------    -------------------

                         (clock clk_pl_0 rise edge)
                                                      0.000     0.000 r  
    PS8_X0Y0             PS8                          0.000     0.000 r  design_1_i/zynq_ultra_ps_e_0/inst/PS8_i/PLCLK[0]
                         net (fo=1, routed)           0.164     0.164    design_1_i/zynq_ultra_ps_e_0/inst/pl_clk_unbuffered[0]
    BUFG_PS_X0Y80        BUFG_PS (Prop_BUFG_PS_I_O)
                                                      0.023     0.187 r  design_1_i/zynq_ultra_ps_e_0/inst/buffer_pl_clk_0.PL_CLK_0_BUFG/O
    X1Y1 (CLOCK_ROOT)    net (fo=10070, routed)       1.741     1.928    design_1_i/denoiser_top_0/inst/grp_inference_fu_131/ap_clk
    SLICE_X23Y93         FDRE                                         r  design_1_i/denoiser_top_0/inst/grp_inference_fu_131/trunc_ln813_1_reg_2740_reg[37]/C

Slack:                    inf
  Source:                 design_1_i/denoiser_top_0/inst/grp_inference_fu_131/mul_50ns_50ns_100_1_1_U59/dout__1/DSP_A_B_DATA_INST/A2_DATA[26]
                            (internal pin)
  Destination:            design_1_i/denoiser_top_0/inst/grp_inference_fu_131/trunc_ln813_1_reg_2740_reg[45]/D
                            (rising edge-triggered cell FDRE clocked by clk_pl_0  {rise@0.000ns fall@5.000ns period=10.000ns})
  Path Group:             (none)
  Path Type:              Hold (Min at Fast Process Corner)
  Data Path Delay:        0.387ns  (logic 0.310ns (80.039%)  route 0.077ns (19.961%))
  Logic Levels:           7  (CARRY8=1 DSP_ALU=1 DSP_M_DATA=1 DSP_MULTIPLIER=1 DSP_OUTPUT=1 DSP_PREADD_DATA=1 LUT2=1)
  Clock Uncertainty:      0.158ns  ((TSJ^2 + DJ^2)^1/2) / 2 + PE
    Total System Jitter     (TSJ):    0.050ns
    Discrete Jitter          (DJ):    0.312ns
    Phase Error              (PE):    0.000ns
  Clock Net Delay (Destination): 1.742ns (routing 0.971ns, distribution 0.771ns)

    Location             Delay type                Incr(ns)  Path(ns)    Netlist Resource(s)
  -------------------------------------------------------------------    -------------------
    DSP48E2_X6Y37        DSP_A_B_DATA                 0.000     0.000 r  design_1_i/denoiser_top_0/inst/grp_inference_fu_131/mul_50ns_50ns_100_1_1_U59/dout__1/DSP_A_B_DATA_INST/A2_DATA[26]
                         net (fo=1, routed)           0.000     0.000    design_1_i/denoiser_top_0/inst/grp_inference_fu_131/mul_50ns_50ns_100_1_1_U59/dout__1/DSP_A_B_DATA.A2_DATA<26>
    DSP48E2_X6Y37        DSP_PREADD_DATA (Prop_DSP_PREADD_DATA_DSP48E2_A2_DATA[26]_A2A1[26])
                                                      0.021     0.021 r  design_1_i/denoiser_top_0/inst/grp_inference_fu_131/mul_50ns_50ns_100_1_1_U59/dout__1/DSP_PREADD_DATA_INST/A2A1[26]
                         net (fo=1, routed)           0.000     0.021    design_1_i/denoiser_top_0/inst/grp_inference_fu_131/mul_50ns_50ns_100_1_1_U59/dout__1/DSP_PREADD_DATA.A2A1<26>
    DSP48E2_X6Y37        DSP_MULTIPLIER (Prop_DSP_MULTIPLIER_DSP48E2_A2A1[26]_U[29])
                                                      0.074     0.095 f  design_1_i/denoiser_top_0/inst/grp_inference_fu_131/mul_50ns_50ns_100_1_1_U59/dout__1/DSP_MULTIPLIER_INST/U[29]
                         net (fo=1, routed)           0.000     0.095    design_1_i/denoiser_top_0/inst/grp_inference_fu_131/mul_50ns_50ns_100_1_1_U59/dout__1/DSP_MULTIPLIER.U<29>
    DSP48E2_X6Y37        DSP_M_DATA (Prop_DSP_M_DATA_DSP48E2_U[29]_U_DATA[29])
                                                      0.014     0.109 r  design_1_i/denoiser_top_0/inst/grp_inference_fu_131/mul_50ns_50ns_100_1_1_U59/dout__1/DSP_M_DATA_INST/U_DATA[29]
                         net (fo=1, routed)           0.000     0.109    design_1_i/denoiser_top_0/inst/grp_inference_fu_131/mul_50ns_50ns_100_1_1_U59/dout__1/DSP_M_DATA.U_DATA<29>
    DSP48E2_X6Y37        DSP_ALU (Prop_DSP_ALU_DSP48E2_U_DATA[29]_ALU_OUT[29])
                                                      0.127     0.236 f  design_1_i/denoiser_top_0/inst/grp_inference_fu_131/mul_50ns_50ns_100_1_1_U59/dout__1/DSP_ALU_INST/ALU_OUT[29]
                         net (fo=1, routed)           0.000     0.236    design_1_i/denoiser_top_0/inst/grp_inference_fu_131/mul_50ns_50ns_100_1_1_U59/dout__1/DSP_ALU.ALU_OUT<29>
    DSP48E2_X6Y37        DSP_OUTPUT (Prop_DSP_OUTPUT_DSP48E2_ALU_OUT[29]_P[29])
                                                      0.033     0.269 r  design_1_i/denoiser_top_0/inst/grp_inference_fu_131/mul_50ns_50ns_100_1_1_U59/dout__1/DSP_OUTPUT_INST/P[29]
                         net (fo=3, routed)           0.060     0.329    design_1_i/denoiser_top_0/inst/grp_inference_fu_131/mul_50ns_50ns_100_1_1_U59/dout__1_n_80
    SLICE_X23Y94         LUT2 (Prop_A6LUT_SLICEL_I1_O)
                                                      0.021     0.350 r  design_1_i/denoiser_top_0/inst/grp_inference_fu_131/mul_50ns_50ns_100_1_1_U59/trunc_ln813_1_reg_2740[47]_i_4/O
                         net (fo=1, routed)           0.009     0.359    design_1_i/denoiser_top_0/inst/grp_inference_fu_131/mul_50ns_50ns_100_1_1_U59/trunc_ln813_1_reg_2740[47]_i_4_n_4
    SLICE_X23Y94         CARRY8 (Prop_CARRY8_SLICEL_S[0]_O[0])
                                                      0.020     0.379 r  design_1_i/denoiser_top_0/inst/grp_inference_fu_131/mul_50ns_50ns_100_1_1_U59/trunc_ln813_1_reg_2740_reg[47]_i_1/O[0]
                         net (fo=1, routed)           0.008     0.387    design_1_i/denoiser_top_0/inst/grp_inference_fu_131/dout__8[97]
    SLICE_X23Y94         FDRE                                         r  design_1_i/denoiser_top_0/inst/grp_inference_fu_131/trunc_ln813_1_reg_2740_reg[45]/D
  -------------------------------------------------------------------    -------------------

                         (clock clk_pl_0 rise edge)
                                                      0.000     0.000 r  
    PS8_X0Y0             PS8                          0.000     0.000 r  design_1_i/zynq_ultra_ps_e_0/inst/PS8_i/PLCLK[0]
                         net (fo=1, routed)           0.164     0.164    design_1_i/zynq_ultra_ps_e_0/inst/pl_clk_unbuffered[0]
    BUFG_PS_X0Y80        BUFG_PS (Prop_BUFG_PS_I_O)
                                                      0.023     0.187 r  design_1_i/zynq_ultra_ps_e_0/inst/buffer_pl_clk_0.PL_CLK_0_BUFG/O
    X1Y1 (CLOCK_ROOT)    net (fo=10070, routed)       1.742     1.929    design_1_i/denoiser_top_0/inst/grp_inference_fu_131/ap_clk
    SLICE_X23Y94         FDRE                                         r  design_1_i/denoiser_top_0/inst/grp_inference_fu_131/trunc_ln813_1_reg_2740_reg[45]/C

Slack:                    inf
  Source:                 design_1_i/denoiser_top_0/inst/grp_inference_fu_131/mul_50ns_50ns_100_1_1_U59/dout__1/DSP_A_B_DATA_INST/A2_DATA[20]
                            (internal pin)
  Destination:            design_1_i/denoiser_top_0/inst/grp_inference_fu_131/trunc_ln813_1_reg_2740_reg[40]/D
                            (rising edge-triggered cell FDRE clocked by clk_pl_0  {rise@0.000ns fall@5.000ns period=10.000ns})
  Path Group:             (none)
  Path Type:              Hold (Min at Fast Process Corner)
  Data Path Delay:        0.396ns  (logic 0.318ns (80.312%)  route 0.078ns (19.688%))
  Logic Levels:           6  (CARRY8=1 DSP_ALU=1 DSP_M_DATA=1 DSP_MULTIPLIER=1 DSP_OUTPUT=1 DSP_PREADD_DATA=1)
  Clock Uncertainty:      0.158ns  ((TSJ^2 + DJ^2)^1/2) / 2 + PE
    Total System Jitter     (TSJ):    0.050ns
    Discrete Jitter          (DJ):    0.312ns
    Phase Error              (PE):    0.000ns
  Clock Net Delay (Destination): 1.741ns (routing 0.971ns, distribution 0.770ns)

    Location             Delay type                Incr(ns)  Path(ns)    Netlist Resource(s)
  -------------------------------------------------------------------    -------------------
    DSP48E2_X6Y37        DSP_A_B_DATA                 0.000     0.000 r  design_1_i/denoiser_top_0/inst/grp_inference_fu_131/mul_50ns_50ns_100_1_1_U59/dout__1/DSP_A_B_DATA_INST/A2_DATA[20]
                         net (fo=1, routed)           0.000     0.000    design_1_i/denoiser_top_0/inst/grp_inference_fu_131/mul_50ns_50ns_100_1_1_U59/dout__1/DSP_A_B_DATA.A2_DATA<20>
    DSP48E2_X6Y37        DSP_PREADD_DATA (Prop_DSP_PREADD_DATA_DSP48E2_A2_DATA[20]_A2A1[20])
                                                      0.021     0.021 r  design_1_i/denoiser_top_0/inst/grp_inference_fu_131/mul_50ns_50ns_100_1_1_U59/dout__1/DSP_PREADD_DATA_INST/A2A1[20]
                         net (fo=1, routed)           0.000     0.021    design_1_i/denoiser_top_0/inst/grp_inference_fu_131/mul_50ns_50ns_100_1_1_U59/dout__1/DSP_PREADD_DATA.A2A1<20>
    DSP48E2_X6Y37        DSP_MULTIPLIER (Prop_DSP_MULTIPLIER_DSP48E2_A2A1[20]_U[21])
                                                      0.074     0.095 f  design_1_i/denoiser_top_0/inst/grp_inference_fu_131/mul_50ns_50ns_100_1_1_U59/dout__1/DSP_MULTIPLIER_INST/U[21]
                         net (fo=1, routed)           0.000     0.095    design_1_i/denoiser_top_0/inst/grp_inference_fu_131/mul_50ns_50ns_100_1_1_U59/dout__1/DSP_MULTIPLIER.U<21>
    DSP48E2_X6Y37        DSP_M_DATA (Prop_DSP_M_DATA_DSP48E2_U[21]_U_DATA[21])
                                                      0.014     0.109 r  design_1_i/denoiser_top_0/inst/grp_inference_fu_131/mul_50ns_50ns_100_1_1_U59/dout__1/DSP_M_DATA_INST/U_DATA[21]
                         net (fo=1, routed)           0.000     0.109    design_1_i/denoiser_top_0/inst/grp_inference_fu_131/mul_50ns_50ns_100_1_1_U59/dout__1/DSP_M_DATA.U_DATA<21>
    DSP48E2_X6Y37        DSP_ALU (Prop_DSP_ALU_DSP48E2_U_DATA[21]_ALU_OUT[21])
                                                      0.127     0.236 f  design_1_i/denoiser_top_0/inst/grp_inference_fu_131/mul_50ns_50ns_100_1_1_U59/dout__1/DSP_ALU_INST/ALU_OUT[21]
                         net (fo=1, routed)           0.000     0.236    design_1_i/denoiser_top_0/inst/grp_inference_fu_131/mul_50ns_50ns_100_1_1_U59/dout__1/DSP_ALU.ALU_OUT<21>
    DSP48E2_X6Y37        DSP_OUTPUT (Prop_DSP_OUTPUT_DSP48E2_ALU_OUT[21]_P[21])
                                                      0.033     0.269 r  design_1_i/denoiser_top_0/inst/grp_inference_fu_131/mul_50ns_50ns_100_1_1_U59/dout__1/DSP_OUTPUT_INST/P[21]
                         net (fo=3, routed)           0.070     0.339    design_1_i/denoiser_top_0/inst/grp_inference_fu_131/mul_50ns_50ns_100_1_1_U59/dout__1_n_88
    SLICE_X23Y93         CARRY8 (Prop_CARRY8_SLICEL_DI[1]_O[3])
                                                      0.049     0.388 r  design_1_i/denoiser_top_0/inst/grp_inference_fu_131/mul_50ns_50ns_100_1_1_U59/trunc_ln813_1_reg_2740_reg[44]_i_1/O[3]
                         net (fo=1, routed)           0.008     0.396    design_1_i/denoiser_top_0/inst/grp_inference_fu_131/dout__8[92]
    SLICE_X23Y93         FDRE                                         r  design_1_i/denoiser_top_0/inst/grp_inference_fu_131/trunc_ln813_1_reg_2740_reg[40]/D
  -------------------------------------------------------------------    -------------------

                         (clock clk_pl_0 rise edge)
                                                      0.000     0.000 r  
    PS8_X0Y0             PS8                          0.000     0.000 r  design_1_i/zynq_ultra_ps_e_0/inst/PS8_i/PLCLK[0]
                         net (fo=1, routed)           0.164     0.164    design_1_i/zynq_ultra_ps_e_0/inst/pl_clk_unbuffered[0]
    BUFG_PS_X0Y80        BUFG_PS (Prop_BUFG_PS_I_O)
                                                      0.023     0.187 r  design_1_i/zynq_ultra_ps_e_0/inst/buffer_pl_clk_0.PL_CLK_0_BUFG/O
    X1Y1 (CLOCK_ROOT)    net (fo=10070, routed)       1.741     1.928    design_1_i/denoiser_top_0/inst/grp_inference_fu_131/ap_clk
    SLICE_X23Y93         FDRE                                         r  design_1_i/denoiser_top_0/inst/grp_inference_fu_131/trunc_ln813_1_reg_2740_reg[40]/C

Slack:                    inf
  Source:                 design_1_i/denoiser_top_0/inst/grp_inference_fu_131/mul_50ns_50ns_100_1_1_U59/dout__1/DSP_A_B_DATA_INST/A2_DATA[25]
                            (internal pin)
  Destination:            design_1_i/denoiser_top_0/inst/grp_inference_fu_131/trunc_ln813_1_reg_2740_reg[44]/D
                            (rising edge-triggered cell FDRE clocked by clk_pl_0  {rise@0.000ns fall@5.000ns period=10.000ns})
  Path Group:             (none)
  Path Type:              Hold (Min at Fast Process Corner)
  Data Path Delay:        0.400ns  (logic 0.307ns (76.732%)  route 0.093ns (23.268%))
  Logic Levels:           6  (CARRY8=1 DSP_ALU=1 DSP_M_DATA=1 DSP_MULTIPLIER=1 DSP_OUTPUT=1 DSP_PREADD_DATA=1)
  Clock Uncertainty:      0.158ns  ((TSJ^2 + DJ^2)^1/2) / 2 + PE
    Total System Jitter     (TSJ):    0.050ns
    Discrete Jitter          (DJ):    0.312ns
    Phase Error              (PE):    0.000ns
  Clock Net Delay (Destination): 1.745ns (routing 0.971ns, distribution 0.774ns)

    Location             Delay type                Incr(ns)  Path(ns)    Netlist Resource(s)
  -------------------------------------------------------------------    -------------------
    DSP48E2_X6Y37        DSP_A_B_DATA                 0.000     0.000 r  design_1_i/denoiser_top_0/inst/grp_inference_fu_131/mul_50ns_50ns_100_1_1_U59/dout__1/DSP_A_B_DATA_INST/A2_DATA[25]
                         net (fo=1, routed)           0.000     0.000    design_1_i/denoiser_top_0/inst/grp_inference_fu_131/mul_50ns_50ns_100_1_1_U59/dout__1/DSP_A_B_DATA.A2_DATA<25>
    DSP48E2_X6Y37        DSP_PREADD_DATA (Prop_DSP_PREADD_DATA_DSP48E2_A2_DATA[25]_A2A1[25])
                                                      0.021     0.021 r  design_1_i/denoiser_top_0/inst/grp_inference_fu_131/mul_50ns_50ns_100_1_1_U59/dout__1/DSP_PREADD_DATA_INST/A2A1[25]
                         net (fo=1, routed)           0.000     0.021    design_1_i/denoiser_top_0/inst/grp_inference_fu_131/mul_50ns_50ns_100_1_1_U59/dout__1/DSP_PREADD_DATA.A2A1<25>
    DSP48E2_X6Y37        DSP_MULTIPLIER (Prop_DSP_MULTIPLIER_DSP48E2_A2A1[25]_U[26])
                                                      0.074     0.095 f  design_1_i/denoiser_top_0/inst/grp_inference_fu_131/mul_50ns_50ns_100_1_1_U59/dout__1/DSP_MULTIPLIER_INST/U[26]
                         net (fo=1, routed)           0.000     0.095    design_1_i/denoiser_top_0/inst/grp_inference_fu_131/mul_50ns_50ns_100_1_1_U59/dout__1/DSP_MULTIPLIER.U<26>
    DSP48E2_X6Y37        DSP_M_DATA (Prop_DSP_M_DATA_DSP48E2_U[26]_U_DATA[26])
                                                      0.014     0.109 r  design_1_i/denoiser_top_0/inst/grp_inference_fu_131/mul_50ns_50ns_100_1_1_U59/dout__1/DSP_M_DATA_INST/U_DATA[26]
                         net (fo=1, routed)           0.000     0.109    design_1_i/denoiser_top_0/inst/grp_inference_fu_131/mul_50ns_50ns_100_1_1_U59/dout__1/DSP_M_DATA.U_DATA<26>
    DSP48E2_X6Y37        DSP_ALU (Prop_DSP_ALU_DSP48E2_U_DATA[26]_ALU_OUT[26])
                                                      0.127     0.236 f  design_1_i/denoiser_top_0/inst/grp_inference_fu_131/mul_50ns_50ns_100_1_1_U59/dout__1/DSP_ALU_INST/ALU_OUT[26]
                         net (fo=1, routed)           0.000     0.236    design_1_i/denoiser_top_0/inst/grp_inference_fu_131/mul_50ns_50ns_100_1_1_U59/dout__1/DSP_ALU.ALU_OUT<26>
    DSP48E2_X6Y37        DSP_OUTPUT (Prop_DSP_OUTPUT_DSP48E2_ALU_OUT[26]_P[26])
                                                      0.033     0.269 r  design_1_i/denoiser_top_0/inst/grp_inference_fu_131/mul_50ns_50ns_100_1_1_U59/dout__1/DSP_OUTPUT_INST/P[26]
                         net (fo=3, routed)           0.085     0.354    design_1_i/denoiser_top_0/inst/grp_inference_fu_131/mul_50ns_50ns_100_1_1_U59/dout__1_n_83
    SLICE_X23Y93         CARRY8 (Prop_CARRY8_SLICEL_DI[6]_O[7])
                                                      0.038     0.392 r  design_1_i/denoiser_top_0/inst/grp_inference_fu_131/mul_50ns_50ns_100_1_1_U59/trunc_ln813_1_reg_2740_reg[44]_i_1/O[7]
                         net (fo=1, routed)           0.008     0.400    design_1_i/denoiser_top_0/inst/grp_inference_fu_131/dout__8[96]
    SLICE_X23Y93         FDRE                                         r  design_1_i/denoiser_top_0/inst/grp_inference_fu_131/trunc_ln813_1_reg_2740_reg[44]/D
  -------------------------------------------------------------------    -------------------

                         (clock clk_pl_0 rise edge)
                                                      0.000     0.000 r  
    PS8_X0Y0             PS8                          0.000     0.000 r  design_1_i/zynq_ultra_ps_e_0/inst/PS8_i/PLCLK[0]
                         net (fo=1, routed)           0.164     0.164    design_1_i/zynq_ultra_ps_e_0/inst/pl_clk_unbuffered[0]
    BUFG_PS_X0Y80        BUFG_PS (Prop_BUFG_PS_I_O)
                                                      0.023     0.187 r  design_1_i/zynq_ultra_ps_e_0/inst/buffer_pl_clk_0.PL_CLK_0_BUFG/O
    X1Y1 (CLOCK_ROOT)    net (fo=10070, routed)       1.745     1.932    design_1_i/denoiser_top_0/inst/grp_inference_fu_131/ap_clk
    SLICE_X23Y93         FDRE                                         r  design_1_i/denoiser_top_0/inst/grp_inference_fu_131/trunc_ln813_1_reg_2740_reg[44]/C

Slack:                    inf
  Source:                 design_1_i/denoiser_top_0/inst/grp_inference_fu_131/mul_50ns_50ns_100_1_1_U59/dout__1/DSP_A_B_DATA_INST/A2_DATA[17]
                            (internal pin)
  Destination:            design_1_i/denoiser_top_0/inst/grp_inference_fu_131/trunc_ln813_1_reg_2740_reg[36]/D
                            (rising edge-triggered cell FDRE clocked by clk_pl_0  {rise@0.000ns fall@5.000ns period=10.000ns})
  Path Group:             (none)
  Path Type:              Hold (Min at Fast Process Corner)
  Data Path Delay:        0.410ns  (logic 0.307ns (74.894%)  route 0.103ns (25.106%))
  Logic Levels:           6  (CARRY8=1 DSP_ALU=1 DSP_M_DATA=1 DSP_MULTIPLIER=1 DSP_OUTPUT=1 DSP_PREADD_DATA=1)
  Clock Uncertainty:      0.158ns  ((TSJ^2 + DJ^2)^1/2) / 2 + PE
    Total System Jitter     (TSJ):    0.050ns
    Discrete Jitter          (DJ):    0.312ns
    Phase Error              (PE):    0.000ns
  Clock Net Delay (Destination): 1.744ns (routing 0.971ns, distribution 0.773ns)

    Location             Delay type                Incr(ns)  Path(ns)    Netlist Resource(s)
  -------------------------------------------------------------------    -------------------
    DSP48E2_X6Y37        DSP_A_B_DATA                 0.000     0.000 r  design_1_i/denoiser_top_0/inst/grp_inference_fu_131/mul_50ns_50ns_100_1_1_U59/dout__1/DSP_A_B_DATA_INST/A2_DATA[17]
                         net (fo=1, routed)           0.000     0.000    design_1_i/denoiser_top_0/inst/grp_inference_fu_131/mul_50ns_50ns_100_1_1_U59/dout__1/DSP_A_B_DATA.A2_DATA<17>
    DSP48E2_X6Y37        DSP_PREADD_DATA (Prop_DSP_PREADD_DATA_DSP48E2_A2_DATA[17]_A2A1[17])
                                                      0.021     0.021 r  design_1_i/denoiser_top_0/inst/grp_inference_fu_131/mul_50ns_50ns_100_1_1_U59/dout__1/DSP_PREADD_DATA_INST/A2A1[17]
                         net (fo=1, routed)           0.000     0.021    design_1_i/denoiser_top_0/inst/grp_inference_fu_131/mul_50ns_50ns_100_1_1_U59/dout__1/DSP_PREADD_DATA.A2A1<17>
    DSP48E2_X6Y37        DSP_MULTIPLIER (Prop_DSP_MULTIPLIER_DSP48E2_A2A1[17]_U[18])
                                                      0.074     0.095 f  design_1_i/denoiser_top_0/inst/grp_inference_fu_131/mul_50ns_50ns_100_1_1_U59/dout__1/DSP_MULTIPLIER_INST/U[18]
                         net (fo=1, routed)           0.000     0.095    design_1_i/denoiser_top_0/inst/grp_inference_fu_131/mul_50ns_50ns_100_1_1_U59/dout__1/DSP_MULTIPLIER.U<18>
    DSP48E2_X6Y37        DSP_M_DATA (Prop_DSP_M_DATA_DSP48E2_U[18]_U_DATA[18])
                                                      0.014     0.109 r  design_1_i/denoiser_top_0/inst/grp_inference_fu_131/mul_50ns_50ns_100_1_1_U59/dout__1/DSP_M_DATA_INST/U_DATA[18]
                         net (fo=1, routed)           0.000     0.109    design_1_i/denoiser_top_0/inst/grp_inference_fu_131/mul_50ns_50ns_100_1_1_U59/dout__1/DSP_M_DATA.U_DATA<18>
    DSP48E2_X6Y37        DSP_ALU (Prop_DSP_ALU_DSP48E2_U_DATA[18]_ALU_OUT[18])
                                                      0.127     0.236 f  design_1_i/denoiser_top_0/inst/grp_inference_fu_131/mul_50ns_50ns_100_1_1_U59/dout__1/DSP_ALU_INST/ALU_OUT[18]
                         net (fo=1, routed)           0.000     0.236    design_1_i/denoiser_top_0/inst/grp_inference_fu_131/mul_50ns_50ns_100_1_1_U59/dout__1/DSP_ALU.ALU_OUT<18>
    DSP48E2_X6Y37        DSP_OUTPUT (Prop_DSP_OUTPUT_DSP48E2_ALU_OUT[18]_P[18])
                                                      0.033     0.269 r  design_1_i/denoiser_top_0/inst/grp_inference_fu_131/mul_50ns_50ns_100_1_1_U59/dout__1/DSP_OUTPUT_INST/P[18]
                         net (fo=3, routed)           0.095     0.364    design_1_i/denoiser_top_0/inst/grp_inference_fu_131/mul_50ns_50ns_100_1_1_U59/dout__1_n_91
    SLICE_X23Y92         CARRY8 (Prop_CARRY8_SLICEL_DI[6]_O[7])
                                                      0.038     0.402 r  design_1_i/denoiser_top_0/inst/grp_inference_fu_131/mul_50ns_50ns_100_1_1_U59/trunc_ln813_1_reg_2740_reg[36]_i_1/O[7]
                         net (fo=1, routed)           0.008     0.410    design_1_i/denoiser_top_0/inst/grp_inference_fu_131/dout__8[88]
    SLICE_X23Y92         FDRE                                         r  design_1_i/denoiser_top_0/inst/grp_inference_fu_131/trunc_ln813_1_reg_2740_reg[36]/D
  -------------------------------------------------------------------    -------------------

                         (clock clk_pl_0 rise edge)
                                                      0.000     0.000 r  
    PS8_X0Y0             PS8                          0.000     0.000 r  design_1_i/zynq_ultra_ps_e_0/inst/PS8_i/PLCLK[0]
                         net (fo=1, routed)           0.164     0.164    design_1_i/zynq_ultra_ps_e_0/inst/pl_clk_unbuffered[0]
    BUFG_PS_X0Y80        BUFG_PS (Prop_BUFG_PS_I_O)
                                                      0.023     0.187 r  design_1_i/zynq_ultra_ps_e_0/inst/buffer_pl_clk_0.PL_CLK_0_BUFG/O
    X1Y1 (CLOCK_ROOT)    net (fo=10070, routed)       1.744     1.931    design_1_i/denoiser_top_0/inst/grp_inference_fu_131/ap_clk
    SLICE_X23Y92         FDRE                                         r  design_1_i/denoiser_top_0/inst/grp_inference_fu_131/trunc_ln813_1_reg_2740_reg[36]/C

Slack:                    inf
  Source:                 design_1_i/denoiser_top_0/inst/grp_inference_fu_131/mul_50ns_50ns_100_1_1_U59/dout__1/DSP_A_B_DATA_INST/A2_DATA[20]
                            (internal pin)
  Destination:            design_1_i/denoiser_top_0/inst/grp_inference_fu_131/trunc_ln813_1_reg_2740_reg[41]/D
                            (rising edge-triggered cell FDRE clocked by clk_pl_0  {rise@0.000ns fall@5.000ns period=10.000ns})
  Path Group:             (none)
  Path Type:              Hold (Min at Fast Process Corner)
  Data Path Delay:        0.417ns  (logic 0.339ns (81.303%)  route 0.078ns (18.697%))
  Logic Levels:           6  (CARRY8=1 DSP_ALU=1 DSP_M_DATA=1 DSP_MULTIPLIER=1 DSP_OUTPUT=1 DSP_PREADD_DATA=1)
  Clock Uncertainty:      0.158ns  ((TSJ^2 + DJ^2)^1/2) / 2 + PE
    Total System Jitter     (TSJ):    0.050ns
    Discrete Jitter          (DJ):    0.312ns
    Phase Error              (PE):    0.000ns
  Clock Net Delay (Destination): 1.745ns (routing 0.971ns, distribution 0.774ns)

    Location             Delay type                Incr(ns)  Path(ns)    Netlist Resource(s)
  -------------------------------------------------------------------    -------------------
    DSP48E2_X6Y37        DSP_A_B_DATA                 0.000     0.000 r  design_1_i/denoiser_top_0/inst/grp_inference_fu_131/mul_50ns_50ns_100_1_1_U59/dout__1/DSP_A_B_DATA_INST/A2_DATA[20]
                         net (fo=1, routed)           0.000     0.000    design_1_i/denoiser_top_0/inst/grp_inference_fu_131/mul_50ns_50ns_100_1_1_U59/dout__1/DSP_A_B_DATA.A2_DATA<20>
    DSP48E2_X6Y37        DSP_PREADD_DATA (Prop_DSP_PREADD_DATA_DSP48E2_A2_DATA[20]_A2A1[20])
                                                      0.021     0.021 r  design_1_i/denoiser_top_0/inst/grp_inference_fu_131/mul_50ns_50ns_100_1_1_U59/dout__1/DSP_PREADD_DATA_INST/A2A1[20]
                         net (fo=1, routed)           0.000     0.021    design_1_i/denoiser_top_0/inst/grp_inference_fu_131/mul_50ns_50ns_100_1_1_U59/dout__1/DSP_PREADD_DATA.A2A1<20>
    DSP48E2_X6Y37        DSP_MULTIPLIER (Prop_DSP_MULTIPLIER_DSP48E2_A2A1[20]_U[21])
                                                      0.074     0.095 f  design_1_i/denoiser_top_0/inst/grp_inference_fu_131/mul_50ns_50ns_100_1_1_U59/dout__1/DSP_MULTIPLIER_INST/U[21]
                         net (fo=1, routed)           0.000     0.095    design_1_i/denoiser_top_0/inst/grp_inference_fu_131/mul_50ns_50ns_100_1_1_U59/dout__1/DSP_MULTIPLIER.U<21>
    DSP48E2_X6Y37        DSP_M_DATA (Prop_DSP_M_DATA_DSP48E2_U[21]_U_DATA[21])
                                                      0.014     0.109 r  design_1_i/denoiser_top_0/inst/grp_inference_fu_131/mul_50ns_50ns_100_1_1_U59/dout__1/DSP_M_DATA_INST/U_DATA[21]
                         net (fo=1, routed)           0.000     0.109    design_1_i/denoiser_top_0/inst/grp_inference_fu_131/mul_50ns_50ns_100_1_1_U59/dout__1/DSP_M_DATA.U_DATA<21>
    DSP48E2_X6Y37        DSP_ALU (Prop_DSP_ALU_DSP48E2_U_DATA[21]_ALU_OUT[21])
                                                      0.127     0.236 f  design_1_i/denoiser_top_0/inst/grp_inference_fu_131/mul_50ns_50ns_100_1_1_U59/dout__1/DSP_ALU_INST/ALU_OUT[21]
                         net (fo=1, routed)           0.000     0.236    design_1_i/denoiser_top_0/inst/grp_inference_fu_131/mul_50ns_50ns_100_1_1_U59/dout__1/DSP_ALU.ALU_OUT<21>
    DSP48E2_X6Y37        DSP_OUTPUT (Prop_DSP_OUTPUT_DSP48E2_ALU_OUT[21]_P[21])
                                                      0.033     0.269 r  design_1_i/denoiser_top_0/inst/grp_inference_fu_131/mul_50ns_50ns_100_1_1_U59/dout__1/DSP_OUTPUT_INST/P[21]
                         net (fo=3, routed)           0.070     0.339    design_1_i/denoiser_top_0/inst/grp_inference_fu_131/mul_50ns_50ns_100_1_1_U59/dout__1_n_88
    SLICE_X23Y93         CARRY8 (Prop_CARRY8_SLICEL_DI[1]_O[4])
                                                      0.070     0.409 r  design_1_i/denoiser_top_0/inst/grp_inference_fu_131/mul_50ns_50ns_100_1_1_U59/trunc_ln813_1_reg_2740_reg[44]_i_1/O[4]
                         net (fo=1, routed)           0.008     0.417    design_1_i/denoiser_top_0/inst/grp_inference_fu_131/dout__8[93]
    SLICE_X23Y93         FDRE                                         r  design_1_i/denoiser_top_0/inst/grp_inference_fu_131/trunc_ln813_1_reg_2740_reg[41]/D
  -------------------------------------------------------------------    -------------------

                         (clock clk_pl_0 rise edge)
                                                      0.000     0.000 r  
    PS8_X0Y0             PS8                          0.000     0.000 r  design_1_i/zynq_ultra_ps_e_0/inst/PS8_i/PLCLK[0]
                         net (fo=1, routed)           0.164     0.164    design_1_i/zynq_ultra_ps_e_0/inst/pl_clk_unbuffered[0]
    BUFG_PS_X0Y80        BUFG_PS (Prop_BUFG_PS_I_O)
                                                      0.023     0.187 r  design_1_i/zynq_ultra_ps_e_0/inst/buffer_pl_clk_0.PL_CLK_0_BUFG/O
    X1Y1 (CLOCK_ROOT)    net (fo=10070, routed)       1.745     1.932    design_1_i/denoiser_top_0/inst/grp_inference_fu_131/ap_clk
    SLICE_X23Y93         FDRE                                         r  design_1_i/denoiser_top_0/inst/grp_inference_fu_131/trunc_ln813_1_reg_2740_reg[41]/C





