INFO-FLOW: Workspace C:/Nam_3_HK2_2025_2026/Do_an_1/c_inter_to_hls/denoiser/solution1 opened at Tue Jun 30 22:15:27 +0700 2026
Execute     ap_set_clock -name default -period 10 -default=false 
INFO: [SYN 201-201] Setting up clock 'default' with a period of 10ns.
Execute     set_part xck26-sfvc784-2LV-c 
Execute       create_platform xck26-sfvc784-2LV-c -board  
DBG:HLSDevice: Trying to load device library: C:/Xilinx/Vitis_HLS/2022.2\lib\win64.o\xv_hlsvwrap.dll
DBG:HLSDevice: first parts/arch.xml in RDI_DATADIR: C:/Xilinx/Vivado/2022.2/data/parts/arch.xml
DBG:HLSDevice: init success
INFO: [HLS 200-1611] Setting target device to 'xck26-sfvc784-2LV-c'
Command       create_platform done; 1.335 sec.
Execute       source C:/Xilinx/Vitis_HLS/2022.2/common/technology/xilinx/common/xilinx.gen 
Execute         source C:/Xilinx/Vitis_HLS/2022.2/common/technology/xilinx/interface/plb46.gen 
Execute         source C:/Xilinx/Vitis_HLS/2022.2/common/technology/xilinx/interface/axi4.gen 
Execute         source C:/Xilinx/Vitis_HLS/2022.2/common/technology/xilinx/interface/nativeAXI4.gen 
Execute           source C:/Xilinx/Vitis_HLS/2022.2/common/technology/xilinx/interface/saxilite.gen 
Execute         source C:/Xilinx/Vitis_HLS/2022.2/common/technology/xilinx/scripts/xilinxcoregen.gen 
Execute         source C:/Xilinx/Vitis_HLS/2022.2/common/technology/xilinx/interface/XilEDKCoreGen.gen 
Execute         source C:/Xilinx/Vitis_HLS/2022.2/common/technology/xilinx/ip/dds_compiler.gen 
Execute         source C:/Xilinx/Vitis_HLS/2022.2/common/technology/xilinx/ip/util.gen 
Execute         source C:/Xilinx/Vitis_HLS/2022.2/common/technology/xilinx/ip/xfft.gen 
Execute         source C:/Xilinx/Vitis_HLS/2022.2/common/technology/xilinx/ip/xfir.gen 
Execute         source C:/Xilinx/Vitis_HLS/2022.2/common/technology/xilinx/DSP48/dsp48.gen 
Command       ap_source done; 0.104 sec.
Execute       ap_part_info -name xck26-sfvc784-2LV-c -data info 
Execute       config_compile -quiet -complex-mul-dsp=0 
Command     set_part done; 1.465 sec.
Execute     send_msg_by_id INFO @200-1505@%s%s  vivado 
INFO: [HLS 200-1505] Using flow_target 'vivado'
Execute     send_msg_by_id INFO @200-1464@%s config_export -format=ip_catalog 
INFO: [HLS 200-1464] Running solution command: config_export -format=ip_catalog
Execute     config_export -format=ip_catalog 
Execute     send_msg_by_id INFO @200-1464@%s config_export -rtl=verilog 
INFO: [HLS 200-1464] Running solution command: config_export -rtl=verilog
Execute     config_export -rtl=verilog 
Command   open_solution done; 1.565 sec.
Execute   set_part xck26-sfvc784-2LV-c 
INFO: [HLS 200-1510] Running: set_part xck26-sfvc784-2LV-c 
Execute     create_platform xck26-sfvc784-2LV-c -board  
Execute     source C:/Xilinx/Vitis_HLS/2022.2/common/technology/xilinx/common/xilinx.gen 
Execute       source C:/Xilinx/Vitis_HLS/2022.2/common/technology/xilinx/interface/plb46.gen 
Execute       source C:/Xilinx/Vitis_HLS/2022.2/common/technology/xilinx/interface/axi4.gen 
Execute       source C:/Xilinx/Vitis_HLS/2022.2/common/technology/xilinx/interface/nativeAXI4.gen 
Execute         source C:/Xilinx/Vitis_HLS/2022.2/common/technology/xilinx/interface/saxilite.gen 
Execute       source C:/Xilinx/Vitis_HLS/2022.2/common/technology/xilinx/scripts/xilinxcoregen.gen 
Execute       source C:/Xilinx/Vitis_HLS/2022.2/common/technology/xilinx/interface/XilEDKCoreGen.gen 
Execute       source C:/Xilinx/Vitis_HLS/2022.2/common/technology/xilinx/ip/dds_compiler.gen 
Execute       source C:/Xilinx/Vitis_HLS/2022.2/common/technology/xilinx/ip/util.gen 
Execute       source C:/Xilinx/Vitis_HLS/2022.2/common/technology/xilinx/ip/xfft.gen 
Execute       source C:/Xilinx/Vitis_HLS/2022.2/common/technology/xilinx/ip/xfir.gen 
Execute       source C:/Xilinx/Vitis_HLS/2022.2/common/technology/xilinx/DSP48/dsp48.gen 
Execute     ap_part_info -name xck26-sfvc784-2LV-c -data info 
Execute     config_compile -quiet -complex-mul-dsp=0 
Command   set_part done; 0.132 sec.
Execute   create_clock -period 10 -name default 
INFO: [HLS 200-1510] Running: create_clock -period 10 -name default 
Execute   config_export -format ip_catalog -rtl verilog 
INFO: [HLS 200-1510] Running: config_export -format ip_catalog -rtl verilog 
Execute   source ./denoiser/solution1/directives.tcl 
INFO: [HLS 200-1510] Running: source ./denoiser/solution1/directives.tcl
Execute     set_directive_top -name denoiser_top denoiser_top 
INFO: [HLS 200-1510] Running: set_directive_top -name denoiser_top denoiser_top 
Execute   csynth_design 
INFO: [HLS 200-1510] Running: csynth_design 
Execute     elaborate -effort=medium -skip_syncheck=0 -keep_printf=0 -skip_cdt=0 -skip_transform=0 -ng=0 -g=0 -opt_fp=0 -from_csynth_design=1 
INFO: [HLS 200-111] Finished File checks and directory preparation: CPU user time: 0 seconds. CPU system time: 0 seconds. Elapsed time: 10.098 seconds; current allocated memory: 110.219 MB.
INFO: [HLS 200-10] Analyzing design file '../denoiser_c_to_hls/top.cpp' ... 
INFO-FLOW: Compiling one TU...
INFO-FLOW: Handling ../denoiser_c_to_hls/top.cpp as C++
Execute       ap_part_info -name xck26-sfvc784-2LV-c -data info 
INFO-FLOW: Running: GCC PP 39
INFO-FLOW: Source preprocessing
Execute       ap_eval exec -ignorestderr C:/Xilinx/Vitis_HLS/2022.2/win64/tools/clang-3.9-csynth/bin/clang ../denoiser_c_to_hls/top.cpp -foptimization-record-file=C:/Nam_3_HK2_2025_2026/Do_an_1/c_inter_to_hls/denoiser/solution1/.autopilot/db/top.cpp.clang.diag.yml -mllvm -pass-remarks-missed=reflow|pasta|unroll -mllvm -pass-remarks=reflow|pasta|unroll|inline -fno-limit-debug-info --sysroot C:/Xilinx/Vitis_HLS/2022.2/tps/mingw/8.3.0/win64.o/nt -fhls -fno-exceptions -E -fno-math-errno -c -emit-llvm -mllvm -disable-llvm-optzns -Werror=implicit-function-declaration -Werror=implicit-hls-streams -Werror=return-type -Wpragmas -Wunused-parameter -Wdump-hls-pragmas -Wno-error=dump-hls-pragmas -fno-threadsafe-statics -fno-use-cxa-atexit -std=gnu++14 -target fpga64-xilinx-mingw32 -fno-threadsafe-statics -fno-use-cxa-atexit -D__VITIS_HLS__ -DAESL_SYN -D__SYNTHESIS__ -D__HLS_SYN__ -I C:/Xilinx/Vitis_HLS/2022.2/common/technology/autopilot -I C:/Xilinx/Vitis_HLS/2022.2/common/technology/autopilot/ap_sysc -include etc/autopilot_ssdm_op.h -D__DSP48E2__ -I /usr/include/x86_64-linux-gnu -o C:/Nam_3_HK2_2025_2026/Do_an_1/c_inter_to_hls/denoiser/solution1/.autopilot/db/top.pp.0.cpp {-hls-platform-db-name=C:/Xilinx/Vitis_HLS/2022.2/common/technology\xilinx/common/platform.db} -hls-platform-name=zynquplus_medium -device-resource-info=BRAM_288.000000_DSP_1248.000000_FF_234240.000000_LUT_117120.000000_SLICE_14640.000000_URAM_64.000000 -device-name-info=xck26-sfvc784-2LV-c > C:/Nam_3_HK2_2025_2026/Do_an_1/c_inter_to_hls/denoiser/solution1/.autopilot/db/top.cpp.clang.out.log 2> C:/Nam_3_HK2_2025_2026/Do_an_1/c_inter_to_hls/denoiser/solution1/.autopilot/db/top.cpp.clang.err.log 
Command       ap_eval done; 0.476 sec.
INFO-FLOW: Done: GCC PP 39 time: 0.5 seconds per iteration
Execute       set_directive_top denoiser_top -name=denoiser_top 
Execute       source C:/Xilinx/Vitis_HLS/2022.2/tps/tcl/tcllib1.11.1/yaml/huddle.tcl 
Execute       source C:/Xilinx/Vitis_HLS/2022.2/tps/tcl/tcllib1.11.1/yaml/json2huddle.tcl 
INFO-FLOW: Source syntax check for synthesis
Execute       ap_eval exec -ignorestderr C:/Xilinx/Vitis_HLS/2022.2/win64/tools/clang-3.9-csynth/bin/clang -foptimization-record-file=C:/Nam_3_HK2_2025_2026/Do_an_1/c_inter_to_hls/denoiser/solution1/.autopilot/db/clang.diag.yml -mllvm -pass-remarks-missed=reflow|pasta|unroll -mllvm -pass-remarks=reflow|pasta|unroll|inline -fsyntax-only -fhls -target fpga64-xilinx-linux-gnu C:/Nam_3_HK2_2025_2026/Do_an_1/c_inter_to_hls/denoiser/solution1/.autopilot/db/top.pp.0.cpp {-hls-platform-db-name=C:/Xilinx/Vitis_HLS/2022.2/common/technology\xilinx/common/platform.db} -hls-platform-name=zynquplus_medium -device-resource-info=BRAM_288.000000_DSP_1248.000000_FF_234240.000000_LUT_117120.000000_SLICE_14640.000000_URAM_64.000000 -device-name-info=xck26-sfvc784-2LV-c > C:/Nam_3_HK2_2025_2026/Do_an_1/c_inter_to_hls/denoiser/solution1/.autopilot/db/clang.out.log 2> C:/Nam_3_HK2_2025_2026/Do_an_1/c_inter_to_hls/denoiser/solution1/.autopilot/db/clang.err.log 
Command       ap_eval done; 4.468 sec.
Execute       clang_tidy xilinx-systemc-detector -desc systemc-detector C:/Nam_3_HK2_2025_2026/Do_an_1/c_inter_to_hls/denoiser/solution1/.autopilot/db/top.pp.0.cpp std=gnu++14 -target fpga  -directive=C:/Nam_3_HK2_2025_2026/Do_an_1/c_inter_to_hls/denoiser/solution1/.autopilot/db/.systemc_flag 
INFO-FLOW: exec C:/Xilinx/Vitis_HLS/2022.2/win64/tools/clang-3.9-csynth/bin/clang-tidy -header-filter=.* --checks=-*,xilinx-systemc-detector -import-directive=C:/Nam_3_HK2_2025_2026/Do_an_1/c_inter_to_hls/denoiser/solution1/.autopilot/db/.systemc_flag -fix-errors C:/Nam_3_HK2_2025_2026/Do_an_1/c_inter_to_hls/denoiser/solution1/.autopilot/db/top.pp.0.cpp -- -std=gnu++14 -target fpga -fhls -ferror-limit=0
Command       clang_tidy done; 4.583 sec.
INFO-FLOW: Running: clang-tidy CDT preprocess 39
Execute       clang_tidy xilinx-directive2pragma -desc directive2pragma C:/Nam_3_HK2_2025_2026/Do_an_1/c_inter_to_hls/denoiser/solution1/.autopilot/db/top.pp.0.cpp std=gnu++14 -target fpga  -directive=C:/Nam_3_HK2_2025_2026/Do_an_1/c_inter_to_hls/denoiser/solution1/.autopilot/db/all.directive.json 
INFO-FLOW: exec C:/Xilinx/Vitis_HLS/2022.2/win64/tools/clang-3.9-csynth/bin/clang-tidy -header-filter=.* --checks=-*,xilinx-directive2pragma -import-directive=C:/Nam_3_HK2_2025_2026/Do_an_1/c_inter_to_hls/denoiser/solution1/.autopilot/db/all.directive.json -fix-errors C:/Nam_3_HK2_2025_2026/Do_an_1/c_inter_to_hls/denoiser/solution1/.autopilot/db/top.pp.0.cpp -- -std=gnu++14 -target fpga -fhls -ferror-limit=0
Command       clang_tidy done; 5.084 sec.
Execute       clang_tidy xilinx-remove-assert -desc remove-assert C:/Nam_3_HK2_2025_2026/Do_an_1/c_inter_to_hls/denoiser/solution1/.autopilot/db/top.pp.0.cpp std=gnu++14 -target fpga  
INFO-FLOW: exec C:/Xilinx/Vitis_HLS/2022.2/win64/tools/clang-3.9-csynth/bin/clang-tidy -header-filter=.* --checks=-*,xilinx-remove-assert -fix-errors C:/Nam_3_HK2_2025_2026/Do_an_1/c_inter_to_hls/denoiser/solution1/.autopilot/db/top.pp.0.cpp -- -std=gnu++14 -target fpga -fhls -ferror-limit=0
Command       clang_tidy done; 4.922 sec.
INFO-FLOW: Done: clang-tidy CDT preprocess 39 time: 10 seconds per iteration
INFO-FLOW: Calling xilinx-label-all-loops ... 
INFO-FLOW: Calling xilinx-aggregate-on-hls-vector ... 
Execute       clang_tidy -errorcheck -desc loop-label xilinx-label-all-loops,xilinx-aggregate-on-hls-vector,,xilinx-warn-mayneed-no-ctor-attribute C:/Nam_3_HK2_2025_2026/Do_an_1/c_inter_to_hls/denoiser/solution1/.autopilot/db/top.pp.0.cpp std=gnu++14 -target fpga  
Execute         ap_eval exec -ignorestderr C:/Xilinx/Vitis_HLS/2022.2/win64/tools/clang-3.9-csynth/bin/clang-tidy -export-fixes=C:/Nam_3_HK2_2025_2026/Do_an_1/c_inter_to_hls/denoiser/solution1/.autopilot/db/top.pp.0.cpp.clang-tidy.loop-label.diag.yml -header-filter=.* --checks=-*,xilinx-label-all-loops,xilinx-aggregate-on-hls-vector,,xilinx-warn-mayneed-no-ctor-attribute -fix-errors C:/Nam_3_HK2_2025_2026/Do_an_1/c_inter_to_hls/denoiser/solution1/.autopilot/db/top.pp.0.cpp -- -std=gnu++14 -target fpga -fhls -ferror-limit=0 > C:/Nam_3_HK2_2025_2026/Do_an_1/c_inter_to_hls/denoiser/solution1/.autopilot/db/top.pp.0.cpp.clang-tidy.loop-label.out.log 2> C:/Nam_3_HK2_2025_2026/Do_an_1/c_inter_to_hls/denoiser/solution1/.autopilot/db/top.pp.0.cpp.clang-tidy.loop-label.err.log 
Command         ap_eval done; 9.047 sec.
Execute         source C:/Xilinx/Vitis_HLS/2022.2/tps/tcl/tcllib1.11.1/yaml/yaml.tcl 
Command       clang_tidy done; 9.594 sec.
Execute       ap_eval exec -ignorestderr C:/Xilinx/Vitis_HLS/2022.2/win64/tools/clang-3.9-csynth/bin/xilinx-dataflow-lawyer -export-fixes=C:/Nam_3_HK2_2025_2026/Do_an_1/c_inter_to_hls/denoiser/solution1/.autopilot/db/top.pp.0.cpp.xilinx-dataflow-lawyer.diag.yml C:/Nam_3_HK2_2025_2026/Do_an_1/c_inter_to_hls/denoiser/solution1/.autopilot/db/top.pp.0.cpp -- -std=gnu++14 -target fpga -fhls -ferror-limit=0 -fstrict-dataflow > C:/Nam_3_HK2_2025_2026/Do_an_1/c_inter_to_hls/denoiser/solution1/.autopilot/db/top.pp.0.cpp.xilinx-dataflow-lawyer.out.log 2> C:/Nam_3_HK2_2025_2026/Do_an_1/c_inter_to_hls/denoiser/solution1/.autopilot/db/top.pp.0.cpp.xilinx-dataflow-lawyer.err.log 
Command       ap_eval done; 3.967 sec.
Execute       ap_part_info -name xck26-sfvc784-2LV-c -data info 
INFO-FLOW: compiling source code to llvm bc
Execute       ap_eval exec -ignorestderr C:/Xilinx/Vitis_HLS/2022.2/win64/tools/clang-3.9-csynth/bin/clang -foptimization-record-file=C:/Nam_3_HK2_2025_2026/Do_an_1/c_inter_to_hls/denoiser/solution1/.autopilot/db/top.pp.0.cpp.clang.diag.yml -mllvm -pass-remarks-missed=reflow|pasta|unroll -mllvm -pass-remarks=reflow|pasta|unroll|inline -fno-limit-debug-info -fhls -flto -fno-exceptions -Wno-error=c++11-narrowing C:/Nam_3_HK2_2025_2026/Do_an_1/c_inter_to_hls/denoiser/solution1/.autopilot/db/top.pp.0.cpp -fno-math-errno -c -emit-llvm -mllvm -disable-llvm-optzns -Werror=implicit-function-declaration -Werror=implicit-hls-streams -Werror=return-type -Wpragmas -Wunused-parameter -Wdump-hls-pragmas -Wno-error=dump-hls-pragmas -fno-threadsafe-statics -fno-use-cxa-atexit -std=gnu++14 -target fpga64-xilinx-linux-gnu -D__VITIS_HLS__ -DAESL_SYN -D__SYNTHESIS__ -D__HLS_SYN__ -I C:/Xilinx/Vitis_HLS/2022.2/common/technology/autopilot -I C:/Xilinx/Vitis_HLS/2022.2/common/technology/autopilot/ap_sysc -include etc/autopilot_ssdm_op.h -D__DSP48E2__ -g -o C:/Nam_3_HK2_2025_2026/Do_an_1/c_inter_to_hls/denoiser/solution1/.autopilot/db/top.bc {-hls-platform-db-name=C:/Xilinx/Vitis_HLS/2022.2/common/technology\xilinx/common/platform.db} -hls-platform-name=zynquplus_medium -device-resource-info=BRAM_288.000000_DSP_1248.000000_FF_234240.000000_LUT_117120.000000_SLICE_14640.000000_URAM_64.000000 -device-name-info=xck26-sfvc784-2LV-c > C:/Nam_3_HK2_2025_2026/Do_an_1/c_inter_to_hls/denoiser/solution1/.autopilot/db/top.pp.0.cpp.clang.out.log 2> C:/Nam_3_HK2_2025_2026/Do_an_1/c_inter_to_hls/denoiser/solution1/.autopilot/db/top.pp.0.cpp.clang.err.log 
Command       ap_eval done; 4.341 sec.
INFO: [HLS 200-10] Analyzing design file '../denoiser_c_to_hls/denoiser.cpp' ... 
INFO-FLOW: Compiling one TU...
INFO-FLOW: Handling ../denoiser_c_to_hls/denoiser.cpp as C++
Execute       ap_part_info -name xck26-sfvc784-2LV-c -data info 
INFO-FLOW: Running: GCC PP 39
INFO-FLOW: Source preprocessing
Execute       ap_eval exec -ignorestderr C:/Xilinx/Vitis_HLS/2022.2/win64/tools/clang-3.9-csynth/bin/clang ../denoiser_c_to_hls/denoiser.cpp -foptimization-record-file=C:/Nam_3_HK2_2025_2026/Do_an_1/c_inter_to_hls/denoiser/solution1/.autopilot/db/denoiser.cpp.clang.diag.yml -mllvm -pass-remarks-missed=reflow|pasta|unroll -mllvm -pass-remarks=reflow|pasta|unroll|inline -fno-limit-debug-info --sysroot C:/Xilinx/Vitis_HLS/2022.2/tps/mingw/8.3.0/win64.o/nt -fhls -fno-exceptions -E -fno-math-errno -c -emit-llvm -mllvm -disable-llvm-optzns -Werror=implicit-function-declaration -Werror=implicit-hls-streams -Werror=return-type -Wpragmas -Wunused-parameter -Wdump-hls-pragmas -Wno-error=dump-hls-pragmas -fno-threadsafe-statics -fno-use-cxa-atexit -std=gnu++14 -target fpga64-xilinx-mingw32 -fno-threadsafe-statics -fno-use-cxa-atexit -D__VITIS_HLS__ -DAESL_SYN -D__SYNTHESIS__ -D__HLS_SYN__ -I C:/Xilinx/Vitis_HLS/2022.2/common/technology/autopilot -I C:/Xilinx/Vitis_HLS/2022.2/common/technology/autopilot/ap_sysc -include etc/autopilot_ssdm_op.h -D__DSP48E2__ -I /usr/include/x86_64-linux-gnu -o C:/Nam_3_HK2_2025_2026/Do_an_1/c_inter_to_hls/denoiser/solution1/.autopilot/db/denoiser.pp.0.cpp {-hls-platform-db-name=C:/Xilinx/Vitis_HLS/2022.2/common/technology\xilinx/common/platform.db} -hls-platform-name=zynquplus_medium -device-resource-info=BRAM_288.000000_DSP_1248.000000_FF_234240.000000_LUT_117120.000000_SLICE_14640.000000_URAM_64.000000 -device-name-info=xck26-sfvc784-2LV-c > C:/Nam_3_HK2_2025_2026/Do_an_1/c_inter_to_hls/denoiser/solution1/.autopilot/db/denoiser.cpp.clang.out.log 2> C:/Nam_3_HK2_2025_2026/Do_an_1/c_inter_to_hls/denoiser/solution1/.autopilot/db/denoiser.cpp.clang.err.log 
Command       ap_eval done; 0.306 sec.
INFO-FLOW: Done: GCC PP 39 time: 0.3 seconds per iteration
Execute       set_directive_top denoiser_top -name=denoiser_top 
INFO-FLOW: Source syntax check for synthesis
Execute       ap_eval exec -ignorestderr C:/Xilinx/Vitis_HLS/2022.2/win64/tools/clang-3.9-csynth/bin/clang -foptimization-record-file=C:/Nam_3_HK2_2025_2026/Do_an_1/c_inter_to_hls/denoiser/solution1/.autopilot/db/clang.diag.yml -mllvm -pass-remarks-missed=reflow|pasta|unroll -mllvm -pass-remarks=reflow|pasta|unroll|inline -fsyntax-only -fhls -target fpga64-xilinx-linux-gnu C:/Nam_3_HK2_2025_2026/Do_an_1/c_inter_to_hls/denoiser/solution1/.autopilot/db/denoiser.pp.0.cpp {-hls-platform-db-name=C:/Xilinx/Vitis_HLS/2022.2/common/technology\xilinx/common/platform.db} -hls-platform-name=zynquplus_medium -device-resource-info=BRAM_288.000000_DSP_1248.000000_FF_234240.000000_LUT_117120.000000_SLICE_14640.000000_URAM_64.000000 -device-name-info=xck26-sfvc784-2LV-c > C:/Nam_3_HK2_2025_2026/Do_an_1/c_inter_to_hls/denoiser/solution1/.autopilot/db/clang.out.log 2> C:/Nam_3_HK2_2025_2026/Do_an_1/c_inter_to_hls/denoiser/solution1/.autopilot/db/clang.err.log 
Command       ap_eval done; 5.01 sec.
Execute       clang_tidy xilinx-systemc-detector -desc systemc-detector C:/Nam_3_HK2_2025_2026/Do_an_1/c_inter_to_hls/denoiser/solution1/.autopilot/db/denoiser.pp.0.cpp std=gnu++14 -target fpga  -directive=C:/Nam_3_HK2_2025_2026/Do_an_1/c_inter_to_hls/denoiser/solution1/.autopilot/db/.systemc_flag 
INFO-FLOW: exec C:/Xilinx/Vitis_HLS/2022.2/win64/tools/clang-3.9-csynth/bin/clang-tidy -header-filter=.* --checks=-*,xilinx-systemc-detector -import-directive=C:/Nam_3_HK2_2025_2026/Do_an_1/c_inter_to_hls/denoiser/solution1/.autopilot/db/.systemc_flag -fix-errors C:/Nam_3_HK2_2025_2026/Do_an_1/c_inter_to_hls/denoiser/solution1/.autopilot/db/denoiser.pp.0.cpp -- -std=gnu++14 -target fpga -fhls -ferror-limit=0
Command       clang_tidy done; 4.891 sec.
INFO-FLOW: Running: clang-tidy CDT preprocess 39
Execute       clang_tidy xilinx-directive2pragma -desc directive2pragma C:/Nam_3_HK2_2025_2026/Do_an_1/c_inter_to_hls/denoiser/solution1/.autopilot/db/denoiser.pp.0.cpp std=gnu++14 -target fpga  -directive=C:/Nam_3_HK2_2025_2026/Do_an_1/c_inter_to_hls/denoiser/solution1/.autopilot/db/all.directive.json 
INFO-FLOW: exec C:/Xilinx/Vitis_HLS/2022.2/win64/tools/clang-3.9-csynth/bin/clang-tidy -header-filter=.* --checks=-*,xilinx-directive2pragma -import-directive=C:/Nam_3_HK2_2025_2026/Do_an_1/c_inter_to_hls/denoiser/solution1/.autopilot/db/all.directive.json -fix-errors C:/Nam_3_HK2_2025_2026/Do_an_1/c_inter_to_hls/denoiser/solution1/.autopilot/db/denoiser.pp.0.cpp -- -std=gnu++14 -target fpga -fhls -ferror-limit=0
Command       clang_tidy done; 4.944 sec.
Execute       clang_tidy xilinx-remove-assert -desc remove-assert C:/Nam_3_HK2_2025_2026/Do_an_1/c_inter_to_hls/denoiser/solution1/.autopilot/db/denoiser.pp.0.cpp std=gnu++14 -target fpga  
INFO-FLOW: exec C:/Xilinx/Vitis_HLS/2022.2/win64/tools/clang-3.9-csynth/bin/clang-tidy -header-filter=.* --checks=-*,xilinx-remove-assert -fix-errors C:/Nam_3_HK2_2025_2026/Do_an_1/c_inter_to_hls/denoiser/solution1/.autopilot/db/denoiser.pp.0.cpp -- -std=gnu++14 -target fpga -fhls -ferror-limit=0
Command       clang_tidy done; 4.682 sec.
INFO-FLOW: Done: clang-tidy CDT preprocess 39 time: 9.6 seconds per iteration
INFO-FLOW: Calling xilinx-label-all-loops ... 
INFO-FLOW: Calling xilinx-aggregate-on-hls-vector ... 
Execute       clang_tidy -errorcheck -desc loop-label xilinx-label-all-loops,xilinx-aggregate-on-hls-vector,,xilinx-warn-mayneed-no-ctor-attribute C:/Nam_3_HK2_2025_2026/Do_an_1/c_inter_to_hls/denoiser/solution1/.autopilot/db/denoiser.pp.0.cpp std=gnu++14 -target fpga  
Execute         ap_eval exec -ignorestderr C:/Xilinx/Vitis_HLS/2022.2/win64/tools/clang-3.9-csynth/bin/clang-tidy -export-fixes=C:/Nam_3_HK2_2025_2026/Do_an_1/c_inter_to_hls/denoiser/solution1/.autopilot/db/denoiser.pp.0.cpp.clang-tidy.loop-label.diag.yml -header-filter=.* --checks=-*,xilinx-label-all-loops,xilinx-aggregate-on-hls-vector,,xilinx-warn-mayneed-no-ctor-attribute -fix-errors C:/Nam_3_HK2_2025_2026/Do_an_1/c_inter_to_hls/denoiser/solution1/.autopilot/db/denoiser.pp.0.cpp -- -std=gnu++14 -target fpga -fhls -ferror-limit=0 > C:/Nam_3_HK2_2025_2026/Do_an_1/c_inter_to_hls/denoiser/solution1/.autopilot/db/denoiser.pp.0.cpp.clang-tidy.loop-label.out.log 2> C:/Nam_3_HK2_2025_2026/Do_an_1/c_inter_to_hls/denoiser/solution1/.autopilot/db/denoiser.pp.0.cpp.clang-tidy.loop-label.err.log 
Command         ap_eval done; 8.552 sec.
Command       clang_tidy done; 9.062 sec.
Execute       ap_eval exec -ignorestderr C:/Xilinx/Vitis_HLS/2022.2/win64/tools/clang-3.9-csynth/bin/xilinx-dataflow-lawyer -export-fixes=C:/Nam_3_HK2_2025_2026/Do_an_1/c_inter_to_hls/denoiser/solution1/.autopilot/db/denoiser.pp.0.cpp.xilinx-dataflow-lawyer.diag.yml C:/Nam_3_HK2_2025_2026/Do_an_1/c_inter_to_hls/denoiser/solution1/.autopilot/db/denoiser.pp.0.cpp -- -std=gnu++14 -target fpga -fhls -ferror-limit=0 -fstrict-dataflow > C:/Nam_3_HK2_2025_2026/Do_an_1/c_inter_to_hls/denoiser/solution1/.autopilot/db/denoiser.pp.0.cpp.xilinx-dataflow-lawyer.out.log 2> C:/Nam_3_HK2_2025_2026/Do_an_1/c_inter_to_hls/denoiser/solution1/.autopilot/db/denoiser.pp.0.cpp.xilinx-dataflow-lawyer.err.log 
Command       ap_eval done; 4.837 sec.
Execute       ap_part_info -name xck26-sfvc784-2LV-c -data info 
INFO-FLOW: compiling source code to llvm bc
Execute       ap_eval exec -ignorestderr C:/Xilinx/Vitis_HLS/2022.2/win64/tools/clang-3.9-csynth/bin/clang -foptimization-record-file=C:/Nam_3_HK2_2025_2026/Do_an_1/c_inter_to_hls/denoiser/solution1/.autopilot/db/denoiser.pp.0.cpp.clang.diag.yml -mllvm -pass-remarks-missed=reflow|pasta|unroll -mllvm -pass-remarks=reflow|pasta|unroll|inline -fno-limit-debug-info -fhls -flto -fno-exceptions -Wno-error=c++11-narrowing C:/Nam_3_HK2_2025_2026/Do_an_1/c_inter_to_hls/denoiser/solution1/.autopilot/db/denoiser.pp.0.cpp -fno-math-errno -c -emit-llvm -mllvm -disable-llvm-optzns -Werror=implicit-function-declaration -Werror=implicit-hls-streams -Werror=return-type -Wpragmas -Wunused-parameter -Wdump-hls-pragmas -Wno-error=dump-hls-pragmas -fno-threadsafe-statics -fno-use-cxa-atexit -std=gnu++14 -target fpga64-xilinx-linux-gnu -D__VITIS_HLS__ -DAESL_SYN -D__SYNTHESIS__ -D__HLS_SYN__ -I C:/Xilinx/Vitis_HLS/2022.2/common/technology/autopilot -I C:/Xilinx/Vitis_HLS/2022.2/common/technology/autopilot/ap_sysc -include etc/autopilot_ssdm_op.h -D__DSP48E2__ -g -o C:/Nam_3_HK2_2025_2026/Do_an_1/c_inter_to_hls/denoiser/solution1/.autopilot/db/denoiser.bc {-hls-platform-db-name=C:/Xilinx/Vitis_HLS/2022.2/common/technology\xilinx/common/platform.db} -hls-platform-name=zynquplus_medium -device-resource-info=BRAM_288.000000_DSP_1248.000000_FF_234240.000000_LUT_117120.000000_SLICE_14640.000000_URAM_64.000000 -device-name-info=xck26-sfvc784-2LV-c > C:/Nam_3_HK2_2025_2026/Do_an_1/c_inter_to_hls/denoiser/solution1/.autopilot/db/denoiser.pp.0.cpp.clang.out.log 2> C:/Nam_3_HK2_2025_2026/Do_an_1/c_inter_to_hls/denoiser/solution1/.autopilot/db/denoiser.pp.0.cpp.clang.err.log 
Command       ap_eval done; 5.46 sec.
INFO: [HLS 200-111] Finished Source Code Analysis and Preprocessing: CPU user time: 2 seconds. CPU system time: 0 seconds. Elapsed time: 77.313 seconds; current allocated memory: 110.602 MB.
INFO-FLOW: Linking Debug ...
INFO-FLOW: Linking dut bc code.
Execute       run_link_or_opt -out C:/Nam_3_HK2_2025_2026/Do_an_1/c_inter_to_hls/denoiser/solution1/.autopilot/db/a.g.ld.0.bc -args  "C:/Nam_3_HK2_2025_2026/Do_an_1/c_inter_to_hls/denoiser/solution1/.autopilot/db/top.g.bc" "C:/Nam_3_HK2_2025_2026/Do_an_1/c_inter_to_hls/denoiser/solution1/.autopilot/db/denoiser.g.bc"  
Execute         ap_eval exec -ignorestderr C:/Xilinx/Vitis_HLS/2022.2/win64/tools/clang-3.9-csynth/bin/llvm-link C:/Nam_3_HK2_2025_2026/Do_an_1/c_inter_to_hls/denoiser/solution1/.autopilot/db/top.g.bc C:/Nam_3_HK2_2025_2026/Do_an_1/c_inter_to_hls/denoiser/solution1/.autopilot/db/denoiser.g.bc -o C:/Nam_3_HK2_2025_2026/Do_an_1/c_inter_to_hls/denoiser/solution1/.autopilot/db/a.g.ld.0.bc > C:/Nam_3_HK2_2025_2026/Do_an_1/c_inter_to_hls/denoiser/solution1/.autopilot/db/a.g.ld.0.bc.llvm-link.out.log 2> C:/Nam_3_HK2_2025_2026/Do_an_1/c_inter_to_hls/denoiser/solution1/.autopilot/db/a.g.ld.0.bc.llvm-link.err.log 
Command         ap_eval done; 0.319 sec.
INFO-FLOW: 
Command       run_link_or_opt done; 0.321 sec.
Execute       run_link_or_opt -opt -out C:/Nam_3_HK2_2025_2026/Do_an_1/c_inter_to_hls/denoiser/solution1/.autopilot/db/a.g.ld.1.lower.bc -args C:/Nam_3_HK2_2025_2026/Do_an_1/c_inter_to_hls/denoiser/solution1/.autopilot/db/a.g.ld.0.bc -reflow-lower-math-intrinsics 
Execute         ap_eval exec -ignorestderr C:/Xilinx/Vitis_HLS/2022.2/win64/tools/clang-3.9-csynth/bin/opt -pass-remarks-missed=reflow|pasta|unroll -pass-remarks=reflow|pasta|unroll|inline -pass-remarks-output=C:/Nam_3_HK2_2025_2026/Do_an_1/c_inter_to_hls/denoiser/solution1/.autopilot/db/a.g.ld.1.lower.bc.opt.diag.yml C:/Nam_3_HK2_2025_2026/Do_an_1/c_inter_to_hls/denoiser/solution1/.autopilot/db/a.g.ld.0.bc -reflow-lower-math-intrinsics -o C:/Nam_3_HK2_2025_2026/Do_an_1/c_inter_to_hls/denoiser/solution1/.autopilot/db/a.g.ld.1.lower.bc > C:/Nam_3_HK2_2025_2026/Do_an_1/c_inter_to_hls/denoiser/solution1/.autopilot/db/a.g.ld.1.lower.bc.opt.out.log 2> C:/Nam_3_HK2_2025_2026/Do_an_1/c_inter_to_hls/denoiser/solution1/.autopilot/db/a.g.ld.1.lower.bc.opt.err.log 
Command         ap_eval done; 0.326 sec.
INFO-FLOW: 
Command       run_link_or_opt done; 0.33 sec.
INFO-FLOW: Linking math bc lib
Execute       run_link_or_opt -out C:/Nam_3_HK2_2025_2026/Do_an_1/c_inter_to_hls/denoiser/solution1/.autopilot/db/a.g.ld.2.m1.bc -args C:/Nam_3_HK2_2025_2026/Do_an_1/c_inter_to_hls/denoiser/solution1/.autopilot/db/a.g.ld.1.lower.bc -only-needed C:/Xilinx/Vitis_HLS/2022.2/win64/lib/libhlsm_39.bc C:/Xilinx/Vitis_HLS/2022.2/win64/lib/libhlsmc++_39.bc 
Execute         ap_eval exec -ignorestderr C:/Xilinx/Vitis_HLS/2022.2/win64/tools/clang-3.9-csynth/bin/llvm-link C:/Nam_3_HK2_2025_2026/Do_an_1/c_inter_to_hls/denoiser/solution1/.autopilot/db/a.g.ld.1.lower.bc -only-needed C:/Xilinx/Vitis_HLS/2022.2/win64/lib/libhlsm_39.bc C:/Xilinx/Vitis_HLS/2022.2/win64/lib/libhlsmc++_39.bc -o C:/Nam_3_HK2_2025_2026/Do_an_1/c_inter_to_hls/denoiser/solution1/.autopilot/db/a.g.ld.2.m1.bc > C:/Nam_3_HK2_2025_2026/Do_an_1/c_inter_to_hls/denoiser/solution1/.autopilot/db/a.g.ld.2.m1.bc.llvm-link.out.log 2> C:/Nam_3_HK2_2025_2026/Do_an_1/c_inter_to_hls/denoiser/solution1/.autopilot/db/a.g.ld.2.m1.bc.llvm-link.err.log 
Command         ap_eval done; 2.819 sec.
INFO-FLOW: 
Command       run_link_or_opt done; 2.821 sec.
Execute       run_link_or_opt -opt -out C:/Nam_3_HK2_2025_2026/Do_an_1/c_inter_to_hls/denoiser/solution1/.autopilot/db/a.g.ld.3.fpc.bc -args C:/Nam_3_HK2_2025_2026/Do_an_1/c_inter_to_hls/denoiser/solution1/.autopilot/db/a.g.ld.2.m1.bc -reflow-globaldce -hls-top-function-name=denoiser_top -reflow-float-conversion 
Execute         ap_eval exec -ignorestderr C:/Xilinx/Vitis_HLS/2022.2/win64/tools/clang-3.9-csynth/bin/opt -pass-remarks-missed=reflow|pasta|unroll -pass-remarks=reflow|pasta|unroll|inline -pass-remarks-output=C:/Nam_3_HK2_2025_2026/Do_an_1/c_inter_to_hls/denoiser/solution1/.autopilot/db/a.g.ld.3.fpc.bc.opt.diag.yml C:/Nam_3_HK2_2025_2026/Do_an_1/c_inter_to_hls/denoiser/solution1/.autopilot/db/a.g.ld.2.m1.bc -reflow-globaldce -hls-top-function-name=denoiser_top -reflow-float-conversion -o C:/Nam_3_HK2_2025_2026/Do_an_1/c_inter_to_hls/denoiser/solution1/.autopilot/db/a.g.ld.3.fpc.bc > C:/Nam_3_HK2_2025_2026/Do_an_1/c_inter_to_hls/denoiser/solution1/.autopilot/db/a.g.ld.3.fpc.bc.opt.out.log 2> C:/Nam_3_HK2_2025_2026/Do_an_1/c_inter_to_hls/denoiser/solution1/.autopilot/db/a.g.ld.3.fpc.bc.opt.err.log 
Command         ap_eval done; 1.226 sec.
INFO-FLOW: 
Command       run_link_or_opt done; 1.231 sec.
Execute       run_link_or_opt -out C:/Nam_3_HK2_2025_2026/Do_an_1/c_inter_to_hls/denoiser/solution1/.autopilot/db/a.g.ld.4.m2.bc -args C:/Nam_3_HK2_2025_2026/Do_an_1/c_inter_to_hls/denoiser/solution1/.autopilot/db/a.g.ld.3.fpc.bc -only-needed C:/Xilinx/Vitis_HLS/2022.2/win64/lib/libfloatconversion_39.bc 
Execute         ap_eval exec -ignorestderr C:/Xilinx/Vitis_HLS/2022.2/win64/tools/clang-3.9-csynth/bin/llvm-link C:/Nam_3_HK2_2025_2026/Do_an_1/c_inter_to_hls/denoiser/solution1/.autopilot/db/a.g.ld.3.fpc.bc -only-needed C:/Xilinx/Vitis_HLS/2022.2/win64/lib/libfloatconversion_39.bc -o C:/Nam_3_HK2_2025_2026/Do_an_1/c_inter_to_hls/denoiser/solution1/.autopilot/db/a.g.ld.4.m2.bc > C:/Nam_3_HK2_2025_2026/Do_an_1/c_inter_to_hls/denoiser/solution1/.autopilot/db/a.g.ld.4.m2.bc.llvm-link.out.log 2> C:/Nam_3_HK2_2025_2026/Do_an_1/c_inter_to_hls/denoiser/solution1/.autopilot/db/a.g.ld.4.m2.bc.llvm-link.err.log 
Command         ap_eval done; 0.37 sec.
INFO-FLOW: 
Command       run_link_or_opt done; 0.373 sec.
Execute       run_link_or_opt -opt -out C:/Nam_3_HK2_2025_2026/Do_an_1/c_inter_to_hls/denoiser/solution1/.autopilot/db/a.g.ld.5.gdce.bc -args C:/Nam_3_HK2_2025_2026/Do_an_1/c_inter_to_hls/denoiser/solution1/.autopilot/db/a.g.ld.4.m2.bc -reflow-globaldce -hls-top-function-name=denoiser_top 
Execute         ap_eval exec -ignorestderr C:/Xilinx/Vitis_HLS/2022.2/win64/tools/clang-3.9-csynth/bin/opt -pass-remarks-missed=reflow|pasta|unroll -pass-remarks=reflow|pasta|unroll|inline -pass-remarks-output=C:/Nam_3_HK2_2025_2026/Do_an_1/c_inter_to_hls/denoiser/solution1/.autopilot/db/a.g.ld.5.gdce.bc.opt.diag.yml C:/Nam_3_HK2_2025_2026/Do_an_1/c_inter_to_hls/denoiser/solution1/.autopilot/db/a.g.ld.4.m2.bc -reflow-globaldce -hls-top-function-name=denoiser_top -o C:/Nam_3_HK2_2025_2026/Do_an_1/c_inter_to_hls/denoiser/solution1/.autopilot/db/a.g.ld.5.gdce.bc > C:/Nam_3_HK2_2025_2026/Do_an_1/c_inter_to_hls/denoiser/solution1/.autopilot/db/a.g.ld.5.gdce.bc.opt.out.log 2> C:/Nam_3_HK2_2025_2026/Do_an_1/c_inter_to_hls/denoiser/solution1/.autopilot/db/a.g.ld.5.gdce.bc.opt.err.log 
Command         ap_eval done; 0.376 sec.
INFO-FLOW: 
Command       run_link_or_opt done; 0.38 sec.
Execute       send_msg_by_id INFO @200-777@%s Vivado 
INFO: [HLS 200-777] Using interface defaults for 'Vivado' flow target.
Execute       is_m_axi_addr64 
INFO-FLOW: Doing LTO.
Execute       ap_eval exec -ignorestderr C:/Xilinx/Vitis_HLS/2022.2/win64/tools/clang-3.9-csynth/bin/clang -foptimization-record-file=C:/Nam_3_HK2_2025_2026/Do_an_1/c_inter_to_hls/denoiser/solution1/.autopilot/db/a.g.ld.0.bc.clang.diag.yml -mllvm -pass-remarks-missed=reflow|pasta|unroll -mllvm -pass-remarks=reflow|pasta|unroll|inline -fhls -mllvm -hls-top-function-name=denoiser_top -mllvm -hls-db-dir -mllvm C:/Nam_3_HK2_2025_2026/Do_an_1/c_inter_to_hls/denoiser/solution1/.autopilot/db -emit-llvm -c -target fpga64-xilinx-none -mllvm -xcl-xmlinfo=C:/Nam_3_HK2_2025_2026/Do_an_1/c_inter_to_hls/denoiser/solution1/.autopilot/db/kernel.internal.xml -mllvm -top-io-mapping-info=C:/Nam_3_HK2_2025_2026/Do_an_1/c_inter_to_hls/denoiser/solution1/.autopilot/db/top-io-fe.xml -mllvm -hls-bitcode-version=3.1 -mllvm -reflow-enable-slave-interface-default-setting=true -mllvm -gen-kernel-xml=false -mllvm -default-maxi-offset=slave -mllvm -maxi-latency=0 -mllvm -hls-maxi-data-size-in-bits=8 -mllvm -hls-maxi-max-data-size-in-bits=1024 -mllvm -hls-max-widen-size-in-bits=0 -mllvm -xcl-kernel-max-mem-ports=0 -mllvm -maxi-read-trans=16 -mllvm -maxi-write-trans=16 -mllvm -maxi-read-burst-len=16 -mllvm -maxi-write-burst-len=16 -mllvm -reflow-enable-saxi-64bits=0 -mllvm -reflow-basic-block-instr-threshold=200000 -mllvm -reflow-auto-pipeline-threshold=64 -mllvm -reflow-enable-maxi-auto-id-channel=0 -mllvm -assume-maxi-align=1 -mllvm -reflow-pipeline-style-llvm-setting=2 -mllvm -reflow-enable-dataflow-strict-mode-checking=1 -mllvm -reflow-auto-array-partition-mode=default -mllvm -reflow-enable-auto-array-partition=true -mllvm -reflow-enable-auto-parallel-performance-driven=true -mllvm -reflow-enable-partition-for-automation=true -mllvm -reflow-aggregate-bitwidth-threshold=4096 -mllvm -reflow-assume-no-address-wrap=true -mllvm -hls -mllvm -disable-inlined-alloca-merging=true -mllvm -default-clock-period=10 -x ir C:/Nam_3_HK2_2025_2026/Do_an_1/c_inter_to_hls/denoiser/solution1/.autopilot/db/a.g.ld.5.gdce.bc -o C:/Nam_3_HK2_2025_2026/Do_an_1/c_inter_to_hls/denoiser/solution1/.autopilot/db/a.g.lto.bc {-hls-platform-db-name=C:/Xilinx/Vitis_HLS/2022.2/common/technology\xilinx/common/platform.db} -hls-platform-name=zynquplus_medium -device-resource-info=BRAM_288.000000_DSP_1248.000000_FF_234240.000000_LUT_117120.000000_SLICE_14640.000000_URAM_64.000000 -device-name-info=xck26-sfvc784-2LV-c > C:/Nam_3_HK2_2025_2026/Do_an_1/c_inter_to_hls/denoiser/solution1/.autopilot/db/a.g.ld.0.bc.clang.out.log 2> C:/Nam_3_HK2_2025_2026/Do_an_1/c_inter_to_hls/denoiser/solution1/.autopilot/db/a.g.ld.0.bc.clang.err.log 
Command       ap_eval done; 4.341 sec.
INFO: [HLS 214-131] Inlining function 'ssdm_int<64, true>::ssdm_int(long)' into 'ap_int_base<64, true>::ap_int_base(long)' (C:/Xilinx/Vitis_HLS/2022.2/common/technology/autopilot\ap_int_base.h:216:68)
INFO: [HLS 214-131] Inlining function '_ZN8ssdm_intILi65ELb1EEC2EDq65_i' into 'ap_int_base<65, true>::ap_int_base<11, false>(ap_int_base<11, false> const&)' (C:/Xilinx/Vitis_HLS/2022.2/common/technology/autopilot\ap_int_base.h:185:106)
INFO: [HLS 214-131] Inlining function '_ZN8ssdm_intILi65ELb1EEC2EDq65_i' into 'ap_int_base<65, true>::ap_int_base<64, true>(ap_int_base<64, true> const&)' (C:/Xilinx/Vitis_HLS/2022.2/common/technology/autopilot\ap_int_base.h:185:106)
INFO: [HLS 214-131] Inlining function '_ZN8ssdm_intILi65ELb1EEC2EDq65_i' into 'ap_int_base<65, true>::ap_int_base(int)' (C:/Xilinx/Vitis_HLS/2022.2/common/technology/autopilot\ap_int_base.h:214:67)
INFO: [HLS 214-131] Inlining function 'ap_int_base<65, true>::ap_int_base<11, false>(ap_int_base<11, false> const&)' into 'ap_int_base<11, false>::RType<64, true>::minus operator-<11, false, 64, true>(ap_int_base<11, false> const&, ap_int_base<64, true> const&)' (C:/Xilinx/Vitis_HLS/2022.2/common/technology/autopilot\ap_int_base.h:1496:341)
INFO: [HLS 214-131] Inlining function 'ap_int_base<65, true>::ap_int_base(int)' into 'ap_int_base<11, false>::RType<64, true>::minus operator-<11, false, 64, true>(ap_int_base<11, false> const&, ap_int_base<64, true> const&)' (C:/Xilinx/Vitis_HLS/2022.2/common/technology/autopilot\ap_int_base.h:1496:520)
INFO: [HLS 214-131] Inlining function 'ap_int_base<65, true>::ap_int_base<64, true>(ap_int_base<64, true> const&)' into 'ap_int_base<11, false>::RType<64, true>::minus operator-<11, false, 64, true>(ap_int_base<11, false> const&, ap_int_base<64, true> const&)' (C:/Xilinx/Vitis_HLS/2022.2/common/technology/autopilot\ap_int_base.h:1496:430)
INFO: [HLS 214-131] Inlining function 'ap_int_base<64, true>::ap_int_base(long)' into 'ap_int_base<11, false>::RType<($_0)64, true>::minus operator-<11, false>(ap_int_base<11, false> const&, long)' (C:/Xilinx/Vitis_HLS/2022.2/common/technology/autopilot\ap_int_base.h:1635:1548)
INFO: [HLS 214-131] Inlining function 'ap_int_base<11, false>::RType<64, true>::minus operator-<11, false, 64, true>(ap_int_base<11, false> const&, ap_int_base<64, true> const&)' into 'ap_int_base<11, false>::RType<($_0)64, true>::minus operator-<11, false>(ap_int_base<11, false> const&, long)' (C:/Xilinx/Vitis_HLS/2022.2/common/technology/autopilot\ap_int_base.h:1635:1546)
INFO: [HLS 214-131] Inlining function '_ZN8ssdm_intILi1ELb0EEC2EDq1_j' into 'ap_int_base<1, false>::ap_int_base(int)' (C:/Xilinx/Vitis_HLS/2022.2/common/technology/autopilot\ap_int_base.h:214:67)
INFO: [HLS 214-131] Inlining function '_ZN8ssdm_intILi55ELb1EEC2EDq55_i' into 'ap_int_base<55, true>::ap_int_base<1, false>(ap_int_base<1, false> const&)' (C:/Xilinx/Vitis_HLS/2022.2/common/technology/autopilot\ap_int_base.h:185:106)
INFO: [HLS 214-131] Inlining function '_ZN8ssdm_intILi55ELb1EEC2EDq55_i' into 'ap_int_base<55, true>::ap_int_base<54, true>(ap_int_base<54, true> const&)' (C:/Xilinx/Vitis_HLS/2022.2/common/technology/autopilot\ap_int_base.h:185:106)
INFO: [HLS 214-131] Inlining function '_ZN8ssdm_intILi55ELb1EEC2EDq55_i' into 'ap_int_base<55, true>::ap_int_base(int)' (C:/Xilinx/Vitis_HLS/2022.2/common/technology/autopilot\ap_int_base.h:214:67)
INFO: [HLS 214-131] Inlining function 'ap_int_base<55, true>::ap_int_base<1, false>(ap_int_base<1, false> const&)' into 'ap_int_base<1, false>::RType<54, true>::minus operator-<1, false, 54, true>(ap_int_base<1, false> const&, ap_int_base<54, true> const&)' (C:/Xilinx/Vitis_HLS/2022.2/common/technology/autopilot\ap_int_base.h:1496:341)
INFO: [HLS 214-131] Inlining function 'ap_int_base<55, true>::ap_int_base(int)' into 'ap_int_base<1, false>::RType<54, true>::minus operator-<1, false, 54, true>(ap_int_base<1, false> const&, ap_int_base<54, true> const&)' (C:/Xilinx/Vitis_HLS/2022.2/common/technology/autopilot\ap_int_base.h:1496:520)
INFO: [HLS 214-131] Inlining function 'ap_int_base<55, true>::ap_int_base<54, true>(ap_int_base<54, true> const&)' into 'ap_int_base<1, false>::RType<54, true>::minus operator-<1, false, 54, true>(ap_int_base<1, false> const&, ap_int_base<54, true> const&)' (C:/Xilinx/Vitis_HLS/2022.2/common/technology/autopilot\ap_int_base.h:1496:430)
INFO: [HLS 214-131] Inlining function 'ap_int_base<1, false>::ap_int_base(int)' into 'ap_int_base<54, true>::operator-() const' (C:/Xilinx/Vitis_HLS/2022.2/common/technology/autopilot\ap_int_base.h:895:12)
INFO: [HLS 214-131] Inlining function 'ap_int_base<1, false>::RType<54, true>::minus operator-<1, false, 54, true>(ap_int_base<1, false> const&, ap_int_base<54, true> const&)' into 'ap_int_base<54, true>::operator-() const' (C:/Xilinx/Vitis_HLS/2022.2/common/technology/autopilot\ap_int_base.h:895:37)
INFO: [HLS 214-131] Inlining function 'doubleToRawBits(double)' into 'ap_fixed_base<16, 6, true, (ap_q_mode)5, (ap_o_mode)3, 0>::ap_fixed_base(double)' (C:/Xilinx/Vitis_HLS/2022.2/common/technology/autopilot\ap_fixed_base.h:545:14)
INFO: [HLS 214-131] Inlining function 'ap_int_base<54, true>& ap_int_base<54, true>::operator=<55, true>(ap_int_base<55, true> const&)' into 'ap_fixed_base<16, 6, true, (ap_q_mode)5, (ap_o_mode)3, 0>::ap_fixed_base(double)' (C:/Xilinx/Vitis_HLS/2022.2/common/technology/autopilot\ap_fixed_base.h:559:20)
INFO: [HLS 214-131] Inlining function 'ap_int_base<54, true>::operator-() const' into 'ap_fixed_base<16, 6, true, (ap_q_mode)5, (ap_o_mode)3, 0>::ap_fixed_base(double)' (C:/Xilinx/Vitis_HLS/2022.2/common/technology/autopilot\ap_fixed_base.h:559:22)
INFO: [HLS 214-131] Inlining function 'ap_int_base<12, true>& ap_int_base<12, true>::operator=<65, true>(ap_int_base<65, true> const&)' into 'ap_fixed_base<16, 6, true, (ap_q_mode)5, (ap_o_mode)3, 0>::ap_fixed_base(double)' (C:/Xilinx/Vitis_HLS/2022.2/common/technology/autopilot\ap_fixed_base.h:552:9)
INFO: [HLS 214-131] Inlining function 'ap_int_base<11, false>::RType<($_0)64, true>::minus operator-<11, false>(ap_int_base<11, false> const&, long)' into 'ap_fixed_base<16, 6, true, (ap_q_mode)5, (ap_o_mode)3, 0>::ap_fixed_base(double)' (C:/Xilinx/Vitis_HLS/2022.2/common/technology/autopilot\ap_fixed_base.h:552:19)
INFO: [HLS 214-131] Inlining function 'ap_fixed_base<16, 6, true, (ap_q_mode)5, (ap_o_mode)3, 0>::ap_fixed_base(float)' into 'ap_fixed<16, 6, (ap_q_mode)5, (ap_o_mode)3, 0>::ap_fixed(float)'
INFO: [HLS 214-131] Inlining function 'ap_fixed_base<32, 32, true, (ap_q_mode)5, (ap_o_mode)3, 0>::operator!() const' into 'ap_fixed_base<16, 6, true, (ap_q_mode)5, (ap_o_mode)3, 0>& ap_fixed_base<16, 6, true, (ap_q_mode)5, (ap_o_mode)3, 0>::operator=<32, 32, true, (ap_q_mode)5, (ap_o_mode)3, 0>(ap_fixed_base<32, 32, true, (ap_q_mode)5, (ap_o_mode)3, 0> const&)' (C:/Xilinx/Vitis_HLS/2022.2/common/technology/autopilot\ap_fixed_base.h:808:9)
INFO: [HLS 214-131] Inlining function 'ap_fixed_base<16, 6, true, (ap_q_mode)5, (ap_o_mode)3, 0>& ap_fixed_base<16, 6, true, (ap_q_mode)5, (ap_o_mode)3, 0>::operator=<32, 32, true, (ap_q_mode)5, (ap_o_mode)3, 0>(ap_fixed_base<32, 32, true, (ap_q_mode)5, (ap_o_mode)3, 0> const&)' into 'ap_fixed_base<16, 6, true, (ap_q_mode)5, (ap_o_mode)3, 0>::ap_fixed_base(int)' (C:/Xilinx/Vitis_HLS/2022.2/common/technology/autopilot\ap_fixed_base.h:530:146)
INFO: [HLS 214-131] Inlining function 'ap_fixed_base<16, 6, true, (ap_q_mode)5, (ap_o_mode)3, 0>::ap_fixed_base(int)' into 'ap_fixed<16, 6, (ap_q_mode)5, (ap_o_mode)3, 0>::ap_fixed(int)'
INFO: [HLS 214-131] Inlining function 'ap_fixed_base<32, 32, true, (ap_q_mode)5, (ap_o_mode)3, 0>::operator!() const' into 'ap_fixed_base<32, 12, true, (ap_q_mode)5, (ap_o_mode)3, 0>& ap_fixed_base<32, 12, true, (ap_q_mode)5, (ap_o_mode)3, 0>::operator=<32, 32, true, (ap_q_mode)5, (ap_o_mode)3, 0>(ap_fixed_base<32, 32, true, (ap_q_mode)5, (ap_o_mode)3, 0> const&)' (C:/Xilinx/Vitis_HLS/2022.2/common/technology/autopilot\ap_fixed_base.h:808:9)
INFO: [HLS 214-131] Inlining function 'ap_fixed_base<32, 12, true, (ap_q_mode)5, (ap_o_mode)3, 0>& ap_fixed_base<32, 12, true, (ap_q_mode)5, (ap_o_mode)3, 0>::operator=<32, 32, true, (ap_q_mode)5, (ap_o_mode)3, 0>(ap_fixed_base<32, 32, true, (ap_q_mode)5, (ap_o_mode)3, 0> const&)' into 'ap_fixed_base<32, 12, true, (ap_q_mode)5, (ap_o_mode)3, 0>::ap_fixed_base(int)' (C:/Xilinx/Vitis_HLS/2022.2/common/technology/autopilot\ap_fixed_base.h:530:146)
INFO: [HLS 214-131] Inlining function 'ap_fixed_base<32, 12, true, (ap_q_mode)5, (ap_o_mode)3, 0>::ap_fixed_base(int)' into 'ap_fixed_base<16, 6, true, (ap_q_mode)5, (ap_o_mode)3, 0>::RType<16, 6, true>::mult ap_fixed_base<16, 6, true, (ap_q_mode)5, (ap_o_mode)3, 0>::operator*<16, 6, true, (ap_q_mode)5, (ap_o_mode)3, 0>(ap_fixed_base<16, 6, true, (ap_q_mode)5, (ap_o_mode)3, 0> const&) const' (C:/Xilinx/Vitis_HLS/2022.2/common/technology/autopilot\ap_fixed_base.h:1270:55)
INFO: [HLS 214-131] Inlining function 'ap_fixed_base<32, 12, true, (ap_q_mode)5, (ap_o_mode)3, 0>::ap_fixed_base(int)' into 'ap_fixed_base<16, 6, true, (ap_q_mode)5, (ap_o_mode)3, 0>::RType<16, 6, true>::mult ap_fixed_base<16, 6, true, (ap_q_mode)5, (ap_o_mode)3, 0>::operator*<16, 6, true, (ap_q_mode)5, (ap_o_mode)3, 0>(ap_fixed_base<16, 6, true, (ap_q_mode)5, (ap_o_mode)3, 0> const&) const' (C:/Xilinx/Vitis_HLS/2022.2/common/technology/autopilot\ap_fixed_base.h:1270:61)
INFO: [HLS 214-131] Inlining function 'ap_fixed_base<32, 32, true, (ap_q_mode)5, (ap_o_mode)3, 0>::operator!() const' into 'ap_fixed_base<33, 13, true, (ap_q_mode)5, (ap_o_mode)3, 0>& ap_fixed_base<33, 13, true, (ap_q_mode)5, (ap_o_mode)3, 0>::operator=<32, 32, true, (ap_q_mode)5, (ap_o_mode)3, 0>(ap_fixed_base<32, 32, true, (ap_q_mode)5, (ap_o_mode)3, 0> const&)' (C:/Xilinx/Vitis_HLS/2022.2/common/technology/autopilot\ap_fixed_base.h:808:9)
INFO: [HLS 214-131] Inlining function 'ap_fixed_base<33, 13, true, (ap_q_mode)5, (ap_o_mode)3, 0>& ap_fixed_base<33, 13, true, (ap_q_mode)5, (ap_o_mode)3, 0>::operator=<32, 32, true, (ap_q_mode)5, (ap_o_mode)3, 0>(ap_fixed_base<32, 32, true, (ap_q_mode)5, (ap_o_mode)3, 0> const&)' into 'ap_fixed_base<33, 13, true, (ap_q_mode)5, (ap_o_mode)3, 0>::ap_fixed_base(int)' (C:/Xilinx/Vitis_HLS/2022.2/common/technology/autopilot\ap_fixed_base.h:530:146)
INFO: [HLS 214-131] Inlining function 'ap_fixed_base<16, 6, true, (ap_q_mode)5, (ap_o_mode)3, 0>::operator!() const' into 'ap_fixed_base<33, 13, true, (ap_q_mode)5, (ap_o_mode)3, 0>& ap_fixed_base<33, 13, true, (ap_q_mode)5, (ap_o_mode)3, 0>::operator=<16, 6, true, (ap_q_mode)5, (ap_o_mode)3, 0>(ap_fixed_base<16, 6, true, (ap_q_mode)5, (ap_o_mode)3, 0> const&)' (C:/Xilinx/Vitis_HLS/2022.2/common/technology/autopilot\ap_fixed_base.h:808:9)
INFO: [HLS 214-131] Inlining function '_ZN8ssdm_intILi33ELb1EEC2EDq33_i' into 'ap_fixed_base<33, 13, true, (ap_q_mode)5, (ap_o_mode)3, 0>::ap_fixed_base<16, 6, true, (ap_q_mode)5, (ap_o_mode)3, 0>(ap_fixed_base<16, 6, true, (ap_q_mode)5, (ap_o_mode)3, 0> const&)' (C:/Xilinx/Vitis_HLS/2022.2/common/technology/autopilot\ap_fixed_base.h:401:80)
INFO: [HLS 214-131] Inlining function 'ap_fixed_base<33, 13, true, (ap_q_mode)5, (ap_o_mode)3, 0>& ap_fixed_base<33, 13, true, (ap_q_mode)5, (ap_o_mode)3, 0>::operator=<16, 6, true, (ap_q_mode)5, (ap_o_mode)3, 0>(ap_fixed_base<16, 6, true, (ap_q_mode)5, (ap_o_mode)3, 0> const&)' into 'ap_fixed_base<33, 13, true, (ap_q_mode)5, (ap_o_mode)3, 0>::ap_fixed_base<16, 6, true, (ap_q_mode)5, (ap_o_mode)3, 0>(ap_fixed_base<16, 6, true, (ap_q_mode)5, (ap_o_mode)3, 0> const&)' (C:/Xilinx/Vitis_HLS/2022.2/common/technology/autopilot\ap_fixed_base.h:403:5)
INFO: [HLS 214-131] Inlining function 'ap_fixed_base<32, 12, true, (ap_q_mode)5, (ap_o_mode)3, 0>::operator!() const' into 'ap_fixed_base<33, 13, true, (ap_q_mode)5, (ap_o_mode)3, 0>& ap_fixed_base<33, 13, true, (ap_q_mode)5, (ap_o_mode)3, 0>::operator=<32, 12, true, (ap_q_mode)5, (ap_o_mode)3, 0>(ap_fixed_base<32, 12, true, (ap_q_mode)5, (ap_o_mode)3, 0> const&)' (C:/Xilinx/Vitis_HLS/2022.2/common/technology/autopilot\ap_fixed_base.h:808:9)
INFO: [HLS 214-131] Inlining function '_ZN8ssdm_intILi33ELb1EEC2EDq33_i' into 'ap_fixed_base<33, 13, true, (ap_q_mode)5, (ap_o_mode)3, 0>::ap_fixed_base<32, 12, true, (ap_q_mode)5, (ap_o_mode)3, 0>(ap_fixed_base<32, 12, true, (ap_q_mode)5, (ap_o_mode)3, 0> const&)' (C:/Xilinx/Vitis_HLS/2022.2/common/technology/autopilot\ap_fixed_base.h:401:80)
INFO: [HLS 214-131] Inlining function 'ap_fixed_base<33, 13, true, (ap_q_mode)5, (ap_o_mode)3, 0>& ap_fixed_base<33, 13, true, (ap_q_mode)5, (ap_o_mode)3, 0>::operator=<32, 12, true, (ap_q_mode)5, (ap_o_mode)3, 0>(ap_fixed_base<32, 12, true, (ap_q_mode)5, (ap_o_mode)3, 0> const&)' into 'ap_fixed_base<33, 13, true, (ap_q_mode)5, (ap_o_mode)3, 0>::ap_fixed_base<32, 12, true, (ap_q_mode)5, (ap_o_mode)3, 0>(ap_fixed_base<32, 12, true, (ap_q_mode)5, (ap_o_mode)3, 0> const&)' (C:/Xilinx/Vitis_HLS/2022.2/common/technology/autopilot\ap_fixed_base.h:403:5)
INFO: [HLS 214-131] Inlining function 'ap_fixed_base<33, 13, true, (ap_q_mode)5, (ap_o_mode)3, 0>::ap_fixed_base(int)' into 'ap_fixed_base<16, 6, true, (ap_q_mode)5, (ap_o_mode)3, 0>::RType<32, 12, true>::plus ap_fixed_base<16, 6, true, (ap_q_mode)5, (ap_o_mode)3, 0>::operator+<32, 12, true, (ap_q_mode)5, (ap_o_mode)3, 0>(ap_fixed_base<32, 12, true, (ap_q_mode)5, (ap_o_mode)3, 0> const&) const' (C:/Xilinx/Vitis_HLS/2022.2/common/technology/autopilot\ap_fixed_base.h:1347:325)
INFO: [HLS 214-131] Inlining function 'ap_fixed_base<33, 13, true, (ap_q_mode)5, (ap_o_mode)3, 0>::ap_fixed_base<32, 12, true, (ap_q_mode)5, (ap_o_mode)3, 0>(ap_fixed_base<32, 12, true, (ap_q_mode)5, (ap_o_mode)3, 0> const&)' into 'ap_fixed_base<16, 6, true, (ap_q_mode)5, (ap_o_mode)3, 0>::RType<32, 12, true>::plus ap_fixed_base<16, 6, true, (ap_q_mode)5, (ap_o_mode)3, 0>::operator+<32, 12, true, (ap_q_mode)5, (ap_o_mode)3, 0>(ap_fixed_base<32, 12, true, (ap_q_mode)5, (ap_o_mode)3, 0> const&) const' (C:/Xilinx/Vitis_HLS/2022.2/common/technology/autopilot\ap_fixed_base.h:1347:345)
INFO: [HLS 214-131] Inlining function 'ap_fixed_base<33, 13, true, (ap_q_mode)5, (ap_o_mode)3, 0>::ap_fixed_base<16, 6, true, (ap_q_mode)5, (ap_o_mode)3, 0>(ap_fixed_base<16, 6, true, (ap_q_mode)5, (ap_o_mode)3, 0> const&)' into 'ap_fixed_base<16, 6, true, (ap_q_mode)5, (ap_o_mode)3, 0>::RType<32, 12, true>::plus ap_fixed_base<16, 6, true, (ap_q_mode)5, (ap_o_mode)3, 0>::operator+<32, 12, true, (ap_q_mode)5, (ap_o_mode)3, 0>(ap_fixed_base<32, 12, true, (ap_q_mode)5, (ap_o_mode)3, 0> const&) const' (C:/Xilinx/Vitis_HLS/2022.2/common/technology/autopilot\ap_fixed_base.h:1347:333)
INFO: [HLS 214-131] Inlining function 'ap_fixed_base<33, 13, true, (ap_q_mode)5, (ap_o_mode)3, 0>::operator!() const' into 'ap_fixed_base<16, 6, true, (ap_q_mode)5, (ap_o_mode)3, 0>& ap_fixed_base<16, 6, true, (ap_q_mode)5, (ap_o_mode)3, 0>::operator=<33, 13, true, (ap_q_mode)5, (ap_o_mode)3, 0>(ap_fixed_base<33, 13, true, (ap_q_mode)5, (ap_o_mode)3, 0> const&)' (C:/Xilinx/Vitis_HLS/2022.2/common/technology/autopilot\ap_fixed_base.h:808:9)
INFO: [HLS 214-131] Inlining function 'ap_fixed_base<16, 6, true, (ap_q_mode)5, (ap_o_mode)3, 0>::RType<32, 12, true>::plus ap_fixed_base<16, 6, true, (ap_q_mode)5, (ap_o_mode)3, 0>::operator+<32, 12, true, (ap_q_mode)5, (ap_o_mode)3, 0>(ap_fixed_base<32, 12, true, (ap_q_mode)5, (ap_o_mode)3, 0> const&) const' into 'ap_fixed_base<16, 6, true, (ap_q_mode)5, (ap_o_mode)3, 0>& ap_fixed_base<16, 6, true, (ap_q_mode)5, (ap_o_mode)3, 0>::operator+=<32, 12, true, (ap_q_mode)5, (ap_o_mode)3, 0>(ap_fixed_base<32, 12, true, (ap_q_mode)5, (ap_o_mode)3, 0> const&)' (C:/Xilinx/Vitis_HLS/2022.2/common/technology/autopilot\ap_fixed_base.h:1367:248)
INFO: [HLS 214-131] Inlining function 'ap_fixed_base<16, 6, true, (ap_q_mode)5, (ap_o_mode)3, 0>& ap_fixed_base<16, 6, true, (ap_q_mode)5, (ap_o_mode)3, 0>::operator=<33, 13, true, (ap_q_mode)5, (ap_o_mode)3, 0>(ap_fixed_base<33, 13, true, (ap_q_mode)5, (ap_o_mode)3, 0> const&)' into 'ap_fixed_base<16, 6, true, (ap_q_mode)5, (ap_o_mode)3, 0>& ap_fixed_base<16, 6, true, (ap_q_mode)5, (ap_o_mode)3, 0>::operator+=<32, 12, true, (ap_q_mode)5, (ap_o_mode)3, 0>(ap_fixed_base<32, 12, true, (ap_q_mode)5, (ap_o_mode)3, 0> const&)' (C:/Xilinx/Vitis_HLS/2022.2/common/technology/autopilot\ap_fixed_base.h:1367:246)
INFO: [HLS 214-131] Inlining function 'ap_fixed_base<32, 32, true, (ap_q_mode)5, (ap_o_mode)3, 0>::operator!() const' into 'ap_fixed_base<42, 32, true, (ap_q_mode)5, (ap_o_mode)3, 0>& ap_fixed_base<42, 32, true, (ap_q_mode)5, (ap_o_mode)3, 0>::operator=<32, 32, true, (ap_q_mode)5, (ap_o_mode)3, 0>(ap_fixed_base<32, 32, true, (ap_q_mode)5, (ap_o_mode)3, 0> const&)' (C:/Xilinx/Vitis_HLS/2022.2/common/technology/autopilot\ap_fixed_base.h:808:9)
INFO: [HLS 214-131] Inlining function '_ZN8ssdm_intILi42ELb1EEC2EDq42_i' into 'ap_fixed_base<42, 32, true, (ap_q_mode)5, (ap_o_mode)3, 0>::ap_fixed_base<32, 32, true, (ap_q_mode)5, (ap_o_mode)3, 0>(ap_fixed_base<32, 32, true, (ap_q_mode)5, (ap_o_mode)3, 0> const&)' (C:/Xilinx/Vitis_HLS/2022.2/common/technology/autopilot\ap_fixed_base.h:401:80)
INFO: [HLS 214-131] Inlining function 'ap_fixed_base<42, 32, true, (ap_q_mode)5, (ap_o_mode)3, 0>& ap_fixed_base<42, 32, true, (ap_q_mode)5, (ap_o_mode)3, 0>::operator=<32, 32, true, (ap_q_mode)5, (ap_o_mode)3, 0>(ap_fixed_base<32, 32, true, (ap_q_mode)5, (ap_o_mode)3, 0> const&)' into 'ap_fixed_base<42, 32, true, (ap_q_mode)5, (ap_o_mode)3, 0>::ap_fixed_base<32, 32, true, (ap_q_mode)5, (ap_o_mode)3, 0>(ap_fixed_base<32, 32, true, (ap_q_mode)5, (ap_o_mode)3, 0> const&)' (C:/Xilinx/Vitis_HLS/2022.2/common/technology/autopilot\ap_fixed_base.h:403:5)
INFO: [HLS 214-131] Inlining function 'ap_fixed_base<42, 32, true, (ap_q_mode)5, (ap_o_mode)3, 0>::ap_fixed_base<32, 32, true, (ap_q_mode)5, (ap_o_mode)3, 0>(ap_fixed_base<32, 32, true, (ap_q_mode)5, (ap_o_mode)3, 0> const&)' into 'bool ap_fixed_base<16, 6, true, (ap_q_mode)5, (ap_o_mode)3, 0>::operator><32, 32, true, (ap_q_mode)5, (ap_o_mode)3, 0>(ap_fixed_base<32, 32, true, (ap_q_mode)5, (ap_o_mode)3, 0> const&) const' (C:/Xilinx/Vitis_HLS/2022.2/common/technology/autopilot\ap_fixed_base.h:1649:367)
INFO: [HLS 214-131] Inlining function 'ap_fixed_base<32, 32, true, (ap_q_mode)5, (ap_o_mode)3, 0>::ap_fixed_base(int)' into 'bool operator><16, 6, true, (ap_q_mode)5, (ap_o_mode)3, 0>(ap_fixed_base<16, 6, true, (ap_q_mode)5, (ap_o_mode)3, 0> const&, int)' (C:/Xilinx/Vitis_HLS/2022.2/common/technology/autopilot\ap_fixed_base.h:2376:9949)
INFO: [HLS 214-131] Inlining function 'bool ap_fixed_base<16, 6, true, (ap_q_mode)5, (ap_o_mode)3, 0>::operator><32, 32, true, (ap_q_mode)5, (ap_o_mode)3, 0>(ap_fixed_base<32, 32, true, (ap_q_mode)5, (ap_o_mode)3, 0> const&) const' into 'bool operator><16, 6, true, (ap_q_mode)5, (ap_o_mode)3, 0>(ap_fixed_base<16, 6, true, (ap_q_mode)5, (ap_o_mode)3, 0> const&, int)' (C:/Xilinx/Vitis_HLS/2022.2/common/technology/autopilot\ap_fixed_base.h:2376:9938)
INFO: [HLS 214-131] Inlining function 'bool operator><16, 6, true, (ap_q_mode)5, (ap_o_mode)3, 0>(ap_fixed_base<16, 6, true, (ap_q_mode)5, (ap_o_mode)3, 0> const&, int)' into 'Denoiser::relu(ap_fixed<16, 6, (ap_q_mode)5, (ap_o_mode)3, 0>)' (../denoiser_c_to_hls/denoiser.h:65:47)
INFO: [HLS 214-131] Inlining function 'ap_fixed_base<16, 6, true, (ap_q_mode)5, (ap_o_mode)3, 0>::RType<16, 6, true>::mult ap_fixed_base<16, 6, true, (ap_q_mode)5, (ap_o_mode)3, 0>::operator*<16, 6, true, (ap_q_mode)5, (ap_o_mode)3, 0>(ap_fixed_base<16, 6, true, (ap_q_mode)5, (ap_o_mode)3, 0> const&) const' into 'Denoiser::conv2d_1(ap_fixed<16, 6, (ap_q_mode)5, (ap_o_mode)3, 0> const (*) [28][1], ap_fixed<16, 6, (ap_q_mode)5, (ap_o_mode)3, 0> (*) [28][4])' (../denoiser_c_to_hls/denoiser.cpp:33:34)
INFO: [HLS 214-131] Inlining function 'ap_fixed_base<16, 6, true, (ap_q_mode)5, (ap_o_mode)3, 0>& ap_fixed_base<16, 6, true, (ap_q_mode)5, (ap_o_mode)3, 0>::operator+=<32, 12, true, (ap_q_mode)5, (ap_o_mode)3, 0>(ap_fixed_base<32, 12, true, (ap_q_mode)5, (ap_o_mode)3, 0> const&)' into 'Denoiser::conv2d_1(ap_fixed<16, 6, (ap_q_mode)5, (ap_o_mode)3, 0> const (*) [28][1], ap_fixed<16, 6, (ap_q_mode)5, (ap_o_mode)3, 0> (*) [28][4])' (../denoiser_c_to_hls/denoiser.cpp:33:27)
INFO: [HLS 214-131] Inlining function 'bool ap_fixed_base<16, 6, true, (ap_q_mode)5, (ap_o_mode)3, 0>::operator><16, 6, true, (ap_q_mode)5, (ap_o_mode)3, 0>(ap_fixed_base<16, 6, true, (ap_q_mode)5, (ap_o_mode)3, 0> const&) const' into 'Denoiser::maxpool_2x2_4ch(ap_fixed<16, 6, (ap_q_mode)5, (ap_o_mode)3, 0> const (*) [28][4], ap_fixed<16, 6, (ap_q_mode)5, (ap_o_mode)3, 0> (*) [14][4])' (../denoiser_c_to_hls/denoiser.cpp:51:24)
INFO: [HLS 214-131] Inlining function 'bool ap_fixed_base<16, 6, true, (ap_q_mode)5, (ap_o_mode)3, 0>::operator><16, 6, true, (ap_q_mode)5, (ap_o_mode)3, 0>(ap_fixed_base<16, 6, true, (ap_q_mode)5, (ap_o_mode)3, 0> const&) const' into 'Denoiser::maxpool_2x2_4ch(ap_fixed<16, 6, (ap_q_mode)5, (ap_o_mode)3, 0> const (*) [28][4], ap_fixed<16, 6, (ap_q_mode)5, (ap_o_mode)3, 0> (*) [14][4])' (../denoiser_c_to_hls/denoiser.cpp:55:24)
INFO: [HLS 214-131] Inlining function 'bool ap_fixed_base<16, 6, true, (ap_q_mode)5, (ap_o_mode)3, 0>::operator><16, 6, true, (ap_q_mode)5, (ap_o_mode)3, 0>(ap_fixed_base<16, 6, true, (ap_q_mode)5, (ap_o_mode)3, 0> const&) const' into 'Denoiser::maxpool_2x2_4ch(ap_fixed<16, 6, (ap_q_mode)5, (ap_o_mode)3, 0> const (*) [28][4], ap_fixed<16, 6, (ap_q_mode)5, (ap_o_mode)3, 0> (*) [14][4])' (../denoiser_c_to_hls/denoiser.cpp:53:24)
INFO: [HLS 214-131] Inlining function 'ap_fixed_base<16, 6, true, (ap_q_mode)5, (ap_o_mode)3, 0>::RType<16, 6, true>::mult ap_fixed_base<16, 6, true, (ap_q_mode)5, (ap_o_mode)3, 0>::operator*<16, 6, true, (ap_q_mode)5, (ap_o_mode)3, 0>(ap_fixed_base<16, 6, true, (ap_q_mode)5, (ap_o_mode)3, 0> const&) const' into 'Denoiser::conv2d_2(ap_fixed<16, 6, (ap_q_mode)5, (ap_o_mode)3, 0> const (*) [14][4], ap_fixed<16, 6, (ap_q_mode)5, (ap_o_mode)3, 0> (*) [14][8])' (../denoiser_c_to_hls/denoiser.cpp:84:38)
INFO: [HLS 214-131] Inlining function 'ap_fixed_base<16, 6, true, (ap_q_mode)5, (ap_o_mode)3, 0>& ap_fixed_base<16, 6, true, (ap_q_mode)5, (ap_o_mode)3, 0>::operator+=<32, 12, true, (ap_q_mode)5, (ap_o_mode)3, 0>(ap_fixed_base<32, 12, true, (ap_q_mode)5, (ap_o_mode)3, 0> const&)' into 'Denoiser::conv2d_2(ap_fixed<16, 6, (ap_q_mode)5, (ap_o_mode)3, 0> const (*) [14][4], ap_fixed<16, 6, (ap_q_mode)5, (ap_o_mode)3, 0> (*) [14][8])' (../denoiser_c_to_hls/denoiser.cpp:84:31)
INFO: [HLS 214-131] Inlining function 'ap_fixed_base<16, 6, true, (ap_q_mode)5, (ap_o_mode)3, 0>::RType<16, 6, true>::mult ap_fixed_base<16, 6, true, (ap_q_mode)5, (ap_o_mode)3, 0>::operator*<16, 6, true, (ap_q_mode)5, (ap_o_mode)3, 0>(ap_fixed_base<16, 6, true, (ap_q_mode)5, (ap_o_mode)3, 0> const&) const' into 'Denoiser::conv2d_3(ap_fixed<16, 6, (ap_q_mode)5, (ap_o_mode)3, 0> const (*) [28][8], ap_fixed<16, 6, (ap_q_mode)5, (ap_o_mode)3, 0> (*) [28][4])' (../denoiser_c_to_hls/denoiser.cpp:133:38)
INFO: [HLS 214-131] Inlining function 'ap_fixed_base<16, 6, true, (ap_q_mode)5, (ap_o_mode)3, 0>& ap_fixed_base<16, 6, true, (ap_q_mode)5, (ap_o_mode)3, 0>::operator+=<32, 12, true, (ap_q_mode)5, (ap_o_mode)3, 0>(ap_fixed_base<32, 12, true, (ap_q_mode)5, (ap_o_mode)3, 0> const&)' into 'Denoiser::conv2d_3(ap_fixed<16, 6, (ap_q_mode)5, (ap_o_mode)3, 0> const (*) [28][8], ap_fixed<16, 6, (ap_q_mode)5, (ap_o_mode)3, 0> (*) [28][4])' (../denoiser_c_to_hls/denoiser.cpp:133:31)
INFO: [HLS 214-131] Inlining function 'ap_fixed_base<16, 6, true, (ap_q_mode)5, (ap_o_mode)3, 0>::operator!() const' into 'ap_fixed_base<32, 16, true, (ap_q_mode)5, (ap_o_mode)3, 0>& ap_fixed_base<32, 16, true, (ap_q_mode)5, (ap_o_mode)3, 0>::operator=<16, 6, true, (ap_q_mode)5, (ap_o_mode)3, 0>(ap_fixed_base<16, 6, true, (ap_q_mode)5, (ap_o_mode)3, 0> const&)' (C:/Xilinx/Vitis_HLS/2022.2/common/technology/autopilot\ap_fixed_base.h:808:9)
INFO: [HLS 214-131] Inlining function 'ssdm_int<32, true>::ssdm_int(int)' into 'ap_fixed_base<32, 16, true, (ap_q_mode)5, (ap_o_mode)3, 0>::ap_fixed_base<16, 6, true, (ap_q_mode)5, (ap_o_mode)3, 0>(ap_fixed_base<16, 6, true, (ap_q_mode)5, (ap_o_mode)3, 0> const&)' (C:/Xilinx/Vitis_HLS/2022.2/common/technology/autopilot\ap_fixed_base.h:401:80)
INFO: [HLS 214-131] Inlining function 'ap_fixed_base<32, 16, true, (ap_q_mode)5, (ap_o_mode)3, 0>& ap_fixed_base<32, 16, true, (ap_q_mode)5, (ap_o_mode)3, 0>::operator=<16, 6, true, (ap_q_mode)5, (ap_o_mode)3, 0>(ap_fixed_base<16, 6, true, (ap_q_mode)5, (ap_o_mode)3, 0> const&)' into 'ap_fixed_base<32, 16, true, (ap_q_mode)5, (ap_o_mode)3, 0>::ap_fixed_base<16, 6, true, (ap_q_mode)5, (ap_o_mode)3, 0>(ap_fixed_base<16, 6, true, (ap_q_mode)5, (ap_o_mode)3, 0> const&)' (C:/Xilinx/Vitis_HLS/2022.2/common/technology/autopilot\ap_fixed_base.h:403:5)
INFO: [HLS 214-131] Inlining function 'ap_fixed_base<32, 16, true, (ap_q_mode)5, (ap_o_mode)3, 0>::ap_fixed_base<16, 6, true, (ap_q_mode)5, (ap_o_mode)3, 0>(ap_fixed_base<16, 6, true, (ap_q_mode)5, (ap_o_mode)3, 0> const&)' into 'ap_fixed<32, 16, (ap_q_mode)5, (ap_o_mode)3, 0>::ap_fixed<16, 6, true, (ap_q_mode)5, (ap_o_mode)3, 0>(ap_fixed_base<16, 6, true, (ap_q_mode)5, (ap_o_mode)3, 0> const&)'
INFO: [HLS 214-131] Inlining function 'ap_fixed_base<32, 16, true, (ap_q_mode)5, (ap_o_mode)3, 0>::operator!() const' into 'ap_fixed_base<33, 17, true, (ap_q_mode)5, (ap_o_mode)3, 0>& ap_fixed_base<33, 17, true, (ap_q_mode)5, (ap_o_mode)3, 0>::operator=<32, 16, true, (ap_q_mode)5, (ap_o_mode)3, 0>(ap_fixed_base<32, 16, true, (ap_q_mode)5, (ap_o_mode)3, 0> const&)' (C:/Xilinx/Vitis_HLS/2022.2/common/technology/autopilot\ap_fixed_base.h:808:9)
INFO: [HLS 214-131] Inlining function '_ZN8ssdm_intILi33ELb1EEC2EDq33_i' into 'ap_fixed_base<33, 17, true, (ap_q_mode)5, (ap_o_mode)3, 0>::ap_fixed_base<32, 16, true, (ap_q_mode)5, (ap_o_mode)3, 0>(ap_fixed_base<32, 16, true, (ap_q_mode)5, (ap_o_mode)3, 0> const&)' (C:/Xilinx/Vitis_HLS/2022.2/common/technology/autopilot\ap_fixed_base.h:401:80)
INFO: [HLS 214-131] Inlining function 'ap_fixed_base<33, 17, true, (ap_q_mode)5, (ap_o_mode)3, 0>& ap_fixed_base<33, 17, true, (ap_q_mode)5, (ap_o_mode)3, 0>::operator=<32, 16, true, (ap_q_mode)5, (ap_o_mode)3, 0>(ap_fixed_base<32, 16, true, (ap_q_mode)5, (ap_o_mode)3, 0> const&)' into 'ap_fixed_base<33, 17, true, (ap_q_mode)5, (ap_o_mode)3, 0>::ap_fixed_base<32, 16, true, (ap_q_mode)5, (ap_o_mode)3, 0>(ap_fixed_base<32, 16, true, (ap_q_mode)5, (ap_o_mode)3, 0> const&)' (C:/Xilinx/Vitis_HLS/2022.2/common/technology/autopilot\ap_fixed_base.h:403:5)
INFO: [HLS 214-131] Inlining function 'ap_fixed_base<33, 17, true, (ap_q_mode)5, (ap_o_mode)3, 0>::ap_fixed_base<32, 16, true, (ap_q_mode)5, (ap_o_mode)3, 0>(ap_fixed_base<32, 16, true, (ap_q_mode)5, (ap_o_mode)3, 0> const&)' into 'ap_fixed_base<32, 16, true, (ap_q_mode)5, (ap_o_mode)3, 0>::operator-() const' (C:/Xilinx/Vitis_HLS/2022.2/common/technology/autopilot\ap_fixed_base.h:1407:47)
INFO: [HLS 214-131] Inlining function 'ap_fixed_base<33, 17, true, (ap_q_mode)5, (ap_o_mode)3, 0>::operator!() const' into 'ap_fixed_base<3, 2, true, (ap_q_mode)5, (ap_o_mode)3, 0>& ap_fixed_base<3, 2, true, (ap_q_mode)5, (ap_o_mode)3, 0>::operator=<33, 17, true, (ap_q_mode)5, (ap_o_mode)3, 0>(ap_fixed_base<33, 17, true, (ap_q_mode)5, (ap_o_mode)3, 0> const&)' (C:/Xilinx/Vitis_HLS/2022.2/common/technology/autopilot\ap_fixed_base.h:808:9)
INFO: [HLS 214-131] Inlining function '_ZN8ssdm_intILi3ELb1EEC2EDq3_i' into 'ap_fixed_base<3, 2, true, (ap_q_mode)5, (ap_o_mode)3, 0>::ap_fixed_base<33, 17, true, (ap_q_mode)5, (ap_o_mode)3, 0>(ap_fixed_base<33, 17, true, (ap_q_mode)5, (ap_o_mode)3, 0> const&)' (C:/Xilinx/Vitis_HLS/2022.2/common/technology/autopilot\ap_fixed_base.h:401:80)
INFO: [HLS 214-131] Inlining function 'ap_fixed_base<3, 2, true, (ap_q_mode)5, (ap_o_mode)3, 0>& ap_fixed_base<3, 2, true, (ap_q_mode)5, (ap_o_mode)3, 0>::operator=<33, 17, true, (ap_q_mode)5, (ap_o_mode)3, 0>(ap_fixed_base<33, 17, true, (ap_q_mode)5, (ap_o_mode)3, 0> const&)' into 'ap_fixed_base<3, 2, true, (ap_q_mode)5, (ap_o_mode)3, 0>::ap_fixed_base<33, 17, true, (ap_q_mode)5, (ap_o_mode)3, 0>(ap_fixed_base<33, 17, true, (ap_q_mode)5, (ap_o_mode)3, 0> const&)' (C:/Xilinx/Vitis_HLS/2022.2/common/technology/autopilot\ap_fixed_base.h:403:5)
INFO: [HLS 214-131] Inlining function 'ap_fixed_base<3, 2, true, (ap_q_mode)5, (ap_o_mode)3, 0>::ap_fixed_base<33, 17, true, (ap_q_mode)5, (ap_o_mode)3, 0>(ap_fixed_base<33, 17, true, (ap_q_mode)5, (ap_o_mode)3, 0> const&)' into 'ap_fixed<3, 2, (ap_q_mode)5, (ap_o_mode)3, 0>::ap_fixed<33, 17, true, (ap_q_mode)5, (ap_o_mode)3, 0>(ap_fixed_base<33, 17, true, (ap_q_mode)5, (ap_o_mode)3, 0> const&)'
INFO: [HLS 214-131] Inlining function 'ap_fixed_base<32, 32, true, (ap_q_mode)5, (ap_o_mode)3, 0>::operator!() const' into 'ap_fixed_base<2, 1, false, (ap_q_mode)5, (ap_o_mode)3, 0>& ap_fixed_base<2, 1, false, (ap_q_mode)5, (ap_o_mode)3, 0>::operator=<32, 32, true, (ap_q_mode)5, (ap_o_mode)3, 0>(ap_fixed_base<32, 32, true, (ap_q_mode)5, (ap_o_mode)3, 0> const&)' (C:/Xilinx/Vitis_HLS/2022.2/common/technology/autopilot\ap_fixed_base.h:808:9)
INFO: [HLS 214-131] Inlining function 'ap_fixed_base<2, 1, false, (ap_q_mode)5, (ap_o_mode)3, 0>& ap_fixed_base<2, 1, false, (ap_q_mode)5, (ap_o_mode)3, 0>::operator=<32, 32, true, (ap_q_mode)5, (ap_o_mode)3, 0>(ap_fixed_base<32, 32, true, (ap_q_mode)5, (ap_o_mode)3, 0> const&)' into 'ap_fixed_base<2, 1, false, (ap_q_mode)5, (ap_o_mode)3, 0>::ap_fixed_base(int)' (C:/Xilinx/Vitis_HLS/2022.2/common/technology/autopilot\ap_fixed_base.h:530:146)
INFO: [HLS 214-131] Inlining function 'ap_fixed_base<2, 1, false, (ap_q_mode)5, (ap_o_mode)3, 0>::ap_fixed_base(int)' into 'ap_ufixed<2, 1, (ap_q_mode)5, (ap_o_mode)3, 0>::ap_ufixed(int)'
INFO: [HLS 214-131] Inlining function 'af_bit_ref<3, 2, true, (ap_q_mode)5, (ap_o_mode)3, 0>::af_bit_ref(ap_fixed_base<3, 2, true, (ap_q_mode)5, (ap_o_mode)3, 0>*, int)' into 'ap_fixed_base<3, 2, true, (ap_q_mode)5, (ap_o_mode)3, 0>::operator[](unsigned int)' (C:/Xilinx/Vitis_HLS/2022.2/common/technology/autopilot\ap_fixed_base.h:1671:12)
INFO: [HLS 214-131] Inlining function 'af_bit_ref<3, 2, true, (ap_q_mode)5, (ap_o_mode)3, 0>::get() const' into 'bool af_bit_ref<3, 2, true, (ap_q_mode)5, (ap_o_mode)3, 0>::operator!=<3, 2, true, (ap_q_mode)5, (ap_o_mode)3, 0>(af_bit_ref<3, 2, true, (ap_q_mode)5, (ap_o_mode)3, 0> const&)' (C:/Xilinx/Vitis_HLS/2022.2/common/technology/autopilot\ap_fixed_ref.h:176:12)
INFO: [HLS 214-131] Inlining function 'af_bit_ref<3, 2, true, (ap_q_mode)5, (ap_o_mode)3, 0>::get() const' into 'bool af_bit_ref<3, 2, true, (ap_q_mode)5, (ap_o_mode)3, 0>::operator!=<3, 2, true, (ap_q_mode)5, (ap_o_mode)3, 0>(af_bit_ref<3, 2, true, (ap_q_mode)5, (ap_o_mode)3, 0> const&)' (C:/Xilinx/Vitis_HLS/2022.2/common/technology/autopilot\ap_fixed_ref.h:176:24)
INFO: [HLS 214-131] Inlining function 'ap_fixed_base<2, 1, false, (ap_q_mode)5, (ap_o_mode)3, 0>::ap_fixed_base(char const*)' into 'ap_ufixed<2, 1, (ap_q_mode)5, (ap_o_mode)3, 0>::ap_ufixed(char const*)'
INFO: [HLS 214-131] Inlining function 'af_bit_ref<2, 1, false, (ap_q_mode)5, (ap_o_mode)3, 0>::af_bit_ref(ap_fixed_base<2, 1, false, (ap_q_mode)5, (ap_o_mode)3, 0>*, int)' into 'ap_fixed_base<2, 1, false, (ap_q_mode)5, (ap_o_mode)3, 0>::operator[](unsigned int)' (C:/Xilinx/Vitis_HLS/2022.2/common/technology/autopilot\ap_fixed_base.h:1671:12)
INFO: [HLS 214-131] Inlining function 'ap_fixed_base<2, 1, false, (ap_q_mode)5, (ap_o_mode)3, 0>::operator!() const' into 'ap_fixed_base<33, 17, true, (ap_q_mode)5, (ap_o_mode)3, 0>& ap_fixed_base<33, 17, true, (ap_q_mode)5, (ap_o_mode)3, 0>::operator=<2, 1, false, (ap_q_mode)5, (ap_o_mode)3, 0>(ap_fixed_base<2, 1, false, (ap_q_mode)5, (ap_o_mode)3, 0> const&)' (C:/Xilinx/Vitis_HLS/2022.2/common/technology/autopilot\ap_fixed_base.h:808:9)
INFO: [HLS 214-131] Inlining function '_ZN8ssdm_intILi33ELb1EEC2EDq33_i' into 'ap_fixed_base<33, 17, true, (ap_q_mode)5, (ap_o_mode)3, 0>::ap_fixed_base<2, 1, false, (ap_q_mode)5, (ap_o_mode)3, 0>(ap_fixed_base<2, 1, false, (ap_q_mode)5, (ap_o_mode)3, 0> const&)' (C:/Xilinx/Vitis_HLS/2022.2/common/technology/autopilot\ap_fixed_base.h:401:80)
INFO: [HLS 214-131] Inlining function 'ap_fixed_base<33, 17, true, (ap_q_mode)5, (ap_o_mode)3, 0>& ap_fixed_base<33, 17, true, (ap_q_mode)5, (ap_o_mode)3, 0>::operator=<2, 1, false, (ap_q_mode)5, (ap_o_mode)3, 0>(ap_fixed_base<2, 1, false, (ap_q_mode)5, (ap_o_mode)3, 0> const&)' into 'ap_fixed_base<33, 17, true, (ap_q_mode)5, (ap_o_mode)3, 0>::ap_fixed_base<2, 1, false, (ap_q_mode)5, (ap_o_mode)3, 0>(ap_fixed_base<2, 1, false, (ap_q_mode)5, (ap_o_mode)3, 0> const&)' (C:/Xilinx/Vitis_HLS/2022.2/common/technology/autopilot\ap_fixed_base.h:403:5)
INFO: [HLS 214-131] Inlining function 'ap_fixed_base<33, 17, true, (ap_q_mode)5, (ap_o_mode)3, 0>::ap_fixed_base<2, 1, false, (ap_q_mode)5, (ap_o_mode)3, 0>(ap_fixed_base<2, 1, false, (ap_q_mode)5, (ap_o_mode)3, 0> const&)' into 'ap_fixed<33, 17, (ap_q_mode)5, (ap_o_mode)3, 0>::ap_fixed<2, 1, false, (ap_q_mode)5, (ap_o_mode)3, 0>(ap_fixed_base<2, 1, false, (ap_q_mode)5, (ap_o_mode)3, 0> const&)'
INFO: [HLS 214-131] Inlining function 'ap_fixed_base<33, 17, true, (ap_q_mode)5, (ap_o_mode)3, 0>::operator!() const' into 'ap_fixed_base<5, 3, true, (ap_q_mode)5, (ap_o_mode)3, 0>& ap_fixed_base<5, 3, true, (ap_q_mode)5, (ap_o_mode)3, 0>::operator=<33, 17, true, (ap_q_mode)5, (ap_o_mode)3, 0>(ap_fixed_base<33, 17, true, (ap_q_mode)5, (ap_o_mode)3, 0> const&)' (C:/Xilinx/Vitis_HLS/2022.2/common/technology/autopilot\ap_fixed_base.h:808:9)
INFO: [HLS 214-131] Inlining function '_ZN8ssdm_intILi5ELb1EEC2EDq5_i' into 'ap_fixed_base<5, 3, true, (ap_q_mode)5, (ap_o_mode)3, 0>::ap_fixed_base<33, 17, true, (ap_q_mode)5, (ap_o_mode)3, 0>(ap_fixed_base<33, 17, true, (ap_q_mode)5, (ap_o_mode)3, 0> const&)' (C:/Xilinx/Vitis_HLS/2022.2/common/technology/autopilot\ap_fixed_base.h:401:80)
INFO: [HLS 214-131] Inlining function 'ap_fixed_base<5, 3, true, (ap_q_mode)5, (ap_o_mode)3, 0>& ap_fixed_base<5, 3, true, (ap_q_mode)5, (ap_o_mode)3, 0>::operator=<33, 17, true, (ap_q_mode)5, (ap_o_mode)3, 0>(ap_fixed_base<33, 17, true, (ap_q_mode)5, (ap_o_mode)3, 0> const&)' into 'ap_fixed_base<5, 3, true, (ap_q_mode)5, (ap_o_mode)3, 0>::ap_fixed_base<33, 17, true, (ap_q_mode)5, (ap_o_mode)3, 0>(ap_fixed_base<33, 17, true, (ap_q_mode)5, (ap_o_mode)3, 0> const&)' (C:/Xilinx/Vitis_HLS/2022.2/common/technology/autopilot\ap_fixed_base.h:403:5)
INFO: [HLS 214-131] Inlining function 'ap_fixed_base<5, 3, true, (ap_q_mode)5, (ap_o_mode)3, 0>::ap_fixed_base<33, 17, true, (ap_q_mode)5, (ap_o_mode)3, 0>(ap_fixed_base<33, 17, true, (ap_q_mode)5, (ap_o_mode)3, 0> const&)' into 'ap_fixed<5, 3, (ap_q_mode)5, (ap_o_mode)3, 0>::ap_fixed<33, 17, true, (ap_q_mode)5, (ap_o_mode)3, 0>(ap_fixed_base<33, 17, true, (ap_q_mode)5, (ap_o_mode)3, 0> const&)'
INFO: [HLS 214-131] Inlining function 'ap_fixed_base<32, 32, true, (ap_q_mode)5, (ap_o_mode)3, 0>::operator!() const' into 'ap_fixed_base<4, 2, false, (ap_q_mode)5, (ap_o_mode)3, 0>& ap_fixed_base<4, 2, false, (ap_q_mode)5, (ap_o_mode)3, 0>::operator=<32, 32, true, (ap_q_mode)5, (ap_o_mode)3, 0>(ap_fixed_base<32, 32, true, (ap_q_mode)5, (ap_o_mode)3, 0> const&)' (C:/Xilinx/Vitis_HLS/2022.2/common/technology/autopilot\ap_fixed_base.h:808:9)
INFO: [HLS 214-131] Inlining function 'ap_fixed_base<4, 2, false, (ap_q_mode)5, (ap_o_mode)3, 0>& ap_fixed_base<4, 2, false, (ap_q_mode)5, (ap_o_mode)3, 0>::operator=<32, 32, true, (ap_q_mode)5, (ap_o_mode)3, 0>(ap_fixed_base<32, 32, true, (ap_q_mode)5, (ap_o_mode)3, 0> const&)' into 'ap_fixed_base<4, 2, false, (ap_q_mode)5, (ap_o_mode)3, 0>::ap_fixed_base(int)' (C:/Xilinx/Vitis_HLS/2022.2/common/technology/autopilot\ap_fixed_base.h:530:146)
INFO: [HLS 214-131] Inlining function 'ap_fixed_base<4, 2, false, (ap_q_mode)5, (ap_o_mode)3, 0>::ap_fixed_base(int)' into 'ap_ufixed<4, 2, (ap_q_mode)5, (ap_o_mode)3, 0>::ap_ufixed(int)'
INFO: [HLS 214-131] Inlining function 'af_range_ref<5, 3, true, (ap_q_mode)5, (ap_o_mode)3, 0>::af_range_ref(ap_fixed_base<5, 3, true, (ap_q_mode)5, (ap_o_mode)3, 0>*, int, int)' into 'ap_fixed_base<5, 3, true, (ap_q_mode)5, (ap_o_mode)3, 0>::range(int, int)' (C:/Xilinx/Vitis_HLS/2022.2/common/technology/autopilot\ap_fixed_base.h:1746:12)
INFO: [HLS 214-131] Inlining function 'ap_fixed_base<5, 3, true, (ap_q_mode)5, (ap_o_mode)3, 0>::range(int, int)' into 'ap_fixed_base<5, 3, true, (ap_q_mode)5, (ap_o_mode)3, 0>::operator()(int, int)' (C:/Xilinx/Vitis_HLS/2022.2/common/technology/autopilot\ap_fixed_base.h:1785:18)
INFO: [HLS 214-131] Inlining function 'af_range_ref<2, 2, true, (ap_q_mode)5, (ap_o_mode)3, 0>::af_range_ref(ap_fixed_base<2, 2, true, (ap_q_mode)5, (ap_o_mode)3, 0>*, int, int)' into 'ap_fixed_base<2, 2, true, (ap_q_mode)5, (ap_o_mode)3, 0>::range(int, int)' (C:/Xilinx/Vitis_HLS/2022.2/common/technology/autopilot\ap_fixed_base.h:1746:12)
INFO: [HLS 214-131] Inlining function 'ap_fixed_base<2, 2, true, (ap_q_mode)5, (ap_o_mode)3, 0>::range(int, int)' into 'ap_fixed_base<2, 2, true, (ap_q_mode)5, (ap_o_mode)3, 0>::operator()(int, int)' (C:/Xilinx/Vitis_HLS/2022.2/common/technology/autopilot\ap_fixed_base.h:1785:18)
INFO: [HLS 214-131] Inlining function 'af_range_ref<5, 3, true, (ap_q_mode)5, (ap_o_mode)3, 0>::get() const' into 'ap_int_base<5, false>::ap_int_base<5, 3, true, (ap_q_mode)5, (ap_o_mode)3, 0>(af_range_ref<5, 3, true, (ap_q_mode)5, (ap_o_mode)3, 0> const&)' (C:/Xilinx/Vitis_HLS/2022.2/common/technology/autopilot\ap_int_base.h:403:20)
INFO: [HLS 214-131] Inlining function 'ap_int_base<5, false>::ap_int_base<5, 3, true, (ap_q_mode)5, (ap_o_mode)3, 0>(af_range_ref<5, 3, true, (ap_q_mode)5, (ap_o_mode)3, 0> const&)' into 'af_range_ref<2, 2, true, (ap_q_mode)5, (ap_o_mode)3, 0>& af_range_ref<2, 2, true, (ap_q_mode)5, (ap_o_mode)3, 0>::operator=<5, 3, true, (ap_q_mode)5, (ap_o_mode)3, 0>(af_range_ref<5, 3, true, (ap_q_mode)5, (ap_o_mode)3, 0> const&)' (C:/Xilinx/Vitis_HLS/2022.2/common/technology/autopilot\ap_fixed_ref.h:335:32)
INFO: [HLS 214-131] Inlining function 'af_range_ref<2, 2, true, (ap_q_mode)5, (ap_o_mode)3, 0>& af_range_ref<2, 2, true, (ap_q_mode)5, (ap_o_mode)3, 0>::operator=<5, false>(ap_int_base<5, false> const&)' into 'af_range_ref<2, 2, true, (ap_q_mode)5, (ap_o_mode)3, 0>& af_range_ref<2, 2, true, (ap_q_mode)5, (ap_o_mode)3, 0>::operator=<5, 3, true, (ap_q_mode)5, (ap_o_mode)3, 0>(af_range_ref<5, 3, true, (ap_q_mode)5, (ap_o_mode)3, 0> const&)' (C:/Xilinx/Vitis_HLS/2022.2/common/technology/autopilot\ap_fixed_ref.h:336:12)
INFO: [HLS 214-131] Inlining function 'af_range_ref<2, 0, false, (ap_q_mode)5, (ap_o_mode)3, 0>::af_range_ref(ap_fixed_base<2, 0, false, (ap_q_mode)5, (ap_o_mode)3, 0>*, int, int)' into 'ap_fixed_base<2, 0, false, (ap_q_mode)5, (ap_o_mode)3, 0>::range(int, int)' (C:/Xilinx/Vitis_HLS/2022.2/common/technology/autopilot\ap_fixed_base.h:1746:12)
INFO: [HLS 214-131] Inlining function 'ap_fixed_base<2, 0, false, (ap_q_mode)5, (ap_o_mode)3, 0>::range(int, int)' into 'ap_fixed_base<2, 0, false, (ap_q_mode)5, (ap_o_mode)3, 0>::operator()(int, int)' (C:/Xilinx/Vitis_HLS/2022.2/common/technology/autopilot\ap_fixed_base.h:1785:18)
INFO: [HLS 214-131] Inlining function 'ap_int_base<5, false>::ap_int_base<5, 3, true, (ap_q_mode)5, (ap_o_mode)3, 0>(af_range_ref<5, 3, true, (ap_q_mode)5, (ap_o_mode)3, 0> const&)' into 'af_range_ref<2, 0, false, (ap_q_mode)5, (ap_o_mode)3, 0>& af_range_ref<2, 0, false, (ap_q_mode)5, (ap_o_mode)3, 0>::operator=<5, 3, true, (ap_q_mode)5, (ap_o_mode)3, 0>(af_range_ref<5, 3, true, (ap_q_mode)5, (ap_o_mode)3, 0> const&)' (C:/Xilinx/Vitis_HLS/2022.2/common/technology/autopilot\ap_fixed_ref.h:335:32)
INFO: [HLS 214-131] Inlining function 'af_range_ref<2, 0, false, (ap_q_mode)5, (ap_o_mode)3, 0>& af_range_ref<2, 0, false, (ap_q_mode)5, (ap_o_mode)3, 0>::operator=<5, false>(ap_int_base<5, false> const&)' into 'af_range_ref<2, 0, false, (ap_q_mode)5, (ap_o_mode)3, 0>& af_range_ref<2, 0, false, (ap_q_mode)5, (ap_o_mode)3, 0>::operator=<5, 3, true, (ap_q_mode)5, (ap_o_mode)3, 0>(af_range_ref<5, 3, true, (ap_q_mode)5, (ap_o_mode)3, 0> const&)' (C:/Xilinx/Vitis_HLS/2022.2/common/technology/autopilot\ap_fixed_ref.h:336:12)
INFO: [HLS 214-131] Inlining function 'af_bit_ref<5, 3, true, (ap_q_mode)5, (ap_o_mode)3, 0>::af_bit_ref(ap_fixed_base<5, 3, true, (ap_q_mode)5, (ap_o_mode)3, 0>*, int)' into 'ap_fixed_base<5, 3, true, (ap_q_mode)5, (ap_o_mode)3, 0>::operator[](unsigned int)' (C:/Xilinx/Vitis_HLS/2022.2/common/technology/autopilot\ap_fixed_base.h:1671:12)
INFO: [HLS 214-131] Inlining function 'af_bit_ref<5, 3, true, (ap_q_mode)5, (ap_o_mode)3, 0>::get() const' into 'bool af_bit_ref<5, 3, true, (ap_q_mode)5, (ap_o_mode)3, 0>::operator!=<5, 3, true, (ap_q_mode)5, (ap_o_mode)3, 0>(af_bit_ref<5, 3, true, (ap_q_mode)5, (ap_o_mode)3, 0> const&)' (C:/Xilinx/Vitis_HLS/2022.2/common/technology/autopilot\ap_fixed_ref.h:176:12)
INFO: [HLS 214-131] Inlining function 'af_bit_ref<5, 3, true, (ap_q_mode)5, (ap_o_mode)3, 0>::get() const' into 'bool af_bit_ref<5, 3, true, (ap_q_mode)5, (ap_o_mode)3, 0>::operator!=<5, 3, true, (ap_q_mode)5, (ap_o_mode)3, 0>(af_bit_ref<5, 3, true, (ap_q_mode)5, (ap_o_mode)3, 0> const&)' (C:/Xilinx/Vitis_HLS/2022.2/common/technology/autopilot\ap_fixed_ref.h:176:24)
INFO: [HLS 214-131] Inlining function 'ap_fixed_base<32, 32, true, (ap_q_mode)5, (ap_o_mode)3, 0>::ap_fixed_base(int)' into 'bool operator==<2, 2, true, (ap_q_mode)5, (ap_o_mode)3, 0>(ap_fixed_base<2, 2, true, (ap_q_mode)5, (ap_o_mode)3, 0> const&, int)' (C:/Xilinx/Vitis_HLS/2022.2/common/technology/autopilot\ap_fixed_base.h:2376:12423)
INFO: [HLS 214-131] Inlining function 'bool ap_fixed_base<2, 2, true, (ap_q_mode)5, (ap_o_mode)3, 0>::operator==<32, 32, true, (ap_q_mode)5, (ap_o_mode)3, 0>(ap_fixed_base<32, 32, true, (ap_q_mode)5, (ap_o_mode)3, 0> const&) const' into 'bool operator==<2, 2, true, (ap_q_mode)5, (ap_o_mode)3, 0>(ap_fixed_base<2, 2, true, (ap_q_mode)5, (ap_o_mode)3, 0> const&, int)' (C:/Xilinx/Vitis_HLS/2022.2/common/technology/autopilot\ap_fixed_base.h:2376:12411)
INFO: [HLS 214-131] Inlining function 'ap_fixed_base<2, 0, false, (ap_q_mode)5, (ap_o_mode)3, 0>::ap_fixed_base(char const*)' into 'ap_ufixed<2, 0, (ap_q_mode)5, (ap_o_mode)3, 0>::ap_ufixed(char const*)'
INFO: [HLS 214-131] Inlining function 'ap_fixed_base<4, 2, false, (ap_q_mode)5, (ap_o_mode)3, 0>::ap_fixed_base(char const*)' into 'ap_ufixed<4, 2, (ap_q_mode)5, (ap_o_mode)3, 0>::ap_ufixed(char const*)'
INFO: [HLS 214-131] Inlining function 'af_bit_ref<4, 2, false, (ap_q_mode)5, (ap_o_mode)3, 0>::af_bit_ref(ap_fixed_base<4, 2, false, (ap_q_mode)5, (ap_o_mode)3, 0>*, int)' into 'ap_fixed_base<4, 2, false, (ap_q_mode)5, (ap_o_mode)3, 0>::operator[](unsigned int)' (C:/Xilinx/Vitis_HLS/2022.2/common/technology/autopilot\ap_fixed_base.h:1671:12)
INFO: [HLS 214-131] Inlining function 'ap_fixed_base<4, 2, false, (ap_q_mode)5, (ap_o_mode)3, 0>::operator!() const' into 'ap_fixed_base<33, 17, true, (ap_q_mode)5, (ap_o_mode)3, 0>& ap_fixed_base<33, 17, true, (ap_q_mode)5, (ap_o_mode)3, 0>::operator=<4, 2, false, (ap_q_mode)5, (ap_o_mode)3, 0>(ap_fixed_base<4, 2, false, (ap_q_mode)5, (ap_o_mode)3, 0> const&)' (C:/Xilinx/Vitis_HLS/2022.2/common/technology/autopilot\ap_fixed_base.h:808:9)
INFO: [HLS 214-131] Inlining function '_ZN8ssdm_intILi33ELb1EEC2EDq33_i' into 'ap_fixed_base<33, 17, true, (ap_q_mode)5, (ap_o_mode)3, 0>::ap_fixed_base<4, 2, false, (ap_q_mode)5, (ap_o_mode)3, 0>(ap_fixed_base<4, 2, false, (ap_q_mode)5, (ap_o_mode)3, 0> const&)' (C:/Xilinx/Vitis_HLS/2022.2/common/technology/autopilot\ap_fixed_base.h:401:80)
INFO: [HLS 214-131] Inlining function 'ap_fixed_base<33, 17, true, (ap_q_mode)5, (ap_o_mode)3, 0>& ap_fixed_base<33, 17, true, (ap_q_mode)5, (ap_o_mode)3, 0>::operator=<4, 2, false, (ap_q_mode)5, (ap_o_mode)3, 0>(ap_fixed_base<4, 2, false, (ap_q_mode)5, (ap_o_mode)3, 0> const&)' into 'ap_fixed_base<33, 17, true, (ap_q_mode)5, (ap_o_mode)3, 0>::ap_fixed_base<4, 2, false, (ap_q_mode)5, (ap_o_mode)3, 0>(ap_fixed_base<4, 2, false, (ap_q_mode)5, (ap_o_mode)3, 0> const&)' (C:/Xilinx/Vitis_HLS/2022.2/common/technology/autopilot\ap_fixed_base.h:403:5)
INFO: [HLS 214-131] Inlining function 'ap_fixed_base<33, 17, true, (ap_q_mode)5, (ap_o_mode)3, 0>::ap_fixed_base<4, 2, false, (ap_q_mode)5, (ap_o_mode)3, 0>(ap_fixed_base<4, 2, false, (ap_q_mode)5, (ap_o_mode)3, 0> const&)' into 'ap_fixed<33, 17, (ap_q_mode)5, (ap_o_mode)3, 0>::ap_fixed<4, 2, false, (ap_q_mode)5, (ap_o_mode)3, 0>(ap_fixed_base<4, 2, false, (ap_q_mode)5, (ap_o_mode)3, 0> const&)'
INFO: [HLS 214-131] Inlining function 'ap_fixed_base<33, 17, true, (ap_q_mode)5, (ap_o_mode)3, 0>::operator!() const' into 'ap_fixed_base<11, 6, true, (ap_q_mode)5, (ap_o_mode)3, 0>& ap_fixed_base<11, 6, true, (ap_q_mode)5, (ap_o_mode)3, 0>::operator=<33, 17, true, (ap_q_mode)5, (ap_o_mode)3, 0>(ap_fixed_base<33, 17, true, (ap_q_mode)5, (ap_o_mode)3, 0> const&)' (C:/Xilinx/Vitis_HLS/2022.2/common/technology/autopilot\ap_fixed_base.h:808:9)
INFO: [HLS 214-131] Inlining function '_ZN8ssdm_intILi11ELb1EEC2EDq11_i' into 'ap_fixed_base<11, 6, true, (ap_q_mode)5, (ap_o_mode)3, 0>::ap_fixed_base<33, 17, true, (ap_q_mode)5, (ap_o_mode)3, 0>(ap_fixed_base<33, 17, true, (ap_q_mode)5, (ap_o_mode)3, 0> const&)' (C:/Xilinx/Vitis_HLS/2022.2/common/technology/autopilot\ap_fixed_base.h:401:80)
INFO: [HLS 214-131] Inlining function 'ap_fixed_base<11, 6, true, (ap_q_mode)5, (ap_o_mode)3, 0>& ap_fixed_base<11, 6, true, (ap_q_mode)5, (ap_o_mode)3, 0>::operator=<33, 17, true, (ap_q_mode)5, (ap_o_mode)3, 0>(ap_fixed_base<33, 17, true, (ap_q_mode)5, (ap_o_mode)3, 0> const&)' into 'ap_fixed_base<11, 6, true, (ap_q_mode)5, (ap_o_mode)3, 0>::ap_fixed_base<33, 17, true, (ap_q_mode)5, (ap_o_mode)3, 0>(ap_fixed_base<33, 17, true, (ap_q_mode)5, (ap_o_mode)3, 0> const&)' (C:/Xilinx/Vitis_HLS/2022.2/common/technology/autopilot\ap_fixed_base.h:403:5)
INFO: [HLS 214-131] Inlining function 'ap_fixed_base<11, 6, true, (ap_q_mode)5, (ap_o_mode)3, 0>::ap_fixed_base<33, 17, true, (ap_q_mode)5, (ap_o_mode)3, 0>(ap_fixed_base<33, 17, true, (ap_q_mode)5, (ap_o_mode)3, 0> const&)' into 'ap_fixed<11, 6, (ap_q_mode)5, (ap_o_mode)3, 0>::ap_fixed<33, 17, true, (ap_q_mode)5, (ap_o_mode)3, 0>(ap_fixed_base<33, 17, true, (ap_q_mode)5, (ap_o_mode)3, 0> const&)'
INFO: [HLS 214-131] Inlining function 'ap_fixed_base<32, 32, true, (ap_q_mode)5, (ap_o_mode)3, 0>::operator!() const' into 'ap_fixed_base<10, 5, false, (ap_q_mode)5, (ap_o_mode)3, 0>& ap_fixed_base<10, 5, false, (ap_q_mode)5, (ap_o_mode)3, 0>::operator=<32, 32, true, (ap_q_mode)5, (ap_o_mode)3, 0>(ap_fixed_base<32, 32, true, (ap_q_mode)5, (ap_o_mode)3, 0> const&)' (C:/Xilinx/Vitis_HLS/2022.2/common/technology/autopilot\ap_fixed_base.h:808:9)
INFO: [HLS 214-131] Inlining function 'ap_fixed_base<10, 5, false, (ap_q_mode)5, (ap_o_mode)3, 0>& ap_fixed_base<10, 5, false, (ap_q_mode)5, (ap_o_mode)3, 0>::operator=<32, 32, true, (ap_q_mode)5, (ap_o_mode)3, 0>(ap_fixed_base<32, 32, true, (ap_q_mode)5, (ap_o_mode)3, 0> const&)' into 'ap_fixed_base<10, 5, false, (ap_q_mode)5, (ap_o_mode)3, 0>::ap_fixed_base(int)' (C:/Xilinx/Vitis_HLS/2022.2/common/technology/autopilot\ap_fixed_base.h:530:146)
INFO: [HLS 214-131] Inlining function 'ap_fixed_base<10, 5, false, (ap_q_mode)5, (ap_o_mode)3, 0>::ap_fixed_base(int)' into 'ap_ufixed<10, 5, (ap_q_mode)5, (ap_o_mode)3, 0>::ap_ufixed(int)'
INFO: [HLS 214-131] Inlining function 'af_range_ref<11, 6, true, (ap_q_mode)5, (ap_o_mode)3, 0>::af_range_ref(ap_fixed_base<11, 6, true, (ap_q_mode)5, (ap_o_mode)3, 0>*, int, int)' into 'ap_fixed_base<11, 6, true, (ap_q_mode)5, (ap_o_mode)3, 0>::range(int, int)' (C:/Xilinx/Vitis_HLS/2022.2/common/technology/autopilot\ap_fixed_base.h:1746:12)
INFO: [HLS 214-131] Inlining function 'ap_fixed_base<11, 6, true, (ap_q_mode)5, (ap_o_mode)3, 0>::range(int, int)' into 'ap_fixed_base<11, 6, true, (ap_q_mode)5, (ap_o_mode)3, 0>::operator()(int, int)' (C:/Xilinx/Vitis_HLS/2022.2/common/technology/autopilot\ap_fixed_base.h:1785:18)
INFO: [HLS 214-131] Inlining function 'af_range_ref<3, 3, true, (ap_q_mode)5, (ap_o_mode)3, 0>::af_range_ref(ap_fixed_base<3, 3, true, (ap_q_mode)5, (ap_o_mode)3, 0>*, int, int)' into 'ap_fixed_base<3, 3, true, (ap_q_mode)5, (ap_o_mode)3, 0>::range(int, int)' (C:/Xilinx/Vitis_HLS/2022.2/common/technology/autopilot\ap_fixed_base.h:1746:12)
INFO: [HLS 214-131] Inlining function 'ap_fixed_base<3, 3, true, (ap_q_mode)5, (ap_o_mode)3, 0>::range(int, int)' into 'ap_fixed_base<3, 3, true, (ap_q_mode)5, (ap_o_mode)3, 0>::operator()(int, int)' (C:/Xilinx/Vitis_HLS/2022.2/common/technology/autopilot\ap_fixed_base.h:1785:18)
INFO: [HLS 214-131] Inlining function 'af_range_ref<11, 6, true, (ap_q_mode)5, (ap_o_mode)3, 0>::get() const' into 'ap_int_base<11, false>::ap_int_base<11, 6, true, (ap_q_mode)5, (ap_o_mode)3, 0>(af_range_ref<11, 6, true, (ap_q_mode)5, (ap_o_mode)3, 0> const&)' (C:/Xilinx/Vitis_HLS/2022.2/common/technology/autopilot\ap_int_base.h:403:20)
INFO: [HLS 214-131] Inlining function 'ap_int_base<11, false>::ap_int_base<11, 6, true, (ap_q_mode)5, (ap_o_mode)3, 0>(af_range_ref<11, 6, true, (ap_q_mode)5, (ap_o_mode)3, 0> const&)' into 'af_range_ref<3, 3, true, (ap_q_mode)5, (ap_o_mode)3, 0>& af_range_ref<3, 3, true, (ap_q_mode)5, (ap_o_mode)3, 0>::operator=<11, 6, true, (ap_q_mode)5, (ap_o_mode)3, 0>(af_range_ref<11, 6, true, (ap_q_mode)5, (ap_o_mode)3, 0> const&)' (C:/Xilinx/Vitis_HLS/2022.2/common/technology/autopilot\ap_fixed_ref.h:335:32)
INFO: [HLS 214-131] Inlining function 'af_range_ref<3, 3, true, (ap_q_mode)5, (ap_o_mode)3, 0>& af_range_ref<3, 3, true, (ap_q_mode)5, (ap_o_mode)3, 0>::operator=<11, false>(ap_int_base<11, false> const&)' into 'af_range_ref<3, 3, true, (ap_q_mode)5, (ap_o_mode)3, 0>& af_range_ref<3, 3, true, (ap_q_mode)5, (ap_o_mode)3, 0>::operator=<11, 6, true, (ap_q_mode)5, (ap_o_mode)3, 0>(af_range_ref<11, 6, true, (ap_q_mode)5, (ap_o_mode)3, 0> const&)' (C:/Xilinx/Vitis_HLS/2022.2/common/technology/autopilot\ap_fixed_ref.h:336:12)
INFO: [HLS 214-131] Inlining function 'af_range_ref<5, 0, false, (ap_q_mode)5, (ap_o_mode)3, 0>::af_range_ref(ap_fixed_base<5, 0, false, (ap_q_mode)5, (ap_o_mode)3, 0>*, int, int)' into 'ap_fixed_base<5, 0, false, (ap_q_mode)5, (ap_o_mode)3, 0>::range(int, int)' (C:/Xilinx/Vitis_HLS/2022.2/common/technology/autopilot\ap_fixed_base.h:1746:12)
INFO: [HLS 214-131] Inlining function 'ap_fixed_base<5, 0, false, (ap_q_mode)5, (ap_o_mode)3, 0>::range(int, int)' into 'ap_fixed_base<5, 0, false, (ap_q_mode)5, (ap_o_mode)3, 0>::operator()(int, int)' (C:/Xilinx/Vitis_HLS/2022.2/common/technology/autopilot\ap_fixed_base.h:1785:18)
INFO: [HLS 214-131] Inlining function 'ap_int_base<11, false>::ap_int_base<11, 6, true, (ap_q_mode)5, (ap_o_mode)3, 0>(af_range_ref<11, 6, true, (ap_q_mode)5, (ap_o_mode)3, 0> const&)' into 'af_range_ref<5, 0, false, (ap_q_mode)5, (ap_o_mode)3, 0>& af_range_ref<5, 0, false, (ap_q_mode)5, (ap_o_mode)3, 0>::operator=<11, 6, true, (ap_q_mode)5, (ap_o_mode)3, 0>(af_range_ref<11, 6, true, (ap_q_mode)5, (ap_o_mode)3, 0> const&)' (C:/Xilinx/Vitis_HLS/2022.2/common/technology/autopilot\ap_fixed_ref.h:335:32)
INFO: [HLS 214-131] Inlining function 'af_range_ref<5, 0, false, (ap_q_mode)5, (ap_o_mode)3, 0>& af_range_ref<5, 0, false, (ap_q_mode)5, (ap_o_mode)3, 0>::operator=<11, false>(ap_int_base<11, false> const&)' into 'af_range_ref<5, 0, false, (ap_q_mode)5, (ap_o_mode)3, 0>& af_range_ref<5, 0, false, (ap_q_mode)5, (ap_o_mode)3, 0>::operator=<11, 6, true, (ap_q_mode)5, (ap_o_mode)3, 0>(af_range_ref<11, 6, true, (ap_q_mode)5, (ap_o_mode)3, 0> const&)' (C:/Xilinx/Vitis_HLS/2022.2/common/technology/autopilot\ap_fixed_ref.h:336:12)
INFO: [HLS 214-131] Inlining function 'af_bit_ref<11, 6, true, (ap_q_mode)5, (ap_o_mode)3, 0>::af_bit_ref(ap_fixed_base<11, 6, true, (ap_q_mode)5, (ap_o_mode)3, 0>*, int)' into 'ap_fixed_base<11, 6, true, (ap_q_mode)5, (ap_o_mode)3, 0>::operator[](unsigned int)' (C:/Xilinx/Vitis_HLS/2022.2/common/technology/autopilot\ap_fixed_base.h:1671:12)
INFO: [HLS 214-131] Inlining function 'af_bit_ref<11, 6, true, (ap_q_mode)5, (ap_o_mode)3, 0>::get() const' into 'bool af_bit_ref<11, 6, true, (ap_q_mode)5, (ap_o_mode)3, 0>::operator!=<11, 6, true, (ap_q_mode)5, (ap_o_mode)3, 0>(af_bit_ref<11, 6, true, (ap_q_mode)5, (ap_o_mode)3, 0> const&)' (C:/Xilinx/Vitis_HLS/2022.2/common/technology/autopilot\ap_fixed_ref.h:176:12)
INFO: [HLS 214-131] Inlining function 'af_bit_ref<11, 6, true, (ap_q_mode)5, (ap_o_mode)3, 0>::get() const' into 'bool af_bit_ref<11, 6, true, (ap_q_mode)5, (ap_o_mode)3, 0>::operator!=<11, 6, true, (ap_q_mode)5, (ap_o_mode)3, 0>(af_bit_ref<11, 6, true, (ap_q_mode)5, (ap_o_mode)3, 0> const&)' (C:/Xilinx/Vitis_HLS/2022.2/common/technology/autopilot\ap_fixed_ref.h:176:24)
INFO: [HLS 214-131] Inlining function 'ap_fixed_base<32, 32, true, (ap_q_mode)5, (ap_o_mode)3, 0>::ap_fixed_base(int)' into 'bool operator==<3, 3, true, (ap_q_mode)5, (ap_o_mode)3, 0>(ap_fixed_base<3, 3, true, (ap_q_mode)5, (ap_o_mode)3, 0> const&, int)' (C:/Xilinx/Vitis_HLS/2022.2/common/technology/autopilot\ap_fixed_base.h:2376:12423)
INFO: [HLS 214-131] Inlining function 'bool ap_fixed_base<3, 3, true, (ap_q_mode)5, (ap_o_mode)3, 0>::operator==<32, 32, true, (ap_q_mode)5, (ap_o_mode)3, 0>(ap_fixed_base<32, 32, true, (ap_q_mode)5, (ap_o_mode)3, 0> const&) const' into 'bool operator==<3, 3, true, (ap_q_mode)5, (ap_o_mode)3, 0>(ap_fixed_base<3, 3, true, (ap_q_mode)5, (ap_o_mode)3, 0> const&, int)' (C:/Xilinx/Vitis_HLS/2022.2/common/technology/autopilot\ap_fixed_base.h:2376:12411)
INFO: [HLS 214-131] Inlining function 'ap_fixed_base<5, 0, true, (ap_q_mode)5, (ap_o_mode)3, 0>::ap_fixed_base(char const*)' into 'ap_fixed<5, 0, (ap_q_mode)5, (ap_o_mode)3, 0>::ap_fixed(char const*)'
INFO: [HLS 214-131] Inlining function 'ap_fixed_base<10, 5, false, (ap_q_mode)5, (ap_o_mode)3, 0>::ap_fixed_base(char const*)' into 'ap_ufixed<10, 5, (ap_q_mode)5, (ap_o_mode)3, 0>::ap_ufixed(char const*)'
INFO: [HLS 214-131] Inlining function 'ap_bit_ref<4, false>::ap_bit_ref(ap_int_base<4, false>*, int)' into 'ap_int_base<4, false>::operator[](int)' (C:/Xilinx/Vitis_HLS/2022.2/common/technology/autopilot\ap_int_base.h:1129:30)
INFO: [HLS 214-131] Inlining function 'af_bit_ref<11, 6, true, (ap_q_mode)5, (ap_o_mode)3, 0>::operator bool() const' into 'ap_bit_ref<4, false>& ap_bit_ref<4, false>::operator=<11, 6, true, (ap_q_mode)5, (ap_o_mode)3, 0>(af_bit_ref<11, 6, true, (ap_q_mode)5, (ap_o_mode)3, 0> const&)' (C:/Xilinx/Vitis_HLS/2022.2/common/technology/autopilot\ap_int_ref.h:859:38)
INFO: [HLS 214-131] Inlining function 'ap_bit_ref<4, false>::operator=(unsigned long long)' into 'ap_bit_ref<4, false>& ap_bit_ref<4, false>::operator=<11, 6, true, (ap_q_mode)5, (ap_o_mode)3, 0>(af_bit_ref<11, 6, true, (ap_q_mode)5, (ap_o_mode)3, 0> const&)' (C:/Xilinx/Vitis_HLS/2022.2/common/technology/autopilot\ap_int_ref.h:859:12)
INFO: [HLS 214-131] Inlining function 'ap_range_ref<4, false>::ap_range_ref(ap_int_base<4, false>*, int, int)' into 'ap_int_base<4, false>::range(int, int)' (C:/Xilinx/Vitis_HLS/2022.2/common/technology/autopilot\ap_int_base.h:1048:12)
INFO: [HLS 214-131] Inlining function 'ap_int_base<4, false>::range(int, int)' into 'ap_int_base<4, false>::operator()(int, int)' (C:/Xilinx/Vitis_HLS/2022.2/common/technology/autopilot\ap_int_base.h:1085:18)
INFO: [HLS 214-131] Inlining function '_ZN8ssdm_intILi4ELb0EEC2EDq4_j' into 'ap_int_base<4, false>::ap_int_base<11, false>(ap_int_base<11, false> const&)' (C:/Xilinx/Vitis_HLS/2022.2/common/technology/autopilot\ap_int_base.h:185:106)
INFO: [HLS 214-131] Inlining function 'ap_int_base<4, false>::ap_int_base<11, false>(ap_int_base<11, false> const&)' into 'ap_range_ref<4, false>& ap_range_ref<4, false>::operator=<11, false>(ap_int_base<11, false> const&)' (C:/Xilinx/Vitis_HLS/2022.2/common/technology/autopilot\ap_int_ref.h:367:31)
INFO: [HLS 214-131] Inlining function 'ap_int_base<11, false>::ap_int_base<11, 6, true, (ap_q_mode)5, (ap_o_mode)3, 0>(af_range_ref<11, 6, true, (ap_q_mode)5, (ap_o_mode)3, 0> const&)' into 'ap_range_ref<4, false>& ap_range_ref<4, false>::operator=<11, 6, true, (ap_q_mode)5, (ap_o_mode)3, 0>(af_range_ref<11, 6, true, (ap_q_mode)5, (ap_o_mode)3, 0> const&)' (C:/Xilinx/Vitis_HLS/2022.2/common/technology/autopilot\ap_int_ref.h:405:22)
INFO: [HLS 214-131] Inlining function 'ap_range_ref<4, false>& ap_range_ref<4, false>::operator=<11, false>(ap_int_base<11, false> const&)' into 'ap_range_ref<4, false>& ap_range_ref<4, false>::operator=<11, 6, true, (ap_q_mode)5, (ap_o_mode)3, 0>(af_range_ref<11, 6, true, (ap_q_mode)5, (ap_o_mode)3, 0> const&)' (C:/Xilinx/Vitis_HLS/2022.2/common/technology/autopilot\ap_int_ref.h:405:12)
INFO: [HLS 214-131] Inlining function 'ap_fixed_base<11, 6, true, (ap_q_mode)5, (ap_o_mode)3, 0>::operator!() const' into 'ap_fixed_base<4, -1, false, (ap_q_mode)5, (ap_o_mode)3, 0>& ap_fixed_base<4, -1, false, (ap_q_mode)5, (ap_o_mode)3, 0>::operator=<11, 6, true, (ap_q_mode)5, (ap_o_mode)3, 0>(ap_fixed_base<11, 6, true, (ap_q_mode)5, (ap_o_mode)3, 0> const&)' (C:/Xilinx/Vitis_HLS/2022.2/common/technology/autopilot\ap_fixed_base.h:808:9)
INFO: [HLS 214-131] Inlining function '_ZN8ssdm_intILi4ELb0EEC2EDq4_j' into 'ap_fixed_base<4, -1, false, (ap_q_mode)5, (ap_o_mode)3, 0>::ap_fixed_base<11, 6, true, (ap_q_mode)5, (ap_o_mode)3, 0>(ap_fixed_base<11, 6, true, (ap_q_mode)5, (ap_o_mode)3, 0> const&)' (C:/Xilinx/Vitis_HLS/2022.2/common/technology/autopilot\ap_fixed_base.h:401:80)
INFO: [HLS 214-131] Inlining function 'ap_fixed_base<4, -1, false, (ap_q_mode)5, (ap_o_mode)3, 0>& ap_fixed_base<4, -1, false, (ap_q_mode)5, (ap_o_mode)3, 0>::operator=<11, 6, true, (ap_q_mode)5, (ap_o_mode)3, 0>(ap_fixed_base<11, 6, true, (ap_q_mode)5, (ap_o_mode)3, 0> const&)' into 'ap_fixed_base<4, -1, false, (ap_q_mode)5, (ap_o_mode)3, 0>::ap_fixed_base<11, 6, true, (ap_q_mode)5, (ap_o_mode)3, 0>(ap_fixed_base<11, 6, true, (ap_q_mode)5, (ap_o_mode)3, 0> const&)' (C:/Xilinx/Vitis_HLS/2022.2/common/technology/autopilot\ap_fixed_base.h:403:5)
INFO: [HLS 214-131] Inlining function 'ap_fixed_base<4, -1, false, (ap_q_mode)5, (ap_o_mode)3, 0>::ap_fixed_base<11, 6, true, (ap_q_mode)5, (ap_o_mode)3, 0>(ap_fixed_base<11, 6, true, (ap_q_mode)5, (ap_o_mode)3, 0> const&)' into 'ap_ufixed<4, -1, (ap_q_mode)5, (ap_o_mode)3, 0>::ap_ufixed<11, 6, true, (ap_q_mode)5, (ap_o_mode)3, 0>(ap_fixed_base<11, 6, true, (ap_q_mode)5, (ap_o_mode)3, 0> const&)'
INFO: [HLS 214-131] Inlining function 'ap_fixed_base<12, 0, false, (ap_q_mode)5, (ap_o_mode)3, 0>::ap_fixed_base(char const*)' into 'ap_ufixed<12, 0, (ap_q_mode)5, (ap_o_mode)3, 0>::ap_ufixed(char const*)'
INFO: [HLS 214-131] Inlining function 'ap_fixed_base<12, 5, false, (ap_q_mode)5, (ap_o_mode)3, 0>::ap_fixed_base(char const*)' into 'ap_ufixed<12, 5, (ap_q_mode)5, (ap_o_mode)3, 0>::ap_ufixed(char const*)'
INFO: [HLS 214-131] Inlining function 'ap_fixed_base<32, 32, true, (ap_q_mode)5, (ap_o_mode)3, 0>::operator!() const' into 'ap_fixed_base<24, 5, false, (ap_q_mode)5, (ap_o_mode)3, 0>& ap_fixed_base<24, 5, false, (ap_q_mode)5, (ap_o_mode)3, 0>::operator=<32, 32, true, (ap_q_mode)5, (ap_o_mode)3, 0>(ap_fixed_base<32, 32, true, (ap_q_mode)5, (ap_o_mode)3, 0> const&)' (C:/Xilinx/Vitis_HLS/2022.2/common/technology/autopilot\ap_fixed_base.h:808:9)
INFO: [HLS 214-131] Inlining function 'ap_fixed_base<24, 5, false, (ap_q_mode)5, (ap_o_mode)3, 0>& ap_fixed_base<24, 5, false, (ap_q_mode)5, (ap_o_mode)3, 0>::operator=<32, 32, true, (ap_q_mode)5, (ap_o_mode)3, 0>(ap_fixed_base<32, 32, true, (ap_q_mode)5, (ap_o_mode)3, 0> const&)' into 'ap_fixed_base<24, 5, false, (ap_q_mode)5, (ap_o_mode)3, 0>::ap_fixed_base(int)' (C:/Xilinx/Vitis_HLS/2022.2/common/technology/autopilot\ap_fixed_base.h:530:146)
INFO: [HLS 214-131] Inlining function 'ap_fixed_base<24, 5, false, (ap_q_mode)5, (ap_o_mode)3, 0>::ap_fixed_base(int)' into 'ap_fixed_base<12, 5, false, (ap_q_mode)5, (ap_o_mode)3, 0>::RType<12, 0, false>::mult ap_fixed_base<12, 5, false, (ap_q_mode)5, (ap_o_mode)3, 0>::operator*<12, 0, false, (ap_q_mode)5, (ap_o_mode)3, 0>(ap_fixed_base<12, 0, false, (ap_q_mode)5, (ap_o_mode)3, 0> const&) const' (C:/Xilinx/Vitis_HLS/2022.2/common/technology/autopilot\ap_fixed_base.h:1270:55)
INFO: [HLS 214-131] Inlining function 'ap_fixed_base<24, 5, false, (ap_q_mode)5, (ap_o_mode)3, 0>::ap_fixed_base(int)' into 'ap_fixed_base<12, 5, false, (ap_q_mode)5, (ap_o_mode)3, 0>::RType<12, 0, false>::mult ap_fixed_base<12, 5, false, (ap_q_mode)5, (ap_o_mode)3, 0>::operator*<12, 0, false, (ap_q_mode)5, (ap_o_mode)3, 0>(ap_fixed_base<12, 0, false, (ap_q_mode)5, (ap_o_mode)3, 0> const&) const' (C:/Xilinx/Vitis_HLS/2022.2/common/technology/autopilot\ap_fixed_base.h:1270:61)
INFO: [HLS 214-131] Inlining function 'ap_fixed_base<24, 5, false, (ap_q_mode)5, (ap_o_mode)3, 0>::operator!() const' into 'ap_fixed_base<12, 5, false, (ap_q_mode)5, (ap_o_mode)3, 0>& ap_fixed_base<12, 5, false, (ap_q_mode)5, (ap_o_mode)3, 0>::operator=<24, 5, false, (ap_q_mode)5, (ap_o_mode)3, 0>(ap_fixed_base<24, 5, false, (ap_q_mode)5, (ap_o_mode)3, 0> const&)' (C:/Xilinx/Vitis_HLS/2022.2/common/technology/autopilot\ap_fixed_base.h:808:9)
INFO: [HLS 214-131] Inlining function '_ZN8ssdm_intILi12ELb0EEC2EDq12_j' into 'ap_fixed_base<12, 5, false, (ap_q_mode)5, (ap_o_mode)3, 0>::ap_fixed_base<24, 5, false, (ap_q_mode)5, (ap_o_mode)3, 0>(ap_fixed_base<24, 5, false, (ap_q_mode)5, (ap_o_mode)3, 0> const&)' (C:/Xilinx/Vitis_HLS/2022.2/common/technology/autopilot\ap_fixed_base.h:401:80)
INFO: [HLS 214-131] Inlining function 'ap_fixed_base<12, 5, false, (ap_q_mode)5, (ap_o_mode)3, 0>& ap_fixed_base<12, 5, false, (ap_q_mode)5, (ap_o_mode)3, 0>::operator=<24, 5, false, (ap_q_mode)5, (ap_o_mode)3, 0>(ap_fixed_base<24, 5, false, (ap_q_mode)5, (ap_o_mode)3, 0> const&)' into 'ap_fixed_base<12, 5, false, (ap_q_mode)5, (ap_o_mode)3, 0>::ap_fixed_base<24, 5, false, (ap_q_mode)5, (ap_o_mode)3, 0>(ap_fixed_base<24, 5, false, (ap_q_mode)5, (ap_o_mode)3, 0> const&)' (C:/Xilinx/Vitis_HLS/2022.2/common/technology/autopilot\ap_fixed_base.h:403:5)
INFO: [HLS 214-131] Inlining function 'ap_fixed_base<12, 5, false, (ap_q_mode)5, (ap_o_mode)3, 0>::ap_fixed_base<24, 5, false, (ap_q_mode)5, (ap_o_mode)3, 0>(ap_fixed_base<24, 5, false, (ap_q_mode)5, (ap_o_mode)3, 0> const&)' into 'ap_ufixed<12, 5, (ap_q_mode)5, (ap_o_mode)3, 0>::ap_ufixed<24, 5, false, (ap_q_mode)5, (ap_o_mode)3, 0>(ap_fixed_base<24, 5, false, (ap_q_mode)5, (ap_o_mode)3, 0> const&)'
INFO: [HLS 214-131] Inlining function 'ap_fixed_base<32, 32, true, (ap_q_mode)5, (ap_o_mode)3, 0>::operator!() const' into 'ap_fixed_base<13, 6, false, (ap_q_mode)5, (ap_o_mode)3, 0>& ap_fixed_base<13, 6, false, (ap_q_mode)5, (ap_o_mode)3, 0>::operator=<32, 32, true, (ap_q_mode)5, (ap_o_mode)3, 0>(ap_fixed_base<32, 32, true, (ap_q_mode)5, (ap_o_mode)3, 0> const&)' (C:/Xilinx/Vitis_HLS/2022.2/common/technology/autopilot\ap_fixed_base.h:808:9)
INFO: [HLS 214-131] Inlining function 'ap_fixed_base<13, 6, false, (ap_q_mode)5, (ap_o_mode)3, 0>& ap_fixed_base<13, 6, false, (ap_q_mode)5, (ap_o_mode)3, 0>::operator=<32, 32, true, (ap_q_mode)5, (ap_o_mode)3, 0>(ap_fixed_base<32, 32, true, (ap_q_mode)5, (ap_o_mode)3, 0> const&)' into 'ap_fixed_base<13, 6, false, (ap_q_mode)5, (ap_o_mode)3, 0>::ap_fixed_base(int)' (C:/Xilinx/Vitis_HLS/2022.2/common/technology/autopilot\ap_fixed_base.h:530:146)
INFO: [HLS 214-131] Inlining function 'ap_fixed_base<12, 5, false, (ap_q_mode)5, (ap_o_mode)3, 0>::operator!() const' into 'ap_fixed_base<13, 6, false, (ap_q_mode)5, (ap_o_mode)3, 0>& ap_fixed_base<13, 6, false, (ap_q_mode)5, (ap_o_mode)3, 0>::operator=<12, 5, false, (ap_q_mode)5, (ap_o_mode)3, 0>(ap_fixed_base<12, 5, false, (ap_q_mode)5, (ap_o_mode)3, 0> const&)' (C:/Xilinx/Vitis_HLS/2022.2/common/technology/autopilot\ap_fixed_base.h:808:9)
INFO: [HLS 214-131] Inlining function '_ZN8ssdm_intILi13ELb0EEC2EDq13_j' into 'ap_fixed_base<13, 6, false, (ap_q_mode)5, (ap_o_mode)3, 0>::ap_fixed_base<12, 5, false, (ap_q_mode)5, (ap_o_mode)3, 0>(ap_fixed_base<12, 5, false, (ap_q_mode)5, (ap_o_mode)3, 0> const&)' (C:/Xilinx/Vitis_HLS/2022.2/common/technology/autopilot\ap_fixed_base.h:401:80)
INFO: [HLS 214-131] Inlining function 'ap_fixed_base<13, 6, false, (ap_q_mode)5, (ap_o_mode)3, 0>& ap_fixed_base<13, 6, false, (ap_q_mode)5, (ap_o_mode)3, 0>::operator=<12, 5, false, (ap_q_mode)5, (ap_o_mode)3, 0>(ap_fixed_base<12, 5, false, (ap_q_mode)5, (ap_o_mode)3, 0> const&)' into 'ap_fixed_base<13, 6, false, (ap_q_mode)5, (ap_o_mode)3, 0>::ap_fixed_base<12, 5, false, (ap_q_mode)5, (ap_o_mode)3, 0>(ap_fixed_base<12, 5, false, (ap_q_mode)5, (ap_o_mode)3, 0> const&)' (C:/Xilinx/Vitis_HLS/2022.2/common/technology/autopilot\ap_fixed_base.h:403:5)
INFO: [HLS 214-131] Inlining function 'ap_fixed_base<13, 6, false, (ap_q_mode)5, (ap_o_mode)3, 0>::ap_fixed_base(int)' into 'ap_fixed_base<12, 5, false, (ap_q_mode)5, (ap_o_mode)3, 0>::RType<12, 5, false>::plus ap_fixed_base<12, 5, false, (ap_q_mode)5, (ap_o_mode)3, 0>::operator+<12, 5, false, (ap_q_mode)5, (ap_o_mode)3, 0>(ap_fixed_base<12, 5, false, (ap_q_mode)5, (ap_o_mode)3, 0> const&) const' (C:/Xilinx/Vitis_HLS/2022.2/common/technology/autopilot\ap_fixed_base.h:1347:325)
INFO: [HLS 214-131] Inlining function 'ap_fixed_base<13, 6, false, (ap_q_mode)5, (ap_o_mode)3, 0>::ap_fixed_base<12, 5, false, (ap_q_mode)5, (ap_o_mode)3, 0>(ap_fixed_base<12, 5, false, (ap_q_mode)5, (ap_o_mode)3, 0> const&)' into 'ap_fixed_base<12, 5, false, (ap_q_mode)5, (ap_o_mode)3, 0>::RType<12, 5, false>::plus ap_fixed_base<12, 5, false, (ap_q_mode)5, (ap_o_mode)3, 0>::operator+<12, 5, false, (ap_q_mode)5, (ap_o_mode)3, 0>(ap_fixed_base<12, 5, false, (ap_q_mode)5, (ap_o_mode)3, 0> const&) const' (C:/Xilinx/Vitis_HLS/2022.2/common/technology/autopilot\ap_fixed_base.h:1347:345)
INFO: [HLS 214-131] Inlining function 'ap_fixed_base<13, 6, false, (ap_q_mode)5, (ap_o_mode)3, 0>::ap_fixed_base<12, 5, false, (ap_q_mode)5, (ap_o_mode)3, 0>(ap_fixed_base<12, 5, false, (ap_q_mode)5, (ap_o_mode)3, 0> const&)' into 'ap_fixed_base<12, 5, false, (ap_q_mode)5, (ap_o_mode)3, 0>::RType<12, 5, false>::plus ap_fixed_base<12, 5, false, (ap_q_mode)5, (ap_o_mode)3, 0>::operator+<12, 5, false, (ap_q_mode)5, (ap_o_mode)3, 0>(ap_fixed_base<12, 5, false, (ap_q_mode)5, (ap_o_mode)3, 0> const&) const' (C:/Xilinx/Vitis_HLS/2022.2/common/technology/autopilot\ap_fixed_base.h:1347:333)
INFO: [HLS 214-131] Inlining function 'ap_fixed_base<13, 6, false, (ap_q_mode)5, (ap_o_mode)3, 0>::operator!() const' into 'ap_fixed_base<12, 5, false, (ap_q_mode)5, (ap_o_mode)3, 0>& ap_fixed_base<12, 5, false, (ap_q_mode)5, (ap_o_mode)3, 0>::operator=<13, 6, false, (ap_q_mode)5, (ap_o_mode)3, 0>(ap_fixed_base<13, 6, false, (ap_q_mode)5, (ap_o_mode)3, 0> const&)' (C:/Xilinx/Vitis_HLS/2022.2/common/technology/autopilot\ap_fixed_base.h:808:9)
INFO: [HLS 214-131] Inlining function '_ZN8ssdm_intILi12ELb0EEC2EDq12_j' into 'ap_fixed_base<12, 5, false, (ap_q_mode)5, (ap_o_mode)3, 0>::ap_fixed_base<13, 6, false, (ap_q_mode)5, (ap_o_mode)3, 0>(ap_fixed_base<13, 6, false, (ap_q_mode)5, (ap_o_mode)3, 0> const&)' (C:/Xilinx/Vitis_HLS/2022.2/common/technology/autopilot\ap_fixed_base.h:401:80)
INFO: [HLS 214-131] Inlining function 'ap_fixed_base<12, 5, false, (ap_q_mode)5, (ap_o_mode)3, 0>& ap_fixed_base<12, 5, false, (ap_q_mode)5, (ap_o_mode)3, 0>::operator=<13, 6, false, (ap_q_mode)5, (ap_o_mode)3, 0>(ap_fixed_base<13, 6, false, (ap_q_mode)5, (ap_o_mode)3, 0> const&)' into 'ap_fixed_base<12, 5, false, (ap_q_mode)5, (ap_o_mode)3, 0>::ap_fixed_base<13, 6, false, (ap_q_mode)5, (ap_o_mode)3, 0>(ap_fixed_base<13, 6, false, (ap_q_mode)5, (ap_o_mode)3, 0> const&)' (C:/Xilinx/Vitis_HLS/2022.2/common/technology/autopilot\ap_fixed_base.h:403:5)
INFO: [HLS 214-131] Inlining function 'ap_fixed_base<12, 5, false, (ap_q_mode)5, (ap_o_mode)3, 0>::ap_fixed_base<13, 6, false, (ap_q_mode)5, (ap_o_mode)3, 0>(ap_fixed_base<13, 6, false, (ap_q_mode)5, (ap_o_mode)3, 0> const&)' into 'ap_ufixed<12, 5, (ap_q_mode)5, (ap_o_mode)3, 0>::ap_ufixed<13, 6, false, (ap_q_mode)5, (ap_o_mode)3, 0>(ap_fixed_base<13, 6, false, (ap_q_mode)5, (ap_o_mode)3, 0> const&)'
INFO: [HLS 214-131] Inlining function 'ap_fixed_base<12, 5, false, (ap_q_mode)5, (ap_o_mode)3, 0>::operator!() const' into 'ap_fixed_base<10, 5, false, (ap_q_mode)5, (ap_o_mode)3, 0>& ap_fixed_base<10, 5, false, (ap_q_mode)5, (ap_o_mode)3, 0>::operator=<12, 5, false, (ap_q_mode)5, (ap_o_mode)3, 0>(ap_fixed_base<12, 5, false, (ap_q_mode)5, (ap_o_mode)3, 0> const&)' (C:/Xilinx/Vitis_HLS/2022.2/common/technology/autopilot\ap_fixed_base.h:808:9)
INFO: [HLS 214-131] Inlining function '_ZN8ssdm_intILi10ELb0EEC2EDq10_j' into 'ap_fixed_base<10, 5, false, (ap_q_mode)5, (ap_o_mode)3, 0>::ap_fixed_base<12, 5, false, (ap_q_mode)5, (ap_o_mode)3, 0>(ap_fixed_base<12, 5, false, (ap_q_mode)5, (ap_o_mode)3, 0> const&)' (C:/Xilinx/Vitis_HLS/2022.2/common/technology/autopilot\ap_fixed_base.h:401:80)
INFO: [HLS 214-131] Inlining function 'ap_fixed_base<10, 5, false, (ap_q_mode)5, (ap_o_mode)3, 0>& ap_fixed_base<10, 5, false, (ap_q_mode)5, (ap_o_mode)3, 0>::operator=<12, 5, false, (ap_q_mode)5, (ap_o_mode)3, 0>(ap_fixed_base<12, 5, false, (ap_q_mode)5, (ap_o_mode)3, 0> const&)' into 'ap_fixed_base<10, 5, false, (ap_q_mode)5, (ap_o_mode)3, 0>::ap_fixed_base<12, 5, false, (ap_q_mode)5, (ap_o_mode)3, 0>(ap_fixed_base<12, 5, false, (ap_q_mode)5, (ap_o_mode)3, 0> const&)' (C:/Xilinx/Vitis_HLS/2022.2/common/technology/autopilot\ap_fixed_base.h:403:5)
INFO: [HLS 214-131] Inlining function 'ap_fixed_base<10, 5, false, (ap_q_mode)5, (ap_o_mode)3, 0>::ap_fixed_base<12, 5, false, (ap_q_mode)5, (ap_o_mode)3, 0>(ap_fixed_base<12, 5, false, (ap_q_mode)5, (ap_o_mode)3, 0> const&)' into 'ap_ufixed<10, 5, (ap_q_mode)5, (ap_o_mode)3, 0>::ap_ufixed<12, 5, false, (ap_q_mode)5, (ap_o_mode)3, 0>(ap_fixed_base<12, 5, false, (ap_q_mode)5, (ap_o_mode)3, 0> const&)'
INFO: [HLS 214-131] Inlining function 'ap_fixed_base<10, 5, false, (ap_q_mode)5, (ap_o_mode)3, 0>::operator!() const' into 'ap_fixed_base<33, 17, true, (ap_q_mode)5, (ap_o_mode)3, 0>& ap_fixed_base<33, 17, true, (ap_q_mode)5, (ap_o_mode)3, 0>::operator=<10, 5, false, (ap_q_mode)5, (ap_o_mode)3, 0>(ap_fixed_base<10, 5, false, (ap_q_mode)5, (ap_o_mode)3, 0> const&)' (C:/Xilinx/Vitis_HLS/2022.2/common/technology/autopilot\ap_fixed_base.h:808:9)
INFO: [HLS 214-131] Inlining function '_ZN8ssdm_intILi33ELb1EEC2EDq33_i' into 'ap_fixed_base<33, 17, true, (ap_q_mode)5, (ap_o_mode)3, 0>::ap_fixed_base<10, 5, false, (ap_q_mode)5, (ap_o_mode)3, 0>(ap_fixed_base<10, 5, false, (ap_q_mode)5, (ap_o_mode)3, 0> const&)' (C:/Xilinx/Vitis_HLS/2022.2/common/technology/autopilot\ap_fixed_base.h:401:80)
INFO: [HLS 214-131] Inlining function 'ap_fixed_base<33, 17, true, (ap_q_mode)5, (ap_o_mode)3, 0>& ap_fixed_base<33, 17, true, (ap_q_mode)5, (ap_o_mode)3, 0>::operator=<10, 5, false, (ap_q_mode)5, (ap_o_mode)3, 0>(ap_fixed_base<10, 5, false, (ap_q_mode)5, (ap_o_mode)3, 0> const&)' into 'ap_fixed_base<33, 17, true, (ap_q_mode)5, (ap_o_mode)3, 0>::ap_fixed_base<10, 5, false, (ap_q_mode)5, (ap_o_mode)3, 0>(ap_fixed_base<10, 5, false, (ap_q_mode)5, (ap_o_mode)3, 0> const&)' (C:/Xilinx/Vitis_HLS/2022.2/common/technology/autopilot\ap_fixed_base.h:403:5)
INFO: [HLS 214-131] Inlining function 'ap_fixed_base<33, 17, true, (ap_q_mode)5, (ap_o_mode)3, 0>::ap_fixed_base<10, 5, false, (ap_q_mode)5, (ap_o_mode)3, 0>(ap_fixed_base<10, 5, false, (ap_q_mode)5, (ap_o_mode)3, 0> const&)' into 'ap_fixed<33, 17, (ap_q_mode)5, (ap_o_mode)3, 0>::ap_fixed<10, 5, false, (ap_q_mode)5, (ap_o_mode)3, 0>(ap_fixed_base<10, 5, false, (ap_q_mode)5, (ap_o_mode)3, 0> const&)'
INFO: [HLS 214-131] Inlining function 'ap_fixed_base<33, 17, true, (ap_q_mode)5, (ap_o_mode)3, 0>::operator!() const' into 'ap_fixed_base<23, 12, true, (ap_q_mode)5, (ap_o_mode)3, 0>& ap_fixed_base<23, 12, true, (ap_q_mode)5, (ap_o_mode)3, 0>::operator=<33, 17, true, (ap_q_mode)5, (ap_o_mode)3, 0>(ap_fixed_base<33, 17, true, (ap_q_mode)5, (ap_o_mode)3, 0> const&)' (C:/Xilinx/Vitis_HLS/2022.2/common/technology/autopilot\ap_fixed_base.h:808:9)
INFO: [HLS 214-131] Inlining function '_ZN8ssdm_intILi23ELb1EEC2EDq23_i' into 'ap_fixed_base<23, 12, true, (ap_q_mode)5, (ap_o_mode)3, 0>::ap_fixed_base<33, 17, true, (ap_q_mode)5, (ap_o_mode)3, 0>(ap_fixed_base<33, 17, true, (ap_q_mode)5, (ap_o_mode)3, 0> const&)' (C:/Xilinx/Vitis_HLS/2022.2/common/technology/autopilot\ap_fixed_base.h:401:80)
INFO: [HLS 214-131] Inlining function 'ap_fixed_base<23, 12, true, (ap_q_mode)5, (ap_o_mode)3, 0>& ap_fixed_base<23, 12, true, (ap_q_mode)5, (ap_o_mode)3, 0>::operator=<33, 17, true, (ap_q_mode)5, (ap_o_mode)3, 0>(ap_fixed_base<33, 17, true, (ap_q_mode)5, (ap_o_mode)3, 0> const&)' into 'ap_fixed_base<23, 12, true, (ap_q_mode)5, (ap_o_mode)3, 0>::ap_fixed_base<33, 17, true, (ap_q_mode)5, (ap_o_mode)3, 0>(ap_fixed_base<33, 17, true, (ap_q_mode)5, (ap_o_mode)3, 0> const&)' (C:/Xilinx/Vitis_HLS/2022.2/common/technology/autopilot\ap_fixed_base.h:403:5)
INFO: [HLS 214-131] Inlining function 'ap_fixed_base<23, 12, true, (ap_q_mode)5, (ap_o_mode)3, 0>::ap_fixed_base<33, 17, true, (ap_q_mode)5, (ap_o_mode)3, 0>(ap_fixed_base<33, 17, true, (ap_q_mode)5, (ap_o_mode)3, 0> const&)' into 'ap_fixed<23, 12, (ap_q_mode)5, (ap_o_mode)3, 0>::ap_fixed<33, 17, true, (ap_q_mode)5, (ap_o_mode)3, 0>(ap_fixed_base<33, 17, true, (ap_q_mode)5, (ap_o_mode)3, 0> const&)'
INFO: [HLS 214-131] Inlining function 'ap_fixed_base<32, 32, true, (ap_q_mode)5, (ap_o_mode)3, 0>::operator!() const' into 'ap_fixed_base<22, 11, false, (ap_q_mode)5, (ap_o_mode)3, 0>& ap_fixed_base<22, 11, false, (ap_q_mode)5, (ap_o_mode)3, 0>::operator=<32, 32, true, (ap_q_mode)5, (ap_o_mode)3, 0>(ap_fixed_base<32, 32, true, (ap_q_mode)5, (ap_o_mode)3, 0> const&)' (C:/Xilinx/Vitis_HLS/2022.2/common/technology/autopilot\ap_fixed_base.h:808:9)
INFO: [HLS 214-131] Inlining function 'ap_fixed_base<22, 11, false, (ap_q_mode)5, (ap_o_mode)3, 0>& ap_fixed_base<22, 11, false, (ap_q_mode)5, (ap_o_mode)3, 0>::operator=<32, 32, true, (ap_q_mode)5, (ap_o_mode)3, 0>(ap_fixed_base<32, 32, true, (ap_q_mode)5, (ap_o_mode)3, 0> const&)' into 'ap_fixed_base<22, 11, false, (ap_q_mode)5, (ap_o_mode)3, 0>::ap_fixed_base(int)' (C:/Xilinx/Vitis_HLS/2022.2/common/technology/autopilot\ap_fixed_base.h:530:146)
INFO: [HLS 214-131] Inlining function 'ap_fixed_base<22, 11, false, (ap_q_mode)5, (ap_o_mode)3, 0>::ap_fixed_base(int)' into 'ap_ufixed<22, 11, (ap_q_mode)5, (ap_o_mode)3, 0>::ap_ufixed(int)'
INFO: [HLS 214-131] Inlining function 'af_range_ref<23, 12, true, (ap_q_mode)5, (ap_o_mode)3, 0>::af_range_ref(ap_fixed_base<23, 12, true, (ap_q_mode)5, (ap_o_mode)3, 0>*, int, int)' into 'ap_fixed_base<23, 12, true, (ap_q_mode)5, (ap_o_mode)3, 0>::range(int, int)' (C:/Xilinx/Vitis_HLS/2022.2/common/technology/autopilot\ap_fixed_base.h:1746:12)
INFO: [HLS 214-131] Inlining function 'ap_fixed_base<23, 12, true, (ap_q_mode)5, (ap_o_mode)3, 0>::range(int, int)' into 'ap_fixed_base<23, 12, true, (ap_q_mode)5, (ap_o_mode)3, 0>::operator()(int, int)' (C:/Xilinx/Vitis_HLS/2022.2/common/technology/autopilot\ap_fixed_base.h:1785:18)
INFO: [HLS 214-131] Inlining function 'af_range_ref<4, 4, true, (ap_q_mode)5, (ap_o_mode)3, 0>::af_range_ref(ap_fixed_base<4, 4, true, (ap_q_mode)5, (ap_o_mode)3, 0>*, int, int)' into 'ap_fixed_base<4, 4, true, (ap_q_mode)5, (ap_o_mode)3, 0>::range(int, int)' (C:/Xilinx/Vitis_HLS/2022.2/common/technology/autopilot\ap_fixed_base.h:1746:12)
INFO: [HLS 214-131] Inlining function 'ap_fixed_base<4, 4, true, (ap_q_mode)5, (ap_o_mode)3, 0>::range(int, int)' into 'ap_fixed_base<4, 4, true, (ap_q_mode)5, (ap_o_mode)3, 0>::operator()(int, int)' (C:/Xilinx/Vitis_HLS/2022.2/common/technology/autopilot\ap_fixed_base.h:1785:18)
INFO: [HLS 214-131] Inlining function 'af_range_ref<23, 12, true, (ap_q_mode)5, (ap_o_mode)3, 0>::get() const' into 'ap_int_base<23, false>::ap_int_base<23, 12, true, (ap_q_mode)5, (ap_o_mode)3, 0>(af_range_ref<23, 12, true, (ap_q_mode)5, (ap_o_mode)3, 0> const&)' (C:/Xilinx/Vitis_HLS/2022.2/common/technology/autopilot\ap_int_base.h:403:20)
INFO: [HLS 214-131] Inlining function 'ap_int_base<23, false>::ap_int_base<23, 12, true, (ap_q_mode)5, (ap_o_mode)3, 0>(af_range_ref<23, 12, true, (ap_q_mode)5, (ap_o_mode)3, 0> const&)' into 'af_range_ref<4, 4, true, (ap_q_mode)5, (ap_o_mode)3, 0>& af_range_ref<4, 4, true, (ap_q_mode)5, (ap_o_mode)3, 0>::operator=<23, 12, true, (ap_q_mode)5, (ap_o_mode)3, 0>(af_range_ref<23, 12, true, (ap_q_mode)5, (ap_o_mode)3, 0> const&)' (C:/Xilinx/Vitis_HLS/2022.2/common/technology/autopilot\ap_fixed_ref.h:335:32)
INFO: [HLS 214-131] Inlining function 'af_range_ref<4, 4, true, (ap_q_mode)5, (ap_o_mode)3, 0>& af_range_ref<4, 4, true, (ap_q_mode)5, (ap_o_mode)3, 0>::operator=<23, false>(ap_int_base<23, false> const&)' into 'af_range_ref<4, 4, true, (ap_q_mode)5, (ap_o_mode)3, 0>& af_range_ref<4, 4, true, (ap_q_mode)5, (ap_o_mode)3, 0>::operator=<23, 12, true, (ap_q_mode)5, (ap_o_mode)3, 0>(af_range_ref<23, 12, true, (ap_q_mode)5, (ap_o_mode)3, 0> const&)' (C:/Xilinx/Vitis_HLS/2022.2/common/technology/autopilot\ap_fixed_ref.h:336:12)
INFO: [HLS 214-131] Inlining function 'af_range_ref<11, 0, false, (ap_q_mode)5, (ap_o_mode)3, 0>::af_range_ref(ap_fixed_base<11, 0, false, (ap_q_mode)5, (ap_o_mode)3, 0>*, int, int)' into 'ap_fixed_base<11, 0, false, (ap_q_mode)5, (ap_o_mode)3, 0>::range(int, int)' (C:/Xilinx/Vitis_HLS/2022.2/common/technology/autopilot\ap_fixed_base.h:1746:12)
INFO: [HLS 214-131] Inlining function 'ap_fixed_base<11, 0, false, (ap_q_mode)5, (ap_o_mode)3, 0>::range(int, int)' into 'ap_fixed_base<11, 0, false, (ap_q_mode)5, (ap_o_mode)3, 0>::operator()(int, int)' (C:/Xilinx/Vitis_HLS/2022.2/common/technology/autopilot\ap_fixed_base.h:1785:18)
INFO: [HLS 214-131] Inlining function 'ap_int_base<23, false>::ap_int_base<23, 12, true, (ap_q_mode)5, (ap_o_mode)3, 0>(af_range_ref<23, 12, true, (ap_q_mode)5, (ap_o_mode)3, 0> const&)' into 'af_range_ref<11, 0, false, (ap_q_mode)5, (ap_o_mode)3, 0>& af_range_ref<11, 0, false, (ap_q_mode)5, (ap_o_mode)3, 0>::operator=<23, 12, true, (ap_q_mode)5, (ap_o_mode)3, 0>(af_range_ref<23, 12, true, (ap_q_mode)5, (ap_o_mode)3, 0> const&)' (C:/Xilinx/Vitis_HLS/2022.2/common/technology/autopilot\ap_fixed_ref.h:335:32)
INFO: [HLS 214-131] Inlining function 'af_range_ref<11, 0, false, (ap_q_mode)5, (ap_o_mode)3, 0>& af_range_ref<11, 0, false, (ap_q_mode)5, (ap_o_mode)3, 0>::operator=<23, false>(ap_int_base<23, false> const&)' into 'af_range_ref<11, 0, false, (ap_q_mode)5, (ap_o_mode)3, 0>& af_range_ref<11, 0, false, (ap_q_mode)5, (ap_o_mode)3, 0>::operator=<23, 12, true, (ap_q_mode)5, (ap_o_mode)3, 0>(af_range_ref<23, 12, true, (ap_q_mode)5, (ap_o_mode)3, 0> const&)' (C:/Xilinx/Vitis_HLS/2022.2/common/technology/autopilot\ap_fixed_ref.h:336:12)
INFO: [HLS 214-131] Inlining function 'af_bit_ref<23, 12, true, (ap_q_mode)5, (ap_o_mode)3, 0>::af_bit_ref(ap_fixed_base<23, 12, true, (ap_q_mode)5, (ap_o_mode)3, 0>*, int)' into 'ap_fixed_base<23, 12, true, (ap_q_mode)5, (ap_o_mode)3, 0>::operator[](unsigned int)' (C:/Xilinx/Vitis_HLS/2022.2/common/technology/autopilot\ap_fixed_base.h:1671:12)
INFO: [HLS 214-131] Inlining function 'af_bit_ref<23, 12, true, (ap_q_mode)5, (ap_o_mode)3, 0>::get() const' into 'bool af_bit_ref<23, 12, true, (ap_q_mode)5, (ap_o_mode)3, 0>::operator!=<23, 12, true, (ap_q_mode)5, (ap_o_mode)3, 0>(af_bit_ref<23, 12, true, (ap_q_mode)5, (ap_o_mode)3, 0> const&)' (C:/Xilinx/Vitis_HLS/2022.2/common/technology/autopilot\ap_fixed_ref.h:176:12)
INFO: [HLS 214-131] Inlining function 'af_bit_ref<23, 12, true, (ap_q_mode)5, (ap_o_mode)3, 0>::get() const' into 'bool af_bit_ref<23, 12, true, (ap_q_mode)5, (ap_o_mode)3, 0>::operator!=<23, 12, true, (ap_q_mode)5, (ap_o_mode)3, 0>(af_bit_ref<23, 12, true, (ap_q_mode)5, (ap_o_mode)3, 0> const&)' (C:/Xilinx/Vitis_HLS/2022.2/common/technology/autopilot\ap_fixed_ref.h:176:24)
INFO: [HLS 214-131] Inlining function 'ap_fixed_base<32, 32, true, (ap_q_mode)5, (ap_o_mode)3, 0>::ap_fixed_base(int)' into 'bool operator==<4, 4, true, (ap_q_mode)5, (ap_o_mode)3, 0>(ap_fixed_base<4, 4, true, (ap_q_mode)5, (ap_o_mode)3, 0> const&, int)' (C:/Xilinx/Vitis_HLS/2022.2/common/technology/autopilot\ap_fixed_base.h:2376:12423)
INFO: [HLS 214-131] Inlining function 'bool ap_fixed_base<4, 4, true, (ap_q_mode)5, (ap_o_mode)3, 0>::operator==<32, 32, true, (ap_q_mode)5, (ap_o_mode)3, 0>(ap_fixed_base<32, 32, true, (ap_q_mode)5, (ap_o_mode)3, 0> const&) const' into 'bool operator==<4, 4, true, (ap_q_mode)5, (ap_o_mode)3, 0>(ap_fixed_base<4, 4, true, (ap_q_mode)5, (ap_o_mode)3, 0> const&, int)' (C:/Xilinx/Vitis_HLS/2022.2/common/technology/autopilot\ap_fixed_base.h:2376:12411)
INFO: [HLS 214-131] Inlining function 'ap_fixed_base<11, 0, false, (ap_q_mode)5, (ap_o_mode)3, 0>::ap_fixed_base(char const*)' into 'ap_ufixed<11, 0, (ap_q_mode)5, (ap_o_mode)3, 0>::ap_ufixed(char const*)'
INFO: [HLS 214-131] Inlining function 'af_bit_ref<22, 11, false, (ap_q_mode)5, (ap_o_mode)3, 0>::af_bit_ref(ap_fixed_base<22, 11, false, (ap_q_mode)5, (ap_o_mode)3, 0>*, int)' into 'ap_fixed_base<22, 11, false, (ap_q_mode)5, (ap_o_mode)3, 0>::operator[](unsigned int)' (C:/Xilinx/Vitis_HLS/2022.2/common/technology/autopilot\ap_fixed_base.h:1671:12)
INFO: [HLS 214-131] Inlining function 'ap_bit_ref<5, false>::ap_bit_ref(ap_int_base<5, false>*, int)' into 'ap_int_base<5, false>::operator[](int)' (C:/Xilinx/Vitis_HLS/2022.2/common/technology/autopilot\ap_int_base.h:1129:30)
INFO: [HLS 214-131] Inlining function 'af_bit_ref<23, 12, true, (ap_q_mode)5, (ap_o_mode)3, 0>::operator bool() const' into 'ap_bit_ref<5, false>& ap_bit_ref<5, false>::operator=<23, 12, true, (ap_q_mode)5, (ap_o_mode)3, 0>(af_bit_ref<23, 12, true, (ap_q_mode)5, (ap_o_mode)3, 0> const&)' (C:/Xilinx/Vitis_HLS/2022.2/common/technology/autopilot\ap_int_ref.h:859:38)
INFO: [HLS 214-131] Inlining function 'ap_bit_ref<5, false>::operator=(unsigned long long)' into 'ap_bit_ref<5, false>& ap_bit_ref<5, false>::operator=<23, 12, true, (ap_q_mode)5, (ap_o_mode)3, 0>(af_bit_ref<23, 12, true, (ap_q_mode)5, (ap_o_mode)3, 0> const&)' (C:/Xilinx/Vitis_HLS/2022.2/common/technology/autopilot\ap_int_ref.h:859:12)
INFO: [HLS 214-131] Inlining function 'ap_range_ref<5, false>::ap_range_ref(ap_int_base<5, false>*, int, int)' into 'ap_int_base<5, false>::range(int, int)' (C:/Xilinx/Vitis_HLS/2022.2/common/technology/autopilot\ap_int_base.h:1048:12)
INFO: [HLS 214-131] Inlining function 'ap_int_base<5, false>::range(int, int)' into 'ap_int_base<5, false>::operator()(int, int)' (C:/Xilinx/Vitis_HLS/2022.2/common/technology/autopilot\ap_int_base.h:1085:18)
INFO: [HLS 214-131] Inlining function '_ZN8ssdm_intILi5ELb0EEC2EDq5_j' into 'ap_int_base<5, false>::ap_int_base<23, false>(ap_int_base<23, false> const&)' (C:/Xilinx/Vitis_HLS/2022.2/common/technology/autopilot\ap_int_base.h:185:106)
INFO: [HLS 214-131] Inlining function 'ap_int_base<5, false>::ap_int_base<23, false>(ap_int_base<23, false> const&)' into 'ap_range_ref<5, false>& ap_range_ref<5, false>::operator=<23, false>(ap_int_base<23, false> const&)' (C:/Xilinx/Vitis_HLS/2022.2/common/technology/autopilot\ap_int_ref.h:367:31)
INFO: [HLS 214-131] Inlining function 'ap_int_base<23, false>::ap_int_base<23, 12, true, (ap_q_mode)5, (ap_o_mode)3, 0>(af_range_ref<23, 12, true, (ap_q_mode)5, (ap_o_mode)3, 0> const&)' into 'ap_range_ref<5, false>& ap_range_ref<5, false>::operator=<23, 12, true, (ap_q_mode)5, (ap_o_mode)3, 0>(af_range_ref<23, 12, true, (ap_q_mode)5, (ap_o_mode)3, 0> const&)' (C:/Xilinx/Vitis_HLS/2022.2/common/technology/autopilot\ap_int_ref.h:405:22)
INFO: [HLS 214-131] Inlining function 'ap_range_ref<5, false>& ap_range_ref<5, false>::operator=<23, false>(ap_int_base<23, false> const&)' into 'ap_range_ref<5, false>& ap_range_ref<5, false>::operator=<23, 12, true, (ap_q_mode)5, (ap_o_mode)3, 0>(af_range_ref<23, 12, true, (ap_q_mode)5, (ap_o_mode)3, 0> const&)' (C:/Xilinx/Vitis_HLS/2022.2/common/technology/autopilot\ap_int_ref.h:405:12)
INFO: [HLS 214-131] Inlining function 'ap_fixed_base<23, 12, true, (ap_q_mode)5, (ap_o_mode)3, 0>::operator!() const' into 'ap_fixed_base<5, -1, false, (ap_q_mode)5, (ap_o_mode)3, 0>& ap_fixed_base<5, -1, false, (ap_q_mode)5, (ap_o_mode)3, 0>::operator=<23, 12, true, (ap_q_mode)5, (ap_o_mode)3, 0>(ap_fixed_base<23, 12, true, (ap_q_mode)5, (ap_o_mode)3, 0> const&)' (C:/Xilinx/Vitis_HLS/2022.2/common/technology/autopilot\ap_fixed_base.h:808:9)
INFO: [HLS 214-131] Inlining function '_ZN8ssdm_intILi5ELb0EEC2EDq5_j' into 'ap_fixed_base<5, -1, false, (ap_q_mode)5, (ap_o_mode)3, 0>::ap_fixed_base<23, 12, true, (ap_q_mode)5, (ap_o_mode)3, 0>(ap_fixed_base<23, 12, true, (ap_q_mode)5, (ap_o_mode)3, 0> const&)' (C:/Xilinx/Vitis_HLS/2022.2/common/technology/autopilot\ap_fixed_base.h:401:80)
INFO: [HLS 214-131] Inlining function 'ap_fixed_base<5, -1, false, (ap_q_mode)5, (ap_o_mode)3, 0>& ap_fixed_base<5, -1, false, (ap_q_mode)5, (ap_o_mode)3, 0>::operator=<23, 12, true, (ap_q_mode)5, (ap_o_mode)3, 0>(ap_fixed_base<23, 12, true, (ap_q_mode)5, (ap_o_mode)3, 0> const&)' into 'ap_fixed_base<5, -1, false, (ap_q_mode)5, (ap_o_mode)3, 0>::ap_fixed_base<23, 12, true, (ap_q_mode)5, (ap_o_mode)3, 0>(ap_fixed_base<23, 12, true, (ap_q_mode)5, (ap_o_mode)3, 0> const&)' (C:/Xilinx/Vitis_HLS/2022.2/common/technology/autopilot\ap_fixed_base.h:403:5)
INFO: [HLS 214-131] Inlining function 'ap_fixed_base<5, -1, false, (ap_q_mode)5, (ap_o_mode)3, 0>::ap_fixed_base<23, 12, true, (ap_q_mode)5, (ap_o_mode)3, 0>(ap_fixed_base<23, 12, true, (ap_q_mode)5, (ap_o_mode)3, 0> const&)' into 'ap_ufixed<5, -1, (ap_q_mode)5, (ap_o_mode)3, 0>::ap_ufixed<23, 12, true, (ap_q_mode)5, (ap_o_mode)3, 0>(ap_fixed_base<23, 12, true, (ap_q_mode)5, (ap_o_mode)3, 0> const&)'
INFO: [HLS 214-131] Inlining function 'ap_fixed_base<11, -13, false, (ap_q_mode)5, (ap_o_mode)3, 0>::ap_fixed_base(char const*)' into 'ap_ufixed<11, -13, (ap_q_mode)5, (ap_o_mode)3, 0>::ap_ufixed(char const*)'
INFO: [HLS 214-131] Inlining function 'ap_fixed_base<32, 32, true, (ap_q_mode)5, (ap_o_mode)3, 0>::operator!() const' into 'ap_fixed_base<18, -6, false, (ap_q_mode)5, (ap_o_mode)3, 0>& ap_fixed_base<18, -6, false, (ap_q_mode)5, (ap_o_mode)3, 0>::operator=<32, 32, true, (ap_q_mode)5, (ap_o_mode)3, 0>(ap_fixed_base<32, 32, true, (ap_q_mode)5, (ap_o_mode)3, 0> const&)' (C:/Xilinx/Vitis_HLS/2022.2/common/technology/autopilot\ap_fixed_base.h:808:9)
INFO: [HLS 214-131] Inlining function 'ap_fixed_base<18, -6, false, (ap_q_mode)5, (ap_o_mode)3, 0>& ap_fixed_base<18, -6, false, (ap_q_mode)5, (ap_o_mode)3, 0>::operator=<32, 32, true, (ap_q_mode)5, (ap_o_mode)3, 0>(ap_fixed_base<32, 32, true, (ap_q_mode)5, (ap_o_mode)3, 0> const&)' into 'ap_fixed_base<18, -6, false, (ap_q_mode)5, (ap_o_mode)3, 0>::ap_fixed_base(int)' (C:/Xilinx/Vitis_HLS/2022.2/common/technology/autopilot\ap_fixed_base.h:530:146)
INFO: [HLS 214-131] Inlining function 'ap_fixed_base<18, -6, false, (ap_q_mode)5, (ap_o_mode)3, 0>::ap_fixed_base(int)' into 'ap_ufixed<18, -6, (ap_q_mode)5, (ap_o_mode)3, 0>::ap_ufixed(int)'
INFO: [HLS 214-131] Inlining function 'af_range_ref<18, -6, false, (ap_q_mode)5, (ap_o_mode)3, 0>::af_range_ref(ap_fixed_base<18, -6, false, (ap_q_mode)5, (ap_o_mode)3, 0>*, int, int)' into 'ap_fixed_base<18, -6, false, (ap_q_mode)5, (ap_o_mode)3, 0>::range(int, int)' (C:/Xilinx/Vitis_HLS/2022.2/common/technology/autopilot\ap_fixed_base.h:1746:12)
INFO: [HLS 214-131] Inlining function 'ap_fixed_base<18, -6, false, (ap_q_mode)5, (ap_o_mode)3, 0>::range(int, int)' into 'ap_fixed_base<18, -6, false, (ap_q_mode)5, (ap_o_mode)3, 0>::operator()(int, int)' (C:/Xilinx/Vitis_HLS/2022.2/common/technology/autopilot\ap_fixed_base.h:1785:18)
INFO: [HLS 214-131] Inlining function 'ap_range_ref<5, false>::get() const' into 'ap_int_base<5, false>::ap_int_base<5, false>(ap_range_ref<5, false> const&)' (C:/Xilinx/Vitis_HLS/2022.2/common/technology/autopilot\ap_int_base.h:358:20)
INFO: [HLS 214-131] Inlining function 'ap_int_base<5, false>::ap_int_base<5, false>(ap_range_ref<5, false> const&)' into 'af_range_ref<18, -6, false, (ap_q_mode)5, (ap_o_mode)3, 0>& af_range_ref<18, -6, false, (ap_q_mode)5, (ap_o_mode)3, 0>::operator=<5, false>(ap_range_ref<5, false> const&)' (C:/Xilinx/Vitis_HLS/2022.2/common/technology/autopilot\ap_fixed_ref.h:301:38)
INFO: [HLS 214-131] Inlining function 'af_range_ref<18, -6, false, (ap_q_mode)5, (ap_o_mode)3, 0>& af_range_ref<18, -6, false, (ap_q_mode)5, (ap_o_mode)3, 0>::operator=<5, false>(ap_int_base<5, false> const&)' into 'af_range_ref<18, -6, false, (ap_q_mode)5, (ap_o_mode)3, 0>& af_range_ref<18, -6, false, (ap_q_mode)5, (ap_o_mode)3, 0>::operator=<5, false>(ap_range_ref<5, false> const&)' (C:/Xilinx/Vitis_HLS/2022.2/common/technology/autopilot\ap_fixed_ref.h:302:12)
INFO: [HLS 214-131] Inlining function 'af_range_ref<11, -13, false, (ap_q_mode)5, (ap_o_mode)3, 0>::af_range_ref(ap_fixed_base<11, -13, false, (ap_q_mode)5, (ap_o_mode)3, 0>*, int, int)' into 'ap_fixed_base<11, -13, false, (ap_q_mode)5, (ap_o_mode)3, 0>::range(int, int)' (C:/Xilinx/Vitis_HLS/2022.2/common/technology/autopilot\ap_fixed_base.h:1746:12)
INFO: [HLS 214-131] Inlining function 'ap_fixed_base<11, -13, false, (ap_q_mode)5, (ap_o_mode)3, 0>::range(int, int)' into 'ap_fixed_base<11, -13, false, (ap_q_mode)5, (ap_o_mode)3, 0>::operator()(int, int)' (C:/Xilinx/Vitis_HLS/2022.2/common/technology/autopilot\ap_fixed_base.h:1785:18)
INFO: [HLS 214-131] Inlining function 'af_range_ref<11, -13, false, (ap_q_mode)5, (ap_o_mode)3, 0>::get() const' into 'ap_int_base<11, false>::ap_int_base<11, -13, false, (ap_q_mode)5, (ap_o_mode)3, 0>(af_range_ref<11, -13, false, (ap_q_mode)5, (ap_o_mode)3, 0> const&)' (C:/Xilinx/Vitis_HLS/2022.2/common/technology/autopilot\ap_int_base.h:403:20)
INFO: [HLS 214-131] Inlining function 'ap_int_base<11, false>::ap_int_base<11, -13, false, (ap_q_mode)5, (ap_o_mode)3, 0>(af_range_ref<11, -13, false, (ap_q_mode)5, (ap_o_mode)3, 0> const&)' into 'af_range_ref<18, -6, false, (ap_q_mode)5, (ap_o_mode)3, 0>& af_range_ref<18, -6, false, (ap_q_mode)5, (ap_o_mode)3, 0>::operator=<11, -13, false, (ap_q_mode)5, (ap_o_mode)3, 0>(af_range_ref<11, -13, false, (ap_q_mode)5, (ap_o_mode)3, 0> const&)' (C:/Xilinx/Vitis_HLS/2022.2/common/technology/autopilot\ap_fixed_ref.h:335:32)
INFO: [HLS 214-131] Inlining function 'af_range_ref<18, -6, false, (ap_q_mode)5, (ap_o_mode)3, 0>& af_range_ref<18, -6, false, (ap_q_mode)5, (ap_o_mode)3, 0>::operator=<11, false>(ap_int_base<11, false> const&)' into 'af_range_ref<18, -6, false, (ap_q_mode)5, (ap_o_mode)3, 0>& af_range_ref<18, -6, false, (ap_q_mode)5, (ap_o_mode)3, 0>::operator=<11, -13, false, (ap_q_mode)5, (ap_o_mode)3, 0>(af_range_ref<11, -13, false, (ap_q_mode)5, (ap_o_mode)3, 0> const&)' (C:/Xilinx/Vitis_HLS/2022.2/common/technology/autopilot\ap_fixed_ref.h:336:12)
INFO: [HLS 214-131] Inlining function 'ap_fixed_base<25, 0, false, (ap_q_mode)5, (ap_o_mode)3, 0>::ap_fixed_base(char const*)' into 'ap_ufixed<25, 0, (ap_q_mode)5, (ap_o_mode)3, 0>::ap_ufixed(char const*)'
INFO: [HLS 214-131] Inlining function 'ap_fixed_base<32, 32, true, (ap_q_mode)5, (ap_o_mode)3, 0>::operator!() const' into 'ap_fixed_base<43, -6, false, (ap_q_mode)5, (ap_o_mode)3, 0>& ap_fixed_base<43, -6, false, (ap_q_mode)5, (ap_o_mode)3, 0>::operator=<32, 32, true, (ap_q_mode)5, (ap_o_mode)3, 0>(ap_fixed_base<32, 32, true, (ap_q_mode)5, (ap_o_mode)3, 0> const&)' (C:/Xilinx/Vitis_HLS/2022.2/common/technology/autopilot\ap_fixed_base.h:808:9)
INFO: [HLS 214-131] Inlining function 'ap_fixed_base<43, -6, false, (ap_q_mode)5, (ap_o_mode)3, 0>& ap_fixed_base<43, -6, false, (ap_q_mode)5, (ap_o_mode)3, 0>::operator=<32, 32, true, (ap_q_mode)5, (ap_o_mode)3, 0>(ap_fixed_base<32, 32, true, (ap_q_mode)5, (ap_o_mode)3, 0> const&)' into 'ap_fixed_base<43, -6, false, (ap_q_mode)5, (ap_o_mode)3, 0>::ap_fixed_base(int)' (C:/Xilinx/Vitis_HLS/2022.2/common/technology/autopilot\ap_fixed_base.h:530:146)
INFO: [HLS 214-131] Inlining function 'ap_fixed_base<43, -6, false, (ap_q_mode)5, (ap_o_mode)3, 0>::ap_fixed_base(int)' into 'ap_fixed_base<25, 0, false, (ap_q_mode)5, (ap_o_mode)3, 0>::RType<18, -6, false>::mult ap_fixed_base<25, 0, false, (ap_q_mode)5, (ap_o_mode)3, 0>::operator*<18, -6, false, (ap_q_mode)5, (ap_o_mode)3, 0>(ap_fixed_base<18, -6, false, (ap_q_mode)5, (ap_o_mode)3, 0> const&) const' (C:/Xilinx/Vitis_HLS/2022.2/common/technology/autopilot\ap_fixed_base.h:1270:55)
INFO: [HLS 214-131] Inlining function 'ap_fixed_base<43, -6, false, (ap_q_mode)5, (ap_o_mode)3, 0>::ap_fixed_base(int)' into 'ap_fixed_base<25, 0, false, (ap_q_mode)5, (ap_o_mode)3, 0>::RType<18, -6, false>::mult ap_fixed_base<25, 0, false, (ap_q_mode)5, (ap_o_mode)3, 0>::operator*<18, -6, false, (ap_q_mode)5, (ap_o_mode)3, 0>(ap_fixed_base<18, -6, false, (ap_q_mode)5, (ap_o_mode)3, 0> const&) const' (C:/Xilinx/Vitis_HLS/2022.2/common/technology/autopilot\ap_fixed_base.h:1270:61)
INFO: [HLS 214-131] Inlining function 'ap_fixed_base<43, -6, false, (ap_q_mode)5, (ap_o_mode)3, 0>::operator!() const' into 'ap_fixed_base<19, -6, false, (ap_q_mode)5, (ap_o_mode)3, 0>& ap_fixed_base<19, -6, false, (ap_q_mode)5, (ap_o_mode)3, 0>::operator=<43, -6, false, (ap_q_mode)5, (ap_o_mode)3, 0>(ap_fixed_base<43, -6, false, (ap_q_mode)5, (ap_o_mode)3, 0> const&)' (C:/Xilinx/Vitis_HLS/2022.2/common/technology/autopilot\ap_fixed_base.h:808:9)
INFO: [HLS 214-131] Inlining function '_ZN8ssdm_intILi19ELb0EEC2EDq19_j' into 'ap_fixed_base<19, -6, false, (ap_q_mode)5, (ap_o_mode)3, 0>::ap_fixed_base<43, -6, false, (ap_q_mode)5, (ap_o_mode)3, 0>(ap_fixed_base<43, -6, false, (ap_q_mode)5, (ap_o_mode)3, 0> const&)' (C:/Xilinx/Vitis_HLS/2022.2/common/technology/autopilot\ap_fixed_base.h:401:80)
INFO: [HLS 214-131] Inlining function 'ap_fixed_base<19, -6, false, (ap_q_mode)5, (ap_o_mode)3, 0>& ap_fixed_base<19, -6, false, (ap_q_mode)5, (ap_o_mode)3, 0>::operator=<43, -6, false, (ap_q_mode)5, (ap_o_mode)3, 0>(ap_fixed_base<43, -6, false, (ap_q_mode)5, (ap_o_mode)3, 0> const&)' into 'ap_fixed_base<19, -6, false, (ap_q_mode)5, (ap_o_mode)3, 0>::ap_fixed_base<43, -6, false, (ap_q_mode)5, (ap_o_mode)3, 0>(ap_fixed_base<43, -6, false, (ap_q_mode)5, (ap_o_mode)3, 0> const&)' (C:/Xilinx/Vitis_HLS/2022.2/common/technology/autopilot\ap_fixed_base.h:403:5)
INFO: [HLS 214-131] Inlining function 'ap_fixed_base<19, -6, false, (ap_q_mode)5, (ap_o_mode)3, 0>::ap_fixed_base<43, -6, false, (ap_q_mode)5, (ap_o_mode)3, 0>(ap_fixed_base<43, -6, false, (ap_q_mode)5, (ap_o_mode)3, 0> const&)' into 'ap_ufixed<19, -6, (ap_q_mode)5, (ap_o_mode)3, 0>::ap_ufixed<43, -6, false, (ap_q_mode)5, (ap_o_mode)3, 0>(ap_fixed_base<43, -6, false, (ap_q_mode)5, (ap_o_mode)3, 0> const&)'
INFO: [HLS 214-131] Inlining function 'ap_fixed_base<32, 32, true, (ap_q_mode)5, (ap_o_mode)3, 0>::operator!() const' into 'ap_fixed_base<20, -5, false, (ap_q_mode)5, (ap_o_mode)3, 0>& ap_fixed_base<20, -5, false, (ap_q_mode)5, (ap_o_mode)3, 0>::operator=<32, 32, true, (ap_q_mode)5, (ap_o_mode)3, 0>(ap_fixed_base<32, 32, true, (ap_q_mode)5, (ap_o_mode)3, 0> const&)' (C:/Xilinx/Vitis_HLS/2022.2/common/technology/autopilot\ap_fixed_base.h:808:9)
INFO: [HLS 214-131] Inlining function 'ap_fixed_base<20, -5, false, (ap_q_mode)5, (ap_o_mode)3, 0>& ap_fixed_base<20, -5, false, (ap_q_mode)5, (ap_o_mode)3, 0>::operator=<32, 32, true, (ap_q_mode)5, (ap_o_mode)3, 0>(ap_fixed_base<32, 32, true, (ap_q_mode)5, (ap_o_mode)3, 0> const&)' into 'ap_fixed_base<20, -5, false, (ap_q_mode)5, (ap_o_mode)3, 0>::ap_fixed_base(int)' (C:/Xilinx/Vitis_HLS/2022.2/common/technology/autopilot\ap_fixed_base.h:530:146)
INFO: [HLS 214-131] Inlining function 'ap_fixed_base<19, -6, false, (ap_q_mode)5, (ap_o_mode)3, 0>::operator!() const' into 'ap_fixed_base<20, -5, false, (ap_q_mode)5, (ap_o_mode)3, 0>& ap_fixed_base<20, -5, false, (ap_q_mode)5, (ap_o_mode)3, 0>::operator=<19, -6, false, (ap_q_mode)5, (ap_o_mode)3, 0>(ap_fixed_base<19, -6, false, (ap_q_mode)5, (ap_o_mode)3, 0> const&)' (C:/Xilinx/Vitis_HLS/2022.2/common/technology/autopilot\ap_fixed_base.h:808:9)
INFO: [HLS 214-131] Inlining function '_ZN8ssdm_intILi20ELb0EEC2EDq20_j' into 'ap_fixed_base<20, -5, false, (ap_q_mode)5, (ap_o_mode)3, 0>::ap_fixed_base<19, -6, false, (ap_q_mode)5, (ap_o_mode)3, 0>(ap_fixed_base<19, -6, false, (ap_q_mode)5, (ap_o_mode)3, 0> const&)' (C:/Xilinx/Vitis_HLS/2022.2/common/technology/autopilot\ap_fixed_base.h:401:80)
INFO: [HLS 214-131] Inlining function 'ap_fixed_base<20, -5, false, (ap_q_mode)5, (ap_o_mode)3, 0>& ap_fixed_base<20, -5, false, (ap_q_mode)5, (ap_o_mode)3, 0>::operator=<19, -6, false, (ap_q_mode)5, (ap_o_mode)3, 0>(ap_fixed_base<19, -6, false, (ap_q_mode)5, (ap_o_mode)3, 0> const&)' into 'ap_fixed_base<20, -5, false, (ap_q_mode)5, (ap_o_mode)3, 0>::ap_fixed_base<19, -6, false, (ap_q_mode)5, (ap_o_mode)3, 0>(ap_fixed_base<19, -6, false, (ap_q_mode)5, (ap_o_mode)3, 0> const&)' (C:/Xilinx/Vitis_HLS/2022.2/common/technology/autopilot\ap_fixed_base.h:403:5)
INFO: [HLS 214-131] Inlining function 'ap_fixed_base<18, -6, false, (ap_q_mode)5, (ap_o_mode)3, 0>::operator!() const' into 'ap_fixed_base<20, -5, false, (ap_q_mode)5, (ap_o_mode)3, 0>& ap_fixed_base<20, -5, false, (ap_q_mode)5, (ap_o_mode)3, 0>::operator=<18, -6, false, (ap_q_mode)5, (ap_o_mode)3, 0>(ap_fixed_base<18, -6, false, (ap_q_mode)5, (ap_o_mode)3, 0> const&)' (C:/Xilinx/Vitis_HLS/2022.2/common/technology/autopilot\ap_fixed_base.h:808:9)
INFO: [HLS 214-131] Inlining function '_ZN8ssdm_intILi20ELb0EEC2EDq20_j' into 'ap_fixed_base<20, -5, false, (ap_q_mode)5, (ap_o_mode)3, 0>::ap_fixed_base<18, -6, false, (ap_q_mode)5, (ap_o_mode)3, 0>(ap_fixed_base<18, -6, false, (ap_q_mode)5, (ap_o_mode)3, 0> const&)' (C:/Xilinx/Vitis_HLS/2022.2/common/technology/autopilot\ap_fixed_base.h:401:80)
INFO: [HLS 214-131] Inlining function 'ap_fixed_base<20, -5, false, (ap_q_mode)5, (ap_o_mode)3, 0>& ap_fixed_base<20, -5, false, (ap_q_mode)5, (ap_o_mode)3, 0>::operator=<18, -6, false, (ap_q_mode)5, (ap_o_mode)3, 0>(ap_fixed_base<18, -6, false, (ap_q_mode)5, (ap_o_mode)3, 0> const&)' into 'ap_fixed_base<20, -5, false, (ap_q_mode)5, (ap_o_mode)3, 0>::ap_fixed_base<18, -6, false, (ap_q_mode)5, (ap_o_mode)3, 0>(ap_fixed_base<18, -6, false, (ap_q_mode)5, (ap_o_mode)3, 0> const&)' (C:/Xilinx/Vitis_HLS/2022.2/common/technology/autopilot\ap_fixed_base.h:403:5)
INFO: [HLS 214-131] Inlining function 'ap_fixed_base<20, -5, false, (ap_q_mode)5, (ap_o_mode)3, 0>::ap_fixed_base(int)' into 'ap_fixed_base<19, -6, false, (ap_q_mode)5, (ap_o_mode)3, 0>::RType<18, -6, false>::plus ap_fixed_base<19, -6, false, (ap_q_mode)5, (ap_o_mode)3, 0>::operator+<18, -6, false, (ap_q_mode)5, (ap_o_mode)3, 0>(ap_fixed_base<18, -6, false, (ap_q_mode)5, (ap_o_mode)3, 0> const&) const' (C:/Xilinx/Vitis_HLS/2022.2/common/technology/autopilot\ap_fixed_base.h:1347:325)
INFO: [HLS 214-131] Inlining function 'ap_fixed_base<20, -5, false, (ap_q_mode)5, (ap_o_mode)3, 0>::ap_fixed_base<18, -6, false, (ap_q_mode)5, (ap_o_mode)3, 0>(ap_fixed_base<18, -6, false, (ap_q_mode)5, (ap_o_mode)3, 0> const&)' into 'ap_fixed_base<19, -6, false, (ap_q_mode)5, (ap_o_mode)3, 0>::RType<18, -6, false>::plus ap_fixed_base<19, -6, false, (ap_q_mode)5, (ap_o_mode)3, 0>::operator+<18, -6, false, (ap_q_mode)5, (ap_o_mode)3, 0>(ap_fixed_base<18, -6, false, (ap_q_mode)5, (ap_o_mode)3, 0> const&) const' (C:/Xilinx/Vitis_HLS/2022.2/common/technology/autopilot\ap_fixed_base.h:1347:345)
INFO: [HLS 214-131] Inlining function 'ap_fixed_base<20, -5, false, (ap_q_mode)5, (ap_o_mode)3, 0>::ap_fixed_base<19, -6, false, (ap_q_mode)5, (ap_o_mode)3, 0>(ap_fixed_base<19, -6, false, (ap_q_mode)5, (ap_o_mode)3, 0> const&)' into 'ap_fixed_base<19, -6, false, (ap_q_mode)5, (ap_o_mode)3, 0>::RType<18, -6, false>::plus ap_fixed_base<19, -6, false, (ap_q_mode)5, (ap_o_mode)3, 0>::operator+<18, -6, false, (ap_q_mode)5, (ap_o_mode)3, 0>(ap_fixed_base<18, -6, false, (ap_q_mode)5, (ap_o_mode)3, 0> const&) const' (C:/Xilinx/Vitis_HLS/2022.2/common/technology/autopilot\ap_fixed_base.h:1347:333)
INFO: [HLS 214-131] Inlining function 'ap_fixed_base<32, 32, true, (ap_q_mode)5, (ap_o_mode)3, 0>::operator!() const' into 'ap_fixed_base<26, 1, false, (ap_q_mode)5, (ap_o_mode)3, 0>& ap_fixed_base<26, 1, false, (ap_q_mode)5, (ap_o_mode)3, 0>::operator=<32, 32, true, (ap_q_mode)5, (ap_o_mode)3, 0>(ap_fixed_base<32, 32, true, (ap_q_mode)5, (ap_o_mode)3, 0> const&)' (C:/Xilinx/Vitis_HLS/2022.2/common/technology/autopilot\ap_fixed_base.h:808:9)
INFO: [HLS 214-131] Inlining function 'ap_fixed_base<26, 1, false, (ap_q_mode)5, (ap_o_mode)3, 0>& ap_fixed_base<26, 1, false, (ap_q_mode)5, (ap_o_mode)3, 0>::operator=<32, 32, true, (ap_q_mode)5, (ap_o_mode)3, 0>(ap_fixed_base<32, 32, true, (ap_q_mode)5, (ap_o_mode)3, 0> const&)' into 'ap_fixed_base<26, 1, false, (ap_q_mode)5, (ap_o_mode)3, 0>::ap_fixed_base(int)' (C:/Xilinx/Vitis_HLS/2022.2/common/technology/autopilot\ap_fixed_base.h:530:146)
INFO: [HLS 214-131] Inlining function 'ap_fixed_base<20, -5, false, (ap_q_mode)5, (ap_o_mode)3, 0>::operator!() const' into 'ap_fixed_base<26, 1, false, (ap_q_mode)5, (ap_o_mode)3, 0>& ap_fixed_base<26, 1, false, (ap_q_mode)5, (ap_o_mode)3, 0>::operator=<20, -5, false, (ap_q_mode)5, (ap_o_mode)3, 0>(ap_fixed_base<20, -5, false, (ap_q_mode)5, (ap_o_mode)3, 0> const&)' (C:/Xilinx/Vitis_HLS/2022.2/common/technology/autopilot\ap_fixed_base.h:808:9)
INFO: [HLS 214-131] Inlining function '_ZN8ssdm_intILi26ELb0EEC2EDq26_j' into 'ap_fixed_base<26, 1, false, (ap_q_mode)5, (ap_o_mode)3, 0>::ap_fixed_base<20, -5, false, (ap_q_mode)5, (ap_o_mode)3, 0>(ap_fixed_base<20, -5, false, (ap_q_mode)5, (ap_o_mode)3, 0> const&)' (C:/Xilinx/Vitis_HLS/2022.2/common/technology/autopilot\ap_fixed_base.h:401:80)
INFO: [HLS 214-131] Inlining function 'ap_fixed_base<26, 1, false, (ap_q_mode)5, (ap_o_mode)3, 0>& ap_fixed_base<26, 1, false, (ap_q_mode)5, (ap_o_mode)3, 0>::operator=<20, -5, false, (ap_q_mode)5, (ap_o_mode)3, 0>(ap_fixed_base<20, -5, false, (ap_q_mode)5, (ap_o_mode)3, 0> const&)' into 'ap_fixed_base<26, 1, false, (ap_q_mode)5, (ap_o_mode)3, 0>::ap_fixed_base<20, -5, false, (ap_q_mode)5, (ap_o_mode)3, 0>(ap_fixed_base<20, -5, false, (ap_q_mode)5, (ap_o_mode)3, 0> const&)' (C:/Xilinx/Vitis_HLS/2022.2/common/technology/autopilot\ap_fixed_base.h:403:5)
INFO: [HLS 214-131] Inlining function 'ap_fixed_base<25, 0, false, (ap_q_mode)5, (ap_o_mode)3, 0>::operator!() const' into 'ap_fixed_base<26, 1, false, (ap_q_mode)5, (ap_o_mode)3, 0>& ap_fixed_base<26, 1, false, (ap_q_mode)5, (ap_o_mode)3, 0>::operator=<25, 0, false, (ap_q_mode)5, (ap_o_mode)3, 0>(ap_fixed_base<25, 0, false, (ap_q_mode)5, (ap_o_mode)3, 0> const&)' (C:/Xilinx/Vitis_HLS/2022.2/common/technology/autopilot\ap_fixed_base.h:808:9)
INFO: [HLS 214-131] Inlining function '_ZN8ssdm_intILi26ELb0EEC2EDq26_j' into 'ap_fixed_base<26, 1, false, (ap_q_mode)5, (ap_o_mode)3, 0>::ap_fixed_base<25, 0, false, (ap_q_mode)5, (ap_o_mode)3, 0>(ap_fixed_base<25, 0, false, (ap_q_mode)5, (ap_o_mode)3, 0> const&)' (C:/Xilinx/Vitis_HLS/2022.2/common/technology/autopilot\ap_fixed_base.h:401:80)
INFO: [HLS 214-131] Inlining function 'ap_fixed_base<26, 1, false, (ap_q_mode)5, (ap_o_mode)3, 0>& ap_fixed_base<26, 1, false, (ap_q_mode)5, (ap_o_mode)3, 0>::operator=<25, 0, false, (ap_q_mode)5, (ap_o_mode)3, 0>(ap_fixed_base<25, 0, false, (ap_q_mode)5, (ap_o_mode)3, 0> const&)' into 'ap_fixed_base<26, 1, false, (ap_q_mode)5, (ap_o_mode)3, 0>::ap_fixed_base<25, 0, false, (ap_q_mode)5, (ap_o_mode)3, 0>(ap_fixed_base<25, 0, false, (ap_q_mode)5, (ap_o_mode)3, 0> const&)' (C:/Xilinx/Vitis_HLS/2022.2/common/technology/autopilot\ap_fixed_base.h:403:5)
INFO: [HLS 214-131] Inlining function 'ap_fixed_base<26, 1, false, (ap_q_mode)5, (ap_o_mode)3, 0>::ap_fixed_base(int)' into 'ap_fixed_base<20, -5, false, (ap_q_mode)5, (ap_o_mode)3, 0>::RType<25, 0, false>::plus ap_fixed_base<20, -5, false, (ap_q_mode)5, (ap_o_mode)3, 0>::operator+<25, 0, false, (ap_q_mode)5, (ap_o_mode)3, 0>(ap_fixed_base<25, 0, false, (ap_q_mode)5, (ap_o_mode)3, 0> const&) const' (C:/Xilinx/Vitis_HLS/2022.2/common/technology/autopilot\ap_fixed_base.h:1347:325)
INFO: [HLS 214-131] Inlining function 'ap_fixed_base<26, 1, false, (ap_q_mode)5, (ap_o_mode)3, 0>::ap_fixed_base<25, 0, false, (ap_q_mode)5, (ap_o_mode)3, 0>(ap_fixed_base<25, 0, false, (ap_q_mode)5, (ap_o_mode)3, 0> const&)' into 'ap_fixed_base<20, -5, false, (ap_q_mode)5, (ap_o_mode)3, 0>::RType<25, 0, false>::plus ap_fixed_base<20, -5, false, (ap_q_mode)5, (ap_o_mode)3, 0>::operator+<25, 0, false, (ap_q_mode)5, (ap_o_mode)3, 0>(ap_fixed_base<25, 0, false, (ap_q_mode)5, (ap_o_mode)3, 0> const&) const' (C:/Xilinx/Vitis_HLS/2022.2/common/technology/autopilot\ap_fixed_base.h:1347:345)
INFO: [HLS 214-131] Inlining function 'ap_fixed_base<26, 1, false, (ap_q_mode)5, (ap_o_mode)3, 0>::ap_fixed_base<20, -5, false, (ap_q_mode)5, (ap_o_mode)3, 0>(ap_fixed_base<20, -5, false, (ap_q_mode)5, (ap_o_mode)3, 0> const&)' into 'ap_fixed_base<20, -5, false, (ap_q_mode)5, (ap_o_mode)3, 0>::RType<25, 0, false>::plus ap_fixed_base<20, -5, false, (ap_q_mode)5, (ap_o_mode)3, 0>::operator+<25, 0, false, (ap_q_mode)5, (ap_o_mode)3, 0>(ap_fixed_base<25, 0, false, (ap_q_mode)5, (ap_o_mode)3, 0> const&) const' (C:/Xilinx/Vitis_HLS/2022.2/common/technology/autopilot\ap_fixed_base.h:1347:333)
INFO: [HLS 214-131] Inlining function 'ap_fixed_base<26, 1, false, (ap_q_mode)5, (ap_o_mode)3, 0>::operator!() const' into 'ap_fixed_base<25, 0, false, (ap_q_mode)5, (ap_o_mode)3, 0>& ap_fixed_base<25, 0, false, (ap_q_mode)5, (ap_o_mode)3, 0>::operator=<26, 1, false, (ap_q_mode)5, (ap_o_mode)3, 0>(ap_fixed_base<26, 1, false, (ap_q_mode)5, (ap_o_mode)3, 0> const&)' (C:/Xilinx/Vitis_HLS/2022.2/common/technology/autopilot\ap_fixed_base.h:808:9)
INFO: [HLS 214-131] Inlining function '_ZN8ssdm_intILi25ELb0EEC2EDq25_j' into 'ap_fixed_base<25, 0, false, (ap_q_mode)5, (ap_o_mode)3, 0>::ap_fixed_base<26, 1, false, (ap_q_mode)5, (ap_o_mode)3, 0>(ap_fixed_base<26, 1, false, (ap_q_mode)5, (ap_o_mode)3, 0> const&)' (C:/Xilinx/Vitis_HLS/2022.2/common/technology/autopilot\ap_fixed_base.h:401:80)
INFO: [HLS 214-131] Inlining function 'ap_fixed_base<25, 0, false, (ap_q_mode)5, (ap_o_mode)3, 0>& ap_fixed_base<25, 0, false, (ap_q_mode)5, (ap_o_mode)3, 0>::operator=<26, 1, false, (ap_q_mode)5, (ap_o_mode)3, 0>(ap_fixed_base<26, 1, false, (ap_q_mode)5, (ap_o_mode)3, 0> const&)' into 'ap_fixed_base<25, 0, false, (ap_q_mode)5, (ap_o_mode)3, 0>::ap_fixed_base<26, 1, false, (ap_q_mode)5, (ap_o_mode)3, 0>(ap_fixed_base<26, 1, false, (ap_q_mode)5, (ap_o_mode)3, 0> const&)' (C:/Xilinx/Vitis_HLS/2022.2/common/technology/autopilot\ap_fixed_base.h:403:5)
INFO: [HLS 214-131] Inlining function 'ap_fixed_base<25, 0, false, (ap_q_mode)5, (ap_o_mode)3, 0>::ap_fixed_base<26, 1, false, (ap_q_mode)5, (ap_o_mode)3, 0>(ap_fixed_base<26, 1, false, (ap_q_mode)5, (ap_o_mode)3, 0> const&)' into 'ap_ufixed<25, 0, (ap_q_mode)5, (ap_o_mode)3, 0>::ap_ufixed<26, 1, false, (ap_q_mode)5, (ap_o_mode)3, 0>(ap_fixed_base<26, 1, false, (ap_q_mode)5, (ap_o_mode)3, 0> const&)'
INFO: [HLS 214-131] Inlining function 'ap_fixed_base<25, 11, false, (ap_q_mode)5, (ap_o_mode)3, 0>::ap_fixed_base(char const*)' into 'ap_ufixed<25, 11, (ap_q_mode)5, (ap_o_mode)3, 0>::ap_ufixed(char const*)'
INFO: [HLS 214-131] Inlining function 'ap_fixed_base<32, 32, true, (ap_q_mode)5, (ap_o_mode)3, 0>::operator!() const' into 'ap_fixed_base<50, 11, false, (ap_q_mode)5, (ap_o_mode)3, 0>& ap_fixed_base<50, 11, false, (ap_q_mode)5, (ap_o_mode)3, 0>::operator=<32, 32, true, (ap_q_mode)5, (ap_o_mode)3, 0>(ap_fixed_base<32, 32, true, (ap_q_mode)5, (ap_o_mode)3, 0> const&)' (C:/Xilinx/Vitis_HLS/2022.2/common/technology/autopilot\ap_fixed_base.h:808:9)
INFO: [HLS 214-131] Inlining function 'ap_fixed_base<50, 11, false, (ap_q_mode)5, (ap_o_mode)3, 0>& ap_fixed_base<50, 11, false, (ap_q_mode)5, (ap_o_mode)3, 0>::operator=<32, 32, true, (ap_q_mode)5, (ap_o_mode)3, 0>(ap_fixed_base<32, 32, true, (ap_q_mode)5, (ap_o_mode)3, 0> const&)' into 'ap_fixed_base<50, 11, false, (ap_q_mode)5, (ap_o_mode)3, 0>::ap_fixed_base(int)' (C:/Xilinx/Vitis_HLS/2022.2/common/technology/autopilot\ap_fixed_base.h:530:146)
INFO: [HLS 214-131] Inlining function 'ap_fixed_base<50, 11, false, (ap_q_mode)5, (ap_o_mode)3, 0>::ap_fixed_base(int)' into 'ap_fixed_base<25, 11, false, (ap_q_mode)5, (ap_o_mode)3, 0>::RType<25, 0, false>::mult ap_fixed_base<25, 11, false, (ap_q_mode)5, (ap_o_mode)3, 0>::operator*<25, 0, false, (ap_q_mode)5, (ap_o_mode)3, 0>(ap_fixed_base<25, 0, false, (ap_q_mode)5, (ap_o_mode)3, 0> const&) const' (C:/Xilinx/Vitis_HLS/2022.2/common/technology/autopilot\ap_fixed_base.h:1270:55)
INFO: [HLS 214-131] Inlining function 'ap_fixed_base<50, 11, false, (ap_q_mode)5, (ap_o_mode)3, 0>::ap_fixed_base(int)' into 'ap_fixed_base<25, 11, false, (ap_q_mode)5, (ap_o_mode)3, 0>::RType<25, 0, false>::mult ap_fixed_base<25, 11, false, (ap_q_mode)5, (ap_o_mode)3, 0>::operator*<25, 0, false, (ap_q_mode)5, (ap_o_mode)3, 0>(ap_fixed_base<25, 0, false, (ap_q_mode)5, (ap_o_mode)3, 0> const&) const' (C:/Xilinx/Vitis_HLS/2022.2/common/technology/autopilot\ap_fixed_base.h:1270:61)
INFO: [HLS 214-131] Inlining function 'ap_fixed_base<50, 11, false, (ap_q_mode)5, (ap_o_mode)3, 0>::operator!() const' into 'ap_fixed_base<25, 11, false, (ap_q_mode)5, (ap_o_mode)3, 0>& ap_fixed_base<25, 11, false, (ap_q_mode)5, (ap_o_mode)3, 0>::operator=<50, 11, false, (ap_q_mode)5, (ap_o_mode)3, 0>(ap_fixed_base<50, 11, false, (ap_q_mode)5, (ap_o_mode)3, 0> const&)' (C:/Xilinx/Vitis_HLS/2022.2/common/technology/autopilot\ap_fixed_base.h:808:9)
INFO: [HLS 214-131] Inlining function '_ZN8ssdm_intILi25ELb0EEC2EDq25_j' into 'ap_fixed_base<25, 11, false, (ap_q_mode)5, (ap_o_mode)3, 0>::ap_fixed_base<50, 11, false, (ap_q_mode)5, (ap_o_mode)3, 0>(ap_fixed_base<50, 11, false, (ap_q_mode)5, (ap_o_mode)3, 0> const&)' (C:/Xilinx/Vitis_HLS/2022.2/common/technology/autopilot\ap_fixed_base.h:401:80)
INFO: [HLS 214-131] Inlining function 'ap_fixed_base<25, 11, false, (ap_q_mode)5, (ap_o_mode)3, 0>& ap_fixed_base<25, 11, false, (ap_q_mode)5, (ap_o_mode)3, 0>::operator=<50, 11, false, (ap_q_mode)5, (ap_o_mode)3, 0>(ap_fixed_base<50, 11, false, (ap_q_mode)5, (ap_o_mode)3, 0> const&)' into 'ap_fixed_base<25, 11, false, (ap_q_mode)5, (ap_o_mode)3, 0>::ap_fixed_base<50, 11, false, (ap_q_mode)5, (ap_o_mode)3, 0>(ap_fixed_base<50, 11, false, (ap_q_mode)5, (ap_o_mode)3, 0> const&)' (C:/Xilinx/Vitis_HLS/2022.2/common/technology/autopilot\ap_fixed_base.h:403:5)
INFO: [HLS 214-131] Inlining function 'ap_fixed_base<25, 11, false, (ap_q_mode)5, (ap_o_mode)3, 0>::ap_fixed_base<50, 11, false, (ap_q_mode)5, (ap_o_mode)3, 0>(ap_fixed_base<50, 11, false, (ap_q_mode)5, (ap_o_mode)3, 0> const&)' into 'ap_ufixed<25, 11, (ap_q_mode)5, (ap_o_mode)3, 0>::ap_ufixed<50, 11, false, (ap_q_mode)5, (ap_o_mode)3, 0>(ap_fixed_base<50, 11, false, (ap_q_mode)5, (ap_o_mode)3, 0> const&)'
INFO: [HLS 214-131] Inlining function 'ap_fixed_base<32, 32, true, (ap_q_mode)5, (ap_o_mode)3, 0>::operator!() const' into 'ap_fixed_base<26, 12, false, (ap_q_mode)5, (ap_o_mode)3, 0>& ap_fixed_base<26, 12, false, (ap_q_mode)5, (ap_o_mode)3, 0>::operator=<32, 32, true, (ap_q_mode)5, (ap_o_mode)3, 0>(ap_fixed_base<32, 32, true, (ap_q_mode)5, (ap_o_mode)3, 0> const&)' (C:/Xilinx/Vitis_HLS/2022.2/common/technology/autopilot\ap_fixed_base.h:808:9)
INFO: [HLS 214-131] Inlining function 'ap_fixed_base<26, 12, false, (ap_q_mode)5, (ap_o_mode)3, 0>& ap_fixed_base<26, 12, false, (ap_q_mode)5, (ap_o_mode)3, 0>::operator=<32, 32, true, (ap_q_mode)5, (ap_o_mode)3, 0>(ap_fixed_base<32, 32, true, (ap_q_mode)5, (ap_o_mode)3, 0> const&)' into 'ap_fixed_base<26, 12, false, (ap_q_mode)5, (ap_o_mode)3, 0>::ap_fixed_base(int)' (C:/Xilinx/Vitis_HLS/2022.2/common/technology/autopilot\ap_fixed_base.h:530:146)
INFO: [HLS 214-131] Inlining function 'ap_fixed_base<25, 11, false, (ap_q_mode)5, (ap_o_mode)3, 0>::operator!() const' into 'ap_fixed_base<26, 12, false, (ap_q_mode)5, (ap_o_mode)3, 0>& ap_fixed_base<26, 12, false, (ap_q_mode)5, (ap_o_mode)3, 0>::operator=<25, 11, false, (ap_q_mode)5, (ap_o_mode)3, 0>(ap_fixed_base<25, 11, false, (ap_q_mode)5, (ap_o_mode)3, 0> const&)' (C:/Xilinx/Vitis_HLS/2022.2/common/technology/autopilot\ap_fixed_base.h:808:9)
INFO: [HLS 214-131] Inlining function '_ZN8ssdm_intILi26ELb0EEC2EDq26_j' into 'ap_fixed_base<26, 12, false, (ap_q_mode)5, (ap_o_mode)3, 0>::ap_fixed_base<25, 11, false, (ap_q_mode)5, (ap_o_mode)3, 0>(ap_fixed_base<25, 11, false, (ap_q_mode)5, (ap_o_mode)3, 0> const&)' (C:/Xilinx/Vitis_HLS/2022.2/common/technology/autopilot\ap_fixed_base.h:401:80)
INFO: [HLS 214-131] Inlining function 'ap_fixed_base<26, 12, false, (ap_q_mode)5, (ap_o_mode)3, 0>& ap_fixed_base<26, 12, false, (ap_q_mode)5, (ap_o_mode)3, 0>::operator=<25, 11, false, (ap_q_mode)5, (ap_o_mode)3, 0>(ap_fixed_base<25, 11, false, (ap_q_mode)5, (ap_o_mode)3, 0> const&)' into 'ap_fixed_base<26, 12, false, (ap_q_mode)5, (ap_o_mode)3, 0>::ap_fixed_base<25, 11, false, (ap_q_mode)5, (ap_o_mode)3, 0>(ap_fixed_base<25, 11, false, (ap_q_mode)5, (ap_o_mode)3, 0> const&)' (C:/Xilinx/Vitis_HLS/2022.2/common/technology/autopilot\ap_fixed_base.h:403:5)
INFO: [HLS 214-131] Inlining function 'ap_fixed_base<26, 12, false, (ap_q_mode)5, (ap_o_mode)3, 0>::ap_fixed_base(int)' into 'ap_fixed_base<25, 11, false, (ap_q_mode)5, (ap_o_mode)3, 0>::RType<25, 11, false>::plus ap_fixed_base<25, 11, false, (ap_q_mode)5, (ap_o_mode)3, 0>::operator+<25, 11, false, (ap_q_mode)5, (ap_o_mode)3, 0>(ap_fixed_base<25, 11, false, (ap_q_mode)5, (ap_o_mode)3, 0> const&) const' (C:/Xilinx/Vitis_HLS/2022.2/common/technology/autopilot\ap_fixed_base.h:1347:325)
INFO: [HLS 214-131] Inlining function 'ap_fixed_base<26, 12, false, (ap_q_mode)5, (ap_o_mode)3, 0>::ap_fixed_base<25, 11, false, (ap_q_mode)5, (ap_o_mode)3, 0>(ap_fixed_base<25, 11, false, (ap_q_mode)5, (ap_o_mode)3, 0> const&)' into 'ap_fixed_base<25, 11, false, (ap_q_mode)5, (ap_o_mode)3, 0>::RType<25, 11, false>::plus ap_fixed_base<25, 11, false, (ap_q_mode)5, (ap_o_mode)3, 0>::operator+<25, 11, false, (ap_q_mode)5, (ap_o_mode)3, 0>(ap_fixed_base<25, 11, false, (ap_q_mode)5, (ap_o_mode)3, 0> const&) const' (C:/Xilinx/Vitis_HLS/2022.2/common/technology/autopilot\ap_fixed_base.h:1347:345)
INFO: [HLS 214-131] Inlining function 'ap_fixed_base<26, 12, false, (ap_q_mode)5, (ap_o_mode)3, 0>::ap_fixed_base<25, 11, false, (ap_q_mode)5, (ap_o_mode)3, 0>(ap_fixed_base<25, 11, false, (ap_q_mode)5, (ap_o_mode)3, 0> const&)' into 'ap_fixed_base<25, 11, false, (ap_q_mode)5, (ap_o_mode)3, 0>::RType<25, 11, false>::plus ap_fixed_base<25, 11, false, (ap_q_mode)5, (ap_o_mode)3, 0>::operator+<25, 11, false, (ap_q_mode)5, (ap_o_mode)3, 0>(ap_fixed_base<25, 11, false, (ap_q_mode)5, (ap_o_mode)3, 0> const&) const' (C:/Xilinx/Vitis_HLS/2022.2/common/technology/autopilot\ap_fixed_base.h:1347:333)
INFO: [HLS 214-131] Inlining function 'ap_fixed_base<26, 12, false, (ap_q_mode)5, (ap_o_mode)3, 0>::operator!() const' into 'ap_fixed_base<25, 11, false, (ap_q_mode)5, (ap_o_mode)3, 0>& ap_fixed_base<25, 11, false, (ap_q_mode)5, (ap_o_mode)3, 0>::operator=<26, 12, false, (ap_q_mode)5, (ap_o_mode)3, 0>(ap_fixed_base<26, 12, false, (ap_q_mode)5, (ap_o_mode)3, 0> const&)' (C:/Xilinx/Vitis_HLS/2022.2/common/technology/autopilot\ap_fixed_base.h:808:9)
INFO: [HLS 214-131] Inlining function '_ZN8ssdm_intILi25ELb0EEC2EDq25_j' into 'ap_fixed_base<25, 11, false, (ap_q_mode)5, (ap_o_mode)3, 0>::ap_fixed_base<26, 12, false, (ap_q_mode)5, (ap_o_mode)3, 0>(ap_fixed_base<26, 12, false, (ap_q_mode)5, (ap_o_mode)3, 0> const&)' (C:/Xilinx/Vitis_HLS/2022.2/common/technology/autopilot\ap_fixed_base.h:401:80)
INFO: [HLS 214-131] Inlining function 'ap_fixed_base<25, 11, false, (ap_q_mode)5, (ap_o_mode)3, 0>& ap_fixed_base<25, 11, false, (ap_q_mode)5, (ap_o_mode)3, 0>::operator=<26, 12, false, (ap_q_mode)5, (ap_o_mode)3, 0>(ap_fixed_base<26, 12, false, (ap_q_mode)5, (ap_o_mode)3, 0> const&)' into 'ap_fixed_base<25, 11, false, (ap_q_mode)5, (ap_o_mode)3, 0>::ap_fixed_base<26, 12, false, (ap_q_mode)5, (ap_o_mode)3, 0>(ap_fixed_base<26, 12, false, (ap_q_mode)5, (ap_o_mode)3, 0> const&)' (C:/Xilinx/Vitis_HLS/2022.2/common/technology/autopilot\ap_fixed_base.h:403:5)
INFO: [HLS 214-131] Inlining function 'ap_fixed_base<25, 11, false, (ap_q_mode)5, (ap_o_mode)3, 0>::ap_fixed_base<26, 12, false, (ap_q_mode)5, (ap_o_mode)3, 0>(ap_fixed_base<26, 12, false, (ap_q_mode)5, (ap_o_mode)3, 0> const&)' into 'ap_ufixed<25, 11, (ap_q_mode)5, (ap_o_mode)3, 0>::ap_ufixed<26, 12, false, (ap_q_mode)5, (ap_o_mode)3, 0>(ap_fixed_base<26, 12, false, (ap_q_mode)5, (ap_o_mode)3, 0> const&)'
INFO: [HLS 214-131] Inlining function 'ap_fixed_base<25, 11, false, (ap_q_mode)5, (ap_o_mode)3, 0>::operator!() const' into 'ap_fixed_base<22, 11, false, (ap_q_mode)5, (ap_o_mode)3, 0>& ap_fixed_base<22, 11, false, (ap_q_mode)5, (ap_o_mode)3, 0>::operator=<25, 11, false, (ap_q_mode)5, (ap_o_mode)3, 0>(ap_fixed_base<25, 11, false, (ap_q_mode)5, (ap_o_mode)3, 0> const&)' (C:/Xilinx/Vitis_HLS/2022.2/common/technology/autopilot\ap_fixed_base.h:808:9)
INFO: [HLS 214-131] Inlining function '_ZN8ssdm_intILi22ELb0EEC2EDq22_j' into 'ap_fixed_base<22, 11, false, (ap_q_mode)5, (ap_o_mode)3, 0>::ap_fixed_base<25, 11, false, (ap_q_mode)5, (ap_o_mode)3, 0>(ap_fixed_base<25, 11, false, (ap_q_mode)5, (ap_o_mode)3, 0> const&)' (C:/Xilinx/Vitis_HLS/2022.2/common/technology/autopilot\ap_fixed_base.h:401:80)
INFO: [HLS 214-131] Inlining function 'ap_fixed_base<22, 11, false, (ap_q_mode)5, (ap_o_mode)3, 0>& ap_fixed_base<22, 11, false, (ap_q_mode)5, (ap_o_mode)3, 0>::operator=<25, 11, false, (ap_q_mode)5, (ap_o_mode)3, 0>(ap_fixed_base<25, 11, false, (ap_q_mode)5, (ap_o_mode)3, 0> const&)' into 'ap_fixed_base<22, 11, false, (ap_q_mode)5, (ap_o_mode)3, 0>::ap_fixed_base<25, 11, false, (ap_q_mode)5, (ap_o_mode)3, 0>(ap_fixed_base<25, 11, false, (ap_q_mode)5, (ap_o_mode)3, 0> const&)' (C:/Xilinx/Vitis_HLS/2022.2/common/technology/autopilot\ap_fixed_base.h:403:5)
INFO: [HLS 214-131] Inlining function 'ap_fixed_base<22, 11, false, (ap_q_mode)5, (ap_o_mode)3, 0>::ap_fixed_base<25, 11, false, (ap_q_mode)5, (ap_o_mode)3, 0>(ap_fixed_base<25, 11, false, (ap_q_mode)5, (ap_o_mode)3, 0> const&)' into 'ap_ufixed<22, 11, (ap_q_mode)5, (ap_o_mode)3, 0>::ap_ufixed<25, 11, false, (ap_q_mode)5, (ap_o_mode)3, 0>(ap_fixed_base<25, 11, false, (ap_q_mode)5, (ap_o_mode)3, 0> const&)'
INFO: [HLS 214-131] Inlining function 'ap_fixed_base<22, 11, false, (ap_q_mode)5, (ap_o_mode)3, 0>::operator!() const' into 'ap_fixed_base<33, 17, true, (ap_q_mode)5, (ap_o_mode)3, 0>& ap_fixed_base<33, 17, true, (ap_q_mode)5, (ap_o_mode)3, 0>::operator=<22, 11, false, (ap_q_mode)5, (ap_o_mode)3, 0>(ap_fixed_base<22, 11, false, (ap_q_mode)5, (ap_o_mode)3, 0> const&)' (C:/Xilinx/Vitis_HLS/2022.2/common/technology/autopilot\ap_fixed_base.h:808:9)
INFO: [HLS 214-131] Inlining function '_ZN8ssdm_intILi33ELb1EEC2EDq33_i' into 'ap_fixed_base<33, 17, true, (ap_q_mode)5, (ap_o_mode)3, 0>::ap_fixed_base<22, 11, false, (ap_q_mode)5, (ap_o_mode)3, 0>(ap_fixed_base<22, 11, false, (ap_q_mode)5, (ap_o_mode)3, 0> const&)' (C:/Xilinx/Vitis_HLS/2022.2/common/technology/autopilot\ap_fixed_base.h:401:80)
INFO: [HLS 214-131] Inlining function 'ap_fixed_base<33, 17, true, (ap_q_mode)5, (ap_o_mode)3, 0>& ap_fixed_base<33, 17, true, (ap_q_mode)5, (ap_o_mode)3, 0>::operator=<22, 11, false, (ap_q_mode)5, (ap_o_mode)3, 0>(ap_fixed_base<22, 11, false, (ap_q_mode)5, (ap_o_mode)3, 0> const&)' into 'ap_fixed_base<33, 17, true, (ap_q_mode)5, (ap_o_mode)3, 0>::ap_fixed_base<22, 11, false, (ap_q_mode)5, (ap_o_mode)3, 0>(ap_fixed_base<22, 11, false, (ap_q_mode)5, (ap_o_mode)3, 0> const&)' (C:/Xilinx/Vitis_HLS/2022.2/common/technology/autopilot\ap_fixed_base.h:403:5)
INFO: [HLS 214-131] Inlining function 'ap_fixed_base<33, 17, true, (ap_q_mode)5, (ap_o_mode)3, 0>::ap_fixed_base<22, 11, false, (ap_q_mode)5, (ap_o_mode)3, 0>(ap_fixed_base<22, 11, false, (ap_q_mode)5, (ap_o_mode)3, 0> const&)' into 'ap_fixed<33, 17, (ap_q_mode)5, (ap_o_mode)3, 0>::ap_fixed<22, 11, false, (ap_q_mode)5, (ap_o_mode)3, 0>(ap_fixed_base<22, 11, false, (ap_q_mode)5, (ap_o_mode)3, 0> const&)'
INFO: [HLS 214-131] Inlining function 'ap_fixed_base<33, 17, true, (ap_q_mode)5, (ap_o_mode)3, 0>::operator!() const' into 'ap_fixed_base<47, 24, true, (ap_q_mode)5, (ap_o_mode)3, 0>& ap_fixed_base<47, 24, true, (ap_q_mode)5, (ap_o_mode)3, 0>::operator=<33, 17, true, (ap_q_mode)5, (ap_o_mode)3, 0>(ap_fixed_base<33, 17, true, (ap_q_mode)5, (ap_o_mode)3, 0> const&)' (C:/Xilinx/Vitis_HLS/2022.2/common/technology/autopilot\ap_fixed_base.h:808:9)
INFO: [HLS 214-131] Inlining function '_ZN8ssdm_intILi47ELb1EEC2EDq47_i' into 'ap_fixed_base<47, 24, true, (ap_q_mode)5, (ap_o_mode)3, 0>::ap_fixed_base<33, 17, true, (ap_q_mode)5, (ap_o_mode)3, 0>(ap_fixed_base<33, 17, true, (ap_q_mode)5, (ap_o_mode)3, 0> const&)' (C:/Xilinx/Vitis_HLS/2022.2/common/technology/autopilot\ap_fixed_base.h:401:80)
INFO: [HLS 214-131] Inlining function 'ap_fixed_base<47, 24, true, (ap_q_mode)5, (ap_o_mode)3, 0>& ap_fixed_base<47, 24, true, (ap_q_mode)5, (ap_o_mode)3, 0>::operator=<33, 17, true, (ap_q_mode)5, (ap_o_mode)3, 0>(ap_fixed_base<33, 17, true, (ap_q_mode)5, (ap_o_mode)3, 0> const&)' into 'ap_fixed_base<47, 24, true, (ap_q_mode)5, (ap_o_mode)3, 0>::ap_fixed_base<33, 17, true, (ap_q_mode)5, (ap_o_mode)3, 0>(ap_fixed_base<33, 17, true, (ap_q_mode)5, (ap_o_mode)3, 0> const&)' (C:/Xilinx/Vitis_HLS/2022.2/common/technology/autopilot\ap_fixed_base.h:403:5)
INFO: [HLS 214-131] Inlining function 'ap_fixed_base<47, 24, true, (ap_q_mode)5, (ap_o_mode)3, 0>::ap_fixed_base<33, 17, true, (ap_q_mode)5, (ap_o_mode)3, 0>(ap_fixed_base<33, 17, true, (ap_q_mode)5, (ap_o_mode)3, 0> const&)' into 'ap_fixed<47, 24, (ap_q_mode)5, (ap_o_mode)3, 0>::ap_fixed<33, 17, true, (ap_q_mode)5, (ap_o_mode)3, 0>(ap_fixed_base<33, 17, true, (ap_q_mode)5, (ap_o_mode)3, 0> const&)'
INFO: [HLS 214-131] Inlining function 'ap_fixed_base<32, 32, true, (ap_q_mode)5, (ap_o_mode)3, 0>::operator!() const' into 'ap_fixed_base<46, 23, false, (ap_q_mode)5, (ap_o_mode)3, 0>& ap_fixed_base<46, 23, false, (ap_q_mode)5, (ap_o_mode)3, 0>::operator=<32, 32, true, (ap_q_mode)5, (ap_o_mode)3, 0>(ap_fixed_base<32, 32, true, (ap_q_mode)5, (ap_o_mode)3, 0> const&)' (C:/Xilinx/Vitis_HLS/2022.2/common/technology/autopilot\ap_fixed_base.h:808:9)
INFO: [HLS 214-131] Inlining function 'ap_fixed_base<46, 23, false, (ap_q_mode)5, (ap_o_mode)3, 0>& ap_fixed_base<46, 23, false, (ap_q_mode)5, (ap_o_mode)3, 0>::operator=<32, 32, true, (ap_q_mode)5, (ap_o_mode)3, 0>(ap_fixed_base<32, 32, true, (ap_q_mode)5, (ap_o_mode)3, 0> const&)' into 'ap_fixed_base<46, 23, false, (ap_q_mode)5, (ap_o_mode)3, 0>::ap_fixed_base(int)' (C:/Xilinx/Vitis_HLS/2022.2/common/technology/autopilot\ap_fixed_base.h:530:146)
INFO: [HLS 214-131] Inlining function 'ap_fixed_base<46, 23, false, (ap_q_mode)5, (ap_o_mode)3, 0>::ap_fixed_base(int)' into 'ap_ufixed<46, 23, (ap_q_mode)5, (ap_o_mode)3, 0>::ap_ufixed(int)'
INFO: [HLS 214-131] Inlining function 'af_range_ref<47, 24, true, (ap_q_mode)5, (ap_o_mode)3, 0>::af_range_ref(ap_fixed_base<47, 24, true, (ap_q_mode)5, (ap_o_mode)3, 0>*, int, int)' into 'ap_fixed_base<47, 24, true, (ap_q_mode)5, (ap_o_mode)3, 0>::range(int, int)' (C:/Xilinx/Vitis_HLS/2022.2/common/technology/autopilot\ap_fixed_base.h:1746:12)
INFO: [HLS 214-131] Inlining function 'ap_fixed_base<47, 24, true, (ap_q_mode)5, (ap_o_mode)3, 0>::range(int, int)' into 'ap_fixed_base<47, 24, true, (ap_q_mode)5, (ap_o_mode)3, 0>::operator()(int, int)' (C:/Xilinx/Vitis_HLS/2022.2/common/technology/autopilot\ap_fixed_base.h:1785:18)
INFO: [HLS 214-131] Inlining function 'af_range_ref<5, 5, true, (ap_q_mode)5, (ap_o_mode)3, 0>::af_range_ref(ap_fixed_base<5, 5, true, (ap_q_mode)5, (ap_o_mode)3, 0>*, int, int)' into 'ap_fixed_base<5, 5, true, (ap_q_mode)5, (ap_o_mode)3, 0>::range(int, int)' (C:/Xilinx/Vitis_HLS/2022.2/common/technology/autopilot\ap_fixed_base.h:1746:12)
INFO: [HLS 214-131] Inlining function 'ap_fixed_base<5, 5, true, (ap_q_mode)5, (ap_o_mode)3, 0>::range(int, int)' into 'ap_fixed_base<5, 5, true, (ap_q_mode)5, (ap_o_mode)3, 0>::operator()(int, int)' (C:/Xilinx/Vitis_HLS/2022.2/common/technology/autopilot\ap_fixed_base.h:1785:18)
INFO: [HLS 214-131] Inlining function 'af_range_ref<47, 24, true, (ap_q_mode)5, (ap_o_mode)3, 0>::get() const' into 'ap_int_base<47, false>::ap_int_base<47, 24, true, (ap_q_mode)5, (ap_o_mode)3, 0>(af_range_ref<47, 24, true, (ap_q_mode)5, (ap_o_mode)3, 0> const&)' (C:/Xilinx/Vitis_HLS/2022.2/common/technology/autopilot\ap_int_base.h:403:20)
INFO: [HLS 214-131] Inlining function 'ap_int_base<47, false>::ap_int_base<47, 24, true, (ap_q_mode)5, (ap_o_mode)3, 0>(af_range_ref<47, 24, true, (ap_q_mode)5, (ap_o_mode)3, 0> const&)' into 'af_range_ref<5, 5, true, (ap_q_mode)5, (ap_o_mode)3, 0>& af_range_ref<5, 5, true, (ap_q_mode)5, (ap_o_mode)3, 0>::operator=<47, 24, true, (ap_q_mode)5, (ap_o_mode)3, 0>(af_range_ref<47, 24, true, (ap_q_mode)5, (ap_o_mode)3, 0> const&)' (C:/Xilinx/Vitis_HLS/2022.2/common/technology/autopilot\ap_fixed_ref.h:335:32)
INFO: [HLS 214-131] Inlining function 'af_range_ref<5, 5, true, (ap_q_mode)5, (ap_o_mode)3, 0>& af_range_ref<5, 5, true, (ap_q_mode)5, (ap_o_mode)3, 0>::operator=<47, false>(ap_int_base<47, false> const&)' into 'af_range_ref<5, 5, true, (ap_q_mode)5, (ap_o_mode)3, 0>& af_range_ref<5, 5, true, (ap_q_mode)5, (ap_o_mode)3, 0>::operator=<47, 24, true, (ap_q_mode)5, (ap_o_mode)3, 0>(af_range_ref<47, 24, true, (ap_q_mode)5, (ap_o_mode)3, 0> const&)' (C:/Xilinx/Vitis_HLS/2022.2/common/technology/autopilot\ap_fixed_ref.h:336:12)
INFO: [HLS 214-131] Inlining function 'af_range_ref<23, 0, false, (ap_q_mode)5, (ap_o_mode)3, 0>::af_range_ref(ap_fixed_base<23, 0, false, (ap_q_mode)5, (ap_o_mode)3, 0>*, int, int)' into 'ap_fixed_base<23, 0, false, (ap_q_mode)5, (ap_o_mode)3, 0>::range(int, int)' (C:/Xilinx/Vitis_HLS/2022.2/common/technology/autopilot\ap_fixed_base.h:1746:12)
INFO: [HLS 214-131] Inlining function 'ap_fixed_base<23, 0, false, (ap_q_mode)5, (ap_o_mode)3, 0>::range(int, int)' into 'ap_fixed_base<23, 0, false, (ap_q_mode)5, (ap_o_mode)3, 0>::operator()(int, int)' (C:/Xilinx/Vitis_HLS/2022.2/common/technology/autopilot\ap_fixed_base.h:1785:18)
INFO: [HLS 214-131] Inlining function 'ap_int_base<47, false>::ap_int_base<47, 24, true, (ap_q_mode)5, (ap_o_mode)3, 0>(af_range_ref<47, 24, true, (ap_q_mode)5, (ap_o_mode)3, 0> const&)' into 'af_range_ref<23, 0, false, (ap_q_mode)5, (ap_o_mode)3, 0>& af_range_ref<23, 0, false, (ap_q_mode)5, (ap_o_mode)3, 0>::operator=<47, 24, true, (ap_q_mode)5, (ap_o_mode)3, 0>(af_range_ref<47, 24, true, (ap_q_mode)5, (ap_o_mode)3, 0> const&)' (C:/Xilinx/Vitis_HLS/2022.2/common/technology/autopilot\ap_fixed_ref.h:335:32)
INFO: [HLS 214-131] Inlining function 'af_range_ref<23, 0, false, (ap_q_mode)5, (ap_o_mode)3, 0>& af_range_ref<23, 0, false, (ap_q_mode)5, (ap_o_mode)3, 0>::operator=<47, false>(ap_int_base<47, false> const&)' into 'af_range_ref<23, 0, false, (ap_q_mode)5, (ap_o_mode)3, 0>& af_range_ref<23, 0, false, (ap_q_mode)5, (ap_o_mode)3, 0>::operator=<47, 24, true, (ap_q_mode)5, (ap_o_mode)3, 0>(af_range_ref<47, 24, true, (ap_q_mode)5, (ap_o_mode)3, 0> const&)' (C:/Xilinx/Vitis_HLS/2022.2/common/technology/autopilot\ap_fixed_ref.h:336:12)
INFO: [HLS 214-131] Inlining function 'af_bit_ref<47, 24, true, (ap_q_mode)5, (ap_o_mode)3, 0>::af_bit_ref(ap_fixed_base<47, 24, true, (ap_q_mode)5, (ap_o_mode)3, 0>*, int)' into 'ap_fixed_base<47, 24, true, (ap_q_mode)5, (ap_o_mode)3, 0>::operator[](unsigned int)' (C:/Xilinx/Vitis_HLS/2022.2/common/technology/autopilot\ap_fixed_base.h:1671:12)
INFO: [HLS 214-131] Inlining function 'af_bit_ref<47, 24, true, (ap_q_mode)5, (ap_o_mode)3, 0>::get() const' into 'bool af_bit_ref<47, 24, true, (ap_q_mode)5, (ap_o_mode)3, 0>::operator!=<47, 24, true, (ap_q_mode)5, (ap_o_mode)3, 0>(af_bit_ref<47, 24, true, (ap_q_mode)5, (ap_o_mode)3, 0> const&)' (C:/Xilinx/Vitis_HLS/2022.2/common/technology/autopilot\ap_fixed_ref.h:176:12)
INFO: [HLS 214-131] Inlining function 'af_bit_ref<47, 24, true, (ap_q_mode)5, (ap_o_mode)3, 0>::get() const' into 'bool af_bit_ref<47, 24, true, (ap_q_mode)5, (ap_o_mode)3, 0>::operator!=<47, 24, true, (ap_q_mode)5, (ap_o_mode)3, 0>(af_bit_ref<47, 24, true, (ap_q_mode)5, (ap_o_mode)3, 0> const&)' (C:/Xilinx/Vitis_HLS/2022.2/common/technology/autopilot\ap_fixed_ref.h:176:24)
INFO: [HLS 214-131] Inlining function 'ap_fixed_base<32, 32, true, (ap_q_mode)5, (ap_o_mode)3, 0>::ap_fixed_base(int)' into 'bool operator==<5, 5, true, (ap_q_mode)5, (ap_o_mode)3, 0>(ap_fixed_base<5, 5, true, (ap_q_mode)5, (ap_o_mode)3, 0> const&, int)' (C:/Xilinx/Vitis_HLS/2022.2/common/technology/autopilot\ap_fixed_base.h:2376:12423)
INFO: [HLS 214-131] Inlining function 'bool ap_fixed_base<5, 5, true, (ap_q_mode)5, (ap_o_mode)3, 0>::operator==<32, 32, true, (ap_q_mode)5, (ap_o_mode)3, 0>(ap_fixed_base<32, 32, true, (ap_q_mode)5, (ap_o_mode)3, 0> const&) const' into 'bool operator==<5, 5, true, (ap_q_mode)5, (ap_o_mode)3, 0>(ap_fixed_base<5, 5, true, (ap_q_mode)5, (ap_o_mode)3, 0> const&, int)' (C:/Xilinx/Vitis_HLS/2022.2/common/technology/autopilot\ap_fixed_base.h:2376:12411)
INFO: [HLS 214-131] Inlining function 'ap_fixed_base<23, 0, false, (ap_q_mode)5, (ap_o_mode)3, 0>::ap_fixed_base(char const*)' into 'ap_ufixed<23, 0, (ap_q_mode)5, (ap_o_mode)3, 0>::ap_ufixed(char const*)'
INFO: [HLS 214-131] Inlining function 'af_bit_ref<46, 23, false, (ap_q_mode)5, (ap_o_mode)3, 0>::af_bit_ref(ap_fixed_base<46, 23, false, (ap_q_mode)5, (ap_o_mode)3, 0>*, int)' into 'ap_fixed_base<46, 23, false, (ap_q_mode)5, (ap_o_mode)3, 0>::operator[](unsigned int)' (C:/Xilinx/Vitis_HLS/2022.2/common/technology/autopilot\ap_fixed_base.h:1671:12)
INFO: [HLS 214-131] Inlining function 'ap_bit_ref<8, false>::ap_bit_ref(ap_int_base<8, false>*, int)' into 'ap_int_base<8, false>::operator[](int)' (C:/Xilinx/Vitis_HLS/2022.2/common/technology/autopilot\ap_int_base.h:1129:30)
INFO: [HLS 214-131] Inlining function 'af_bit_ref<47, 24, true, (ap_q_mode)5, (ap_o_mode)3, 0>::operator bool() const' into 'ap_bit_ref<8, false>& ap_bit_ref<8, false>::operator=<47, 24, true, (ap_q_mode)5, (ap_o_mode)3, 0>(af_bit_ref<47, 24, true, (ap_q_mode)5, (ap_o_mode)3, 0> const&)' (C:/Xilinx/Vitis_HLS/2022.2/common/technology/autopilot\ap_int_ref.h:859:38)
INFO: [HLS 214-131] Inlining function 'ap_bit_ref<8, false>::operator=(unsigned long long)' into 'ap_bit_ref<8, false>& ap_bit_ref<8, false>::operator=<47, 24, true, (ap_q_mode)5, (ap_o_mode)3, 0>(af_bit_ref<47, 24, true, (ap_q_mode)5, (ap_o_mode)3, 0> const&)' (C:/Xilinx/Vitis_HLS/2022.2/common/technology/autopilot\ap_int_ref.h:859:12)
INFO: [HLS 214-131] Inlining function 'ap_range_ref<8, false>::ap_range_ref(ap_int_base<8, false>*, int, int)' into 'ap_int_base<8, false>::range(int, int)' (C:/Xilinx/Vitis_HLS/2022.2/common/technology/autopilot\ap_int_base.h:1048:12)
INFO: [HLS 214-131] Inlining function 'ap_int_base<8, false>::range(int, int)' into 'ap_int_base<8, false>::operator()(int, int)' (C:/Xilinx/Vitis_HLS/2022.2/common/technology/autopilot\ap_int_base.h:1085:18)
INFO: [HLS 214-131] Inlining function 'ssdm_int<8, false>::ssdm_int(unsigned char)' into 'ap_int_base<8, false>::ap_int_base<47, false>(ap_int_base<47, false> const&)' (C:/Xilinx/Vitis_HLS/2022.2/common/technology/autopilot\ap_int_base.h:185:106)
INFO: [HLS 214-131] Inlining function 'ap_int_base<8, false>::ap_int_base<47, false>(ap_int_base<47, false> const&)' into 'ap_range_ref<8, false>& ap_range_ref<8, false>::operator=<47, false>(ap_int_base<47, false> const&)' (C:/Xilinx/Vitis_HLS/2022.2/common/technology/autopilot\ap_int_ref.h:367:31)
INFO: [HLS 214-131] Inlining function 'ap_int_base<47, false>::ap_int_base<47, 24, true, (ap_q_mode)5, (ap_o_mode)3, 0>(af_range_ref<47, 24, true, (ap_q_mode)5, (ap_o_mode)3, 0> const&)' into 'ap_range_ref<8, false>& ap_range_ref<8, false>::operator=<47, 24, true, (ap_q_mode)5, (ap_o_mode)3, 0>(af_range_ref<47, 24, true, (ap_q_mode)5, (ap_o_mode)3, 0> const&)' (C:/Xilinx/Vitis_HLS/2022.2/common/technology/autopilot\ap_int_ref.h:405:22)
INFO: [HLS 214-131] Inlining function 'ap_range_ref<8, false>& ap_range_ref<8, false>::operator=<47, false>(ap_int_base<47, false> const&)' into 'ap_range_ref<8, false>& ap_range_ref<8, false>::operator=<47, 24, true, (ap_q_mode)5, (ap_o_mode)3, 0>(af_range_ref<47, 24, true, (ap_q_mode)5, (ap_o_mode)3, 0> const&)' (C:/Xilinx/Vitis_HLS/2022.2/common/technology/autopilot\ap_int_ref.h:405:12)
INFO: [HLS 214-131] Inlining function '_ZN8ssdm_intILi5ELb0EEC2EDq5_j' into 'ap_int_base<5, false>::ap_int_base<47, false>(ap_int_base<47, false> const&)' (C:/Xilinx/Vitis_HLS/2022.2/common/technology/autopilot\ap_int_base.h:185:106)
INFO: [HLS 214-131] Inlining function 'ap_int_base<5, false>::ap_int_base<47, false>(ap_int_base<47, false> const&)' into 'ap_range_ref<5, false>& ap_range_ref<5, false>::operator=<47, false>(ap_int_base<47, false> const&)' (C:/Xilinx/Vitis_HLS/2022.2/common/technology/autopilot\ap_int_ref.h:367:31)
INFO: [HLS 214-131] Inlining function 'ap_int_base<47, false>::ap_int_base<47, 24, true, (ap_q_mode)5, (ap_o_mode)3, 0>(af_range_ref<47, 24, true, (ap_q_mode)5, (ap_o_mode)3, 0> const&)' into 'ap_range_ref<5, false>& ap_range_ref<5, false>::operator=<47, 24, true, (ap_q_mode)5, (ap_o_mode)3, 0>(af_range_ref<47, 24, true, (ap_q_mode)5, (ap_o_mode)3, 0> const&)' (C:/Xilinx/Vitis_HLS/2022.2/common/technology/autopilot\ap_int_ref.h:405:22)
INFO: [HLS 214-131] Inlining function 'ap_range_ref<5, false>& ap_range_ref<5, false>::operator=<47, false>(ap_int_base<47, false> const&)' into 'ap_range_ref<5, false>& ap_range_ref<5, false>::operator=<47, 24, true, (ap_q_mode)5, (ap_o_mode)3, 0>(af_range_ref<47, 24, true, (ap_q_mode)5, (ap_o_mode)3, 0> const&)' (C:/Xilinx/Vitis_HLS/2022.2/common/technology/autopilot\ap_int_ref.h:405:12)
INFO: [HLS 214-131] Inlining function 'ap_range_ref<3, false>::ap_range_ref(ap_int_base<3, false>*, int, int)' into 'ap_int_base<3, false>::range(int, int)' (C:/Xilinx/Vitis_HLS/2022.2/common/technology/autopilot\ap_int_base.h:1048:12)
INFO: [HLS 214-131] Inlining function 'ap_int_base<3, false>::range(int, int)' into 'ap_int_base<3, false>::operator()(int, int)' (C:/Xilinx/Vitis_HLS/2022.2/common/technology/autopilot\ap_int_base.h:1085:18)
INFO: [HLS 214-131] Inlining function '_ZN8ssdm_intILi3ELb0EEC2EDq3_j' into 'ap_int_base<3, false>::ap_int_base<47, false>(ap_int_base<47, false> const&)' (C:/Xilinx/Vitis_HLS/2022.2/common/technology/autopilot\ap_int_base.h:185:106)
INFO: [HLS 214-131] Inlining function 'ap_int_base<3, false>::ap_int_base<47, false>(ap_int_base<47, false> const&)' into 'ap_range_ref<3, false>& ap_range_ref<3, false>::operator=<47, false>(ap_int_base<47, false> const&)' (C:/Xilinx/Vitis_HLS/2022.2/common/technology/autopilot\ap_int_ref.h:367:31)
INFO: [HLS 214-131] Inlining function 'ap_int_base<47, false>::ap_int_base<47, 24, true, (ap_q_mode)5, (ap_o_mode)3, 0>(af_range_ref<47, 24, true, (ap_q_mode)5, (ap_o_mode)3, 0> const&)' into 'ap_range_ref<3, false>& ap_range_ref<3, false>::operator=<47, 24, true, (ap_q_mode)5, (ap_o_mode)3, 0>(af_range_ref<47, 24, true, (ap_q_mode)5, (ap_o_mode)3, 0> const&)' (C:/Xilinx/Vitis_HLS/2022.2/common/technology/autopilot\ap_int_ref.h:405:22)
INFO: [HLS 214-131] Inlining function 'ap_range_ref<3, false>& ap_range_ref<3, false>::operator=<47, false>(ap_int_base<47, false> const&)' into 'ap_range_ref<3, false>& ap_range_ref<3, false>::operator=<47, 24, true, (ap_q_mode)5, (ap_o_mode)3, 0>(af_range_ref<47, 24, true, (ap_q_mode)5, (ap_o_mode)3, 0> const&)' (C:/Xilinx/Vitis_HLS/2022.2/common/technology/autopilot\ap_int_ref.h:405:12)
INFO: [HLS 214-131] Inlining function '_ZN8ssdm_intILi4ELb0EEC2EDq4_j' into 'ap_int_base<4, false>::ap_int_base<47, false>(ap_int_base<47, false> const&)' (C:/Xilinx/Vitis_HLS/2022.2/common/technology/autopilot\ap_int_base.h:185:106)
INFO: [HLS 214-131] Inlining function 'ap_int_base<4, false>::ap_int_base<47, false>(ap_int_base<47, false> const&)' into 'ap_range_ref<4, false>& ap_range_ref<4, false>::operator=<47, false>(ap_int_base<47, false> const&)' (C:/Xilinx/Vitis_HLS/2022.2/common/technology/autopilot\ap_int_ref.h:367:31)
INFO: [HLS 214-131] Inlining function 'ap_int_base<47, false>::ap_int_base<47, 24, true, (ap_q_mode)5, (ap_o_mode)3, 0>(af_range_ref<47, 24, true, (ap_q_mode)5, (ap_o_mode)3, 0> const&)' into 'ap_range_ref<4, false>& ap_range_ref<4, false>::operator=<47, 24, true, (ap_q_mode)5, (ap_o_mode)3, 0>(af_range_ref<47, 24, true, (ap_q_mode)5, (ap_o_mode)3, 0> const&)' (C:/Xilinx/Vitis_HLS/2022.2/common/technology/autopilot\ap_int_ref.h:405:22)
INFO: [HLS 214-131] Inlining function 'ap_range_ref<4, false>& ap_range_ref<4, false>::operator=<47, false>(ap_int_base<47, false> const&)' into 'ap_range_ref<4, false>& ap_range_ref<4, false>::operator=<47, 24, true, (ap_q_mode)5, (ap_o_mode)3, 0>(af_range_ref<47, 24, true, (ap_q_mode)5, (ap_o_mode)3, 0> const&)' (C:/Xilinx/Vitis_HLS/2022.2/common/technology/autopilot\ap_int_ref.h:405:12)
INFO: [HLS 214-131] Inlining function 'ap_fixed_base<47, 24, true, (ap_q_mode)5, (ap_o_mode)3, 0>::operator!() const' into 'ap_fixed_base<8, -3, false, (ap_q_mode)5, (ap_o_mode)3, 0>& ap_fixed_base<8, -3, false, (ap_q_mode)5, (ap_o_mode)3, 0>::operator=<47, 24, true, (ap_q_mode)5, (ap_o_mode)3, 0>(ap_fixed_base<47, 24, true, (ap_q_mode)5, (ap_o_mode)3, 0> const&)' (C:/Xilinx/Vitis_HLS/2022.2/common/technology/autopilot\ap_fixed_base.h:808:9)
INFO: [HLS 214-131] Inlining function 'ssdm_int<8, false>::ssdm_int(unsigned char)' into 'ap_fixed_base<8, -3, false, (ap_q_mode)5, (ap_o_mode)3, 0>::ap_fixed_base<47, 24, true, (ap_q_mode)5, (ap_o_mode)3, 0>(ap_fixed_base<47, 24, true, (ap_q_mode)5, (ap_o_mode)3, 0> const&)' (C:/Xilinx/Vitis_HLS/2022.2/common/technology/autopilot\ap_fixed_base.h:401:80)
INFO: [HLS 214-131] Inlining function 'ap_fixed_base<8, -3, false, (ap_q_mode)5, (ap_o_mode)3, 0>& ap_fixed_base<8, -3, false, (ap_q_mode)5, (ap_o_mode)3, 0>::operator=<47, 24, true, (ap_q_mode)5, (ap_o_mode)3, 0>(ap_fixed_base<47, 24, true, (ap_q_mode)5, (ap_o_mode)3, 0> const&)' into 'ap_fixed_base<8, -3, false, (ap_q_mode)5, (ap_o_mode)3, 0>::ap_fixed_base<47, 24, true, (ap_q_mode)5, (ap_o_mode)3, 0>(ap_fixed_base<47, 24, true, (ap_q_mode)5, (ap_o_mode)3, 0> const&)' (C:/Xilinx/Vitis_HLS/2022.2/common/technology/autopilot\ap_fixed_base.h:403:5)
INFO: [HLS 214-131] Inlining function 'ap_fixed_base<8, -3, false, (ap_q_mode)5, (ap_o_mode)3, 0>::ap_fixed_base<47, 24, true, (ap_q_mode)5, (ap_o_mode)3, 0>(ap_fixed_base<47, 24, true, (ap_q_mode)5, (ap_o_mode)3, 0> const&)' into 'ap_ufixed<8, -3, (ap_q_mode)5, (ap_o_mode)3, 0>::ap_ufixed<47, 24, true, (ap_q_mode)5, (ap_o_mode)3, 0>(ap_fixed_base<47, 24, true, (ap_q_mode)5, (ap_o_mode)3, 0> const&)'
INFO: [HLS 214-131] Inlining function 'ap_fixed_base<47, 24, true, (ap_q_mode)5, (ap_o_mode)3, 0>::operator!() const' into 'ap_fixed_base<5, -11, false, (ap_q_mode)5, (ap_o_mode)3, 0>& ap_fixed_base<5, -11, false, (ap_q_mode)5, (ap_o_mode)3, 0>::operator=<47, 24, true, (ap_q_mode)5, (ap_o_mode)3, 0>(ap_fixed_base<47, 24, true, (ap_q_mode)5, (ap_o_mode)3, 0> const&)' (C:/Xilinx/Vitis_HLS/2022.2/common/technology/autopilot\ap_fixed_base.h:808:9)
INFO: [HLS 214-131] Inlining function '_ZN8ssdm_intILi5ELb0EEC2EDq5_j' into 'ap_fixed_base<5, -11, false, (ap_q_mode)5, (ap_o_mode)3, 0>::ap_fixed_base<47, 24, true, (ap_q_mode)5, (ap_o_mode)3, 0>(ap_fixed_base<47, 24, true, (ap_q_mode)5, (ap_o_mode)3, 0> const&)' (C:/Xilinx/Vitis_HLS/2022.2/common/technology/autopilot\ap_fixed_base.h:401:80)
INFO: [HLS 214-131] Inlining function 'ap_fixed_base<5, -11, false, (ap_q_mode)5, (ap_o_mode)3, 0>& ap_fixed_base<5, -11, false, (ap_q_mode)5, (ap_o_mode)3, 0>::operator=<47, 24, true, (ap_q_mode)5, (ap_o_mode)3, 0>(ap_fixed_base<47, 24, true, (ap_q_mode)5, (ap_o_mode)3, 0> const&)' into 'ap_fixed_base<5, -11, false, (ap_q_mode)5, (ap_o_mode)3, 0>::ap_fixed_base<47, 24, true, (ap_q_mode)5, (ap_o_mode)3, 0>(ap_fixed_base<47, 24, true, (ap_q_mode)5, (ap_o_mode)3, 0> const&)' (C:/Xilinx/Vitis_HLS/2022.2/common/technology/autopilot\ap_fixed_base.h:403:5)
INFO: [HLS 214-131] Inlining function 'ap_fixed_base<5, -11, false, (ap_q_mode)5, (ap_o_mode)3, 0>::ap_fixed_base<47, 24, true, (ap_q_mode)5, (ap_o_mode)3, 0>(ap_fixed_base<47, 24, true, (ap_q_mode)5, (ap_o_mode)3, 0> const&)' into 'ap_ufixed<5, -11, (ap_q_mode)5, (ap_o_mode)3, 0>::ap_ufixed<47, 24, true, (ap_q_mode)5, (ap_o_mode)3, 0>(ap_fixed_base<47, 24, true, (ap_q_mode)5, (ap_o_mode)3, 0> const&)'
INFO: [HLS 214-131] Inlining function 'ap_fixed_base<47, 24, true, (ap_q_mode)5, (ap_o_mode)3, 0>::operator!() const' into 'ap_fixed_base<3, -16, false, (ap_q_mode)5, (ap_o_mode)3, 0>& ap_fixed_base<3, -16, false, (ap_q_mode)5, (ap_o_mode)3, 0>::operator=<47, 24, true, (ap_q_mode)5, (ap_o_mode)3, 0>(ap_fixed_base<47, 24, true, (ap_q_mode)5, (ap_o_mode)3, 0> const&)' (C:/Xilinx/Vitis_HLS/2022.2/common/technology/autopilot\ap_fixed_base.h:808:9)
INFO: [HLS 214-131] Inlining function '_ZN8ssdm_intILi3ELb0EEC2EDq3_j' into 'ap_fixed_base<3, -16, false, (ap_q_mode)5, (ap_o_mode)3, 0>::ap_fixed_base<47, 24, true, (ap_q_mode)5, (ap_o_mode)3, 0>(ap_fixed_base<47, 24, true, (ap_q_mode)5, (ap_o_mode)3, 0> const&)' (C:/Xilinx/Vitis_HLS/2022.2/common/technology/autopilot\ap_fixed_base.h:401:80)
INFO: [HLS 214-131] Inlining function 'ap_fixed_base<3, -16, false, (ap_q_mode)5, (ap_o_mode)3, 0>& ap_fixed_base<3, -16, false, (ap_q_mode)5, (ap_o_mode)3, 0>::operator=<47, 24, true, (ap_q_mode)5, (ap_o_mode)3, 0>(ap_fixed_base<47, 24, true, (ap_q_mode)5, (ap_o_mode)3, 0> const&)' into 'ap_fixed_base<3, -16, false, (ap_q_mode)5, (ap_o_mode)3, 0>::ap_fixed_base<47, 24, true, (ap_q_mode)5, (ap_o_mode)3, 0>(ap_fixed_base<47, 24, true, (ap_q_mode)5, (ap_o_mode)3, 0> const&)' (C:/Xilinx/Vitis_HLS/2022.2/common/technology/autopilot\ap_fixed_base.h:403:5)
INFO: [HLS 214-131] Inlining function 'ap_fixed_base<3, -16, false, (ap_q_mode)5, (ap_o_mode)3, 0>::ap_fixed_base<47, 24, true, (ap_q_mode)5, (ap_o_mode)3, 0>(ap_fixed_base<47, 24, true, (ap_q_mode)5, (ap_o_mode)3, 0> const&)' into 'ap_ufixed<3, -16, (ap_q_mode)5, (ap_o_mode)3, 0>::ap_ufixed<47, 24, true, (ap_q_mode)5, (ap_o_mode)3, 0>(ap_fixed_base<47, 24, true, (ap_q_mode)5, (ap_o_mode)3, 0> const&)'
INFO: [HLS 214-131] Inlining function 'ap_fixed_base<47, 24, true, (ap_q_mode)5, (ap_o_mode)3, 0>::operator!() const' into 'ap_fixed_base<4, -19, false, (ap_q_mode)5, (ap_o_mode)3, 0>& ap_fixed_base<4, -19, false, (ap_q_mode)5, (ap_o_mode)3, 0>::operator=<47, 24, true, (ap_q_mode)5, (ap_o_mode)3, 0>(ap_fixed_base<47, 24, true, (ap_q_mode)5, (ap_o_mode)3, 0> const&)' (C:/Xilinx/Vitis_HLS/2022.2/common/technology/autopilot\ap_fixed_base.h:808:9)
INFO: [HLS 214-131] Inlining function '_ZN8ssdm_intILi4ELb0EEC2EDq4_j' into 'ap_fixed_base<4, -19, false, (ap_q_mode)5, (ap_o_mode)3, 0>::ap_fixed_base<47, 24, true, (ap_q_mode)5, (ap_o_mode)3, 0>(ap_fixed_base<47, 24, true, (ap_q_mode)5, (ap_o_mode)3, 0> const&)' (C:/Xilinx/Vitis_HLS/2022.2/common/technology/autopilot\ap_fixed_base.h:401:80)
INFO: [HLS 214-131] Inlining function 'ap_fixed_base<4, -19, false, (ap_q_mode)5, (ap_o_mode)3, 0>& ap_fixed_base<4, -19, false, (ap_q_mode)5, (ap_o_mode)3, 0>::operator=<47, 24, true, (ap_q_mode)5, (ap_o_mode)3, 0>(ap_fixed_base<47, 24, true, (ap_q_mode)5, (ap_o_mode)3, 0> const&)' into 'ap_fixed_base<4, -19, false, (ap_q_mode)5, (ap_o_mode)3, 0>::ap_fixed_base<47, 24, true, (ap_q_mode)5, (ap_o_mode)3, 0>(ap_fixed_base<47, 24, true, (ap_q_mode)5, (ap_o_mode)3, 0> const&)' (C:/Xilinx/Vitis_HLS/2022.2/common/technology/autopilot\ap_fixed_base.h:403:5)
INFO: [HLS 214-131] Inlining function 'ap_fixed_base<4, -19, false, (ap_q_mode)5, (ap_o_mode)3, 0>::ap_fixed_base<47, 24, true, (ap_q_mode)5, (ap_o_mode)3, 0>(ap_fixed_base<47, 24, true, (ap_q_mode)5, (ap_o_mode)3, 0> const&)' into 'ap_ufixed<4, -19, (ap_q_mode)5, (ap_o_mode)3, 0>::ap_ufixed<47, 24, true, (ap_q_mode)5, (ap_o_mode)3, 0>(ap_fixed_base<47, 24, true, (ap_q_mode)5, (ap_o_mode)3, 0> const&)'
INFO: [HLS 214-131] Inlining function 'ap_fixed_base<6, -33, false, (ap_q_mode)5, (ap_o_mode)3, 0>::ap_fixed_base(char const*)' into 'ap_ufixed<6, -33, (ap_q_mode)5, (ap_o_mode)3, 0>::ap_ufixed(char const*)'
INFO: [HLS 214-131] Inlining function 'ap_fixed_base<7, -51, false, (ap_q_mode)5, (ap_o_mode)3, 0>::ap_fixed_base(char const*)' into 'ap_ufixed<7, -51, (ap_q_mode)5, (ap_o_mode)3, 0>::ap_ufixed(char const*)'
INFO: [HLS 214-131] Inlining function 'ap_fixed_base<8, -39, false, (ap_q_mode)5, (ap_o_mode)3, 0>::ap_fixed_base(char const*)' into 'ap_ufixed<8, -39, (ap_q_mode)5, (ap_o_mode)3, 0>::ap_ufixed(char const*)'
INFO: [HLS 214-131] Inlining function 'ap_fixed_base<32, 32, true, (ap_q_mode)5, (ap_o_mode)3, 0>::operator!() const' into 'ap_fixed_base<7, -35, false, (ap_q_mode)5, (ap_o_mode)3, 0>& ap_fixed_base<7, -35, false, (ap_q_mode)5, (ap_o_mode)3, 0>::operator=<32, 32, true, (ap_q_mode)5, (ap_o_mode)3, 0>(ap_fixed_base<32, 32, true, (ap_q_mode)5, (ap_o_mode)3, 0> const&)' (C:/Xilinx/Vitis_HLS/2022.2/common/technology/autopilot\ap_fixed_base.h:808:9)
INFO: [HLS 214-131] Inlining function 'ap_fixed_base<7, -35, false, (ap_q_mode)5, (ap_o_mode)3, 0>& ap_fixed_base<7, -35, false, (ap_q_mode)5, (ap_o_mode)3, 0>::operator=<32, 32, true, (ap_q_mode)5, (ap_o_mode)3, 0>(ap_fixed_base<32, 32, true, (ap_q_mode)5, (ap_o_mode)3, 0> const&)' into 'ap_fixed_base<7, -35, false, (ap_q_mode)5, (ap_o_mode)3, 0>::ap_fixed_base(int)' (C:/Xilinx/Vitis_HLS/2022.2/common/technology/autopilot\ap_fixed_base.h:530:146)
INFO: [HLS 214-131] Inlining function 'ap_fixed_base<7, -35, false, (ap_q_mode)5, (ap_o_mode)3, 0>::ap_fixed_base(int)' into 'ap_fixed_base<3, -16, false, (ap_q_mode)5, (ap_o_mode)3, 0>::RType<4, -19, false>::mult ap_fixed_base<3, -16, false, (ap_q_mode)5, (ap_o_mode)3, 0>::operator*<4, -19, false, (ap_q_mode)5, (ap_o_mode)3, 0>(ap_fixed_base<4, -19, false, (ap_q_mode)5, (ap_o_mode)3, 0> const&) const' (C:/Xilinx/Vitis_HLS/2022.2/common/technology/autopilot\ap_fixed_base.h:1270:55)
INFO: [HLS 214-131] Inlining function 'ap_fixed_base<7, -35, false, (ap_q_mode)5, (ap_o_mode)3, 0>::ap_fixed_base(int)' into 'ap_fixed_base<3, -16, false, (ap_q_mode)5, (ap_o_mode)3, 0>::RType<4, -19, false>::mult ap_fixed_base<3, -16, false, (ap_q_mode)5, (ap_o_mode)3, 0>::operator*<4, -19, false, (ap_q_mode)5, (ap_o_mode)3, 0>(ap_fixed_base<4, -19, false, (ap_q_mode)5, (ap_o_mode)3, 0> const&) const' (C:/Xilinx/Vitis_HLS/2022.2/common/technology/autopilot\ap_fixed_base.h:1270:61)
INFO: [HLS 214-131] Inlining function 'ap_fixed_base<32, 32, true, (ap_q_mode)5, (ap_o_mode)3, 0>::operator!() const' into 'ap_fixed_base<10, -32, false, (ap_q_mode)5, (ap_o_mode)3, 0>& ap_fixed_base<10, -32, false, (ap_q_mode)5, (ap_o_mode)3, 0>::operator=<32, 32, true, (ap_q_mode)5, (ap_o_mode)3, 0>(ap_fixed_base<32, 32, true, (ap_q_mode)5, (ap_o_mode)3, 0> const&)' (C:/Xilinx/Vitis_HLS/2022.2/common/technology/autopilot\ap_fixed_base.h:808:9)
INFO: [HLS 214-131] Inlining function 'ap_fixed_base<10, -32, false, (ap_q_mode)5, (ap_o_mode)3, 0>& ap_fixed_base<10, -32, false, (ap_q_mode)5, (ap_o_mode)3, 0>::operator=<32, 32, true, (ap_q_mode)5, (ap_o_mode)3, 0>(ap_fixed_base<32, 32, true, (ap_q_mode)5, (ap_o_mode)3, 0> const&)' into 'ap_fixed_base<10, -32, false, (ap_q_mode)5, (ap_o_mode)3, 0>::ap_fixed_base(int)' (C:/Xilinx/Vitis_HLS/2022.2/common/technology/autopilot\ap_fixed_base.h:530:146)
INFO: [HLS 214-131] Inlining function 'ap_fixed_base<10, -32, false, (ap_q_mode)5, (ap_o_mode)3, 0>::ap_fixed_base(int)' into 'ap_ufixed<10, -32, (ap_q_mode)5, (ap_o_mode)3, 0>::ap_ufixed(int)'
INFO: [HLS 214-131] Inlining function 'af_range_ref<6, -33, false, (ap_q_mode)5, (ap_o_mode)3, 0>::af_range_ref(ap_fixed_base<6, -33, false, (ap_q_mode)5, (ap_o_mode)3, 0>*, int, int)' into 'ap_fixed_base<6, -33, false, (ap_q_mode)5, (ap_o_mode)3, 0>::range(int, int)' (C:/Xilinx/Vitis_HLS/2022.2/common/technology/autopilot\ap_fixed_base.h:1746:12)
INFO: [HLS 214-131] Inlining function 'ap_fixed_base<6, -33, false, (ap_q_mode)5, (ap_o_mode)3, 0>::range(int, int)' into 'ap_fixed_base<6, -33, false, (ap_q_mode)5, (ap_o_mode)3, 0>::operator()(int, int)' (C:/Xilinx/Vitis_HLS/2022.2/common/technology/autopilot\ap_fixed_base.h:1785:18)
INFO: [HLS 214-131] Inlining function 'af_range_ref<10, -32, false, (ap_q_mode)5, (ap_o_mode)3, 0>::af_range_ref(ap_fixed_base<10, -32, false, (ap_q_mode)5, (ap_o_mode)3, 0>*, int, int)' into 'ap_fixed_base<10, -32, false, (ap_q_mode)5, (ap_o_mode)3, 0>::range(int, int)' (C:/Xilinx/Vitis_HLS/2022.2/common/technology/autopilot\ap_fixed_base.h:1746:12)
INFO: [HLS 214-131] Inlining function 'ap_fixed_base<10, -32, false, (ap_q_mode)5, (ap_o_mode)3, 0>::range(int, int)' into 'ap_fixed_base<10, -32, false, (ap_q_mode)5, (ap_o_mode)3, 0>::operator()(int, int)' (C:/Xilinx/Vitis_HLS/2022.2/common/technology/autopilot\ap_fixed_base.h:1785:18)
INFO: [HLS 214-131] Inlining function 'af_range_ref<6, -33, false, (ap_q_mode)5, (ap_o_mode)3, 0>::get() const' into 'ap_int_base<6, false>::ap_int_base<6, -33, false, (ap_q_mode)5, (ap_o_mode)3, 0>(af_range_ref<6, -33, false, (ap_q_mode)5, (ap_o_mode)3, 0> const&)' (C:/Xilinx/Vitis_HLS/2022.2/common/technology/autopilot\ap_int_base.h:403:20)
INFO: [HLS 214-131] Inlining function 'ap_int_base<6, false>::ap_int_base<6, -33, false, (ap_q_mode)5, (ap_o_mode)3, 0>(af_range_ref<6, -33, false, (ap_q_mode)5, (ap_o_mode)3, 0> const&)' into 'af_range_ref<10, -32, false, (ap_q_mode)5, (ap_o_mode)3, 0>& af_range_ref<10, -32, false, (ap_q_mode)5, (ap_o_mode)3, 0>::operator=<6, -33, false, (ap_q_mode)5, (ap_o_mode)3, 0>(af_range_ref<6, -33, false, (ap_q_mode)5, (ap_o_mode)3, 0> const&)' (C:/Xilinx/Vitis_HLS/2022.2/common/technology/autopilot\ap_fixed_ref.h:335:32)
INFO: [HLS 214-131] Inlining function 'af_range_ref<10, -32, false, (ap_q_mode)5, (ap_o_mode)3, 0>& af_range_ref<10, -32, false, (ap_q_mode)5, (ap_o_mode)3, 0>::operator=<6, false>(ap_int_base<6, false> const&)' into 'af_range_ref<10, -32, false, (ap_q_mode)5, (ap_o_mode)3, 0>& af_range_ref<10, -32, false, (ap_q_mode)5, (ap_o_mode)3, 0>::operator=<6, -33, false, (ap_q_mode)5, (ap_o_mode)3, 0>(af_range_ref<6, -33, false, (ap_q_mode)5, (ap_o_mode)3, 0> const&)' (C:/Xilinx/Vitis_HLS/2022.2/common/technology/autopilot\ap_fixed_ref.h:336:12)
INFO: [HLS 214-131] Inlining function 'af_range_ref<8, -39, false, (ap_q_mode)5, (ap_o_mode)3, 0>::af_range_ref(ap_fixed_base<8, -39, false, (ap_q_mode)5, (ap_o_mode)3, 0>*, int, int)' into 'ap_fixed_base<8, -39, false, (ap_q_mode)5, (ap_o_mode)3, 0>::range(int, int)' (C:/Xilinx/Vitis_HLS/2022.2/common/technology/autopilot\ap_fixed_base.h:1746:12)
INFO: [HLS 214-131] Inlining function 'ap_fixed_base<8, -39, false, (ap_q_mode)5, (ap_o_mode)3, 0>::range(int, int)' into 'ap_fixed_base<8, -39, false, (ap_q_mode)5, (ap_o_mode)3, 0>::operator()(int, int)' (C:/Xilinx/Vitis_HLS/2022.2/common/technology/autopilot\ap_fixed_base.h:1785:18)
INFO: [HLS 214-131] Inlining function 'af_range_ref<8, -39, false, (ap_q_mode)5, (ap_o_mode)3, 0>::get() const' into 'ap_int_base<8, false>::ap_int_base<8, -39, false, (ap_q_mode)5, (ap_o_mode)3, 0>(af_range_ref<8, -39, false, (ap_q_mode)5, (ap_o_mode)3, 0> const&)' (C:/Xilinx/Vitis_HLS/2022.2/common/technology/autopilot\ap_int_base.h:403:20)
INFO: [HLS 214-131] Inlining function 'ap_int_base<8, false>::ap_int_base<8, -39, false, (ap_q_mode)5, (ap_o_mode)3, 0>(af_range_ref<8, -39, false, (ap_q_mode)5, (ap_o_mode)3, 0> const&)' into 'af_range_ref<10, -32, false, (ap_q_mode)5, (ap_o_mode)3, 0>& af_range_ref<10, -32, false, (ap_q_mode)5, (ap_o_mode)3, 0>::operator=<8, -39, false, (ap_q_mode)5, (ap_o_mode)3, 0>(af_range_ref<8, -39, false, (ap_q_mode)5, (ap_o_mode)3, 0> const&)' (C:/Xilinx/Vitis_HLS/2022.2/common/technology/autopilot\ap_fixed_ref.h:335:32)
INFO: [HLS 214-131] Inlining function 'af_range_ref<10, -32, false, (ap_q_mode)5, (ap_o_mode)3, 0>& af_range_ref<10, -32, false, (ap_q_mode)5, (ap_o_mode)3, 0>::operator=<8, false>(ap_int_base<8, false> const&)' into 'af_range_ref<10, -32, false, (ap_q_mode)5, (ap_o_mode)3, 0>& af_range_ref<10, -32, false, (ap_q_mode)5, (ap_o_mode)3, 0>::operator=<8, -39, false, (ap_q_mode)5, (ap_o_mode)3, 0>(af_range_ref<8, -39, false, (ap_q_mode)5, (ap_o_mode)3, 0> const&)' (C:/Xilinx/Vitis_HLS/2022.2/common/technology/autopilot\ap_fixed_ref.h:336:12)
INFO: [HLS 214-131] Inlining function 'ap_fixed_base<32, 32, true, (ap_q_mode)5, (ap_o_mode)3, 0>::operator!() const' into 'ap_fixed_base<11, -31, false, (ap_q_mode)5, (ap_o_mode)3, 0>& ap_fixed_base<11, -31, false, (ap_q_mode)5, (ap_o_mode)3, 0>::operator=<32, 32, true, (ap_q_mode)5, (ap_o_mode)3, 0>(ap_fixed_base<32, 32, true, (ap_q_mode)5, (ap_o_mode)3, 0> const&)' (C:/Xilinx/Vitis_HLS/2022.2/common/technology/autopilot\ap_fixed_base.h:808:9)
INFO: [HLS 214-131] Inlining function 'ap_fixed_base<11, -31, false, (ap_q_mode)5, (ap_o_mode)3, 0>& ap_fixed_base<11, -31, false, (ap_q_mode)5, (ap_o_mode)3, 0>::operator=<32, 32, true, (ap_q_mode)5, (ap_o_mode)3, 0>(ap_fixed_base<32, 32, true, (ap_q_mode)5, (ap_o_mode)3, 0> const&)' into 'ap_fixed_base<11, -31, false, (ap_q_mode)5, (ap_o_mode)3, 0>::ap_fixed_base(int)' (C:/Xilinx/Vitis_HLS/2022.2/common/technology/autopilot\ap_fixed_base.h:530:146)
INFO: [HLS 214-131] Inlining function 'ap_fixed_base<10, -32, false, (ap_q_mode)5, (ap_o_mode)3, 0>::operator!() const' into 'ap_fixed_base<11, -31, false, (ap_q_mode)5, (ap_o_mode)3, 0>& ap_fixed_base<11, -31, false, (ap_q_mode)5, (ap_o_mode)3, 0>::operator=<10, -32, false, (ap_q_mode)5, (ap_o_mode)3, 0>(ap_fixed_base<10, -32, false, (ap_q_mode)5, (ap_o_mode)3, 0> const&)' (C:/Xilinx/Vitis_HLS/2022.2/common/technology/autopilot\ap_fixed_base.h:808:9)
INFO: [HLS 214-131] Inlining function '_ZN8ssdm_intILi11ELb0EEC2EDq11_j' into 'ap_fixed_base<11, -31, false, (ap_q_mode)5, (ap_o_mode)3, 0>::ap_fixed_base<10, -32, false, (ap_q_mode)5, (ap_o_mode)3, 0>(ap_fixed_base<10, -32, false, (ap_q_mode)5, (ap_o_mode)3, 0> const&)' (C:/Xilinx/Vitis_HLS/2022.2/common/technology/autopilot\ap_fixed_base.h:401:80)
INFO: [HLS 214-131] Inlining function 'ap_fixed_base<11, -31, false, (ap_q_mode)5, (ap_o_mode)3, 0>& ap_fixed_base<11, -31, false, (ap_q_mode)5, (ap_o_mode)3, 0>::operator=<10, -32, false, (ap_q_mode)5, (ap_o_mode)3, 0>(ap_fixed_base<10, -32, false, (ap_q_mode)5, (ap_o_mode)3, 0> const&)' into 'ap_fixed_base<11, -31, false, (ap_q_mode)5, (ap_o_mode)3, 0>::ap_fixed_base<10, -32, false, (ap_q_mode)5, (ap_o_mode)3, 0>(ap_fixed_base<10, -32, false, (ap_q_mode)5, (ap_o_mode)3, 0> const&)' (C:/Xilinx/Vitis_HLS/2022.2/common/technology/autopilot\ap_fixed_base.h:403:5)
INFO: [HLS 214-131] Inlining function 'ap_fixed_base<7, -35, false, (ap_q_mode)5, (ap_o_mode)3, 0>::operator!() const' into 'ap_fixed_base<11, -31, false, (ap_q_mode)5, (ap_o_mode)3, 0>& ap_fixed_base<11, -31, false, (ap_q_mode)5, (ap_o_mode)3, 0>::operator=<7, -35, false, (ap_q_mode)5, (ap_o_mode)3, 0>(ap_fixed_base<7, -35, false, (ap_q_mode)5, (ap_o_mode)3, 0> const&)' (C:/Xilinx/Vitis_HLS/2022.2/common/technology/autopilot\ap_fixed_base.h:808:9)
INFO: [HLS 214-131] Inlining function '_ZN8ssdm_intILi11ELb0EEC2EDq11_j' into 'ap_fixed_base<11, -31, false, (ap_q_mode)5, (ap_o_mode)3, 0>::ap_fixed_base<7, -35, false, (ap_q_mode)5, (ap_o_mode)3, 0>(ap_fixed_base<7, -35, false, (ap_q_mode)5, (ap_o_mode)3, 0> const&)' (C:/Xilinx/Vitis_HLS/2022.2/common/technology/autopilot\ap_fixed_base.h:401:80)
INFO: [HLS 214-131] Inlining function 'ap_fixed_base<11, -31, false, (ap_q_mode)5, (ap_o_mode)3, 0>& ap_fixed_base<11, -31, false, (ap_q_mode)5, (ap_o_mode)3, 0>::operator=<7, -35, false, (ap_q_mode)5, (ap_o_mode)3, 0>(ap_fixed_base<7, -35, false, (ap_q_mode)5, (ap_o_mode)3, 0> const&)' into 'ap_fixed_base<11, -31, false, (ap_q_mode)5, (ap_o_mode)3, 0>::ap_fixed_base<7, -35, false, (ap_q_mode)5, (ap_o_mode)3, 0>(ap_fixed_base<7, -35, false, (ap_q_mode)5, (ap_o_mode)3, 0> const&)' (C:/Xilinx/Vitis_HLS/2022.2/common/technology/autopilot\ap_fixed_base.h:403:5)
INFO: [HLS 214-131] Inlining function 'ap_fixed_base<11, -31, false, (ap_q_mode)5, (ap_o_mode)3, 0>::ap_fixed_base(int)' into 'ap_fixed_base<10, -32, false, (ap_q_mode)5, (ap_o_mode)3, 0>::RType<7, -35, false>::plus ap_fixed_base<10, -32, false, (ap_q_mode)5, (ap_o_mode)3, 0>::operator+<7, -35, false, (ap_q_mode)5, (ap_o_mode)3, 0>(ap_fixed_base<7, -35, false, (ap_q_mode)5, (ap_o_mode)3, 0> const&) const' (C:/Xilinx/Vitis_HLS/2022.2/common/technology/autopilot\ap_fixed_base.h:1347:325)
INFO: [HLS 214-131] Inlining function 'ap_fixed_base<11, -31, false, (ap_q_mode)5, (ap_o_mode)3, 0>::ap_fixed_base<7, -35, false, (ap_q_mode)5, (ap_o_mode)3, 0>(ap_fixed_base<7, -35, false, (ap_q_mode)5, (ap_o_mode)3, 0> const&)' into 'ap_fixed_base<10, -32, false, (ap_q_mode)5, (ap_o_mode)3, 0>::RType<7, -35, false>::plus ap_fixed_base<10, -32, false, (ap_q_mode)5, (ap_o_mode)3, 0>::operator+<7, -35, false, (ap_q_mode)5, (ap_o_mode)3, 0>(ap_fixed_base<7, -35, false, (ap_q_mode)5, (ap_o_mode)3, 0> const&) const' (C:/Xilinx/Vitis_HLS/2022.2/common/technology/autopilot\ap_fixed_base.h:1347:345)
INFO: [HLS 214-131] Inlining function 'ap_fixed_base<11, -31, false, (ap_q_mode)5, (ap_o_mode)3, 0>::ap_fixed_base<10, -32, false, (ap_q_mode)5, (ap_o_mode)3, 0>(ap_fixed_base<10, -32, false, (ap_q_mode)5, (ap_o_mode)3, 0> const&)' into 'ap_fixed_base<10, -32, false, (ap_q_mode)5, (ap_o_mode)3, 0>::RType<7, -35, false>::plus ap_fixed_base<10, -32, false, (ap_q_mode)5, (ap_o_mode)3, 0>::operator+<7, -35, false, (ap_q_mode)5, (ap_o_mode)3, 0>(ap_fixed_base<7, -35, false, (ap_q_mode)5, (ap_o_mode)3, 0> const&) const' (C:/Xilinx/Vitis_HLS/2022.2/common/technology/autopilot\ap_fixed_base.h:1347:333)
INFO: [HLS 214-131] Inlining function 'ap_fixed_base<11, -31, false, (ap_q_mode)5, (ap_o_mode)3, 0>::operator!() const' into 'ap_fixed_base<10, -32, false, (ap_q_mode)5, (ap_o_mode)3, 0>& ap_fixed_base<10, -32, false, (ap_q_mode)5, (ap_o_mode)3, 0>::operator=<11, -31, false, (ap_q_mode)5, (ap_o_mode)3, 0>(ap_fixed_base<11, -31, false, (ap_q_mode)5, (ap_o_mode)3, 0> const&)' (C:/Xilinx/Vitis_HLS/2022.2/common/technology/autopilot\ap_fixed_base.h:808:9)
INFO: [HLS 214-131] Inlining function '_ZN8ssdm_intILi10ELb0EEC2EDq10_j' into 'ap_fixed_base<10, -32, false, (ap_q_mode)5, (ap_o_mode)3, 0>::ap_fixed_base<11, -31, false, (ap_q_mode)5, (ap_o_mode)3, 0>(ap_fixed_base<11, -31, false, (ap_q_mode)5, (ap_o_mode)3, 0> const&)' (C:/Xilinx/Vitis_HLS/2022.2/common/technology/autopilot\ap_fixed_base.h:401:80)
INFO: [HLS 214-131] Inlining function 'ap_fixed_base<10, -32, false, (ap_q_mode)5, (ap_o_mode)3, 0>& ap_fixed_base<10, -32, false, (ap_q_mode)5, (ap_o_mode)3, 0>::operator=<11, -31, false, (ap_q_mode)5, (ap_o_mode)3, 0>(ap_fixed_base<11, -31, false, (ap_q_mode)5, (ap_o_mode)3, 0> const&)' into 'ap_fixed_base<10, -32, false, (ap_q_mode)5, (ap_o_mode)3, 0>::ap_fixed_base<11, -31, false, (ap_q_mode)5, (ap_o_mode)3, 0>(ap_fixed_base<11, -31, false, (ap_q_mode)5, (ap_o_mode)3, 0> const&)' (C:/Xilinx/Vitis_HLS/2022.2/common/technology/autopilot\ap_fixed_base.h:403:5)
INFO: [HLS 214-131] Inlining function 'ap_fixed_base<10, -32, false, (ap_q_mode)5, (ap_o_mode)3, 0>::ap_fixed_base<11, -31, false, (ap_q_mode)5, (ap_o_mode)3, 0>(ap_fixed_base<11, -31, false, (ap_q_mode)5, (ap_o_mode)3, 0> const&)' into 'ap_ufixed<10, -32, (ap_q_mode)5, (ap_o_mode)3, 0>::ap_ufixed<11, -31, false, (ap_q_mode)5, (ap_o_mode)3, 0>(ap_fixed_base<11, -31, false, (ap_q_mode)5, (ap_o_mode)3, 0> const&)'
INFO: [HLS 214-131] Inlining function 'ap_fixed_base<32, 32, true, (ap_q_mode)5, (ap_o_mode)3, 0>::operator!() const' into 'ap_fixed_base<42, -16, false, (ap_q_mode)5, (ap_o_mode)3, 0>& ap_fixed_base<42, -16, false, (ap_q_mode)5, (ap_o_mode)3, 0>::operator=<32, 32, true, (ap_q_mode)5, (ap_o_mode)3, 0>(ap_fixed_base<32, 32, true, (ap_q_mode)5, (ap_o_mode)3, 0> const&)' (C:/Xilinx/Vitis_HLS/2022.2/common/technology/autopilot\ap_fixed_base.h:808:9)
INFO: [HLS 214-131] Inlining function 'ap_fixed_base<42, -16, false, (ap_q_mode)5, (ap_o_mode)3, 0>& ap_fixed_base<42, -16, false, (ap_q_mode)5, (ap_o_mode)3, 0>::operator=<32, 32, true, (ap_q_mode)5, (ap_o_mode)3, 0>(ap_fixed_base<32, 32, true, (ap_q_mode)5, (ap_o_mode)3, 0> const&)' into 'ap_fixed_base<42, -16, false, (ap_q_mode)5, (ap_o_mode)3, 0>::ap_fixed_base(int)' (C:/Xilinx/Vitis_HLS/2022.2/common/technology/autopilot\ap_fixed_base.h:530:146)
INFO: [HLS 214-131] Inlining function 'ap_fixed_base<42, -16, false, (ap_q_mode)5, (ap_o_mode)3, 0>::ap_fixed_base(int)' into 'ap_ufixed<42, -16, (ap_q_mode)5, (ap_o_mode)3, 0>::ap_ufixed(int)'
INFO: [HLS 214-131] Inlining function 'af_range_ref<42, -16, false, (ap_q_mode)5, (ap_o_mode)3, 0>::af_range_ref(ap_fixed_base<42, -16, false, (ap_q_mode)5, (ap_o_mode)3, 0>*, int, int)' into 'ap_fixed_base<42, -16, false, (ap_q_mode)5, (ap_o_mode)3, 0>::range(int, int)' (C:/Xilinx/Vitis_HLS/2022.2/common/technology/autopilot\ap_fixed_base.h:1746:12)
INFO: [HLS 214-131] Inlining function 'ap_fixed_base<42, -16, false, (ap_q_mode)5, (ap_o_mode)3, 0>::range(int, int)' into 'ap_fixed_base<42, -16, false, (ap_q_mode)5, (ap_o_mode)3, 0>::operator()(int, int)' (C:/Xilinx/Vitis_HLS/2022.2/common/technology/autopilot\ap_fixed_base.h:1785:18)
INFO: [HLS 214-131] Inlining function 'ap_int_base<47, false>::ap_int_base<47, 24, true, (ap_q_mode)5, (ap_o_mode)3, 0>(af_range_ref<47, 24, true, (ap_q_mode)5, (ap_o_mode)3, 0> const&)' into 'af_range_ref<42, -16, false, (ap_q_mode)5, (ap_o_mode)3, 0>& af_range_ref<42, -16, false, (ap_q_mode)5, (ap_o_mode)3, 0>::operator=<47, 24, true, (ap_q_mode)5, (ap_o_mode)3, 0>(af_range_ref<47, 24, true, (ap_q_mode)5, (ap_o_mode)3, 0> const&)' (C:/Xilinx/Vitis_HLS/2022.2/common/technology/autopilot\ap_fixed_ref.h:335:32)
INFO: [HLS 214-131] Inlining function 'af_range_ref<42, -16, false, (ap_q_mode)5, (ap_o_mode)3, 0>& af_range_ref<42, -16, false, (ap_q_mode)5, (ap_o_mode)3, 0>::operator=<47, false>(ap_int_base<47, false> const&)' into 'af_range_ref<42, -16, false, (ap_q_mode)5, (ap_o_mode)3, 0>& af_range_ref<42, -16, false, (ap_q_mode)5, (ap_o_mode)3, 0>::operator=<47, 24, true, (ap_q_mode)5, (ap_o_mode)3, 0>(af_range_ref<47, 24, true, (ap_q_mode)5, (ap_o_mode)3, 0> const&)' (C:/Xilinx/Vitis_HLS/2022.2/common/technology/autopilot\ap_fixed_ref.h:336:12)
INFO: [HLS 214-131] Inlining function 'af_range_ref<10, -32, false, (ap_q_mode)5, (ap_o_mode)3, 0>::get() const' into 'ap_int_base<10, false>::ap_int_base<10, -32, false, (ap_q_mode)5, (ap_o_mode)3, 0>(af_range_ref<10, -32, false, (ap_q_mode)5, (ap_o_mode)3, 0> const&)' (C:/Xilinx/Vitis_HLS/2022.2/common/technology/autopilot\ap_int_base.h:403:20)
INFO: [HLS 214-131] Inlining function 'ap_int_base<10, false>::ap_int_base<10, -32, false, (ap_q_mode)5, (ap_o_mode)3, 0>(af_range_ref<10, -32, false, (ap_q_mode)5, (ap_o_mode)3, 0> const&)' into 'af_range_ref<42, -16, false, (ap_q_mode)5, (ap_o_mode)3, 0>& af_range_ref<42, -16, false, (ap_q_mode)5, (ap_o_mode)3, 0>::operator=<10, -32, false, (ap_q_mode)5, (ap_o_mode)3, 0>(af_range_ref<10, -32, false, (ap_q_mode)5, (ap_o_mode)3, 0> const&)' (C:/Xilinx/Vitis_HLS/2022.2/common/technology/autopilot\ap_fixed_ref.h:335:32)
INFO: [HLS 214-131] Inlining function 'af_range_ref<42, -16, false, (ap_q_mode)5, (ap_o_mode)3, 0>& af_range_ref<42, -16, false, (ap_q_mode)5, (ap_o_mode)3, 0>::operator=<10, false>(ap_int_base<10, false> const&)' into 'af_range_ref<42, -16, false, (ap_q_mode)5, (ap_o_mode)3, 0>& af_range_ref<42, -16, false, (ap_q_mode)5, (ap_o_mode)3, 0>::operator=<10, -32, false, (ap_q_mode)5, (ap_o_mode)3, 0>(af_range_ref<10, -32, false, (ap_q_mode)5, (ap_o_mode)3, 0> const&)' (C:/Xilinx/Vitis_HLS/2022.2/common/technology/autopilot\ap_fixed_ref.h:336:12)
INFO: [HLS 214-131] Inlining function 'ap_int_base<8, false>::ap_int_base<8, -39, false, (ap_q_mode)5, (ap_o_mode)3, 0>(af_range_ref<8, -39, false, (ap_q_mode)5, (ap_o_mode)3, 0> const&)' into 'af_range_ref<42, -16, false, (ap_q_mode)5, (ap_o_mode)3, 0>& af_range_ref<42, -16, false, (ap_q_mode)5, (ap_o_mode)3, 0>::operator=<8, -39, false, (ap_q_mode)5, (ap_o_mode)3, 0>(af_range_ref<8, -39, false, (ap_q_mode)5, (ap_o_mode)3, 0> const&)' (C:/Xilinx/Vitis_HLS/2022.2/common/technology/autopilot\ap_fixed_ref.h:335:32)
INFO: [HLS 214-131] Inlining function 'af_range_ref<42, -16, false, (ap_q_mode)5, (ap_o_mode)3, 0>& af_range_ref<42, -16, false, (ap_q_mode)5, (ap_o_mode)3, 0>::operator=<8, false>(ap_int_base<8, false> const&)' into 'af_range_ref<42, -16, false, (ap_q_mode)5, (ap_o_mode)3, 0>& af_range_ref<42, -16, false, (ap_q_mode)5, (ap_o_mode)3, 0>::operator=<8, -39, false, (ap_q_mode)5, (ap_o_mode)3, 0>(af_range_ref<8, -39, false, (ap_q_mode)5, (ap_o_mode)3, 0> const&)' (C:/Xilinx/Vitis_HLS/2022.2/common/technology/autopilot\ap_fixed_ref.h:336:12)
INFO: [HLS 214-131] Inlining function 'af_range_ref<7, -51, false, (ap_q_mode)5, (ap_o_mode)3, 0>::af_range_ref(ap_fixed_base<7, -51, false, (ap_q_mode)5, (ap_o_mode)3, 0>*, int, int)' into 'ap_fixed_base<7, -51, false, (ap_q_mode)5, (ap_o_mode)3, 0>::range(int, int)' (C:/Xilinx/Vitis_HLS/2022.2/common/technology/autopilot\ap_fixed_base.h:1746:12)
INFO: [HLS 214-131] Inlining function 'ap_fixed_base<7, -51, false, (ap_q_mode)5, (ap_o_mode)3, 0>::range(int, int)' into 'ap_fixed_base<7, -51, false, (ap_q_mode)5, (ap_o_mode)3, 0>::operator()(int, int)' (C:/Xilinx/Vitis_HLS/2022.2/common/technology/autopilot\ap_fixed_base.h:1785:18)
INFO: [HLS 214-131] Inlining function 'af_range_ref<7, -51, false, (ap_q_mode)5, (ap_o_mode)3, 0>::get() const' into 'ap_int_base<7, false>::ap_int_base<7, -51, false, (ap_q_mode)5, (ap_o_mode)3, 0>(af_range_ref<7, -51, false, (ap_q_mode)5, (ap_o_mode)3, 0> const&)' (C:/Xilinx/Vitis_HLS/2022.2/common/technology/autopilot\ap_int_base.h:403:20)
INFO: [HLS 214-131] Inlining function 'ap_int_base<7, false>::ap_int_base<7, -51, false, (ap_q_mode)5, (ap_o_mode)3, 0>(af_range_ref<7, -51, false, (ap_q_mode)5, (ap_o_mode)3, 0> const&)' into 'af_range_ref<42, -16, false, (ap_q_mode)5, (ap_o_mode)3, 0>& af_range_ref<42, -16, false, (ap_q_mode)5, (ap_o_mode)3, 0>::operator=<7, -51, false, (ap_q_mode)5, (ap_o_mode)3, 0>(af_range_ref<7, -51, false, (ap_q_mode)5, (ap_o_mode)3, 0> const&)' (C:/Xilinx/Vitis_HLS/2022.2/common/technology/autopilot\ap_fixed_ref.h:335:32)
INFO: [HLS 214-131] Inlining function 'af_range_ref<42, -16, false, (ap_q_mode)5, (ap_o_mode)3, 0>& af_range_ref<42, -16, false, (ap_q_mode)5, (ap_o_mode)3, 0>::operator=<7, false>(ap_int_base<7, false> const&)' into 'af_range_ref<42, -16, false, (ap_q_mode)5, (ap_o_mode)3, 0>& af_range_ref<42, -16, false, (ap_q_mode)5, (ap_o_mode)3, 0>::operator=<7, -51, false, (ap_q_mode)5, (ap_o_mode)3, 0>(af_range_ref<7, -51, false, (ap_q_mode)5, (ap_o_mode)3, 0> const&)' (C:/Xilinx/Vitis_HLS/2022.2/common/technology/autopilot\ap_fixed_ref.h:336:12)
INFO: [HLS 214-131] Inlining function 'ap_fixed_base<32, -23, false, (ap_q_mode)5, (ap_o_mode)3, 0>::ap_fixed_base(char const*)' into 'ap_ufixed<32, -23, (ap_q_mode)5, (ap_o_mode)3, 0>::ap_ufixed(char const*)'
INFO: [HLS 214-131] Inlining function 'ap_fixed_base<32, 32, true, (ap_q_mode)5, (ap_o_mode)3, 0>::operator!() const' into 'ap_fixed_base<44, -11, false, (ap_q_mode)5, (ap_o_mode)3, 0>& ap_fixed_base<44, -11, false, (ap_q_mode)5, (ap_o_mode)3, 0>::operator=<32, 32, true, (ap_q_mode)5, (ap_o_mode)3, 0>(ap_fixed_base<32, 32, true, (ap_q_mode)5, (ap_o_mode)3, 0> const&)' (C:/Xilinx/Vitis_HLS/2022.2/common/technology/autopilot\ap_fixed_base.h:808:9)
INFO: [HLS 214-131] Inlining function 'ap_fixed_base<44, -11, false, (ap_q_mode)5, (ap_o_mode)3, 0>& ap_fixed_base<44, -11, false, (ap_q_mode)5, (ap_o_mode)3, 0>::operator=<32, 32, true, (ap_q_mode)5, (ap_o_mode)3, 0>(ap_fixed_base<32, 32, true, (ap_q_mode)5, (ap_o_mode)3, 0> const&)' into 'ap_fixed_base<44, -11, false, (ap_q_mode)5, (ap_o_mode)3, 0>::ap_fixed_base(int)' (C:/Xilinx/Vitis_HLS/2022.2/common/technology/autopilot\ap_fixed_base.h:530:146)
INFO: [HLS 214-131] Inlining function 'ap_fixed_base<44, -11, false, (ap_q_mode)5, (ap_o_mode)3, 0>::ap_fixed_base(int)' into 'ap_ufixed<44, -11, (ap_q_mode)5, (ap_o_mode)3, 0>::ap_ufixed(int)'
INFO: [HLS 214-131] Inlining function 'af_range_ref<5, -11, false, (ap_q_mode)5, (ap_o_mode)3, 0>::af_range_ref(ap_fixed_base<5, -11, false, (ap_q_mode)5, (ap_o_mode)3, 0>*, int, int)' into 'ap_fixed_base<5, -11, false, (ap_q_mode)5, (ap_o_mode)3, 0>::range(int, int)' (C:/Xilinx/Vitis_HLS/2022.2/common/technology/autopilot\ap_fixed_base.h:1746:12)
INFO: [HLS 214-131] Inlining function 'ap_fixed_base<5, -11, false, (ap_q_mode)5, (ap_o_mode)3, 0>::range(int, int)' into 'ap_fixed_base<5, -11, false, (ap_q_mode)5, (ap_o_mode)3, 0>::operator()(int, int)' (C:/Xilinx/Vitis_HLS/2022.2/common/technology/autopilot\ap_fixed_base.h:1785:18)
INFO: [HLS 214-131] Inlining function 'af_range_ref<44, -11, false, (ap_q_mode)5, (ap_o_mode)3, 0>::af_range_ref(ap_fixed_base<44, -11, false, (ap_q_mode)5, (ap_o_mode)3, 0>*, int, int)' into 'ap_fixed_base<44, -11, false, (ap_q_mode)5, (ap_o_mode)3, 0>::range(int, int)' (C:/Xilinx/Vitis_HLS/2022.2/common/technology/autopilot\ap_fixed_base.h:1746:12)
INFO: [HLS 214-131] Inlining function 'ap_fixed_base<44, -11, false, (ap_q_mode)5, (ap_o_mode)3, 0>::range(int, int)' into 'ap_fixed_base<44, -11, false, (ap_q_mode)5, (ap_o_mode)3, 0>::operator()(int, int)' (C:/Xilinx/Vitis_HLS/2022.2/common/technology/autopilot\ap_fixed_base.h:1785:18)
INFO: [HLS 214-131] Inlining function 'af_range_ref<5, -11, false, (ap_q_mode)5, (ap_o_mode)3, 0>::get() const' into 'ap_int_base<5, false>::ap_int_base<5, -11, false, (ap_q_mode)5, (ap_o_mode)3, 0>(af_range_ref<5, -11, false, (ap_q_mode)5, (ap_o_mode)3, 0> const&)' (C:/Xilinx/Vitis_HLS/2022.2/common/technology/autopilot\ap_int_base.h:403:20)
INFO: [HLS 214-131] Inlining function 'ap_int_base<5, false>::ap_int_base<5, -11, false, (ap_q_mode)5, (ap_o_mode)3, 0>(af_range_ref<5, -11, false, (ap_q_mode)5, (ap_o_mode)3, 0> const&)' into 'af_range_ref<44, -11, false, (ap_q_mode)5, (ap_o_mode)3, 0>& af_range_ref<44, -11, false, (ap_q_mode)5, (ap_o_mode)3, 0>::operator=<5, -11, false, (ap_q_mode)5, (ap_o_mode)3, 0>(af_range_ref<5, -11, false, (ap_q_mode)5, (ap_o_mode)3, 0> const&)' (C:/Xilinx/Vitis_HLS/2022.2/common/technology/autopilot\ap_fixed_ref.h:335:32)
INFO: [HLS 214-131] Inlining function 'af_range_ref<44, -11, false, (ap_q_mode)5, (ap_o_mode)3, 0>& af_range_ref<44, -11, false, (ap_q_mode)5, (ap_o_mode)3, 0>::operator=<5, false>(ap_int_base<5, false> const&)' into 'af_range_ref<44, -11, false, (ap_q_mode)5, (ap_o_mode)3, 0>& af_range_ref<44, -11, false, (ap_q_mode)5, (ap_o_mode)3, 0>::operator=<5, -11, false, (ap_q_mode)5, (ap_o_mode)3, 0>(af_range_ref<5, -11, false, (ap_q_mode)5, (ap_o_mode)3, 0> const&)' (C:/Xilinx/Vitis_HLS/2022.2/common/technology/autopilot\ap_fixed_ref.h:336:12)
INFO: [HLS 214-131] Inlining function 'af_range_ref<32, -23, false, (ap_q_mode)5, (ap_o_mode)3, 0>::af_range_ref(ap_fixed_base<32, -23, false, (ap_q_mode)5, (ap_o_mode)3, 0>*, int, int)' into 'ap_fixed_base<32, -23, false, (ap_q_mode)5, (ap_o_mode)3, 0>::range(int, int)' (C:/Xilinx/Vitis_HLS/2022.2/common/technology/autopilot\ap_fixed_base.h:1746:12)
INFO: [HLS 214-131] Inlining function 'ap_fixed_base<32, -23, false, (ap_q_mode)5, (ap_o_mode)3, 0>::range(int, int)' into 'ap_fixed_base<32, -23, false, (ap_q_mode)5, (ap_o_mode)3, 0>::operator()(int, int)' (C:/Xilinx/Vitis_HLS/2022.2/common/technology/autopilot\ap_fixed_base.h:1785:18)
INFO: [HLS 214-131] Inlining function 'af_range_ref<32, -23, false, (ap_q_mode)5, (ap_o_mode)3, 0>::get() const' into 'ap_int_base<32, false>::ap_int_base<32, -23, false, (ap_q_mode)5, (ap_o_mode)3, 0>(af_range_ref<32, -23, false, (ap_q_mode)5, (ap_o_mode)3, 0> const&)' (C:/Xilinx/Vitis_HLS/2022.2/common/technology/autopilot\ap_int_base.h:403:20)
INFO: [HLS 214-131] Inlining function 'ap_int_base<32, false>::ap_int_base<32, -23, false, (ap_q_mode)5, (ap_o_mode)3, 0>(af_range_ref<32, -23, false, (ap_q_mode)5, (ap_o_mode)3, 0> const&)' into 'af_range_ref<44, -11, false, (ap_q_mode)5, (ap_o_mode)3, 0>& af_range_ref<44, -11, false, (ap_q_mode)5, (ap_o_mode)3, 0>::operator=<32, -23, false, (ap_q_mode)5, (ap_o_mode)3, 0>(af_range_ref<32, -23, false, (ap_q_mode)5, (ap_o_mode)3, 0> const&)' (C:/Xilinx/Vitis_HLS/2022.2/common/technology/autopilot\ap_fixed_ref.h:335:32)
INFO: [HLS 214-131] Inlining function 'af_range_ref<44, -11, false, (ap_q_mode)5, (ap_o_mode)3, 0>& af_range_ref<44, -11, false, (ap_q_mode)5, (ap_o_mode)3, 0>::operator=<32, false>(ap_int_base<32, false> const&)' into 'af_range_ref<44, -11, false, (ap_q_mode)5, (ap_o_mode)3, 0>& af_range_ref<44, -11, false, (ap_q_mode)5, (ap_o_mode)3, 0>::operator=<32, -23, false, (ap_q_mode)5, (ap_o_mode)3, 0>(af_range_ref<32, -23, false, (ap_q_mode)5, (ap_o_mode)3, 0> const&)' (C:/Xilinx/Vitis_HLS/2022.2/common/technology/autopilot\ap_fixed_ref.h:336:12)
INFO: [HLS 214-131] Inlining function 'ap_fixed_base<32, 32, true, (ap_q_mode)5, (ap_o_mode)3, 0>::operator!() const' into 'ap_fixed_base<86, -27, false, (ap_q_mode)5, (ap_o_mode)3, 0>& ap_fixed_base<86, -27, false, (ap_q_mode)5, (ap_o_mode)3, 0>::operator=<32, 32, true, (ap_q_mode)5, (ap_o_mode)3, 0>(ap_fixed_base<32, 32, true, (ap_q_mode)5, (ap_o_mode)3, 0> const&)' (C:/Xilinx/Vitis_HLS/2022.2/common/technology/autopilot\ap_fixed_base.h:808:9)
INFO: [HLS 214-131] Inlining function 'ap_fixed_base<86, -27, false, (ap_q_mode)5, (ap_o_mode)3, 0>& ap_fixed_base<86, -27, false, (ap_q_mode)5, (ap_o_mode)3, 0>::operator=<32, 32, true, (ap_q_mode)5, (ap_o_mode)3, 0>(ap_fixed_base<32, 32, true, (ap_q_mode)5, (ap_o_mode)3, 0> const&)' into 'ap_fixed_base<86, -27, false, (ap_q_mode)5, (ap_o_mode)3, 0>::ap_fixed_base(int)' (C:/Xilinx/Vitis_HLS/2022.2/common/technology/autopilot\ap_fixed_base.h:530:146)
INFO: [HLS 214-131] Inlining function 'ap_fixed_base<86, -27, false, (ap_q_mode)5, (ap_o_mode)3, 0>::ap_fixed_base(int)' into 'ap_fixed_base<44, -11, false, (ap_q_mode)5, (ap_o_mode)3, 0>::RType<42, -16, false>::mult ap_fixed_base<44, -11, false, (ap_q_mode)5, (ap_o_mode)3, 0>::operator*<42, -16, false, (ap_q_mode)5, (ap_o_mode)3, 0>(ap_fixed_base<42, -16, false, (ap_q_mode)5, (ap_o_mode)3, 0> const&) const' (C:/Xilinx/Vitis_HLS/2022.2/common/technology/autopilot\ap_fixed_base.h:1270:55)
INFO: [HLS 214-131] Inlining function 'ap_fixed_base<86, -27, false, (ap_q_mode)5, (ap_o_mode)3, 0>::ap_fixed_base(int)' into 'ap_fixed_base<44, -11, false, (ap_q_mode)5, (ap_o_mode)3, 0>::RType<42, -16, false>::mult ap_fixed_base<44, -11, false, (ap_q_mode)5, (ap_o_mode)3, 0>::operator*<42, -16, false, (ap_q_mode)5, (ap_o_mode)3, 0>(ap_fixed_base<42, -16, false, (ap_q_mode)5, (ap_o_mode)3, 0> const&) const' (C:/Xilinx/Vitis_HLS/2022.2/common/technology/autopilot\ap_fixed_base.h:1270:61)
INFO: [HLS 214-131] Inlining function 'ap_fixed_base<86, -27, false, (ap_q_mode)5, (ap_o_mode)3, 0>::operator!() const' into 'ap_fixed_base<31, -27, false, (ap_q_mode)5, (ap_o_mode)3, 0>& ap_fixed_base<31, -27, false, (ap_q_mode)5, (ap_o_mode)3, 0>::operator=<86, -27, false, (ap_q_mode)5, (ap_o_mode)3, 0>(ap_fixed_base<86, -27, false, (ap_q_mode)5, (ap_o_mode)3, 0> const&)' (C:/Xilinx/Vitis_HLS/2022.2/common/technology/autopilot\ap_fixed_base.h:808:9)
INFO: [HLS 214-131] Inlining function '_ZN8ssdm_intILi31ELb0EEC2EDq31_j' into 'ap_fixed_base<31, -27, false, (ap_q_mode)5, (ap_o_mode)3, 0>::ap_fixed_base<86, -27, false, (ap_q_mode)5, (ap_o_mode)3, 0>(ap_fixed_base<86, -27, false, (ap_q_mode)5, (ap_o_mode)3, 0> const&)' (C:/Xilinx/Vitis_HLS/2022.2/common/technology/autopilot\ap_fixed_base.h:401:80)
INFO: [HLS 214-131] Inlining function 'ap_fixed_base<31, -27, false, (ap_q_mode)5, (ap_o_mode)3, 0>& ap_fixed_base<31, -27, false, (ap_q_mode)5, (ap_o_mode)3, 0>::operator=<86, -27, false, (ap_q_mode)5, (ap_o_mode)3, 0>(ap_fixed_base<86, -27, false, (ap_q_mode)5, (ap_o_mode)3, 0> const&)' into 'ap_fixed_base<31, -27, false, (ap_q_mode)5, (ap_o_mode)3, 0>::ap_fixed_base<86, -27, false, (ap_q_mode)5, (ap_o_mode)3, 0>(ap_fixed_base<86, -27, false, (ap_q_mode)5, (ap_o_mode)3, 0> const&)' (C:/Xilinx/Vitis_HLS/2022.2/common/technology/autopilot\ap_fixed_base.h:403:5)
INFO: [HLS 214-131] Inlining function 'ap_fixed_base<31, -27, false, (ap_q_mode)5, (ap_o_mode)3, 0>::ap_fixed_base<86, -27, false, (ap_q_mode)5, (ap_o_mode)3, 0>(ap_fixed_base<86, -27, false, (ap_q_mode)5, (ap_o_mode)3, 0> const&)' into 'ap_ufixed<31, -27, (ap_q_mode)5, (ap_o_mode)3, 0>::ap_ufixed<86, -27, false, (ap_q_mode)5, (ap_o_mode)3, 0>(ap_fixed_base<86, -27, false, (ap_q_mode)5, (ap_o_mode)3, 0> const&)'
INFO: [HLS 214-131] Inlining function 'ap_fixed_base<32, 32, true, (ap_q_mode)5, (ap_o_mode)3, 0>::operator!() const' into 'ap_fixed_base<48, -10, false, (ap_q_mode)5, (ap_o_mode)3, 0>& ap_fixed_base<48, -10, false, (ap_q_mode)5, (ap_o_mode)3, 0>::operator=<32, 32, true, (ap_q_mode)5, (ap_o_mode)3, 0>(ap_fixed_base<32, 32, true, (ap_q_mode)5, (ap_o_mode)3, 0> const&)' (C:/Xilinx/Vitis_HLS/2022.2/common/technology/autopilot\ap_fixed_base.h:808:9)
INFO: [HLS 214-131] Inlining function 'ap_fixed_base<48, -10, false, (ap_q_mode)5, (ap_o_mode)3, 0>& ap_fixed_base<48, -10, false, (ap_q_mode)5, (ap_o_mode)3, 0>::operator=<32, 32, true, (ap_q_mode)5, (ap_o_mode)3, 0>(ap_fixed_base<32, 32, true, (ap_q_mode)5, (ap_o_mode)3, 0> const&)' into 'ap_fixed_base<48, -10, false, (ap_q_mode)5, (ap_o_mode)3, 0>::ap_fixed_base(int)' (C:/Xilinx/Vitis_HLS/2022.2/common/technology/autopilot\ap_fixed_base.h:530:146)
INFO: [HLS 214-131] Inlining function 'ap_fixed_base<31, -27, false, (ap_q_mode)5, (ap_o_mode)3, 0>::operator!() const' into 'ap_fixed_base<48, -10, false, (ap_q_mode)5, (ap_o_mode)3, 0>& ap_fixed_base<48, -10, false, (ap_q_mode)5, (ap_o_mode)3, 0>::operator=<31, -27, false, (ap_q_mode)5, (ap_o_mode)3, 0>(ap_fixed_base<31, -27, false, (ap_q_mode)5, (ap_o_mode)3, 0> const&)' (C:/Xilinx/Vitis_HLS/2022.2/common/technology/autopilot\ap_fixed_base.h:808:9)
INFO: [HLS 214-131] Inlining function '_ZN8ssdm_intILi48ELb0EEC2EDq48_j' into 'ap_fixed_base<48, -10, false, (ap_q_mode)5, (ap_o_mode)3, 0>::ap_fixed_base<31, -27, false, (ap_q_mode)5, (ap_o_mode)3, 0>(ap_fixed_base<31, -27, false, (ap_q_mode)5, (ap_o_mode)3, 0> const&)' (C:/Xilinx/Vitis_HLS/2022.2/common/technology/autopilot\ap_fixed_base.h:401:80)
INFO: [HLS 214-131] Inlining function 'ap_fixed_base<48, -10, false, (ap_q_mode)5, (ap_o_mode)3, 0>& ap_fixed_base<48, -10, false, (ap_q_mode)5, (ap_o_mode)3, 0>::operator=<31, -27, false, (ap_q_mode)5, (ap_o_mode)3, 0>(ap_fixed_base<31, -27, false, (ap_q_mode)5, (ap_o_mode)3, 0> const&)' into 'ap_fixed_base<48, -10, false, (ap_q_mode)5, (ap_o_mode)3, 0>::ap_fixed_base<31, -27, false, (ap_q_mode)5, (ap_o_mode)3, 0>(ap_fixed_base<31, -27, false, (ap_q_mode)5, (ap_o_mode)3, 0> const&)' (C:/Xilinx/Vitis_HLS/2022.2/common/technology/autopilot\ap_fixed_base.h:403:5)
INFO: [HLS 214-131] Inlining function 'ap_fixed_base<44, -11, false, (ap_q_mode)5, (ap_o_mode)3, 0>::operator!() const' into 'ap_fixed_base<48, -10, false, (ap_q_mode)5, (ap_o_mode)3, 0>& ap_fixed_base<48, -10, false, (ap_q_mode)5, (ap_o_mode)3, 0>::operator=<44, -11, false, (ap_q_mode)5, (ap_o_mode)3, 0>(ap_fixed_base<44, -11, false, (ap_q_mode)5, (ap_o_mode)3, 0> const&)' (C:/Xilinx/Vitis_HLS/2022.2/common/technology/autopilot\ap_fixed_base.h:808:9)
INFO: [HLS 214-131] Inlining function '_ZN8ssdm_intILi48ELb0EEC2EDq48_j' into 'ap_fixed_base<48, -10, false, (ap_q_mode)5, (ap_o_mode)3, 0>::ap_fixed_base<44, -11, false, (ap_q_mode)5, (ap_o_mode)3, 0>(ap_fixed_base<44, -11, false, (ap_q_mode)5, (ap_o_mode)3, 0> const&)' (C:/Xilinx/Vitis_HLS/2022.2/common/technology/autopilot\ap_fixed_base.h:401:80)
INFO: [HLS 214-131] Inlining function 'ap_fixed_base<48, -10, false, (ap_q_mode)5, (ap_o_mode)3, 0>& ap_fixed_base<48, -10, false, (ap_q_mode)5, (ap_o_mode)3, 0>::operator=<44, -11, false, (ap_q_mode)5, (ap_o_mode)3, 0>(ap_fixed_base<44, -11, false, (ap_q_mode)5, (ap_o_mode)3, 0> const&)' into 'ap_fixed_base<48, -10, false, (ap_q_mode)5, (ap_o_mode)3, 0>::ap_fixed_base<44, -11, false, (ap_q_mode)5, (ap_o_mode)3, 0>(ap_fixed_base<44, -11, false, (ap_q_mode)5, (ap_o_mode)3, 0> const&)' (C:/Xilinx/Vitis_HLS/2022.2/common/technology/autopilot\ap_fixed_base.h:403:5)
INFO: [HLS 214-131] Inlining function 'ap_fixed_base<48, -10, false, (ap_q_mode)5, (ap_o_mode)3, 0>::ap_fixed_base(int)' into 'ap_fixed_base<31, -27, false, (ap_q_mode)5, (ap_o_mode)3, 0>::RType<44, -11, false>::plus ap_fixed_base<31, -27, false, (ap_q_mode)5, (ap_o_mode)3, 0>::operator+<44, -11, false, (ap_q_mode)5, (ap_o_mode)3, 0>(ap_fixed_base<44, -11, false, (ap_q_mode)5, (ap_o_mode)3, 0> const&) const' (C:/Xilinx/Vitis_HLS/2022.2/common/technology/autopilot\ap_fixed_base.h:1347:325)
INFO: [HLS 214-131] Inlining function 'ap_fixed_base<48, -10, false, (ap_q_mode)5, (ap_o_mode)3, 0>::ap_fixed_base<44, -11, false, (ap_q_mode)5, (ap_o_mode)3, 0>(ap_fixed_base<44, -11, false, (ap_q_mode)5, (ap_o_mode)3, 0> const&)' into 'ap_fixed_base<31, -27, false, (ap_q_mode)5, (ap_o_mode)3, 0>::RType<44, -11, false>::plus ap_fixed_base<31, -27, false, (ap_q_mode)5, (ap_o_mode)3, 0>::operator+<44, -11, false, (ap_q_mode)5, (ap_o_mode)3, 0>(ap_fixed_base<44, -11, false, (ap_q_mode)5, (ap_o_mode)3, 0> const&) const' (C:/Xilinx/Vitis_HLS/2022.2/common/technology/autopilot\ap_fixed_base.h:1347:345)
INFO: [HLS 214-131] Inlining function 'ap_fixed_base<48, -10, false, (ap_q_mode)5, (ap_o_mode)3, 0>::ap_fixed_base<31, -27, false, (ap_q_mode)5, (ap_o_mode)3, 0>(ap_fixed_base<31, -27, false, (ap_q_mode)5, (ap_o_mode)3, 0> const&)' into 'ap_fixed_base<31, -27, false, (ap_q_mode)5, (ap_o_mode)3, 0>::RType<44, -11, false>::plus ap_fixed_base<31, -27, false, (ap_q_mode)5, (ap_o_mode)3, 0>::operator+<44, -11, false, (ap_q_mode)5, (ap_o_mode)3, 0>(ap_fixed_base<44, -11, false, (ap_q_mode)5, (ap_o_mode)3, 0> const&) const' (C:/Xilinx/Vitis_HLS/2022.2/common/technology/autopilot\ap_fixed_base.h:1347:333)
INFO: [HLS 214-131] Inlining function 'ap_fixed_base<32, 32, true, (ap_q_mode)5, (ap_o_mode)3, 0>::operator!() const' into 'ap_fixed_base<49, -9, false, (ap_q_mode)5, (ap_o_mode)3, 0>& ap_fixed_base<49, -9, false, (ap_q_mode)5, (ap_o_mode)3, 0>::operator=<32, 32, true, (ap_q_mode)5, (ap_o_mode)3, 0>(ap_fixed_base<32, 32, true, (ap_q_mode)5, (ap_o_mode)3, 0> const&)' (C:/Xilinx/Vitis_HLS/2022.2/common/technology/autopilot\ap_fixed_base.h:808:9)
INFO: [HLS 214-131] Inlining function 'ap_fixed_base<49, -9, false, (ap_q_mode)5, (ap_o_mode)3, 0>& ap_fixed_base<49, -9, false, (ap_q_mode)5, (ap_o_mode)3, 0>::operator=<32, 32, true, (ap_q_mode)5, (ap_o_mode)3, 0>(ap_fixed_base<32, 32, true, (ap_q_mode)5, (ap_o_mode)3, 0> const&)' into 'ap_fixed_base<49, -9, false, (ap_q_mode)5, (ap_o_mode)3, 0>::ap_fixed_base(int)' (C:/Xilinx/Vitis_HLS/2022.2/common/technology/autopilot\ap_fixed_base.h:530:146)
INFO: [HLS 214-131] Inlining function 'ap_fixed_base<48, -10, false, (ap_q_mode)5, (ap_o_mode)3, 0>::operator!() const' into 'ap_fixed_base<49, -9, false, (ap_q_mode)5, (ap_o_mode)3, 0>& ap_fixed_base<49, -9, false, (ap_q_mode)5, (ap_o_mode)3, 0>::operator=<48, -10, false, (ap_q_mode)5, (ap_o_mode)3, 0>(ap_fixed_base<48, -10, false, (ap_q_mode)5, (ap_o_mode)3, 0> const&)' (C:/Xilinx/Vitis_HLS/2022.2/common/technology/autopilot\ap_fixed_base.h:808:9)
INFO: [HLS 214-131] Inlining function '_ZN8ssdm_intILi49ELb0EEC2EDq49_j' into 'ap_fixed_base<49, -9, false, (ap_q_mode)5, (ap_o_mode)3, 0>::ap_fixed_base<48, -10, false, (ap_q_mode)5, (ap_o_mode)3, 0>(ap_fixed_base<48, -10, false, (ap_q_mode)5, (ap_o_mode)3, 0> const&)' (C:/Xilinx/Vitis_HLS/2022.2/common/technology/autopilot\ap_fixed_base.h:401:80)
INFO: [HLS 214-131] Inlining function 'ap_fixed_base<49, -9, false, (ap_q_mode)5, (ap_o_mode)3, 0>& ap_fixed_base<49, -9, false, (ap_q_mode)5, (ap_o_mode)3, 0>::operator=<48, -10, false, (ap_q_mode)5, (ap_o_mode)3, 0>(ap_fixed_base<48, -10, false, (ap_q_mode)5, (ap_o_mode)3, 0> const&)' into 'ap_fixed_base<49, -9, false, (ap_q_mode)5, (ap_o_mode)3, 0>::ap_fixed_base<48, -10, false, (ap_q_mode)5, (ap_o_mode)3, 0>(ap_fixed_base<48, -10, false, (ap_q_mode)5, (ap_o_mode)3, 0> const&)' (C:/Xilinx/Vitis_HLS/2022.2/common/technology/autopilot\ap_fixed_base.h:403:5)
INFO: [HLS 214-131] Inlining function 'ap_fixed_base<42, -16, false, (ap_q_mode)5, (ap_o_mode)3, 0>::operator!() const' into 'ap_fixed_base<49, -9, false, (ap_q_mode)5, (ap_o_mode)3, 0>& ap_fixed_base<49, -9, false, (ap_q_mode)5, (ap_o_mode)3, 0>::operator=<42, -16, false, (ap_q_mode)5, (ap_o_mode)3, 0>(ap_fixed_base<42, -16, false, (ap_q_mode)5, (ap_o_mode)3, 0> const&)' (C:/Xilinx/Vitis_HLS/2022.2/common/technology/autopilot\ap_fixed_base.h:808:9)
INFO: [HLS 214-131] Inlining function '_ZN8ssdm_intILi49ELb0EEC2EDq49_j' into 'ap_fixed_base<49, -9, false, (ap_q_mode)5, (ap_o_mode)3, 0>::ap_fixed_base<42, -16, false, (ap_q_mode)5, (ap_o_mode)3, 0>(ap_fixed_base<42, -16, false, (ap_q_mode)5, (ap_o_mode)3, 0> const&)' (C:/Xilinx/Vitis_HLS/2022.2/common/technology/autopilot\ap_fixed_base.h:401:80)
INFO: [HLS 214-131] Inlining function 'ap_fixed_base<49, -9, false, (ap_q_mode)5, (ap_o_mode)3, 0>& ap_fixed_base<49, -9, false, (ap_q_mode)5, (ap_o_mode)3, 0>::operator=<42, -16, false, (ap_q_mode)5, (ap_o_mode)3, 0>(ap_fixed_base<42, -16, false, (ap_q_mode)5, (ap_o_mode)3, 0> const&)' into 'ap_fixed_base<49, -9, false, (ap_q_mode)5, (ap_o_mode)3, 0>::ap_fixed_base<42, -16, false, (ap_q_mode)5, (ap_o_mode)3, 0>(ap_fixed_base<42, -16, false, (ap_q_mode)5, (ap_o_mode)3, 0> const&)' (C:/Xilinx/Vitis_HLS/2022.2/common/technology/autopilot\ap_fixed_base.h:403:5)
INFO: [HLS 214-131] Inlining function 'ap_fixed_base<49, -9, false, (ap_q_mode)5, (ap_o_mode)3, 0>::ap_fixed_base(int)' into 'ap_fixed_base<48, -10, false, (ap_q_mode)5, (ap_o_mode)3, 0>::RType<42, -16, false>::plus ap_fixed_base<48, -10, false, (ap_q_mode)5, (ap_o_mode)3, 0>::operator+<42, -16, false, (ap_q_mode)5, (ap_o_mode)3, 0>(ap_fixed_base<42, -16, false, (ap_q_mode)5, (ap_o_mode)3, 0> const&) const' (C:/Xilinx/Vitis_HLS/2022.2/common/technology/autopilot\ap_fixed_base.h:1347:325)
INFO: [HLS 214-131] Inlining function 'ap_fixed_base<49, -9, false, (ap_q_mode)5, (ap_o_mode)3, 0>::ap_fixed_base<42, -16, false, (ap_q_mode)5, (ap_o_mode)3, 0>(ap_fixed_base<42, -16, false, (ap_q_mode)5, (ap_o_mode)3, 0> const&)' into 'ap_fixed_base<48, -10, false, (ap_q_mode)5, (ap_o_mode)3, 0>::RType<42, -16, false>::plus ap_fixed_base<48, -10, false, (ap_q_mode)5, (ap_o_mode)3, 0>::operator+<42, -16, false, (ap_q_mode)5, (ap_o_mode)3, 0>(ap_fixed_base<42, -16, false, (ap_q_mode)5, (ap_o_mode)3, 0> const&) const' (C:/Xilinx/Vitis_HLS/2022.2/common/technology/autopilot\ap_fixed_base.h:1347:345)
INFO: [HLS 214-131] Inlining function 'ap_fixed_base<49, -9, false, (ap_q_mode)5, (ap_o_mode)3, 0>::ap_fixed_base<48, -10, false, (ap_q_mode)5, (ap_o_mode)3, 0>(ap_fixed_base<48, -10, false, (ap_q_mode)5, (ap_o_mode)3, 0> const&)' into 'ap_fixed_base<48, -10, false, (ap_q_mode)5, (ap_o_mode)3, 0>::RType<42, -16, false>::plus ap_fixed_base<48, -10, false, (ap_q_mode)5, (ap_o_mode)3, 0>::operator+<42, -16, false, (ap_q_mode)5, (ap_o_mode)3, 0>(ap_fixed_base<42, -16, false, (ap_q_mode)5, (ap_o_mode)3, 0> const&) const' (C:/Xilinx/Vitis_HLS/2022.2/common/technology/autopilot\ap_fixed_base.h:1347:333)
INFO: [HLS 214-131] Inlining function 'ap_fixed_base<49, -9, false, (ap_q_mode)5, (ap_o_mode)3, 0>::operator!() const' into 'ap_fixed_base<48, -10, false, (ap_q_mode)5, (ap_o_mode)3, 0>& ap_fixed_base<48, -10, false, (ap_q_mode)5, (ap_o_mode)3, 0>::operator=<49, -9, false, (ap_q_mode)5, (ap_o_mode)3, 0>(ap_fixed_base<49, -9, false, (ap_q_mode)5, (ap_o_mode)3, 0> const&)' (C:/Xilinx/Vitis_HLS/2022.2/common/technology/autopilot\ap_fixed_base.h:808:9)
INFO: [HLS 214-131] Inlining function '_ZN8ssdm_intILi48ELb0EEC2EDq48_j' into 'ap_fixed_base<48, -10, false, (ap_q_mode)5, (ap_o_mode)3, 0>::ap_fixed_base<49, -9, false, (ap_q_mode)5, (ap_o_mode)3, 0>(ap_fixed_base<49, -9, false, (ap_q_mode)5, (ap_o_mode)3, 0> const&)' (C:/Xilinx/Vitis_HLS/2022.2/common/technology/autopilot\ap_fixed_base.h:401:80)
INFO: [HLS 214-131] Inlining function 'ap_fixed_base<48, -10, false, (ap_q_mode)5, (ap_o_mode)3, 0>& ap_fixed_base<48, -10, false, (ap_q_mode)5, (ap_o_mode)3, 0>::operator=<49, -9, false, (ap_q_mode)5, (ap_o_mode)3, 0>(ap_fixed_base<49, -9, false, (ap_q_mode)5, (ap_o_mode)3, 0> const&)' into 'ap_fixed_base<48, -10, false, (ap_q_mode)5, (ap_o_mode)3, 0>::ap_fixed_base<49, -9, false, (ap_q_mode)5, (ap_o_mode)3, 0>(ap_fixed_base<49, -9, false, (ap_q_mode)5, (ap_o_mode)3, 0> const&)' (C:/Xilinx/Vitis_HLS/2022.2/common/technology/autopilot\ap_fixed_base.h:403:5)
INFO: [HLS 214-131] Inlining function 'ap_fixed_base<48, -10, false, (ap_q_mode)5, (ap_o_mode)3, 0>::ap_fixed_base<49, -9, false, (ap_q_mode)5, (ap_o_mode)3, 0>(ap_fixed_base<49, -9, false, (ap_q_mode)5, (ap_o_mode)3, 0> const&)' into 'ap_ufixed<48, -10, (ap_q_mode)5, (ap_o_mode)3, 0>::ap_ufixed<49, -9, false, (ap_q_mode)5, (ap_o_mode)3, 0>(ap_fixed_base<49, -9, false, (ap_q_mode)5, (ap_o_mode)3, 0> const&)'
INFO: [HLS 214-131] Inlining function 'ap_fixed_base<46, -6, false, (ap_q_mode)5, (ap_o_mode)3, 0>::ap_fixed_base(char const*)' into 'ap_ufixed<46, -6, (ap_q_mode)5, (ap_o_mode)3, 0>::ap_ufixed(char const*)'
INFO: [HLS 214-131] Inlining function 'af_range_ref<46, -6, false, (ap_q_mode)5, (ap_o_mode)3, 0>::af_range_ref(ap_fixed_base<46, -6, false, (ap_q_mode)5, (ap_o_mode)3, 0>*, int, int)' into 'ap_fixed_base<46, -6, false, (ap_q_mode)5, (ap_o_mode)3, 0>::range(int, int)' (C:/Xilinx/Vitis_HLS/2022.2/common/technology/autopilot\ap_fixed_base.h:1746:12)
INFO: [HLS 214-131] Inlining function 'ap_fixed_base<46, -6, false, (ap_q_mode)5, (ap_o_mode)3, 0>::range(int, int)' into 'ap_fixed_base<46, -6, false, (ap_q_mode)5, (ap_o_mode)3, 0>::operator()(int, int)' (C:/Xilinx/Vitis_HLS/2022.2/common/technology/autopilot\ap_fixed_base.h:1785:18)
INFO: [HLS 214-131] Inlining function 'af_range_ref<5, -6, false, (ap_q_mode)5, (ap_o_mode)3, 0>::af_range_ref(ap_fixed_base<5, -6, false, (ap_q_mode)5, (ap_o_mode)3, 0>*, int, int)' into 'ap_fixed_base<5, -6, false, (ap_q_mode)5, (ap_o_mode)3, 0>::range(int, int)' (C:/Xilinx/Vitis_HLS/2022.2/common/technology/autopilot\ap_fixed_base.h:1746:12)
INFO: [HLS 214-131] Inlining function 'ap_fixed_base<5, -6, false, (ap_q_mode)5, (ap_o_mode)3, 0>::range(int, int)' into 'ap_fixed_base<5, -6, false, (ap_q_mode)5, (ap_o_mode)3, 0>::operator()(int, int)' (C:/Xilinx/Vitis_HLS/2022.2/common/technology/autopilot\ap_fixed_base.h:1785:18)
INFO: [HLS 214-131] Inlining function 'af_range_ref<46, -6, false, (ap_q_mode)5, (ap_o_mode)3, 0>::get() const' into 'ap_int_base<46, false>::ap_int_base<46, -6, false, (ap_q_mode)5, (ap_o_mode)3, 0>(af_range_ref<46, -6, false, (ap_q_mode)5, (ap_o_mode)3, 0> const&)' (C:/Xilinx/Vitis_HLS/2022.2/common/technology/autopilot\ap_int_base.h:403:20)
INFO: [HLS 214-131] Inlining function 'ap_int_base<46, false>::ap_int_base<46, -6, false, (ap_q_mode)5, (ap_o_mode)3, 0>(af_range_ref<46, -6, false, (ap_q_mode)5, (ap_o_mode)3, 0> const&)' into 'af_range_ref<5, -6, false, (ap_q_mode)5, (ap_o_mode)3, 0>& af_range_ref<5, -6, false, (ap_q_mode)5, (ap_o_mode)3, 0>::operator=<46, -6, false, (ap_q_mode)5, (ap_o_mode)3, 0>(af_range_ref<46, -6, false, (ap_q_mode)5, (ap_o_mode)3, 0> const&)' (C:/Xilinx/Vitis_HLS/2022.2/common/technology/autopilot\ap_fixed_ref.h:335:32)
INFO: [HLS 214-131] Inlining function 'af_range_ref<5, -6, false, (ap_q_mode)5, (ap_o_mode)3, 0>& af_range_ref<5, -6, false, (ap_q_mode)5, (ap_o_mode)3, 0>::operator=<46, false>(ap_int_base<46, false> const&)' into 'af_range_ref<5, -6, false, (ap_q_mode)5, (ap_o_mode)3, 0>& af_range_ref<5, -6, false, (ap_q_mode)5, (ap_o_mode)3, 0>::operator=<46, -6, false, (ap_q_mode)5, (ap_o_mode)3, 0>(af_range_ref<46, -6, false, (ap_q_mode)5, (ap_o_mode)3, 0> const&)' (C:/Xilinx/Vitis_HLS/2022.2/common/technology/autopilot\ap_fixed_ref.h:336:12)
INFO: [HLS 214-131] Inlining function 'ap_fixed_base<32, 32, true, (ap_q_mode)5, (ap_o_mode)3, 0>::operator!() const' into 'ap_fixed_base<9, -2, false, (ap_q_mode)5, (ap_o_mode)3, 0>& ap_fixed_base<9, -2, false, (ap_q_mode)5, (ap_o_mode)3, 0>::operator=<32, 32, true, (ap_q_mode)5, (ap_o_mode)3, 0>(ap_fixed_base<32, 32, true, (ap_q_mode)5, (ap_o_mode)3, 0> const&)' (C:/Xilinx/Vitis_HLS/2022.2/common/technology/autopilot\ap_fixed_base.h:808:9)
INFO: [HLS 214-131] Inlining function 'ap_fixed_base<9, -2, false, (ap_q_mode)5, (ap_o_mode)3, 0>& ap_fixed_base<9, -2, false, (ap_q_mode)5, (ap_o_mode)3, 0>::operator=<32, 32, true, (ap_q_mode)5, (ap_o_mode)3, 0>(ap_fixed_base<32, 32, true, (ap_q_mode)5, (ap_o_mode)3, 0> const&)' into 'ap_fixed_base<9, -2, false, (ap_q_mode)5, (ap_o_mode)3, 0>::ap_fixed_base(int)' (C:/Xilinx/Vitis_HLS/2022.2/common/technology/autopilot\ap_fixed_base.h:530:146)
INFO: [HLS 214-131] Inlining function 'ap_fixed_base<5, -6, false, (ap_q_mode)5, (ap_o_mode)3, 0>::operator!() const' into 'ap_fixed_base<9, -2, false, (ap_q_mode)5, (ap_o_mode)3, 0>& ap_fixed_base<9, -2, false, (ap_q_mode)5, (ap_o_mode)3, 0>::operator=<5, -6, false, (ap_q_mode)5, (ap_o_mode)3, 0>(ap_fixed_base<5, -6, false, (ap_q_mode)5, (ap_o_mode)3, 0> const&)' (C:/Xilinx/Vitis_HLS/2022.2/common/technology/autopilot\ap_fixed_base.h:808:9)
INFO: [HLS 214-131] Inlining function '_ZN8ssdm_intILi9ELb0EEC2EDq9_j' into 'ap_fixed_base<9, -2, false, (ap_q_mode)5, (ap_o_mode)3, 0>::ap_fixed_base<5, -6, false, (ap_q_mode)5, (ap_o_mode)3, 0>(ap_fixed_base<5, -6, false, (ap_q_mode)5, (ap_o_mode)3, 0> const&)' (C:/Xilinx/Vitis_HLS/2022.2/common/technology/autopilot\ap_fixed_base.h:401:80)
INFO: [HLS 214-131] Inlining function 'ap_fixed_base<9, -2, false, (ap_q_mode)5, (ap_o_mode)3, 0>& ap_fixed_base<9, -2, false, (ap_q_mode)5, (ap_o_mode)3, 0>::operator=<5, -6, false, (ap_q_mode)5, (ap_o_mode)3, 0>(ap_fixed_base<5, -6, false, (ap_q_mode)5, (ap_o_mode)3, 0> const&)' into 'ap_fixed_base<9, -2, false, (ap_q_mode)5, (ap_o_mode)3, 0>::ap_fixed_base<5, -6, false, (ap_q_mode)5, (ap_o_mode)3, 0>(ap_fixed_base<5, -6, false, (ap_q_mode)5, (ap_o_mode)3, 0> const&)' (C:/Xilinx/Vitis_HLS/2022.2/common/technology/autopilot\ap_fixed_base.h:403:5)
INFO: [HLS 214-131] Inlining function 'ap_fixed_base<8, -3, false, (ap_q_mode)5, (ap_o_mode)3, 0>::operator!() const' into 'ap_fixed_base<9, -2, false, (ap_q_mode)5, (ap_o_mode)3, 0>& ap_fixed_base<9, -2, false, (ap_q_mode)5, (ap_o_mode)3, 0>::operator=<8, -3, false, (ap_q_mode)5, (ap_o_mode)3, 0>(ap_fixed_base<8, -3, false, (ap_q_mode)5, (ap_o_mode)3, 0> const&)' (C:/Xilinx/Vitis_HLS/2022.2/common/technology/autopilot\ap_fixed_base.h:808:9)
INFO: [HLS 214-131] Inlining function '_ZN8ssdm_intILi9ELb0EEC2EDq9_j' into 'ap_fixed_base<9, -2, false, (ap_q_mode)5, (ap_o_mode)3, 0>::ap_fixed_base<8, -3, false, (ap_q_mode)5, (ap_o_mode)3, 0>(ap_fixed_base<8, -3, false, (ap_q_mode)5, (ap_o_mode)3, 0> const&)' (C:/Xilinx/Vitis_HLS/2022.2/common/technology/autopilot\ap_fixed_base.h:401:80)
INFO: [HLS 214-131] Inlining function 'ap_fixed_base<9, -2, false, (ap_q_mode)5, (ap_o_mode)3, 0>& ap_fixed_base<9, -2, false, (ap_q_mode)5, (ap_o_mode)3, 0>::operator=<8, -3, false, (ap_q_mode)5, (ap_o_mode)3, 0>(ap_fixed_base<8, -3, false, (ap_q_mode)5, (ap_o_mode)3, 0> const&)' into 'ap_fixed_base<9, -2, false, (ap_q_mode)5, (ap_o_mode)3, 0>::ap_fixed_base<8, -3, false, (ap_q_mode)5, (ap_o_mode)3, 0>(ap_fixed_base<8, -3, false, (ap_q_mode)5, (ap_o_mode)3, 0> const&)' (C:/Xilinx/Vitis_HLS/2022.2/common/technology/autopilot\ap_fixed_base.h:403:5)
INFO: [HLS 214-131] Inlining function 'ap_fixed_base<9, -2, false, (ap_q_mode)5, (ap_o_mode)3, 0>::ap_fixed_base(int)' into 'ap_fixed_base<5, -6, false, (ap_q_mode)5, (ap_o_mode)3, 0>::RType<8, -3, false>::plus ap_fixed_base<5, -6, false, (ap_q_mode)5, (ap_o_mode)3, 0>::operator+<8, -3, false, (ap_q_mode)5, (ap_o_mode)3, 0>(ap_fixed_base<8, -3, false, (ap_q_mode)5, (ap_o_mode)3, 0> const&) const' (C:/Xilinx/Vitis_HLS/2022.2/common/technology/autopilot\ap_fixed_base.h:1347:325)
INFO: [HLS 214-131] Inlining function 'ap_fixed_base<9, -2, false, (ap_q_mode)5, (ap_o_mode)3, 0>::ap_fixed_base<8, -3, false, (ap_q_mode)5, (ap_o_mode)3, 0>(ap_fixed_base<8, -3, false, (ap_q_mode)5, (ap_o_mode)3, 0> const&)' into 'ap_fixed_base<5, -6, false, (ap_q_mode)5, (ap_o_mode)3, 0>::RType<8, -3, false>::plus ap_fixed_base<5, -6, false, (ap_q_mode)5, (ap_o_mode)3, 0>::operator+<8, -3, false, (ap_q_mode)5, (ap_o_mode)3, 0>(ap_fixed_base<8, -3, false, (ap_q_mode)5, (ap_o_mode)3, 0> const&) const' (C:/Xilinx/Vitis_HLS/2022.2/common/technology/autopilot\ap_fixed_base.h:1347:345)
INFO: [HLS 214-131] Inlining function 'ap_fixed_base<9, -2, false, (ap_q_mode)5, (ap_o_mode)3, 0>::ap_fixed_base<5, -6, false, (ap_q_mode)5, (ap_o_mode)3, 0>(ap_fixed_base<5, -6, false, (ap_q_mode)5, (ap_o_mode)3, 0> const&)' into 'ap_fixed_base<5, -6, false, (ap_q_mode)5, (ap_o_mode)3, 0>::RType<8, -3, false>::plus ap_fixed_base<5, -6, false, (ap_q_mode)5, (ap_o_mode)3, 0>::operator+<8, -3, false, (ap_q_mode)5, (ap_o_mode)3, 0>(ap_fixed_base<8, -3, false, (ap_q_mode)5, (ap_o_mode)3, 0> const&) const' (C:/Xilinx/Vitis_HLS/2022.2/common/technology/autopilot\ap_fixed_base.h:1347:333)
INFO: [HLS 214-131] Inlining function 'af_range_ref<9, -2, false, (ap_q_mode)5, (ap_o_mode)3, 0>::af_range_ref(ap_fixed_base<9, -2, false, (ap_q_mode)5, (ap_o_mode)3, 0>*, int, int)' into 'ap_fixed_base<9, -2, false, (ap_q_mode)5, (ap_o_mode)3, 0>::range(int, int)' (C:/Xilinx/Vitis_HLS/2022.2/common/technology/autopilot\ap_fixed_base.h:1746:12)
INFO: [HLS 214-131] Inlining function 'ap_fixed_base<9, -2, false, (ap_q_mode)5, (ap_o_mode)3, 0>::range(int, int)' into 'ap_fixed_base<9, -2, false, (ap_q_mode)5, (ap_o_mode)3, 0>::operator()(int, int)' (C:/Xilinx/Vitis_HLS/2022.2/common/technology/autopilot\ap_fixed_base.h:1785:18)
INFO: [HLS 214-131] Inlining function 'af_range_ref<50, -2, false, (ap_q_mode)5, (ap_o_mode)3, 0>::af_range_ref(ap_fixed_base<50, -2, false, (ap_q_mode)5, (ap_o_mode)3, 0>*, int, int)' into 'ap_fixed_base<50, -2, false, (ap_q_mode)5, (ap_o_mode)3, 0>::range(int, int)' (C:/Xilinx/Vitis_HLS/2022.2/common/technology/autopilot\ap_fixed_base.h:1746:12)
INFO: [HLS 214-131] Inlining function 'ap_fixed_base<50, -2, false, (ap_q_mode)5, (ap_o_mode)3, 0>::range(int, int)' into 'ap_fixed_base<50, -2, false, (ap_q_mode)5, (ap_o_mode)3, 0>::operator()(int, int)' (C:/Xilinx/Vitis_HLS/2022.2/common/technology/autopilot\ap_fixed_base.h:1785:18)
INFO: [HLS 214-131] Inlining function 'af_range_ref<9, -2, false, (ap_q_mode)5, (ap_o_mode)3, 0>::get() const' into 'ap_int_base<9, false>::ap_int_base<9, -2, false, (ap_q_mode)5, (ap_o_mode)3, 0>(af_range_ref<9, -2, false, (ap_q_mode)5, (ap_o_mode)3, 0> const&)' (C:/Xilinx/Vitis_HLS/2022.2/common/technology/autopilot\ap_int_base.h:403:20)
INFO: [HLS 214-131] Inlining function 'ap_int_base<9, false>::ap_int_base<9, -2, false, (ap_q_mode)5, (ap_o_mode)3, 0>(af_range_ref<9, -2, false, (ap_q_mode)5, (ap_o_mode)3, 0> const&)' into 'af_range_ref<50, -2, false, (ap_q_mode)5, (ap_o_mode)3, 0>& af_range_ref<50, -2, false, (ap_q_mode)5, (ap_o_mode)3, 0>::operator=<9, -2, false, (ap_q_mode)5, (ap_o_mode)3, 0>(af_range_ref<9, -2, false, (ap_q_mode)5, (ap_o_mode)3, 0> const&)' (C:/Xilinx/Vitis_HLS/2022.2/common/technology/autopilot\ap_fixed_ref.h:335:32)
INFO: [HLS 214-131] Inlining function 'af_range_ref<50, -2, false, (ap_q_mode)5, (ap_o_mode)3, 0>& af_range_ref<50, -2, false, (ap_q_mode)5, (ap_o_mode)3, 0>::operator=<9, false>(ap_int_base<9, false> const&)' into 'af_range_ref<50, -2, false, (ap_q_mode)5, (ap_o_mode)3, 0>& af_range_ref<50, -2, false, (ap_q_mode)5, (ap_o_mode)3, 0>::operator=<9, -2, false, (ap_q_mode)5, (ap_o_mode)3, 0>(af_range_ref<9, -2, false, (ap_q_mode)5, (ap_o_mode)3, 0> const&)' (C:/Xilinx/Vitis_HLS/2022.2/common/technology/autopilot\ap_fixed_ref.h:336:12)
INFO: [HLS 214-131] Inlining function 'ap_int_base<46, false>::ap_int_base<46, -6, false, (ap_q_mode)5, (ap_o_mode)3, 0>(af_range_ref<46, -6, false, (ap_q_mode)5, (ap_o_mode)3, 0> const&)' into 'af_range_ref<50, -2, false, (ap_q_mode)5, (ap_o_mode)3, 0>& af_range_ref<50, -2, false, (ap_q_mode)5, (ap_o_mode)3, 0>::operator=<46, -6, false, (ap_q_mode)5, (ap_o_mode)3, 0>(af_range_ref<46, -6, false, (ap_q_mode)5, (ap_o_mode)3, 0> const&)' (C:/Xilinx/Vitis_HLS/2022.2/common/technology/autopilot\ap_fixed_ref.h:335:32)
INFO: [HLS 214-131] Inlining function 'af_range_ref<50, -2, false, (ap_q_mode)5, (ap_o_mode)3, 0>& af_range_ref<50, -2, false, (ap_q_mode)5, (ap_o_mode)3, 0>::operator=<46, false>(ap_int_base<46, false> const&)' into 'af_range_ref<50, -2, false, (ap_q_mode)5, (ap_o_mode)3, 0>& af_range_ref<50, -2, false, (ap_q_mode)5, (ap_o_mode)3, 0>::operator=<46, -6, false, (ap_q_mode)5, (ap_o_mode)3, 0>(af_range_ref<46, -6, false, (ap_q_mode)5, (ap_o_mode)3, 0> const&)' (C:/Xilinx/Vitis_HLS/2022.2/common/technology/autopilot\ap_fixed_ref.h:336:12)
INFO: [HLS 214-131] Inlining function 'ap_fixed_base<32, 32, true, (ap_q_mode)5, (ap_o_mode)3, 0>::operator!() const' into 'ap_fixed_base<98, -12, false, (ap_q_mode)5, (ap_o_mode)3, 0>& ap_fixed_base<98, -12, false, (ap_q_mode)5, (ap_o_mode)3, 0>::operator=<32, 32, true, (ap_q_mode)5, (ap_o_mode)3, 0>(ap_fixed_base<32, 32, true, (ap_q_mode)5, (ap_o_mode)3, 0> const&)' (C:/Xilinx/Vitis_HLS/2022.2/common/technology/autopilot\ap_fixed_base.h:808:9)
INFO: [HLS 214-131] Inlining function 'ap_fixed_base<98, -12, false, (ap_q_mode)5, (ap_o_mode)3, 0>& ap_fixed_base<98, -12, false, (ap_q_mode)5, (ap_o_mode)3, 0>::operator=<32, 32, true, (ap_q_mode)5, (ap_o_mode)3, 0>(ap_fixed_base<32, 32, true, (ap_q_mode)5, (ap_o_mode)3, 0> const&)' into 'ap_fixed_base<98, -12, false, (ap_q_mode)5, (ap_o_mode)3, 0>::ap_fixed_base(int)' (C:/Xilinx/Vitis_HLS/2022.2/common/technology/autopilot\ap_fixed_base.h:530:146)
INFO: [HLS 214-131] Inlining function 'ap_fixed_base<98, -12, false, (ap_q_mode)5, (ap_o_mode)3, 0>::ap_fixed_base(int)' into 'ap_fixed_base<50, -2, false, (ap_q_mode)5, (ap_o_mode)3, 0>::RType<48, -10, false>::mult ap_fixed_base<50, -2, false, (ap_q_mode)5, (ap_o_mode)3, 0>::operator*<48, -10, false, (ap_q_mode)5, (ap_o_mode)3, 0>(ap_fixed_base<48, -10, false, (ap_q_mode)5, (ap_o_mode)3, 0> const&) const' (C:/Xilinx/Vitis_HLS/2022.2/common/technology/autopilot\ap_fixed_base.h:1270:55)
INFO: [HLS 214-131] Inlining function 'ap_fixed_base<98, -12, false, (ap_q_mode)5, (ap_o_mode)3, 0>::ap_fixed_base(int)' into 'ap_fixed_base<50, -2, false, (ap_q_mode)5, (ap_o_mode)3, 0>::RType<48, -10, false>::mult ap_fixed_base<50, -2, false, (ap_q_mode)5, (ap_o_mode)3, 0>::operator*<48, -10, false, (ap_q_mode)5, (ap_o_mode)3, 0>(ap_fixed_base<48, -10, false, (ap_q_mode)5, (ap_o_mode)3, 0> const&) const' (C:/Xilinx/Vitis_HLS/2022.2/common/technology/autopilot\ap_fixed_base.h:1270:61)
INFO: [HLS 214-131] Inlining function 'ap_fixed_base<98, -12, false, (ap_q_mode)5, (ap_o_mode)3, 0>::operator!() const' into 'ap_fixed_base<46, -12, false, (ap_q_mode)5, (ap_o_mode)3, 0>& ap_fixed_base<46, -12, false, (ap_q_mode)5, (ap_o_mode)3, 0>::operator=<98, -12, false, (ap_q_mode)5, (ap_o_mode)3, 0>(ap_fixed_base<98, -12, false, (ap_q_mode)5, (ap_o_mode)3, 0> const&)' (C:/Xilinx/Vitis_HLS/2022.2/common/technology/autopilot\ap_fixed_base.h:808:9)
INFO: [HLS 214-131] Inlining function '_ZN8ssdm_intILi46ELb0EEC2EDq46_j' into 'ap_fixed_base<46, -12, false, (ap_q_mode)5, (ap_o_mode)3, 0>::ap_fixed_base<98, -12, false, (ap_q_mode)5, (ap_o_mode)3, 0>(ap_fixed_base<98, -12, false, (ap_q_mode)5, (ap_o_mode)3, 0> const&)' (C:/Xilinx/Vitis_HLS/2022.2/common/technology/autopilot\ap_fixed_base.h:401:80)
INFO: [HLS 214-131] Inlining function 'ap_fixed_base<46, -12, false, (ap_q_mode)5, (ap_o_mode)3, 0>& ap_fixed_base<46, -12, false, (ap_q_mode)5, (ap_o_mode)3, 0>::operator=<98, -12, false, (ap_q_mode)5, (ap_o_mode)3, 0>(ap_fixed_base<98, -12, false, (ap_q_mode)5, (ap_o_mode)3, 0> const&)' into 'ap_fixed_base<46, -12, false, (ap_q_mode)5, (ap_o_mode)3, 0>::ap_fixed_base<98, -12, false, (ap_q_mode)5, (ap_o_mode)3, 0>(ap_fixed_base<98, -12, false, (ap_q_mode)5, (ap_o_mode)3, 0> const&)' (C:/Xilinx/Vitis_HLS/2022.2/common/technology/autopilot\ap_fixed_base.h:403:5)
INFO: [HLS 214-131] Inlining function 'ap_fixed_base<46, -12, false, (ap_q_mode)5, (ap_o_mode)3, 0>::ap_fixed_base<98, -12, false, (ap_q_mode)5, (ap_o_mode)3, 0>(ap_fixed_base<98, -12, false, (ap_q_mode)5, (ap_o_mode)3, 0> const&)' into 'ap_ufixed<46, -12, (ap_q_mode)5, (ap_o_mode)3, 0>::ap_ufixed<98, -12, false, (ap_q_mode)5, (ap_o_mode)3, 0>(ap_fixed_base<98, -12, false, (ap_q_mode)5, (ap_o_mode)3, 0> const&)'
INFO: [HLS 214-131] Inlining function 'ap_fixed_base<32, 32, true, (ap_q_mode)5, (ap_o_mode)3, 0>::operator!() const' into 'ap_fixed_base<57, -1, false, (ap_q_mode)5, (ap_o_mode)3, 0>& ap_fixed_base<57, -1, false, (ap_q_mode)5, (ap_o_mode)3, 0>::operator=<32, 32, true, (ap_q_mode)5, (ap_o_mode)3, 0>(ap_fixed_base<32, 32, true, (ap_q_mode)5, (ap_o_mode)3, 0> const&)' (C:/Xilinx/Vitis_HLS/2022.2/common/technology/autopilot\ap_fixed_base.h:808:9)
INFO: [HLS 214-131] Inlining function 'ap_fixed_base<57, -1, false, (ap_q_mode)5, (ap_o_mode)3, 0>& ap_fixed_base<57, -1, false, (ap_q_mode)5, (ap_o_mode)3, 0>::operator=<32, 32, true, (ap_q_mode)5, (ap_o_mode)3, 0>(ap_fixed_base<32, 32, true, (ap_q_mode)5, (ap_o_mode)3, 0> const&)' into 'ap_fixed_base<57, -1, false, (ap_q_mode)5, (ap_o_mode)3, 0>::ap_fixed_base(int)' (C:/Xilinx/Vitis_HLS/2022.2/common/technology/autopilot\ap_fixed_base.h:530:146)
INFO: [HLS 214-131] Inlining function 'ap_fixed_base<46, -12, false, (ap_q_mode)5, (ap_o_mode)3, 0>::operator!() const' into 'ap_fixed_base<57, -1, false, (ap_q_mode)5, (ap_o_mode)3, 0>& ap_fixed_base<57, -1, false, (ap_q_mode)5, (ap_o_mode)3, 0>::operator=<46, -12, false, (ap_q_mode)5, (ap_o_mode)3, 0>(ap_fixed_base<46, -12, false, (ap_q_mode)5, (ap_o_mode)3, 0> const&)' (C:/Xilinx/Vitis_HLS/2022.2/common/technology/autopilot\ap_fixed_base.h:808:9)
INFO: [HLS 214-131] Inlining function '_ZN8ssdm_intILi57ELb0EEC2EDq57_j' into 'ap_fixed_base<57, -1, false, (ap_q_mode)5, (ap_o_mode)3, 0>::ap_fixed_base<46, -12, false, (ap_q_mode)5, (ap_o_mode)3, 0>(ap_fixed_base<46, -12, false, (ap_q_mode)5, (ap_o_mode)3, 0> const&)' (C:/Xilinx/Vitis_HLS/2022.2/common/technology/autopilot\ap_fixed_base.h:401:80)
INFO: [HLS 214-131] Inlining function 'ap_fixed_base<57, -1, false, (ap_q_mode)5, (ap_o_mode)3, 0>& ap_fixed_base<57, -1, false, (ap_q_mode)5, (ap_o_mode)3, 0>::operator=<46, -12, false, (ap_q_mode)5, (ap_o_mode)3, 0>(ap_fixed_base<46, -12, false, (ap_q_mode)5, (ap_o_mode)3, 0> const&)' into 'ap_fixed_base<57, -1, false, (ap_q_mode)5, (ap_o_mode)3, 0>::ap_fixed_base<46, -12, false, (ap_q_mode)5, (ap_o_mode)3, 0>(ap_fixed_base<46, -12, false, (ap_q_mode)5, (ap_o_mode)3, 0> const&)' (C:/Xilinx/Vitis_HLS/2022.2/common/technology/autopilot\ap_fixed_base.h:403:5)
INFO: [HLS 214-131] Inlining function 'ap_fixed_base<50, -2, false, (ap_q_mode)5, (ap_o_mode)3, 0>::operator!() const' into 'ap_fixed_base<57, -1, false, (ap_q_mode)5, (ap_o_mode)3, 0>& ap_fixed_base<57, -1, false, (ap_q_mode)5, (ap_o_mode)3, 0>::operator=<50, -2, false, (ap_q_mode)5, (ap_o_mode)3, 0>(ap_fixed_base<50, -2, false, (ap_q_mode)5, (ap_o_mode)3, 0> const&)' (C:/Xilinx/Vitis_HLS/2022.2/common/technology/autopilot\ap_fixed_base.h:808:9)
INFO: [HLS 214-131] Inlining function '_ZN8ssdm_intILi57ELb0EEC2EDq57_j' into 'ap_fixed_base<57, -1, false, (ap_q_mode)5, (ap_o_mode)3, 0>::ap_fixed_base<50, -2, false, (ap_q_mode)5, (ap_o_mode)3, 0>(ap_fixed_base<50, -2, false, (ap_q_mode)5, (ap_o_mode)3, 0> const&)' (C:/Xilinx/Vitis_HLS/2022.2/common/technology/autopilot\ap_fixed_base.h:401:80)
INFO: [HLS 214-131] Inlining function 'ap_fixed_base<57, -1, false, (ap_q_mode)5, (ap_o_mode)3, 0>& ap_fixed_base<57, -1, false, (ap_q_mode)5, (ap_o_mode)3, 0>::operator=<50, -2, false, (ap_q_mode)5, (ap_o_mode)3, 0>(ap_fixed_base<50, -2, false, (ap_q_mode)5, (ap_o_mode)3, 0> const&)' into 'ap_fixed_base<57, -1, false, (ap_q_mode)5, (ap_o_mode)3, 0>::ap_fixed_base<50, -2, false, (ap_q_mode)5, (ap_o_mode)3, 0>(ap_fixed_base<50, -2, false, (ap_q_mode)5, (ap_o_mode)3, 0> const&)' (C:/Xilinx/Vitis_HLS/2022.2/common/technology/autopilot\ap_fixed_base.h:403:5)
INFO: [HLS 214-131] Inlining function 'ap_fixed_base<57, -1, false, (ap_q_mode)5, (ap_o_mode)3, 0>::ap_fixed_base(int)' into 'ap_fixed_base<46, -12, false, (ap_q_mode)5, (ap_o_mode)3, 0>::RType<50, -2, false>::plus ap_fixed_base<46, -12, false, (ap_q_mode)5, (ap_o_mode)3, 0>::operator+<50, -2, false, (ap_q_mode)5, (ap_o_mode)3, 0>(ap_fixed_base<50, -2, false, (ap_q_mode)5, (ap_o_mode)3, 0> const&) const' (C:/Xilinx/Vitis_HLS/2022.2/common/technology/autopilot\ap_fixed_base.h:1347:325)
INFO: [HLS 214-131] Inlining function 'ap_fixed_base<57, -1, false, (ap_q_mode)5, (ap_o_mode)3, 0>::ap_fixed_base<50, -2, false, (ap_q_mode)5, (ap_o_mode)3, 0>(ap_fixed_base<50, -2, false, (ap_q_mode)5, (ap_o_mode)3, 0> const&)' into 'ap_fixed_base<46, -12, false, (ap_q_mode)5, (ap_o_mode)3, 0>::RType<50, -2, false>::plus ap_fixed_base<46, -12, false, (ap_q_mode)5, (ap_o_mode)3, 0>::operator+<50, -2, false, (ap_q_mode)5, (ap_o_mode)3, 0>(ap_fixed_base<50, -2, false, (ap_q_mode)5, (ap_o_mode)3, 0> const&) const' (C:/Xilinx/Vitis_HLS/2022.2/common/technology/autopilot\ap_fixed_base.h:1347:345)
INFO: [HLS 214-131] Inlining function 'ap_fixed_base<57, -1, false, (ap_q_mode)5, (ap_o_mode)3, 0>::ap_fixed_base<46, -12, false, (ap_q_mode)5, (ap_o_mode)3, 0>(ap_fixed_base<46, -12, false, (ap_q_mode)5, (ap_o_mode)3, 0> const&)' into 'ap_fixed_base<46, -12, false, (ap_q_mode)5, (ap_o_mode)3, 0>::RType<50, -2, false>::plus ap_fixed_base<46, -12, false, (ap_q_mode)5, (ap_o_mode)3, 0>::operator+<50, -2, false, (ap_q_mode)5, (ap_o_mode)3, 0>(ap_fixed_base<50, -2, false, (ap_q_mode)5, (ap_o_mode)3, 0> const&) const' (C:/Xilinx/Vitis_HLS/2022.2/common/technology/autopilot\ap_fixed_base.h:1347:333)
INFO: [HLS 214-131] Inlining function 'ap_fixed_base<32, 32, true, (ap_q_mode)5, (ap_o_mode)3, 0>::operator!() const' into 'ap_fixed_base<58, 0, false, (ap_q_mode)5, (ap_o_mode)3, 0>& ap_fixed_base<58, 0, false, (ap_q_mode)5, (ap_o_mode)3, 0>::operator=<32, 32, true, (ap_q_mode)5, (ap_o_mode)3, 0>(ap_fixed_base<32, 32, true, (ap_q_mode)5, (ap_o_mode)3, 0> const&)' (C:/Xilinx/Vitis_HLS/2022.2/common/technology/autopilot\ap_fixed_base.h:808:9)
INFO: [HLS 214-131] Inlining function 'ap_fixed_base<58, 0, false, (ap_q_mode)5, (ap_o_mode)3, 0>& ap_fixed_base<58, 0, false, (ap_q_mode)5, (ap_o_mode)3, 0>::operator=<32, 32, true, (ap_q_mode)5, (ap_o_mode)3, 0>(ap_fixed_base<32, 32, true, (ap_q_mode)5, (ap_o_mode)3, 0> const&)' into 'ap_fixed_base<58, 0, false, (ap_q_mode)5, (ap_o_mode)3, 0>::ap_fixed_base(int)' (C:/Xilinx/Vitis_HLS/2022.2/common/technology/autopilot\ap_fixed_base.h:530:146)
INFO: [HLS 214-131] Inlining function 'ap_fixed_base<57, -1, false, (ap_q_mode)5, (ap_o_mode)3, 0>::operator!() const' into 'ap_fixed_base<58, 0, false, (ap_q_mode)5, (ap_o_mode)3, 0>& ap_fixed_base<58, 0, false, (ap_q_mode)5, (ap_o_mode)3, 0>::operator=<57, -1, false, (ap_q_mode)5, (ap_o_mode)3, 0>(ap_fixed_base<57, -1, false, (ap_q_mode)5, (ap_o_mode)3, 0> const&)' (C:/Xilinx/Vitis_HLS/2022.2/common/technology/autopilot\ap_fixed_base.h:808:9)
INFO: [HLS 214-131] Inlining function '_ZN8ssdm_intILi58ELb0EEC2EDq58_j' into 'ap_fixed_base<58, 0, false, (ap_q_mode)5, (ap_o_mode)3, 0>::ap_fixed_base<57, -1, false, (ap_q_mode)5, (ap_o_mode)3, 0>(ap_fixed_base<57, -1, false, (ap_q_mode)5, (ap_o_mode)3, 0> const&)' (C:/Xilinx/Vitis_HLS/2022.2/common/technology/autopilot\ap_fixed_base.h:401:80)
INFO: [HLS 214-131] Inlining function 'ap_fixed_base<58, 0, false, (ap_q_mode)5, (ap_o_mode)3, 0>& ap_fixed_base<58, 0, false, (ap_q_mode)5, (ap_o_mode)3, 0>::operator=<57, -1, false, (ap_q_mode)5, (ap_o_mode)3, 0>(ap_fixed_base<57, -1, false, (ap_q_mode)5, (ap_o_mode)3, 0> const&)' into 'ap_fixed_base<58, 0, false, (ap_q_mode)5, (ap_o_mode)3, 0>::ap_fixed_base<57, -1, false, (ap_q_mode)5, (ap_o_mode)3, 0>(ap_fixed_base<57, -1, false, (ap_q_mode)5, (ap_o_mode)3, 0> const&)' (C:/Xilinx/Vitis_HLS/2022.2/common/technology/autopilot\ap_fixed_base.h:403:5)
INFO: [HLS 214-131] Inlining function 'ap_fixed_base<48, -10, false, (ap_q_mode)5, (ap_o_mode)3, 0>::operator!() const' into 'ap_fixed_base<58, 0, false, (ap_q_mode)5, (ap_o_mode)3, 0>& ap_fixed_base<58, 0, false, (ap_q_mode)5, (ap_o_mode)3, 0>::operator=<48, -10, false, (ap_q_mode)5, (ap_o_mode)3, 0>(ap_fixed_base<48, -10, false, (ap_q_mode)5, (ap_o_mode)3, 0> const&)' (C:/Xilinx/Vitis_HLS/2022.2/common/technology/autopilot\ap_fixed_base.h:808:9)
INFO: [HLS 214-131] Inlining function '_ZN8ssdm_intILi58ELb0EEC2EDq58_j' into 'ap_fixed_base<58, 0, false, (ap_q_mode)5, (ap_o_mode)3, 0>::ap_fixed_base<48, -10, false, (ap_q_mode)5, (ap_o_mode)3, 0>(ap_fixed_base<48, -10, false, (ap_q_mode)5, (ap_o_mode)3, 0> const&)' (C:/Xilinx/Vitis_HLS/2022.2/common/technology/autopilot\ap_fixed_base.h:401:80)
INFO: [HLS 214-131] Inlining function 'ap_fixed_base<58, 0, false, (ap_q_mode)5, (ap_o_mode)3, 0>& ap_fixed_base<58, 0, false, (ap_q_mode)5, (ap_o_mode)3, 0>::operator=<48, -10, false, (ap_q_mode)5, (ap_o_mode)3, 0>(ap_fixed_base<48, -10, false, (ap_q_mode)5, (ap_o_mode)3, 0> const&)' into 'ap_fixed_base<58, 0, false, (ap_q_mode)5, (ap_o_mode)3, 0>::ap_fixed_base<48, -10, false, (ap_q_mode)5, (ap_o_mode)3, 0>(ap_fixed_base<48, -10, false, (ap_q_mode)5, (ap_o_mode)3, 0> const&)' (C:/Xilinx/Vitis_HLS/2022.2/common/technology/autopilot\ap_fixed_base.h:403:5)
INFO: [HLS 214-131] Inlining function 'ap_fixed_base<58, 0, false, (ap_q_mode)5, (ap_o_mode)3, 0>::ap_fixed_base(int)' into 'ap_fixed_base<57, -1, false, (ap_q_mode)5, (ap_o_mode)3, 0>::RType<48, -10, false>::plus ap_fixed_base<57, -1, false, (ap_q_mode)5, (ap_o_mode)3, 0>::operator+<48, -10, false, (ap_q_mode)5, (ap_o_mode)3, 0>(ap_fixed_base<48, -10, false, (ap_q_mode)5, (ap_o_mode)3, 0> const&) const' (C:/Xilinx/Vitis_HLS/2022.2/common/technology/autopilot\ap_fixed_base.h:1347:325)
INFO: [HLS 214-131] Inlining function 'ap_fixed_base<58, 0, false, (ap_q_mode)5, (ap_o_mode)3, 0>::ap_fixed_base<48, -10, false, (ap_q_mode)5, (ap_o_mode)3, 0>(ap_fixed_base<48, -10, false, (ap_q_mode)5, (ap_o_mode)3, 0> const&)' into 'ap_fixed_base<57, -1, false, (ap_q_mode)5, (ap_o_mode)3, 0>::RType<48, -10, false>::plus ap_fixed_base<57, -1, false, (ap_q_mode)5, (ap_o_mode)3, 0>::operator+<48, -10, false, (ap_q_mode)5, (ap_o_mode)3, 0>(ap_fixed_base<48, -10, false, (ap_q_mode)5, (ap_o_mode)3, 0> const&) const' (C:/Xilinx/Vitis_HLS/2022.2/common/technology/autopilot\ap_fixed_base.h:1347:345)
INFO: [HLS 214-131] Inlining function 'ap_fixed_base<58, 0, false, (ap_q_mode)5, (ap_o_mode)3, 0>::ap_fixed_base<57, -1, false, (ap_q_mode)5, (ap_o_mode)3, 0>(ap_fixed_base<57, -1, false, (ap_q_mode)5, (ap_o_mode)3, 0> const&)' into 'ap_fixed_base<57, -1, false, (ap_q_mode)5, (ap_o_mode)3, 0>::RType<48, -10, false>::plus ap_fixed_base<57, -1, false, (ap_q_mode)5, (ap_o_mode)3, 0>::operator+<48, -10, false, (ap_q_mode)5, (ap_o_mode)3, 0>(ap_fixed_base<48, -10, false, (ap_q_mode)5, (ap_o_mode)3, 0> const&) const' (C:/Xilinx/Vitis_HLS/2022.2/common/technology/autopilot\ap_fixed_base.h:1347:333)
INFO: [HLS 214-131] Inlining function 'ap_fixed_base<58, 0, false, (ap_q_mode)5, (ap_o_mode)3, 0>::operator!() const' into 'ap_fixed_base<50, -2, false, (ap_q_mode)5, (ap_o_mode)3, 0>& ap_fixed_base<50, -2, false, (ap_q_mode)5, (ap_o_mode)3, 0>::operator=<58, 0, false, (ap_q_mode)5, (ap_o_mode)3, 0>(ap_fixed_base<58, 0, false, (ap_q_mode)5, (ap_o_mode)3, 0> const&)' (C:/Xilinx/Vitis_HLS/2022.2/common/technology/autopilot\ap_fixed_base.h:808:9)
INFO: [HLS 214-131] Inlining function '_ZN8ssdm_intILi50ELb0EEC2EDq50_j' into 'ap_fixed_base<50, -2, false, (ap_q_mode)5, (ap_o_mode)3, 0>::ap_fixed_base<58, 0, false, (ap_q_mode)5, (ap_o_mode)3, 0>(ap_fixed_base<58, 0, false, (ap_q_mode)5, (ap_o_mode)3, 0> const&)' (C:/Xilinx/Vitis_HLS/2022.2/common/technology/autopilot\ap_fixed_base.h:401:80)
INFO: [HLS 214-131] Inlining function 'ap_fixed_base<50, -2, false, (ap_q_mode)5, (ap_o_mode)3, 0>& ap_fixed_base<50, -2, false, (ap_q_mode)5, (ap_o_mode)3, 0>::operator=<58, 0, false, (ap_q_mode)5, (ap_o_mode)3, 0>(ap_fixed_base<58, 0, false, (ap_q_mode)5, (ap_o_mode)3, 0> const&)' into 'ap_fixed_base<50, -2, false, (ap_q_mode)5, (ap_o_mode)3, 0>::ap_fixed_base<58, 0, false, (ap_q_mode)5, (ap_o_mode)3, 0>(ap_fixed_base<58, 0, false, (ap_q_mode)5, (ap_o_mode)3, 0> const&)' (C:/Xilinx/Vitis_HLS/2022.2/common/technology/autopilot\ap_fixed_base.h:403:5)
INFO: [HLS 214-131] Inlining function 'ap_fixed_base<50, -2, false, (ap_q_mode)5, (ap_o_mode)3, 0>::ap_fixed_base<58, 0, false, (ap_q_mode)5, (ap_o_mode)3, 0>(ap_fixed_base<58, 0, false, (ap_q_mode)5, (ap_o_mode)3, 0> const&)' into 'ap_ufixed<50, -2, (ap_q_mode)5, (ap_o_mode)3, 0>::ap_ufixed<58, 0, false, (ap_q_mode)5, (ap_o_mode)3, 0>(ap_fixed_base<58, 0, false, (ap_q_mode)5, (ap_o_mode)3, 0> const&)'
INFO: [HLS 214-131] Inlining function 'ap_fixed_base<50, 23, false, (ap_q_mode)5, (ap_o_mode)3, 0>::ap_fixed_base(char const*)' into 'ap_ufixed<50, 23, (ap_q_mode)5, (ap_o_mode)3, 0>::ap_ufixed(char const*)'
INFO: [HLS 214-131] Inlining function 'ap_fixed_base<32, 32, true, (ap_q_mode)5, (ap_o_mode)3, 0>::operator!() const' into 'ap_fixed_base<100, 21, false, (ap_q_mode)5, (ap_o_mode)3, 0>& ap_fixed_base<100, 21, false, (ap_q_mode)5, (ap_o_mode)3, 0>::operator=<32, 32, true, (ap_q_mode)5, (ap_o_mode)3, 0>(ap_fixed_base<32, 32, true, (ap_q_mode)5, (ap_o_mode)3, 0> const&)' (C:/Xilinx/Vitis_HLS/2022.2/common/technology/autopilot\ap_fixed_base.h:808:9)
INFO: [HLS 214-131] Inlining function 'ap_fixed_base<100, 21, false, (ap_q_mode)5, (ap_o_mode)3, 0>& ap_fixed_base<100, 21, false, (ap_q_mode)5, (ap_o_mode)3, 0>::operator=<32, 32, true, (ap_q_mode)5, (ap_o_mode)3, 0>(ap_fixed_base<32, 32, true, (ap_q_mode)5, (ap_o_mode)3, 0> const&)' into 'ap_fixed_base<100, 21, false, (ap_q_mode)5, (ap_o_mode)3, 0>::ap_fixed_base(int)' (C:/Xilinx/Vitis_HLS/2022.2/common/technology/autopilot\ap_fixed_base.h:530:146)
INFO: [HLS 214-131] Inlining function 'ap_fixed_base<100, 21, false, (ap_q_mode)5, (ap_o_mode)3, 0>::ap_fixed_base(int)' into 'ap_fixed_base<50, 23, false, (ap_q_mode)5, (ap_o_mode)3, 0>::RType<50, -2, false>::mult ap_fixed_base<50, 23, false, (ap_q_mode)5, (ap_o_mode)3, 0>::operator*<50, -2, false, (ap_q_mode)5, (ap_o_mode)3, 0>(ap_fixed_base<50, -2, false, (ap_q_mode)5, (ap_o_mode)3, 0> const&) const' (C:/Xilinx/Vitis_HLS/2022.2/common/technology/autopilot\ap_fixed_base.h:1270:55)
INFO: [HLS 214-131] Inlining function 'ap_fixed_base<100, 21, false, (ap_q_mode)5, (ap_o_mode)3, 0>::ap_fixed_base(int)' into 'ap_fixed_base<50, 23, false, (ap_q_mode)5, (ap_o_mode)3, 0>::RType<50, -2, false>::mult ap_fixed_base<50, 23, false, (ap_q_mode)5, (ap_o_mode)3, 0>::operator*<50, -2, false, (ap_q_mode)5, (ap_o_mode)3, 0>(ap_fixed_base<50, -2, false, (ap_q_mode)5, (ap_o_mode)3, 0> const&) const' (C:/Xilinx/Vitis_HLS/2022.2/common/technology/autopilot\ap_fixed_base.h:1270:61)
INFO: [HLS 214-131] Inlining function 'ap_fixed_base<100, 21, false, (ap_q_mode)5, (ap_o_mode)3, 0>::operator!() const' into 'ap_fixed_base<48, 21, false, (ap_q_mode)5, (ap_o_mode)3, 0>& ap_fixed_base<48, 21, false, (ap_q_mode)5, (ap_o_mode)3, 0>::operator=<100, 21, false, (ap_q_mode)5, (ap_o_mode)3, 0>(ap_fixed_base<100, 21, false, (ap_q_mode)5, (ap_o_mode)3, 0> const&)' (C:/Xilinx/Vitis_HLS/2022.2/common/technology/autopilot\ap_fixed_base.h:808:9)
INFO: [HLS 214-131] Inlining function '_ZN8ssdm_intILi48ELb0EEC2EDq48_j' into 'ap_fixed_base<48, 21, false, (ap_q_mode)5, (ap_o_mode)3, 0>::ap_fixed_base<100, 21, false, (ap_q_mode)5, (ap_o_mode)3, 0>(ap_fixed_base<100, 21, false, (ap_q_mode)5, (ap_o_mode)3, 0> const&)' (C:/Xilinx/Vitis_HLS/2022.2/common/technology/autopilot\ap_fixed_base.h:401:80)
INFO: [HLS 214-131] Inlining function 'ap_fixed_base<48, 21, false, (ap_q_mode)5, (ap_o_mode)3, 0>& ap_fixed_base<48, 21, false, (ap_q_mode)5, (ap_o_mode)3, 0>::operator=<100, 21, false, (ap_q_mode)5, (ap_o_mode)3, 0>(ap_fixed_base<100, 21, false, (ap_q_mode)5, (ap_o_mode)3, 0> const&)' into 'ap_fixed_base<48, 21, false, (ap_q_mode)5, (ap_o_mode)3, 0>::ap_fixed_base<100, 21, false, (ap_q_mode)5, (ap_o_mode)3, 0>(ap_fixed_base<100, 21, false, (ap_q_mode)5, (ap_o_mode)3, 0> const&)' (C:/Xilinx/Vitis_HLS/2022.2/common/technology/autopilot\ap_fixed_base.h:403:5)
INFO: [HLS 214-131] Inlining function 'ap_fixed_base<48, 21, false, (ap_q_mode)5, (ap_o_mode)3, 0>::ap_fixed_base<100, 21, false, (ap_q_mode)5, (ap_o_mode)3, 0>(ap_fixed_base<100, 21, false, (ap_q_mode)5, (ap_o_mode)3, 0> const&)' into 'ap_ufixed<48, 21, (ap_q_mode)5, (ap_o_mode)3, 0>::ap_ufixed<100, 21, false, (ap_q_mode)5, (ap_o_mode)3, 0>(ap_fixed_base<100, 21, false, (ap_q_mode)5, (ap_o_mode)3, 0> const&)'
INFO: [HLS 214-131] Inlining function 'ap_fixed_base<32, 32, true, (ap_q_mode)5, (ap_o_mode)3, 0>::operator!() const' into 'ap_fixed_base<51, 24, false, (ap_q_mode)5, (ap_o_mode)3, 0>& ap_fixed_base<51, 24, false, (ap_q_mode)5, (ap_o_mode)3, 0>::operator=<32, 32, true, (ap_q_mode)5, (ap_o_mode)3, 0>(ap_fixed_base<32, 32, true, (ap_q_mode)5, (ap_o_mode)3, 0> const&)' (C:/Xilinx/Vitis_HLS/2022.2/common/technology/autopilot\ap_fixed_base.h:808:9)
INFO: [HLS 214-131] Inlining function 'ap_fixed_base<51, 24, false, (ap_q_mode)5, (ap_o_mode)3, 0>& ap_fixed_base<51, 24, false, (ap_q_mode)5, (ap_o_mode)3, 0>::operator=<32, 32, true, (ap_q_mode)5, (ap_o_mode)3, 0>(ap_fixed_base<32, 32, true, (ap_q_mode)5, (ap_o_mode)3, 0> const&)' into 'ap_fixed_base<51, 24, false, (ap_q_mode)5, (ap_o_mode)3, 0>::ap_fixed_base(int)' (C:/Xilinx/Vitis_HLS/2022.2/common/technology/autopilot\ap_fixed_base.h:530:146)
INFO: [HLS 214-131] Inlining function 'ap_fixed_base<48, 21, false, (ap_q_mode)5, (ap_o_mode)3, 0>::operator!() const' into 'ap_fixed_base<51, 24, false, (ap_q_mode)5, (ap_o_mode)3, 0>& ap_fixed_base<51, 24, false, (ap_q_mode)5, (ap_o_mode)3, 0>::operator=<48, 21, false, (ap_q_mode)5, (ap_o_mode)3, 0>(ap_fixed_base<48, 21, false, (ap_q_mode)5, (ap_o_mode)3, 0> const&)' (C:/Xilinx/Vitis_HLS/2022.2/common/technology/autopilot\ap_fixed_base.h:808:9)
INFO: [HLS 214-131] Inlining function '_ZN8ssdm_intILi51ELb0EEC2EDq51_j' into 'ap_fixed_base<51, 24, false, (ap_q_mode)5, (ap_o_mode)3, 0>::ap_fixed_base<48, 21, false, (ap_q_mode)5, (ap_o_mode)3, 0>(ap_fixed_base<48, 21, false, (ap_q_mode)5, (ap_o_mode)3, 0> const&)' (C:/Xilinx/Vitis_HLS/2022.2/common/technology/autopilot\ap_fixed_base.h:401:80)
INFO: [HLS 214-131] Inlining function 'ap_fixed_base<51, 24, false, (ap_q_mode)5, (ap_o_mode)3, 0>& ap_fixed_base<51, 24, false, (ap_q_mode)5, (ap_o_mode)3, 0>::operator=<48, 21, false, (ap_q_mode)5, (ap_o_mode)3, 0>(ap_fixed_base<48, 21, false, (ap_q_mode)5, (ap_o_mode)3, 0> const&)' into 'ap_fixed_base<51, 24, false, (ap_q_mode)5, (ap_o_mode)3, 0>::ap_fixed_base<48, 21, false, (ap_q_mode)5, (ap_o_mode)3, 0>(ap_fixed_base<48, 21, false, (ap_q_mode)5, (ap_o_mode)3, 0> const&)' (C:/Xilinx/Vitis_HLS/2022.2/common/technology/autopilot\ap_fixed_base.h:403:5)
INFO: [HLS 214-131] Inlining function 'ap_fixed_base<50, 23, false, (ap_q_mode)5, (ap_o_mode)3, 0>::operator!() const' into 'ap_fixed_base<51, 24, false, (ap_q_mode)5, (ap_o_mode)3, 0>& ap_fixed_base<51, 24, false, (ap_q_mode)5, (ap_o_mode)3, 0>::operator=<50, 23, false, (ap_q_mode)5, (ap_o_mode)3, 0>(ap_fixed_base<50, 23, false, (ap_q_mode)5, (ap_o_mode)3, 0> const&)' (C:/Xilinx/Vitis_HLS/2022.2/common/technology/autopilot\ap_fixed_base.h:808:9)
INFO: [HLS 214-131] Inlining function '_ZN8ssdm_intILi51ELb0EEC2EDq51_j' into 'ap_fixed_base<51, 24, false, (ap_q_mode)5, (ap_o_mode)3, 0>::ap_fixed_base<50, 23, false, (ap_q_mode)5, (ap_o_mode)3, 0>(ap_fixed_base<50, 23, false, (ap_q_mode)5, (ap_o_mode)3, 0> const&)' (C:/Xilinx/Vitis_HLS/2022.2/common/technology/autopilot\ap_fixed_base.h:401:80)
INFO: [HLS 214-131] Inlining function 'ap_fixed_base<51, 24, false, (ap_q_mode)5, (ap_o_mode)3, 0>& ap_fixed_base<51, 24, false, (ap_q_mode)5, (ap_o_mode)3, 0>::operator=<50, 23, false, (ap_q_mode)5, (ap_o_mode)3, 0>(ap_fixed_base<50, 23, false, (ap_q_mode)5, (ap_o_mode)3, 0> const&)' into 'ap_fixed_base<51, 24, false, (ap_q_mode)5, (ap_o_mode)3, 0>::ap_fixed_base<50, 23, false, (ap_q_mode)5, (ap_o_mode)3, 0>(ap_fixed_base<50, 23, false, (ap_q_mode)5, (ap_o_mode)3, 0> const&)' (C:/Xilinx/Vitis_HLS/2022.2/common/technology/autopilot\ap_fixed_base.h:403:5)
INFO: [HLS 214-131] Inlining function 'ap_fixed_base<51, 24, false, (ap_q_mode)5, (ap_o_mode)3, 0>::ap_fixed_base(int)' into 'ap_fixed_base<48, 21, false, (ap_q_mode)5, (ap_o_mode)3, 0>::RType<50, 23, false>::plus ap_fixed_base<48, 21, false, (ap_q_mode)5, (ap_o_mode)3, 0>::operator+<50, 23, false, (ap_q_mode)5, (ap_o_mode)3, 0>(ap_fixed_base<50, 23, false, (ap_q_mode)5, (ap_o_mode)3, 0> const&) const' (C:/Xilinx/Vitis_HLS/2022.2/common/technology/autopilot\ap_fixed_base.h:1347:325)
INFO: [HLS 214-131] Inlining function 'ap_fixed_base<51, 24, false, (ap_q_mode)5, (ap_o_mode)3, 0>::ap_fixed_base<50, 23, false, (ap_q_mode)5, (ap_o_mode)3, 0>(ap_fixed_base<50, 23, false, (ap_q_mode)5, (ap_o_mode)3, 0> const&)' into 'ap_fixed_base<48, 21, false, (ap_q_mode)5, (ap_o_mode)3, 0>::RType<50, 23, false>::plus ap_fixed_base<48, 21, false, (ap_q_mode)5, (ap_o_mode)3, 0>::operator+<50, 23, false, (ap_q_mode)5, (ap_o_mode)3, 0>(ap_fixed_base<50, 23, false, (ap_q_mode)5, (ap_o_mode)3, 0> const&) const' (C:/Xilinx/Vitis_HLS/2022.2/common/technology/autopilot\ap_fixed_base.h:1347:345)
INFO: [HLS 214-131] Inlining function 'ap_fixed_base<51, 24, false, (ap_q_mode)5, (ap_o_mode)3, 0>::ap_fixed_base<48, 21, false, (ap_q_mode)5, (ap_o_mode)3, 0>(ap_fixed_base<48, 21, false, (ap_q_mode)5, (ap_o_mode)3, 0> const&)' into 'ap_fixed_base<48, 21, false, (ap_q_mode)5, (ap_o_mode)3, 0>::RType<50, 23, false>::plus ap_fixed_base<48, 21, false, (ap_q_mode)5, (ap_o_mode)3, 0>::operator+<50, 23, false, (ap_q_mode)5, (ap_o_mode)3, 0>(ap_fixed_base<50, 23, false, (ap_q_mode)5, (ap_o_mode)3, 0> const&) const' (C:/Xilinx/Vitis_HLS/2022.2/common/technology/autopilot\ap_fixed_base.h:1347:333)
INFO: [HLS 214-131] Inlining function 'ap_fixed_base<51, 24, false, (ap_q_mode)5, (ap_o_mode)3, 0>::operator!() const' into 'ap_fixed_base<50, 23, false, (ap_q_mode)5, (ap_o_mode)3, 0>& ap_fixed_base<50, 23, false, (ap_q_mode)5, (ap_o_mode)3, 0>::operator=<51, 24, false, (ap_q_mode)5, (ap_o_mode)3, 0>(ap_fixed_base<51, 24, false, (ap_q_mode)5, (ap_o_mode)3, 0> const&)' (C:/Xilinx/Vitis_HLS/2022.2/common/technology/autopilot\ap_fixed_base.h:808:9)
INFO: [HLS 214-131] Inlining function '_ZN8ssdm_intILi50ELb0EEC2EDq50_j' into 'ap_fixed_base<50, 23, false, (ap_q_mode)5, (ap_o_mode)3, 0>::ap_fixed_base<51, 24, false, (ap_q_mode)5, (ap_o_mode)3, 0>(ap_fixed_base<51, 24, false, (ap_q_mode)5, (ap_o_mode)3, 0> const&)' (C:/Xilinx/Vitis_HLS/2022.2/common/technology/autopilot\ap_fixed_base.h:401:80)
INFO: [HLS 214-131] Inlining function 'ap_fixed_base<50, 23, false, (ap_q_mode)5, (ap_o_mode)3, 0>& ap_fixed_base<50, 23, false, (ap_q_mode)5, (ap_o_mode)3, 0>::operator=<51, 24, false, (ap_q_mode)5, (ap_o_mode)3, 0>(ap_fixed_base<51, 24, false, (ap_q_mode)5, (ap_o_mode)3, 0> const&)' into 'ap_fixed_base<50, 23, false, (ap_q_mode)5, (ap_o_mode)3, 0>::ap_fixed_base<51, 24, false, (ap_q_mode)5, (ap_o_mode)3, 0>(ap_fixed_base<51, 24, false, (ap_q_mode)5, (ap_o_mode)3, 0> const&)' (C:/Xilinx/Vitis_HLS/2022.2/common/technology/autopilot\ap_fixed_base.h:403:5)
INFO: [HLS 214-131] Inlining function 'ap_fixed_base<50, 23, false, (ap_q_mode)5, (ap_o_mode)3, 0>::ap_fixed_base<51, 24, false, (ap_q_mode)5, (ap_o_mode)3, 0>(ap_fixed_base<51, 24, false, (ap_q_mode)5, (ap_o_mode)3, 0> const&)' into 'ap_ufixed<50, 23, (ap_q_mode)5, (ap_o_mode)3, 0>::ap_ufixed<51, 24, false, (ap_q_mode)5, (ap_o_mode)3, 0>(ap_fixed_base<51, 24, false, (ap_q_mode)5, (ap_o_mode)3, 0> const&)'
INFO: [HLS 214-131] Inlining function 'ap_fixed_base<50, 23, false, (ap_q_mode)5, (ap_o_mode)3, 0>::operator!() const' into 'ap_fixed_base<46, 23, false, (ap_q_mode)5, (ap_o_mode)3, 0>& ap_fixed_base<46, 23, false, (ap_q_mode)5, (ap_o_mode)3, 0>::operator=<50, 23, false, (ap_q_mode)5, (ap_o_mode)3, 0>(ap_fixed_base<50, 23, false, (ap_q_mode)5, (ap_o_mode)3, 0> const&)' (C:/Xilinx/Vitis_HLS/2022.2/common/technology/autopilot\ap_fixed_base.h:808:9)
INFO: [HLS 214-131] Inlining function '_ZN8ssdm_intILi46ELb0EEC2EDq46_j' into 'ap_fixed_base<46, 23, false, (ap_q_mode)5, (ap_o_mode)3, 0>::ap_fixed_base<50, 23, false, (ap_q_mode)5, (ap_o_mode)3, 0>(ap_fixed_base<50, 23, false, (ap_q_mode)5, (ap_o_mode)3, 0> const&)' (C:/Xilinx/Vitis_HLS/2022.2/common/technology/autopilot\ap_fixed_base.h:401:80)
INFO: [HLS 214-131] Inlining function 'ap_fixed_base<46, 23, false, (ap_q_mode)5, (ap_o_mode)3, 0>& ap_fixed_base<46, 23, false, (ap_q_mode)5, (ap_o_mode)3, 0>::operator=<50, 23, false, (ap_q_mode)5, (ap_o_mode)3, 0>(ap_fixed_base<50, 23, false, (ap_q_mode)5, (ap_o_mode)3, 0> const&)' into 'ap_fixed_base<46, 23, false, (ap_q_mode)5, (ap_o_mode)3, 0>::ap_fixed_base<50, 23, false, (ap_q_mode)5, (ap_o_mode)3, 0>(ap_fixed_base<50, 23, false, (ap_q_mode)5, (ap_o_mode)3, 0> const&)' (C:/Xilinx/Vitis_HLS/2022.2/common/technology/autopilot\ap_fixed_base.h:403:5)
INFO: [HLS 214-131] Inlining function 'ap_fixed_base<46, 23, false, (ap_q_mode)5, (ap_o_mode)3, 0>::ap_fixed_base<50, 23, false, (ap_q_mode)5, (ap_o_mode)3, 0>(ap_fixed_base<50, 23, false, (ap_q_mode)5, (ap_o_mode)3, 0> const&)' into 'ap_ufixed<46, 23, (ap_q_mode)5, (ap_o_mode)3, 0>::ap_ufixed<50, 23, false, (ap_q_mode)5, (ap_o_mode)3, 0>(ap_fixed_base<50, 23, false, (ap_q_mode)5, (ap_o_mode)3, 0> const&)'
INFO: [HLS 214-131] Inlining function 'ap_fixed_base<46, 23, false, (ap_q_mode)5, (ap_o_mode)3, 0>::operator!() const' into 'ap_fixed_base<33, 17, true, (ap_q_mode)5, (ap_o_mode)3, 0>& ap_fixed_base<33, 17, true, (ap_q_mode)5, (ap_o_mode)3, 0>::operator=<46, 23, false, (ap_q_mode)5, (ap_o_mode)3, 0>(ap_fixed_base<46, 23, false, (ap_q_mode)5, (ap_o_mode)3, 0> const&)' (C:/Xilinx/Vitis_HLS/2022.2/common/technology/autopilot\ap_fixed_base.h:808:9)
INFO: [HLS 214-131] Inlining function '_ZN8ssdm_intILi33ELb1EEC2EDq33_i' into 'ap_fixed_base<33, 17, true, (ap_q_mode)5, (ap_o_mode)3, 0>::ap_fixed_base<46, 23, false, (ap_q_mode)5, (ap_o_mode)3, 0>(ap_fixed_base<46, 23, false, (ap_q_mode)5, (ap_o_mode)3, 0> const&)' (C:/Xilinx/Vitis_HLS/2022.2/common/technology/autopilot\ap_fixed_base.h:401:80)
INFO: [HLS 214-131] Inlining function 'ap_fixed_base<33, 17, true, (ap_q_mode)5, (ap_o_mode)3, 0>& ap_fixed_base<33, 17, true, (ap_q_mode)5, (ap_o_mode)3, 0>::operator=<46, 23, false, (ap_q_mode)5, (ap_o_mode)3, 0>(ap_fixed_base<46, 23, false, (ap_q_mode)5, (ap_o_mode)3, 0> const&)' into 'ap_fixed_base<33, 17, true, (ap_q_mode)5, (ap_o_mode)3, 0>::ap_fixed_base<46, 23, false, (ap_q_mode)5, (ap_o_mode)3, 0>(ap_fixed_base<46, 23, false, (ap_q_mode)5, (ap_o_mode)3, 0> const&)' (C:/Xilinx/Vitis_HLS/2022.2/common/technology/autopilot\ap_fixed_base.h:403:5)
INFO: [HLS 214-131] Inlining function 'ap_fixed_base<33, 17, true, (ap_q_mode)5, (ap_o_mode)3, 0>::ap_fixed_base<46, 23, false, (ap_q_mode)5, (ap_o_mode)3, 0>(ap_fixed_base<46, 23, false, (ap_q_mode)5, (ap_o_mode)3, 0> const&)' into 'ap_fixed<33, 17, (ap_q_mode)5, (ap_o_mode)3, 0>::ap_fixed<46, 23, false, (ap_q_mode)5, (ap_o_mode)3, 0>(ap_fixed_base<46, 23, false, (ap_q_mode)5, (ap_o_mode)3, 0> const&)'
INFO: [HLS 214-131] Inlining function 'ap_fixed_base<32, 32, true, (ap_q_mode)5, (ap_o_mode)3, 0>::operator!() const' into 'ap_fixed_base<65, 33, true, (ap_q_mode)5, (ap_o_mode)3, 0>& ap_fixed_base<65, 33, true, (ap_q_mode)5, (ap_o_mode)3, 0>::operator=<32, 32, true, (ap_q_mode)5, (ap_o_mode)3, 0>(ap_fixed_base<32, 32, true, (ap_q_mode)5, (ap_o_mode)3, 0> const&)' (C:/Xilinx/Vitis_HLS/2022.2/common/technology/autopilot\ap_fixed_base.h:808:9)
INFO: [HLS 214-131] Inlining function 'ap_fixed_base<65, 33, true, (ap_q_mode)5, (ap_o_mode)3, 0>& ap_fixed_base<65, 33, true, (ap_q_mode)5, (ap_o_mode)3, 0>::operator=<32, 32, true, (ap_q_mode)5, (ap_o_mode)3, 0>(ap_fixed_base<32, 32, true, (ap_q_mode)5, (ap_o_mode)3, 0> const&)' into 'ap_fixed_base<65, 33, true, (ap_q_mode)5, (ap_o_mode)3, 0>::ap_fixed_base(int)' (C:/Xilinx/Vitis_HLS/2022.2/common/technology/autopilot\ap_fixed_base.h:530:146)
INFO: [HLS 214-131] Inlining function 'ap_fixed_base<65, 33, true, (ap_q_mode)5, (ap_o_mode)3, 0>::ap_fixed_base(int)' into 'ap_fixed<65, 33, (ap_q_mode)5, (ap_o_mode)3, 0>::ap_fixed(int)'
INFO: [HLS 214-131] Inlining function 'af_bit_ref<33, 17, true, (ap_q_mode)5, (ap_o_mode)3, 0>::af_bit_ref(ap_fixed_base<33, 17, true, (ap_q_mode)5, (ap_o_mode)3, 0>*, int)' into 'ap_fixed_base<33, 17, true, (ap_q_mode)5, (ap_o_mode)3, 0>::operator[](unsigned int)' (C:/Xilinx/Vitis_HLS/2022.2/common/technology/autopilot\ap_fixed_base.h:1671:12)
INFO: [HLS 214-131] Inlining function 'af_bit_ref<65, 33, true, (ap_q_mode)5, (ap_o_mode)3, 0>::af_bit_ref(ap_fixed_base<65, 33, true, (ap_q_mode)5, (ap_o_mode)3, 0>*, int)' into 'ap_fixed_base<65, 33, true, (ap_q_mode)5, (ap_o_mode)3, 0>::operator[](unsigned int)' (C:/Xilinx/Vitis_HLS/2022.2/common/technology/autopilot\ap_fixed_base.h:1671:12)
INFO: [HLS 214-131] Inlining function 'af_bit_ref<33, 17, true, (ap_q_mode)5, (ap_o_mode)3, 0>::operator bool() const' into 'af_bit_ref<65, 33, true, (ap_q_mode)5, (ap_o_mode)3, 0>& af_bit_ref<65, 33, true, (ap_q_mode)5, (ap_o_mode)3, 0>::operator=<33, 17, true, (ap_q_mode)5, (ap_o_mode)3, 0>(af_bit_ref<33, 17, true, (ap_q_mode)5, (ap_o_mode)3, 0> const&)' (C:/Xilinx/Vitis_HLS/2022.2/common/technology/autopilot\ap_fixed_ref.h:72:27)
INFO: [HLS 214-131] Inlining function 'af_bit_ref<65, 33, true, (ap_q_mode)5, (ap_o_mode)3, 0>::operator=(bool)' into 'af_bit_ref<65, 33, true, (ap_q_mode)5, (ap_o_mode)3, 0>& af_bit_ref<65, 33, true, (ap_q_mode)5, (ap_o_mode)3, 0>::operator=<33, 17, true, (ap_q_mode)5, (ap_o_mode)3, 0>(af_bit_ref<33, 17, true, (ap_q_mode)5, (ap_o_mode)3, 0> const&)' (C:/Xilinx/Vitis_HLS/2022.2/common/technology/autopilot\ap_fixed_ref.h:72:12)
INFO: [HLS 214-131] Inlining function 'ap_fixed_base<32, 32, true, (ap_q_mode)5, (ap_o_mode)3, 0>::operator!() const' into 'ap_fixed_base<64, 32, false, (ap_q_mode)5, (ap_o_mode)3, 0>& ap_fixed_base<64, 32, false, (ap_q_mode)5, (ap_o_mode)3, 0>::operator=<32, 32, true, (ap_q_mode)5, (ap_o_mode)3, 0>(ap_fixed_base<32, 32, true, (ap_q_mode)5, (ap_o_mode)3, 0> const&)' (C:/Xilinx/Vitis_HLS/2022.2/common/technology/autopilot\ap_fixed_base.h:808:9)
INFO: [HLS 214-131] Inlining function 'ap_fixed_base<64, 32, false, (ap_q_mode)5, (ap_o_mode)3, 0>& ap_fixed_base<64, 32, false, (ap_q_mode)5, (ap_o_mode)3, 0>::operator=<32, 32, true, (ap_q_mode)5, (ap_o_mode)3, 0>(ap_fixed_base<32, 32, true, (ap_q_mode)5, (ap_o_mode)3, 0> const&)' into 'ap_fixed_base<64, 32, false, (ap_q_mode)5, (ap_o_mode)3, 0>::ap_fixed_base(int)' (C:/Xilinx/Vitis_HLS/2022.2/common/technology/autopilot\ap_fixed_base.h:530:146)
INFO: [HLS 214-131] Inlining function 'ap_fixed_base<64, 32, false, (ap_q_mode)5, (ap_o_mode)3, 0>::ap_fixed_base(int)' into 'ap_ufixed<64, 32, (ap_q_mode)5, (ap_o_mode)3, 0>::ap_ufixed(int)'
INFO: [HLS 214-131] Inlining function 'af_range_ref<65, 33, true, (ap_q_mode)5, (ap_o_mode)3, 0>::af_range_ref(ap_fixed_base<65, 33, true, (ap_q_mode)5, (ap_o_mode)3, 0>*, int, int)' into 'ap_fixed_base<65, 33, true, (ap_q_mode)5, (ap_o_mode)3, 0>::range(int, int)' (C:/Xilinx/Vitis_HLS/2022.2/common/technology/autopilot\ap_fixed_base.h:1746:12)
INFO: [HLS 214-131] Inlining function 'ap_fixed_base<65, 33, true, (ap_q_mode)5, (ap_o_mode)3, 0>::range(int, int)' into 'ap_fixed_base<65, 33, true, (ap_q_mode)5, (ap_o_mode)3, 0>::operator()(int, int)' (C:/Xilinx/Vitis_HLS/2022.2/common/technology/autopilot\ap_fixed_base.h:1785:18)
INFO: [HLS 214-131] Inlining function 'af_range_ref<6, 6, true, (ap_q_mode)5, (ap_o_mode)3, 0>::af_range_ref(ap_fixed_base<6, 6, true, (ap_q_mode)5, (ap_o_mode)3, 0>*, int, int)' into 'ap_fixed_base<6, 6, true, (ap_q_mode)5, (ap_o_mode)3, 0>::range(int, int)' (C:/Xilinx/Vitis_HLS/2022.2/common/technology/autopilot\ap_fixed_base.h:1746:12)
INFO: [HLS 214-131] Inlining function 'ap_fixed_base<6, 6, true, (ap_q_mode)5, (ap_o_mode)3, 0>::range(int, int)' into 'ap_fixed_base<6, 6, true, (ap_q_mode)5, (ap_o_mode)3, 0>::operator()(int, int)' (C:/Xilinx/Vitis_HLS/2022.2/common/technology/autopilot\ap_fixed_base.h:1785:18)
INFO: [HLS 214-131] Inlining function 'af_range_ref<65, 33, true, (ap_q_mode)5, (ap_o_mode)3, 0>::get() const' into 'ap_int_base<65, false>::ap_int_base<65, 33, true, (ap_q_mode)5, (ap_o_mode)3, 0>(af_range_ref<65, 33, true, (ap_q_mode)5, (ap_o_mode)3, 0> const&)' (C:/Xilinx/Vitis_HLS/2022.2/common/technology/autopilot\ap_int_base.h:403:20)
INFO: [HLS 214-131] Inlining function 'ap_int_base<65, false>::ap_int_base<65, 33, true, (ap_q_mode)5, (ap_o_mode)3, 0>(af_range_ref<65, 33, true, (ap_q_mode)5, (ap_o_mode)3, 0> const&)' into 'af_range_ref<6, 6, true, (ap_q_mode)5, (ap_o_mode)3, 0>& af_range_ref<6, 6, true, (ap_q_mode)5, (ap_o_mode)3, 0>::operator=<65, 33, true, (ap_q_mode)5, (ap_o_mode)3, 0>(af_range_ref<65, 33, true, (ap_q_mode)5, (ap_o_mode)3, 0> const&)' (C:/Xilinx/Vitis_HLS/2022.2/common/technology/autopilot\ap_fixed_ref.h:335:32)
INFO: [HLS 214-131] Inlining function 'af_range_ref<6, 6, true, (ap_q_mode)5, (ap_o_mode)3, 0>& af_range_ref<6, 6, true, (ap_q_mode)5, (ap_o_mode)3, 0>::operator=<65, false>(ap_int_base<65, false> const&)' into 'af_range_ref<6, 6, true, (ap_q_mode)5, (ap_o_mode)3, 0>& af_range_ref<6, 6, true, (ap_q_mode)5, (ap_o_mode)3, 0>::operator=<65, 33, true, (ap_q_mode)5, (ap_o_mode)3, 0>(af_range_ref<65, 33, true, (ap_q_mode)5, (ap_o_mode)3, 0> const&)' (C:/Xilinx/Vitis_HLS/2022.2/common/technology/autopilot\ap_fixed_ref.h:336:12)
INFO: [HLS 214-131] Inlining function 'af_range_ref<32, 0, false, (ap_q_mode)5, (ap_o_mode)3, 0>::af_range_ref(ap_fixed_base<32, 0, false, (ap_q_mode)5, (ap_o_mode)3, 0>*, int, int)' into 'ap_fixed_base<32, 0, false, (ap_q_mode)5, (ap_o_mode)3, 0>::range(int, int)' (C:/Xilinx/Vitis_HLS/2022.2/common/technology/autopilot\ap_fixed_base.h:1746:12)
INFO: [HLS 214-131] Inlining function 'ap_fixed_base<32, 0, false, (ap_q_mode)5, (ap_o_mode)3, 0>::range(int, int)' into 'ap_fixed_base<32, 0, false, (ap_q_mode)5, (ap_o_mode)3, 0>::operator()(int, int)' (C:/Xilinx/Vitis_HLS/2022.2/common/technology/autopilot\ap_fixed_base.h:1785:18)
INFO: [HLS 214-131] Inlining function 'ap_int_base<65, false>::ap_int_base<65, 33, true, (ap_q_mode)5, (ap_o_mode)3, 0>(af_range_ref<65, 33, true, (ap_q_mode)5, (ap_o_mode)3, 0> const&)' into 'af_range_ref<32, 0, false, (ap_q_mode)5, (ap_o_mode)3, 0>& af_range_ref<32, 0, false, (ap_q_mode)5, (ap_o_mode)3, 0>::operator=<65, 33, true, (ap_q_mode)5, (ap_o_mode)3, 0>(af_range_ref<65, 33, true, (ap_q_mode)5, (ap_o_mode)3, 0> const&)' (C:/Xilinx/Vitis_HLS/2022.2/common/technology/autopilot\ap_fixed_ref.h:335:32)
INFO: [HLS 214-131] Inlining function 'af_range_ref<32, 0, false, (ap_q_mode)5, (ap_o_mode)3, 0>& af_range_ref<32, 0, false, (ap_q_mode)5, (ap_o_mode)3, 0>::operator=<65, false>(ap_int_base<65, false> const&)' into 'af_range_ref<32, 0, false, (ap_q_mode)5, (ap_o_mode)3, 0>& af_range_ref<32, 0, false, (ap_q_mode)5, (ap_o_mode)3, 0>::operator=<65, 33, true, (ap_q_mode)5, (ap_o_mode)3, 0>(af_range_ref<65, 33, true, (ap_q_mode)5, (ap_o_mode)3, 0> const&)' (C:/Xilinx/Vitis_HLS/2022.2/common/technology/autopilot\ap_fixed_ref.h:336:12)
INFO: [HLS 214-131] Inlining function 'af_bit_ref<65, 33, true, (ap_q_mode)5, (ap_o_mode)3, 0>::get() const' into 'bool af_bit_ref<65, 33, true, (ap_q_mode)5, (ap_o_mode)3, 0>::operator!=<65, 33, true, (ap_q_mode)5, (ap_o_mode)3, 0>(af_bit_ref<65, 33, true, (ap_q_mode)5, (ap_o_mode)3, 0> const&)' (C:/Xilinx/Vitis_HLS/2022.2/common/technology/autopilot\ap_fixed_ref.h:176:12)
INFO: [HLS 214-131] Inlining function 'af_bit_ref<65, 33, true, (ap_q_mode)5, (ap_o_mode)3, 0>::get() const' into 'bool af_bit_ref<65, 33, true, (ap_q_mode)5, (ap_o_mode)3, 0>::operator!=<65, 33, true, (ap_q_mode)5, (ap_o_mode)3, 0>(af_bit_ref<65, 33, true, (ap_q_mode)5, (ap_o_mode)3, 0> const&)' (C:/Xilinx/Vitis_HLS/2022.2/common/technology/autopilot\ap_fixed_ref.h:176:24)
INFO: [HLS 214-131] Inlining function 'ap_fixed_base<32, 32, true, (ap_q_mode)5, (ap_o_mode)3, 0>::ap_fixed_base(int)' into 'bool operator><6, 6, true, (ap_q_mode)5, (ap_o_mode)3, 0>(ap_fixed_base<6, 6, true, (ap_q_mode)5, (ap_o_mode)3, 0> const&, int)' (C:/Xilinx/Vitis_HLS/2022.2/common/technology/autopilot\ap_fixed_base.h:2376:9949)
INFO: [HLS 214-131] Inlining function 'bool ap_fixed_base<6, 6, true, (ap_q_mode)5, (ap_o_mode)3, 0>::operator><32, 32, true, (ap_q_mode)5, (ap_o_mode)3, 0>(ap_fixed_base<32, 32, true, (ap_q_mode)5, (ap_o_mode)3, 0> const&) const' into 'bool operator><6, 6, true, (ap_q_mode)5, (ap_o_mode)3, 0>(ap_fixed_base<6, 6, true, (ap_q_mode)5, (ap_o_mode)3, 0> const&, int)' (C:/Xilinx/Vitis_HLS/2022.2/common/technology/autopilot\ap_fixed_base.h:2376:9938)
INFO: [HLS 214-131] Inlining function 'ap_fixed_base<32, 32, true, (ap_q_mode)5, (ap_o_mode)3, 0>::ap_fixed_base(int)' into 'bool operator==<6, 6, true, (ap_q_mode)5, (ap_o_mode)3, 0>(ap_fixed_base<6, 6, true, (ap_q_mode)5, (ap_o_mode)3, 0> const&, int)' (C:/Xilinx/Vitis_HLS/2022.2/common/technology/autopilot\ap_fixed_base.h:2376:12423)
INFO: [HLS 214-131] Inlining function 'bool ap_fixed_base<6, 6, true, (ap_q_mode)5, (ap_o_mode)3, 0>::operator==<32, 32, true, (ap_q_mode)5, (ap_o_mode)3, 0>(ap_fixed_base<32, 32, true, (ap_q_mode)5, (ap_o_mode)3, 0> const&) const' into 'bool operator==<6, 6, true, (ap_q_mode)5, (ap_o_mode)3, 0>(ap_fixed_base<6, 6, true, (ap_q_mode)5, (ap_o_mode)3, 0> const&, int)' (C:/Xilinx/Vitis_HLS/2022.2/common/technology/autopilot\ap_fixed_base.h:2376:12411)
INFO: [HLS 214-131] Inlining function 'ap_fixed_base<32, 0, false, (ap_q_mode)5, (ap_o_mode)3, 0>::ap_fixed_base(char const*)' into 'ap_ufixed<32, 0, (ap_q_mode)5, (ap_o_mode)3, 0>::ap_ufixed(char const*)'
INFO: [HLS 214-131] Inlining function 'af_bit_ref<64, 32, false, (ap_q_mode)5, (ap_o_mode)3, 0>::af_bit_ref(ap_fixed_base<64, 32, false, (ap_q_mode)5, (ap_o_mode)3, 0>*, int)' into 'ap_fixed_base<64, 32, false, (ap_q_mode)5, (ap_o_mode)3, 0>::operator[](unsigned int)' (C:/Xilinx/Vitis_HLS/2022.2/common/technology/autopilot\ap_fixed_base.h:1671:12)
INFO: [HLS 214-131] Inlining function 'af_bit_ref<65, 33, true, (ap_q_mode)5, (ap_o_mode)3, 0>::operator bool() const' into 'ap_bit_ref<8, false>& ap_bit_ref<8, false>::operator=<65, 33, true, (ap_q_mode)5, (ap_o_mode)3, 0>(af_bit_ref<65, 33, true, (ap_q_mode)5, (ap_o_mode)3, 0> const&)' (C:/Xilinx/Vitis_HLS/2022.2/common/technology/autopilot\ap_int_ref.h:859:38)
INFO: [HLS 214-131] Inlining function 'ap_bit_ref<8, false>::operator=(unsigned long long)' into 'ap_bit_ref<8, false>& ap_bit_ref<8, false>::operator=<65, 33, true, (ap_q_mode)5, (ap_o_mode)3, 0>(af_bit_ref<65, 33, true, (ap_q_mode)5, (ap_o_mode)3, 0> const&)' (C:/Xilinx/Vitis_HLS/2022.2/common/technology/autopilot\ap_int_ref.h:859:12)
INFO: [HLS 214-131] Inlining function 'ssdm_int<8, false>::ssdm_int(unsigned char)' into 'ap_int_base<8, false>::ap_int_base<65, false>(ap_int_base<65, false> const&)' (C:/Xilinx/Vitis_HLS/2022.2/common/technology/autopilot\ap_int_base.h:185:106)
INFO: [HLS 214-131] Inlining function 'ap_int_base<8, false>::ap_int_base<65, false>(ap_int_base<65, false> const&)' into 'ap_range_ref<8, false>& ap_range_ref<8, false>::operator=<65, false>(ap_int_base<65, false> const&)' (C:/Xilinx/Vitis_HLS/2022.2/common/technology/autopilot\ap_int_ref.h:367:31)
INFO: [HLS 214-131] Inlining function 'ap_int_base<65, false>::ap_int_base<65, 33, true, (ap_q_mode)5, (ap_o_mode)3, 0>(af_range_ref<65, 33, true, (ap_q_mode)5, (ap_o_mode)3, 0> const&)' into 'ap_range_ref<8, false>& ap_range_ref<8, false>::operator=<65, 33, true, (ap_q_mode)5, (ap_o_mode)3, 0>(af_range_ref<65, 33, true, (ap_q_mode)5, (ap_o_mode)3, 0> const&)' (C:/Xilinx/Vitis_HLS/2022.2/common/technology/autopilot\ap_int_ref.h:405:22)
INFO: [HLS 214-131] Inlining function 'ap_range_ref<8, false>& ap_range_ref<8, false>::operator=<65, false>(ap_int_base<65, false> const&)' into 'ap_range_ref<8, false>& ap_range_ref<8, false>::operator=<65, 33, true, (ap_q_mode)5, (ap_o_mode)3, 0>(af_range_ref<65, 33, true, (ap_q_mode)5, (ap_o_mode)3, 0> const&)' (C:/Xilinx/Vitis_HLS/2022.2/common/technology/autopilot\ap_int_ref.h:405:12)
INFO: [HLS 214-131] Inlining function 'ap_range_ref<6, false>::ap_range_ref(ap_int_base<6, false>*, int, int)' into 'ap_int_base<6, false>::range(int, int)' (C:/Xilinx/Vitis_HLS/2022.2/common/technology/autopilot\ap_int_base.h:1048:12)
INFO: [HLS 214-131] Inlining function 'ap_int_base<6, false>::range(int, int)' into 'ap_int_base<6, false>::operator()(int, int)' (C:/Xilinx/Vitis_HLS/2022.2/common/technology/autopilot\ap_int_base.h:1085:18)
INFO: [HLS 214-131] Inlining function '_ZN8ssdm_intILi6ELb0EEC2EDq6_j' into 'ap_int_base<6, false>::ap_int_base<65, false>(ap_int_base<65, false> const&)' (C:/Xilinx/Vitis_HLS/2022.2/common/technology/autopilot\ap_int_base.h:185:106)
INFO: [HLS 214-131] Inlining function 'ap_int_base<6, false>::ap_int_base<65, false>(ap_int_base<65, false> const&)' into 'ap_range_ref<6, false>& ap_range_ref<6, false>::operator=<65, false>(ap_int_base<65, false> const&)' (C:/Xilinx/Vitis_HLS/2022.2/common/technology/autopilot\ap_int_ref.h:367:31)
INFO: [HLS 214-131] Inlining function 'ap_int_base<65, false>::ap_int_base<65, 33, true, (ap_q_mode)5, (ap_o_mode)3, 0>(af_range_ref<65, 33, true, (ap_q_mode)5, (ap_o_mode)3, 0> const&)' into 'ap_range_ref<6, false>& ap_range_ref<6, false>::operator=<65, 33, true, (ap_q_mode)5, (ap_o_mode)3, 0>(af_range_ref<65, 33, true, (ap_q_mode)5, (ap_o_mode)3, 0> const&)' (C:/Xilinx/Vitis_HLS/2022.2/common/technology/autopilot\ap_int_ref.h:405:22)
INFO: [HLS 214-131] Inlining function 'ap_range_ref<6, false>& ap_range_ref<6, false>::operator=<65, false>(ap_int_base<65, false> const&)' into 'ap_range_ref<6, false>& ap_range_ref<6, false>::operator=<65, 33, true, (ap_q_mode)5, (ap_o_mode)3, 0>(af_range_ref<65, 33, true, (ap_q_mode)5, (ap_o_mode)3, 0> const&)' (C:/Xilinx/Vitis_HLS/2022.2/common/technology/autopilot\ap_int_ref.h:405:12)
INFO: [HLS 214-131] Inlining function 'ap_fixed_base<65, 33, true, (ap_q_mode)5, (ap_o_mode)3, 0>::operator!() const' into 'ap_fixed_base<8, -2, false, (ap_q_mode)5, (ap_o_mode)3, 0>& ap_fixed_base<8, -2, false, (ap_q_mode)5, (ap_o_mode)3, 0>::operator=<65, 33, true, (ap_q_mode)5, (ap_o_mode)3, 0>(ap_fixed_base<65, 33, true, (ap_q_mode)5, (ap_o_mode)3, 0> const&)' (C:/Xilinx/Vitis_HLS/2022.2/common/technology/autopilot\ap_fixed_base.h:808:9)
INFO: [HLS 214-131] Inlining function 'ssdm_int<8, false>::ssdm_int(unsigned char)' into 'ap_fixed_base<8, -2, false, (ap_q_mode)5, (ap_o_mode)3, 0>::ap_fixed_base<65, 33, true, (ap_q_mode)5, (ap_o_mode)3, 0>(ap_fixed_base<65, 33, true, (ap_q_mode)5, (ap_o_mode)3, 0> const&)' (C:/Xilinx/Vitis_HLS/2022.2/common/technology/autopilot\ap_fixed_base.h:401:80)
INFO: [HLS 214-131] Inlining function 'ap_fixed_base<8, -2, false, (ap_q_mode)5, (ap_o_mode)3, 0>& ap_fixed_base<8, -2, false, (ap_q_mode)5, (ap_o_mode)3, 0>::operator=<65, 33, true, (ap_q_mode)5, (ap_o_mode)3, 0>(ap_fixed_base<65, 33, true, (ap_q_mode)5, (ap_o_mode)3, 0> const&)' into 'ap_fixed_base<8, -2, false, (ap_q_mode)5, (ap_o_mode)3, 0>::ap_fixed_base<65, 33, true, (ap_q_mode)5, (ap_o_mode)3, 0>(ap_fixed_base<65, 33, true, (ap_q_mode)5, (ap_o_mode)3, 0> const&)' (C:/Xilinx/Vitis_HLS/2022.2/common/technology/autopilot\ap_fixed_base.h:403:5)
INFO: [HLS 214-131] Inlining function 'ap_fixed_base<8, -2, false, (ap_q_mode)5, (ap_o_mode)3, 0>::ap_fixed_base<65, 33, true, (ap_q_mode)5, (ap_o_mode)3, 0>(ap_fixed_base<65, 33, true, (ap_q_mode)5, (ap_o_mode)3, 0> const&)' into 'ap_ufixed<8, -2, (ap_q_mode)5, (ap_o_mode)3, 0>::ap_ufixed<65, 33, true, (ap_q_mode)5, (ap_o_mode)3, 0>(ap_fixed_base<65, 33, true, (ap_q_mode)5, (ap_o_mode)3, 0> const&)'
INFO: [HLS 214-131] Inlining function 'ap_fixed_base<65, 33, true, (ap_q_mode)5, (ap_o_mode)3, 0>::operator!() const' into 'ap_fixed_base<8, -10, false, (ap_q_mode)5, (ap_o_mode)3, 0>& ap_fixed_base<8, -10, false, (ap_q_mode)5, (ap_o_mode)3, 0>::operator=<65, 33, true, (ap_q_mode)5, (ap_o_mode)3, 0>(ap_fixed_base<65, 33, true, (ap_q_mode)5, (ap_o_mode)3, 0> const&)' (C:/Xilinx/Vitis_HLS/2022.2/common/technology/autopilot\ap_fixed_base.h:808:9)
INFO: [HLS 214-131] Inlining function 'ssdm_int<8, false>::ssdm_int(unsigned char)' into 'ap_fixed_base<8, -10, false, (ap_q_mode)5, (ap_o_mode)3, 0>::ap_fixed_base<65, 33, true, (ap_q_mode)5, (ap_o_mode)3, 0>(ap_fixed_base<65, 33, true, (ap_q_mode)5, (ap_o_mode)3, 0> const&)' (C:/Xilinx/Vitis_HLS/2022.2/common/technology/autopilot\ap_fixed_base.h:401:80)
INFO: [HLS 214-131] Inlining function 'ap_fixed_base<8, -10, false, (ap_q_mode)5, (ap_o_mode)3, 0>& ap_fixed_base<8, -10, false, (ap_q_mode)5, (ap_o_mode)3, 0>::operator=<65, 33, true, (ap_q_mode)5, (ap_o_mode)3, 0>(ap_fixed_base<65, 33, true, (ap_q_mode)5, (ap_o_mode)3, 0> const&)' into 'ap_fixed_base<8, -10, false, (ap_q_mode)5, (ap_o_mode)3, 0>::ap_fixed_base<65, 33, true, (ap_q_mode)5, (ap_o_mode)3, 0>(ap_fixed_base<65, 33, true, (ap_q_mode)5, (ap_o_mode)3, 0> const&)' (C:/Xilinx/Vitis_HLS/2022.2/common/technology/autopilot\ap_fixed_base.h:403:5)
INFO: [HLS 214-131] Inlining function 'ap_fixed_base<8, -10, false, (ap_q_mode)5, (ap_o_mode)3, 0>::ap_fixed_base<65, 33, true, (ap_q_mode)5, (ap_o_mode)3, 0>(ap_fixed_base<65, 33, true, (ap_q_mode)5, (ap_o_mode)3, 0> const&)' into 'ap_ufixed<8, -10, (ap_q_mode)5, (ap_o_mode)3, 0>::ap_ufixed<65, 33, true, (ap_q_mode)5, (ap_o_mode)3, 0>(ap_fixed_base<65, 33, true, (ap_q_mode)5, (ap_o_mode)3, 0> const&)'
INFO: [HLS 214-131] Inlining function 'ap_fixed_base<65, 33, true, (ap_q_mode)5, (ap_o_mode)3, 0>::operator!() const' into 'ap_fixed_base<8, -18, false, (ap_q_mode)5, (ap_o_mode)3, 0>& ap_fixed_base<8, -18, false, (ap_q_mode)5, (ap_o_mode)3, 0>::operator=<65, 33, true, (ap_q_mode)5, (ap_o_mode)3, 0>(ap_fixed_base<65, 33, true, (ap_q_mode)5, (ap_o_mode)3, 0> const&)' (C:/Xilinx/Vitis_HLS/2022.2/common/technology/autopilot\ap_fixed_base.h:808:9)
INFO: [HLS 214-131] Inlining function 'ssdm_int<8, false>::ssdm_int(unsigned char)' into 'ap_fixed_base<8, -18, false, (ap_q_mode)5, (ap_o_mode)3, 0>::ap_fixed_base<65, 33, true, (ap_q_mode)5, (ap_o_mode)3, 0>(ap_fixed_base<65, 33, true, (ap_q_mode)5, (ap_o_mode)3, 0> const&)' (C:/Xilinx/Vitis_HLS/2022.2/common/technology/autopilot\ap_fixed_base.h:401:80)
INFO: [HLS 214-131] Inlining function 'ap_fixed_base<8, -18, false, (ap_q_mode)5, (ap_o_mode)3, 0>& ap_fixed_base<8, -18, false, (ap_q_mode)5, (ap_o_mode)3, 0>::operator=<65, 33, true, (ap_q_mode)5, (ap_o_mode)3, 0>(ap_fixed_base<65, 33, true, (ap_q_mode)5, (ap_o_mode)3, 0> const&)' into 'ap_fixed_base<8, -18, false, (ap_q_mode)5, (ap_o_mode)3, 0>::ap_fixed_base<65, 33, true, (ap_q_mode)5, (ap_o_mode)3, 0>(ap_fixed_base<65, 33, true, (ap_q_mode)5, (ap_o_mode)3, 0> const&)' (C:/Xilinx/Vitis_HLS/2022.2/common/technology/autopilot\ap_fixed_base.h:403:5)
INFO: [HLS 214-131] Inlining function 'ap_fixed_base<8, -18, false, (ap_q_mode)5, (ap_o_mode)3, 0>::ap_fixed_base<65, 33, true, (ap_q_mode)5, (ap_o_mode)3, 0>(ap_fixed_base<65, 33, true, (ap_q_mode)5, (ap_o_mode)3, 0> const&)' into 'ap_ufixed<8, -18, (ap_q_mode)5, (ap_o_mode)3, 0>::ap_ufixed<65, 33, true, (ap_q_mode)5, (ap_o_mode)3, 0>(ap_fixed_base<65, 33, true, (ap_q_mode)5, (ap_o_mode)3, 0> const&)'
INFO: [HLS 214-131] Inlining function 'ap_fixed_base<65, 33, true, (ap_q_mode)5, (ap_o_mode)3, 0>::operator!() const' into 'ap_fixed_base<6, -26, false, (ap_q_mode)5, (ap_o_mode)3, 0>& ap_fixed_base<6, -26, false, (ap_q_mode)5, (ap_o_mode)3, 0>::operator=<65, 33, true, (ap_q_mode)5, (ap_o_mode)3, 0>(ap_fixed_base<65, 33, true, (ap_q_mode)5, (ap_o_mode)3, 0> const&)' (C:/Xilinx/Vitis_HLS/2022.2/common/technology/autopilot\ap_fixed_base.h:808:9)
INFO: [HLS 214-131] Inlining function '_ZN8ssdm_intILi6ELb0EEC2EDq6_j' into 'ap_fixed_base<6, -26, false, (ap_q_mode)5, (ap_o_mode)3, 0>::ap_fixed_base<65, 33, true, (ap_q_mode)5, (ap_o_mode)3, 0>(ap_fixed_base<65, 33, true, (ap_q_mode)5, (ap_o_mode)3, 0> const&)' (C:/Xilinx/Vitis_HLS/2022.2/common/technology/autopilot\ap_fixed_base.h:401:80)
INFO: [HLS 214-131] Inlining function 'ap_fixed_base<6, -26, false, (ap_q_mode)5, (ap_o_mode)3, 0>& ap_fixed_base<6, -26, false, (ap_q_mode)5, (ap_o_mode)3, 0>::operator=<65, 33, true, (ap_q_mode)5, (ap_o_mode)3, 0>(ap_fixed_base<65, 33, true, (ap_q_mode)5, (ap_o_mode)3, 0> const&)' into 'ap_fixed_base<6, -26, false, (ap_q_mode)5, (ap_o_mode)3, 0>::ap_fixed_base<65, 33, true, (ap_q_mode)5, (ap_o_mode)3, 0>(ap_fixed_base<65, 33, true, (ap_q_mode)5, (ap_o_mode)3, 0> const&)' (C:/Xilinx/Vitis_HLS/2022.2/common/technology/autopilot\ap_fixed_base.h:403:5)
INFO: [HLS 214-131] Inlining function 'ap_fixed_base<6, -26, false, (ap_q_mode)5, (ap_o_mode)3, 0>::ap_fixed_base<65, 33, true, (ap_q_mode)5, (ap_o_mode)3, 0>(ap_fixed_base<65, 33, true, (ap_q_mode)5, (ap_o_mode)3, 0> const&)' into 'ap_ufixed<6, -26, (ap_q_mode)5, (ap_o_mode)3, 0>::ap_ufixed<65, 33, true, (ap_q_mode)5, (ap_o_mode)3, 0>(ap_fixed_base<65, 33, true, (ap_q_mode)5, (ap_o_mode)3, 0> const&)'
INFO: [HLS 214-131] Inlining function 'ap_fixed_base<31, -37, false, (ap_q_mode)5, (ap_o_mode)3, 0>::ap_fixed_base(char const*)' into 'ap_ufixed<31, -37, (ap_q_mode)5, (ap_o_mode)3, 0>::ap_ufixed(char const*)'
INFO: [HLS 214-131] Inlining function 'ap_fixed_base<12, -53, false, (ap_q_mode)5, (ap_o_mode)3, 0>::ap_fixed_base(char const*)' into 'ap_ufixed<12, -53, (ap_q_mode)5, (ap_o_mode)3, 0>::ap_ufixed(char const*)'
INFO: [HLS 214-131] Inlining function 'ap_fixed_base<32, 32, true, (ap_q_mode)5, (ap_o_mode)3, 0>::operator!() const' into 'ap_fixed_base<14, -44, false, (ap_q_mode)5, (ap_o_mode)3, 0>& ap_fixed_base<14, -44, false, (ap_q_mode)5, (ap_o_mode)3, 0>::operator=<32, 32, true, (ap_q_mode)5, (ap_o_mode)3, 0>(ap_fixed_base<32, 32, true, (ap_q_mode)5, (ap_o_mode)3, 0> const&)' (C:/Xilinx/Vitis_HLS/2022.2/common/technology/autopilot\ap_fixed_base.h:808:9)
INFO: [HLS 214-131] Inlining function 'ap_fixed_base<14, -44, false, (ap_q_mode)5, (ap_o_mode)3, 0>& ap_fixed_base<14, -44, false, (ap_q_mode)5, (ap_o_mode)3, 0>::operator=<32, 32, true, (ap_q_mode)5, (ap_o_mode)3, 0>(ap_fixed_base<32, 32, true, (ap_q_mode)5, (ap_o_mode)3, 0> const&)' into 'ap_fixed_base<14, -44, false, (ap_q_mode)5, (ap_o_mode)3, 0>::ap_fixed_base(int)' (C:/Xilinx/Vitis_HLS/2022.2/common/technology/autopilot\ap_fixed_base.h:530:146)
INFO: [HLS 214-131] Inlining function 'ap_fixed_base<14, -44, false, (ap_q_mode)5, (ap_o_mode)3, 0>::ap_fixed_base(int)' into 'ap_fixed_base<8, -18, false, (ap_q_mode)5, (ap_o_mode)3, 0>::RType<6, -26, false>::mult ap_fixed_base<8, -18, false, (ap_q_mode)5, (ap_o_mode)3, 0>::operator*<6, -26, false, (ap_q_mode)5, (ap_o_mode)3, 0>(ap_fixed_base<6, -26, false, (ap_q_mode)5, (ap_o_mode)3, 0> const&) const' (C:/Xilinx/Vitis_HLS/2022.2/common/technology/autopilot\ap_fixed_base.h:1270:55)
INFO: [HLS 214-131] Inlining function 'ap_fixed_base<14, -44, false, (ap_q_mode)5, (ap_o_mode)3, 0>::ap_fixed_base(int)' into 'ap_fixed_base<8, -18, false, (ap_q_mode)5, (ap_o_mode)3, 0>::RType<6, -26, false>::mult ap_fixed_base<8, -18, false, (ap_q_mode)5, (ap_o_mode)3, 0>::operator*<6, -26, false, (ap_q_mode)5, (ap_o_mode)3, 0>(ap_fixed_base<6, -26, false, (ap_q_mode)5, (ap_o_mode)3, 0> const&) const' (C:/Xilinx/Vitis_HLS/2022.2/common/technology/autopilot\ap_fixed_base.h:1270:61)
INFO: [HLS 214-131] Inlining function 'ap_fixed_base<32, 32, true, (ap_q_mode)5, (ap_o_mode)3, 0>::operator!() const' into 'ap_fixed_base<15, -43, false, (ap_q_mode)5, (ap_o_mode)3, 0>& ap_fixed_base<15, -43, false, (ap_q_mode)5, (ap_o_mode)3, 0>::operator=<32, 32, true, (ap_q_mode)5, (ap_o_mode)3, 0>(ap_fixed_base<32, 32, true, (ap_q_mode)5, (ap_o_mode)3, 0> const&)' (C:/Xilinx/Vitis_HLS/2022.2/common/technology/autopilot\ap_fixed_base.h:808:9)
INFO: [HLS 214-131] Inlining function 'ap_fixed_base<15, -43, false, (ap_q_mode)5, (ap_o_mode)3, 0>& ap_fixed_base<15, -43, false, (ap_q_mode)5, (ap_o_mode)3, 0>::operator=<32, 32, true, (ap_q_mode)5, (ap_o_mode)3, 0>(ap_fixed_base<32, 32, true, (ap_q_mode)5, (ap_o_mode)3, 0> const&)' into 'ap_fixed_base<15, -43, false, (ap_q_mode)5, (ap_o_mode)3, 0>::ap_fixed_base(int)' (C:/Xilinx/Vitis_HLS/2022.2/common/technology/autopilot\ap_fixed_base.h:530:146)
INFO: [HLS 214-131] Inlining function 'ap_fixed_base<15, -43, false, (ap_q_mode)5, (ap_o_mode)3, 0>::ap_fixed_base(int)' into 'ap_ufixed<15, -43, (ap_q_mode)5, (ap_o_mode)3, 0>::ap_ufixed(int)'
INFO: [HLS 214-131] Inlining function 'af_range_ref<12, -53, false, (ap_q_mode)5, (ap_o_mode)3, 0>::af_range_ref(ap_fixed_base<12, -53, false, (ap_q_mode)5, (ap_o_mode)3, 0>*, int, int)' into 'ap_fixed_base<12, -53, false, (ap_q_mode)5, (ap_o_mode)3, 0>::range(int, int)' (C:/Xilinx/Vitis_HLS/2022.2/common/technology/autopilot\ap_fixed_base.h:1746:12)
INFO: [HLS 214-131] Inlining function 'ap_fixed_base<12, -53, false, (ap_q_mode)5, (ap_o_mode)3, 0>::range(int, int)' into 'ap_fixed_base<12, -53, false, (ap_q_mode)5, (ap_o_mode)3, 0>::operator()(int, int)' (C:/Xilinx/Vitis_HLS/2022.2/common/technology/autopilot\ap_fixed_base.h:1785:18)
INFO: [HLS 214-131] Inlining function 'af_range_ref<15, -43, false, (ap_q_mode)5, (ap_o_mode)3, 0>::af_range_ref(ap_fixed_base<15, -43, false, (ap_q_mode)5, (ap_o_mode)3, 0>*, int, int)' into 'ap_fixed_base<15, -43, false, (ap_q_mode)5, (ap_o_mode)3, 0>::range(int, int)' (C:/Xilinx/Vitis_HLS/2022.2/common/technology/autopilot\ap_fixed_base.h:1746:12)
INFO: [HLS 214-131] Inlining function 'ap_fixed_base<15, -43, false, (ap_q_mode)5, (ap_o_mode)3, 0>::range(int, int)' into 'ap_fixed_base<15, -43, false, (ap_q_mode)5, (ap_o_mode)3, 0>::operator()(int, int)' (C:/Xilinx/Vitis_HLS/2022.2/common/technology/autopilot\ap_fixed_base.h:1785:18)
INFO: [HLS 214-131] Inlining function 'af_range_ref<12, -53, false, (ap_q_mode)5, (ap_o_mode)3, 0>::get() const' into 'ap_int_base<12, false>::ap_int_base<12, -53, false, (ap_q_mode)5, (ap_o_mode)3, 0>(af_range_ref<12, -53, false, (ap_q_mode)5, (ap_o_mode)3, 0> const&)' (C:/Xilinx/Vitis_HLS/2022.2/common/technology/autopilot\ap_int_base.h:403:20)
INFO: [HLS 214-131] Inlining function 'ap_int_base<12, false>::ap_int_base<12, -53, false, (ap_q_mode)5, (ap_o_mode)3, 0>(af_range_ref<12, -53, false, (ap_q_mode)5, (ap_o_mode)3, 0> const&)' into 'af_range_ref<15, -43, false, (ap_q_mode)5, (ap_o_mode)3, 0>& af_range_ref<15, -43, false, (ap_q_mode)5, (ap_o_mode)3, 0>::operator=<12, -53, false, (ap_q_mode)5, (ap_o_mode)3, 0>(af_range_ref<12, -53, false, (ap_q_mode)5, (ap_o_mode)3, 0> const&)' (C:/Xilinx/Vitis_HLS/2022.2/common/technology/autopilot\ap_fixed_ref.h:335:32)
INFO: [HLS 214-131] Inlining function 'af_range_ref<15, -43, false, (ap_q_mode)5, (ap_o_mode)3, 0>& af_range_ref<15, -43, false, (ap_q_mode)5, (ap_o_mode)3, 0>::operator=<12, false>(ap_int_base<12, false> const&)' into 'af_range_ref<15, -43, false, (ap_q_mode)5, (ap_o_mode)3, 0>& af_range_ref<15, -43, false, (ap_q_mode)5, (ap_o_mode)3, 0>::operator=<12, -53, false, (ap_q_mode)5, (ap_o_mode)3, 0>(af_range_ref<12, -53, false, (ap_q_mode)5, (ap_o_mode)3, 0> const&)' (C:/Xilinx/Vitis_HLS/2022.2/common/technology/autopilot\ap_fixed_ref.h:336:12)
INFO: [HLS 214-131] Inlining function 'ap_fixed_base<32, 32, true, (ap_q_mode)5, (ap_o_mode)3, 0>::operator!() const' into 'ap_fixed_base<16, -42, false, (ap_q_mode)5, (ap_o_mode)3, 0>& ap_fixed_base<16, -42, false, (ap_q_mode)5, (ap_o_mode)3, 0>::operator=<32, 32, true, (ap_q_mode)5, (ap_o_mode)3, 0>(ap_fixed_base<32, 32, true, (ap_q_mode)5, (ap_o_mode)3, 0> const&)' (C:/Xilinx/Vitis_HLS/2022.2/common/technology/autopilot\ap_fixed_base.h:808:9)
INFO: [HLS 214-131] Inlining function 'ap_fixed_base<16, -42, false, (ap_q_mode)5, (ap_o_mode)3, 0>& ap_fixed_base<16, -42, false, (ap_q_mode)5, (ap_o_mode)3, 0>::operator=<32, 32, true, (ap_q_mode)5, (ap_o_mode)3, 0>(ap_fixed_base<32, 32, true, (ap_q_mode)5, (ap_o_mode)3, 0> const&)' into 'ap_fixed_base<16, -42, false, (ap_q_mode)5, (ap_o_mode)3, 0>::ap_fixed_base(int)' (C:/Xilinx/Vitis_HLS/2022.2/common/technology/autopilot\ap_fixed_base.h:530:146)
INFO: [HLS 214-131] Inlining function 'ap_fixed_base<15, -43, false, (ap_q_mode)5, (ap_o_mode)3, 0>::operator!() const' into 'ap_fixed_base<16, -42, false, (ap_q_mode)5, (ap_o_mode)3, 0>& ap_fixed_base<16, -42, false, (ap_q_mode)5, (ap_o_mode)3, 0>::operator=<15, -43, false, (ap_q_mode)5, (ap_o_mode)3, 0>(ap_fixed_base<15, -43, false, (ap_q_mode)5, (ap_o_mode)3, 0> const&)' (C:/Xilinx/Vitis_HLS/2022.2/common/technology/autopilot\ap_fixed_base.h:808:9)
INFO: [HLS 214-131] Inlining function 'ssdm_int<16, false>::ssdm_int(unsigned short)' into 'ap_fixed_base<16, -42, false, (ap_q_mode)5, (ap_o_mode)3, 0>::ap_fixed_base<15, -43, false, (ap_q_mode)5, (ap_o_mode)3, 0>(ap_fixed_base<15, -43, false, (ap_q_mode)5, (ap_o_mode)3, 0> const&)' (C:/Xilinx/Vitis_HLS/2022.2/common/technology/autopilot\ap_fixed_base.h:401:80)
INFO: [HLS 214-131] Inlining function 'ap_fixed_base<16, -42, false, (ap_q_mode)5, (ap_o_mode)3, 0>& ap_fixed_base<16, -42, false, (ap_q_mode)5, (ap_o_mode)3, 0>::operator=<15, -43, false, (ap_q_mode)5, (ap_o_mode)3, 0>(ap_fixed_base<15, -43, false, (ap_q_mode)5, (ap_o_mode)3, 0> const&)' into 'ap_fixed_base<16, -42, false, (ap_q_mode)5, (ap_o_mode)3, 0>::ap_fixed_base<15, -43, false, (ap_q_mode)5, (ap_o_mode)3, 0>(ap_fixed_base<15, -43, false, (ap_q_mode)5, (ap_o_mode)3, 0> const&)' (C:/Xilinx/Vitis_HLS/2022.2/common/technology/autopilot\ap_fixed_base.h:403:5)
INFO: [HLS 214-131] Inlining function 'ap_fixed_base<14, -44, false, (ap_q_mode)5, (ap_o_mode)3, 0>::operator!() const' into 'ap_fixed_base<16, -42, false, (ap_q_mode)5, (ap_o_mode)3, 0>& ap_fixed_base<16, -42, false, (ap_q_mode)5, (ap_o_mode)3, 0>::operator=<14, -44, false, (ap_q_mode)5, (ap_o_mode)3, 0>(ap_fixed_base<14, -44, false, (ap_q_mode)5, (ap_o_mode)3, 0> const&)' (C:/Xilinx/Vitis_HLS/2022.2/common/technology/autopilot\ap_fixed_base.h:808:9)
INFO: [HLS 214-131] Inlining function 'ssdm_int<16, false>::ssdm_int(unsigned short)' into 'ap_fixed_base<16, -42, false, (ap_q_mode)5, (ap_o_mode)3, 0>::ap_fixed_base<14, -44, false, (ap_q_mode)5, (ap_o_mode)3, 0>(ap_fixed_base<14, -44, false, (ap_q_mode)5, (ap_o_mode)3, 0> const&)' (C:/Xilinx/Vitis_HLS/2022.2/common/technology/autopilot\ap_fixed_base.h:401:80)
INFO: [HLS 214-131] Inlining function 'ap_fixed_base<16, -42, false, (ap_q_mode)5, (ap_o_mode)3, 0>& ap_fixed_base<16, -42, false, (ap_q_mode)5, (ap_o_mode)3, 0>::operator=<14, -44, false, (ap_q_mode)5, (ap_o_mode)3, 0>(ap_fixed_base<14, -44, false, (ap_q_mode)5, (ap_o_mode)3, 0> const&)' into 'ap_fixed_base<16, -42, false, (ap_q_mode)5, (ap_o_mode)3, 0>::ap_fixed_base<14, -44, false, (ap_q_mode)5, (ap_o_mode)3, 0>(ap_fixed_base<14, -44, false, (ap_q_mode)5, (ap_o_mode)3, 0> const&)' (C:/Xilinx/Vitis_HLS/2022.2/common/technology/autopilot\ap_fixed_base.h:403:5)
INFO: [HLS 214-131] Inlining function 'ap_fixed_base<16, -42, false, (ap_q_mode)5, (ap_o_mode)3, 0>::ap_fixed_base(int)' into 'ap_fixed_base<15, -43, false, (ap_q_mode)5, (ap_o_mode)3, 0>::RType<14, -44, false>::plus ap_fixed_base<15, -43, false, (ap_q_mode)5, (ap_o_mode)3, 0>::operator+<14, -44, false, (ap_q_mode)5, (ap_o_mode)3, 0>(ap_fixed_base<14, -44, false, (ap_q_mode)5, (ap_o_mode)3, 0> const&) const' (C:/Xilinx/Vitis_HLS/2022.2/common/technology/autopilot\ap_fixed_base.h:1347:325)
INFO: [HLS 214-131] Inlining function 'ap_fixed_base<16, -42, false, (ap_q_mode)5, (ap_o_mode)3, 0>::ap_fixed_base<14, -44, false, (ap_q_mode)5, (ap_o_mode)3, 0>(ap_fixed_base<14, -44, false, (ap_q_mode)5, (ap_o_mode)3, 0> const&)' into 'ap_fixed_base<15, -43, false, (ap_q_mode)5, (ap_o_mode)3, 0>::RType<14, -44, false>::plus ap_fixed_base<15, -43, false, (ap_q_mode)5, (ap_o_mode)3, 0>::operator+<14, -44, false, (ap_q_mode)5, (ap_o_mode)3, 0>(ap_fixed_base<14, -44, false, (ap_q_mode)5, (ap_o_mode)3, 0> const&) const' (C:/Xilinx/Vitis_HLS/2022.2/common/technology/autopilot\ap_fixed_base.h:1347:345)
INFO: [HLS 214-131] Inlining function 'ap_fixed_base<16, -42, false, (ap_q_mode)5, (ap_o_mode)3, 0>::ap_fixed_base<15, -43, false, (ap_q_mode)5, (ap_o_mode)3, 0>(ap_fixed_base<15, -43, false, (ap_q_mode)5, (ap_o_mode)3, 0> const&)' into 'ap_fixed_base<15, -43, false, (ap_q_mode)5, (ap_o_mode)3, 0>::RType<14, -44, false>::plus ap_fixed_base<15, -43, false, (ap_q_mode)5, (ap_o_mode)3, 0>::operator+<14, -44, false, (ap_q_mode)5, (ap_o_mode)3, 0>(ap_fixed_base<14, -44, false, (ap_q_mode)5, (ap_o_mode)3, 0> const&) const' (C:/Xilinx/Vitis_HLS/2022.2/common/technology/autopilot\ap_fixed_base.h:1347:333)
INFO: [HLS 214-131] Inlining function 'ap_fixed_base<16, -42, false, (ap_q_mode)5, (ap_o_mode)3, 0>::operator!() const' into 'ap_fixed_base<15, -43, false, (ap_q_mode)5, (ap_o_mode)3, 0>& ap_fixed_base<15, -43, false, (ap_q_mode)5, (ap_o_mode)3, 0>::operator=<16, -42, false, (ap_q_mode)5, (ap_o_mode)3, 0>(ap_fixed_base<16, -42, false, (ap_q_mode)5, (ap_o_mode)3, 0> const&)' (C:/Xilinx/Vitis_HLS/2022.2/common/technology/autopilot\ap_fixed_base.h:808:9)
INFO: [HLS 214-131] Inlining function '_ZN8ssdm_intILi15ELb0EEC2EDq15_j' into 'ap_fixed_base<15, -43, false, (ap_q_mode)5, (ap_o_mode)3, 0>::ap_fixed_base<16, -42, false, (ap_q_mode)5, (ap_o_mode)3, 0>(ap_fixed_base<16, -42, false, (ap_q_mode)5, (ap_o_mode)3, 0> const&)' (C:/Xilinx/Vitis_HLS/2022.2/common/technology/autopilot\ap_fixed_base.h:401:80)
INFO: [HLS 214-131] Inlining function 'ap_fixed_base<15, -43, false, (ap_q_mode)5, (ap_o_mode)3, 0>& ap_fixed_base<15, -43, false, (ap_q_mode)5, (ap_o_mode)3, 0>::operator=<16, -42, false, (ap_q_mode)5, (ap_o_mode)3, 0>(ap_fixed_base<16, -42, false, (ap_q_mode)5, (ap_o_mode)3, 0> const&)' into 'ap_fixed_base<15, -43, false, (ap_q_mode)5, (ap_o_mode)3, 0>::ap_fixed_base<16, -42, false, (ap_q_mode)5, (ap_o_mode)3, 0>(ap_fixed_base<16, -42, false, (ap_q_mode)5, (ap_o_mode)3, 0> const&)' (C:/Xilinx/Vitis_HLS/2022.2/common/technology/autopilot\ap_fixed_base.h:403:5)
INFO: [HLS 214-131] Inlining function 'ap_fixed_base<15, -43, false, (ap_q_mode)5, (ap_o_mode)3, 0>::ap_fixed_base<16, -42, false, (ap_q_mode)5, (ap_o_mode)3, 0>(ap_fixed_base<16, -42, false, (ap_q_mode)5, (ap_o_mode)3, 0> const&)' into 'ap_ufixed<15, -43, (ap_q_mode)5, (ap_o_mode)3, 0>::ap_ufixed<16, -42, false, (ap_q_mode)5, (ap_o_mode)3, 0>(ap_fixed_base<16, -42, false, (ap_q_mode)5, (ap_o_mode)3, 0> const&)'
INFO: [HLS 214-131] Inlining function 'ap_fixed_base<15, -43, false, (ap_q_mode)5, (ap_o_mode)3, 0>::operator!() const' into 'ap_fixed_base<22, -43, false, (ap_q_mode)5, (ap_o_mode)3, 0>& ap_fixed_base<22, -43, false, (ap_q_mode)5, (ap_o_mode)3, 0>::operator=<15, -43, false, (ap_q_mode)5, (ap_o_mode)3, 0>(ap_fixed_base<15, -43, false, (ap_q_mode)5, (ap_o_mode)3, 0> const&)' (C:/Xilinx/Vitis_HLS/2022.2/common/technology/autopilot\ap_fixed_base.h:808:9)
INFO: [HLS 214-131] Inlining function '_ZN8ssdm_intILi22ELb0EEC2EDq22_j' into 'ap_fixed_base<22, -43, false, (ap_q_mode)5, (ap_o_mode)3, 0>::ap_fixed_base<15, -43, false, (ap_q_mode)5, (ap_o_mode)3, 0>(ap_fixed_base<15, -43, false, (ap_q_mode)5, (ap_o_mode)3, 0> const&)' (C:/Xilinx/Vitis_HLS/2022.2/common/technology/autopilot\ap_fixed_base.h:401:80)
INFO: [HLS 214-131] Inlining function 'ap_fixed_base<22, -43, false, (ap_q_mode)5, (ap_o_mode)3, 0>& ap_fixed_base<22, -43, false, (ap_q_mode)5, (ap_o_mode)3, 0>::operator=<15, -43, false, (ap_q_mode)5, (ap_o_mode)3, 0>(ap_fixed_base<15, -43, false, (ap_q_mode)5, (ap_o_mode)3, 0> const&)' into 'ap_fixed_base<22, -43, false, (ap_q_mode)5, (ap_o_mode)3, 0>::ap_fixed_base<15, -43, false, (ap_q_mode)5, (ap_o_mode)3, 0>(ap_fixed_base<15, -43, false, (ap_q_mode)5, (ap_o_mode)3, 0> const&)' (C:/Xilinx/Vitis_HLS/2022.2/common/technology/autopilot\ap_fixed_base.h:403:5)
INFO: [HLS 214-131] Inlining function 'ap_fixed_base<22, -43, false, (ap_q_mode)5, (ap_o_mode)3, 0>::ap_fixed_base<15, -43, false, (ap_q_mode)5, (ap_o_mode)3, 0>(ap_fixed_base<15, -43, false, (ap_q_mode)5, (ap_o_mode)3, 0> const&)' into 'ap_ufixed<22, -43, (ap_q_mode)5, (ap_o_mode)3, 0>::ap_ufixed<15, -43, false, (ap_q_mode)5, (ap_o_mode)3, 0>(ap_fixed_base<15, -43, false, (ap_q_mode)5, (ap_o_mode)3, 0> const&)'
INFO: [HLS 214-131] Inlining function 'af_range_ref<22, -43, false, (ap_q_mode)5, (ap_o_mode)3, 0>::af_range_ref(ap_fixed_base<22, -43, false, (ap_q_mode)5, (ap_o_mode)3, 0>*, int, int)' into 'ap_fixed_base<22, -43, false, (ap_q_mode)5, (ap_o_mode)3, 0>::range(int, int)' (C:/Xilinx/Vitis_HLS/2022.2/common/technology/autopilot\ap_fixed_base.h:1746:12)
INFO: [HLS 214-131] Inlining function 'ap_fixed_base<22, -43, false, (ap_q_mode)5, (ap_o_mode)3, 0>::range(int, int)' into 'ap_fixed_base<22, -43, false, (ap_q_mode)5, (ap_o_mode)3, 0>::operator()(int, int)' (C:/Xilinx/Vitis_HLS/2022.2/common/technology/autopilot\ap_fixed_base.h:1785:18)
INFO: [HLS 214-131] Inlining function 'ap_int_base<12, false>::ap_int_base<12, -53, false, (ap_q_mode)5, (ap_o_mode)3, 0>(af_range_ref<12, -53, false, (ap_q_mode)5, (ap_o_mode)3, 0> const&)' into 'af_range_ref<22, -43, false, (ap_q_mode)5, (ap_o_mode)3, 0>& af_range_ref<22, -43, false, (ap_q_mode)5, (ap_o_mode)3, 0>::operator=<12, -53, false, (ap_q_mode)5, (ap_o_mode)3, 0>(af_range_ref<12, -53, false, (ap_q_mode)5, (ap_o_mode)3, 0> const&)' (C:/Xilinx/Vitis_HLS/2022.2/common/technology/autopilot\ap_fixed_ref.h:335:32)
INFO: [HLS 214-131] Inlining function 'af_range_ref<22, -43, false, (ap_q_mode)5, (ap_o_mode)3, 0>& af_range_ref<22, -43, false, (ap_q_mode)5, (ap_o_mode)3, 0>::operator=<12, false>(ap_int_base<12, false> const&)' into 'af_range_ref<22, -43, false, (ap_q_mode)5, (ap_o_mode)3, 0>& af_range_ref<22, -43, false, (ap_q_mode)5, (ap_o_mode)3, 0>::operator=<12, -53, false, (ap_q_mode)5, (ap_o_mode)3, 0>(af_range_ref<12, -53, false, (ap_q_mode)5, (ap_o_mode)3, 0> const&)' (C:/Xilinx/Vitis_HLS/2022.2/common/technology/autopilot\ap_fixed_ref.h:336:12)
INFO: [HLS 214-131] Inlining function 'ap_fixed_base<32, 32, true, (ap_q_mode)5, (ap_o_mode)3, 0>::operator!() const' into 'ap_fixed_base<29, -36, false, (ap_q_mode)5, (ap_o_mode)3, 0>& ap_fixed_base<29, -36, false, (ap_q_mode)5, (ap_o_mode)3, 0>::operator=<32, 32, true, (ap_q_mode)5, (ap_o_mode)3, 0>(ap_fixed_base<32, 32, true, (ap_q_mode)5, (ap_o_mode)3, 0> const&)' (C:/Xilinx/Vitis_HLS/2022.2/common/technology/autopilot\ap_fixed_base.h:808:9)
INFO: [HLS 214-131] Inlining function 'ap_fixed_base<29, -36, false, (ap_q_mode)5, (ap_o_mode)3, 0>& ap_fixed_base<29, -36, false, (ap_q_mode)5, (ap_o_mode)3, 0>::operator=<32, 32, true, (ap_q_mode)5, (ap_o_mode)3, 0>(ap_fixed_base<32, 32, true, (ap_q_mode)5, (ap_o_mode)3, 0> const&)' into 'ap_fixed_base<29, -36, false, (ap_q_mode)5, (ap_o_mode)3, 0>::ap_fixed_base(int)' (C:/Xilinx/Vitis_HLS/2022.2/common/technology/autopilot\ap_fixed_base.h:530:146)
INFO: [HLS 214-131] Inlining function 'ap_fixed_base<29, -36, false, (ap_q_mode)5, (ap_o_mode)3, 0>::ap_fixed_base(int)' into 'ap_ufixed<29, -36, (ap_q_mode)5, (ap_o_mode)3, 0>::ap_ufixed(int)'
INFO: [HLS 214-131] Inlining function 'af_range_ref<31, -37, false, (ap_q_mode)5, (ap_o_mode)3, 0>::af_range_ref(ap_fixed_base<31, -37, false, (ap_q_mode)5, (ap_o_mode)3, 0>*, int, int)' into 'ap_fixed_base<31, -37, false, (ap_q_mode)5, (ap_o_mode)3, 0>::range(int, int)' (C:/Xilinx/Vitis_HLS/2022.2/common/technology/autopilot\ap_fixed_base.h:1746:12)
INFO: [HLS 214-131] Inlining function 'ap_fixed_base<31, -37, false, (ap_q_mode)5, (ap_o_mode)3, 0>::range(int, int)' into 'ap_fixed_base<31, -37, false, (ap_q_mode)5, (ap_o_mode)3, 0>::operator()(int, int)' (C:/Xilinx/Vitis_HLS/2022.2/common/technology/autopilot\ap_fixed_base.h:1785:18)
INFO: [HLS 214-131] Inlining function 'af_range_ref<29, -36, false, (ap_q_mode)5, (ap_o_mode)3, 0>::af_range_ref(ap_fixed_base<29, -36, false, (ap_q_mode)5, (ap_o_mode)3, 0>*, int, int)' into 'ap_fixed_base<29, -36, false, (ap_q_mode)5, (ap_o_mode)3, 0>::range(int, int)' (C:/Xilinx/Vitis_HLS/2022.2/common/technology/autopilot\ap_fixed_base.h:1746:12)
INFO: [HLS 214-131] Inlining function 'ap_fixed_base<29, -36, false, (ap_q_mode)5, (ap_o_mode)3, 0>::range(int, int)' into 'ap_fixed_base<29, -36, false, (ap_q_mode)5, (ap_o_mode)3, 0>::operator()(int, int)' (C:/Xilinx/Vitis_HLS/2022.2/common/technology/autopilot\ap_fixed_base.h:1785:18)
INFO: [HLS 214-131] Inlining function 'af_range_ref<31, -37, false, (ap_q_mode)5, (ap_o_mode)3, 0>::get() const' into 'ap_int_base<31, false>::ap_int_base<31, -37, false, (ap_q_mode)5, (ap_o_mode)3, 0>(af_range_ref<31, -37, false, (ap_q_mode)5, (ap_o_mode)3, 0> const&)' (C:/Xilinx/Vitis_HLS/2022.2/common/technology/autopilot\ap_int_base.h:403:20)
INFO: [HLS 214-131] Inlining function 'ap_int_base<31, false>::ap_int_base<31, -37, false, (ap_q_mode)5, (ap_o_mode)3, 0>(af_range_ref<31, -37, false, (ap_q_mode)5, (ap_o_mode)3, 0> const&)' into 'af_range_ref<29, -36, false, (ap_q_mode)5, (ap_o_mode)3, 0>& af_range_ref<29, -36, false, (ap_q_mode)5, (ap_o_mode)3, 0>::operator=<31, -37, false, (ap_q_mode)5, (ap_o_mode)3, 0>(af_range_ref<31, -37, false, (ap_q_mode)5, (ap_o_mode)3, 0> const&)' (C:/Xilinx/Vitis_HLS/2022.2/common/technology/autopilot\ap_fixed_ref.h:335:32)
INFO: [HLS 214-131] Inlining function 'af_range_ref<29, -36, false, (ap_q_mode)5, (ap_o_mode)3, 0>& af_range_ref<29, -36, false, (ap_q_mode)5, (ap_o_mode)3, 0>::operator=<31, false>(ap_int_base<31, false> const&)' into 'af_range_ref<29, -36, false, (ap_q_mode)5, (ap_o_mode)3, 0>& af_range_ref<29, -36, false, (ap_q_mode)5, (ap_o_mode)3, 0>::operator=<31, -37, false, (ap_q_mode)5, (ap_o_mode)3, 0>(af_range_ref<31, -37, false, (ap_q_mode)5, (ap_o_mode)3, 0> const&)' (C:/Xilinx/Vitis_HLS/2022.2/common/technology/autopilot\ap_fixed_ref.h:336:12)
INFO: [HLS 214-131] Inlining function 'ap_fixed_base<32, 32, true, (ap_q_mode)5, (ap_o_mode)3, 0>::operator!() const' into 'ap_fixed_base<30, -35, false, (ap_q_mode)5, (ap_o_mode)3, 0>& ap_fixed_base<30, -35, false, (ap_q_mode)5, (ap_o_mode)3, 0>::operator=<32, 32, true, (ap_q_mode)5, (ap_o_mode)3, 0>(ap_fixed_base<32, 32, true, (ap_q_mode)5, (ap_o_mode)3, 0> const&)' (C:/Xilinx/Vitis_HLS/2022.2/common/technology/autopilot\ap_fixed_base.h:808:9)
INFO: [HLS 214-131] Inlining function 'ap_fixed_base<30, -35, false, (ap_q_mode)5, (ap_o_mode)3, 0>& ap_fixed_base<30, -35, false, (ap_q_mode)5, (ap_o_mode)3, 0>::operator=<32, 32, true, (ap_q_mode)5, (ap_o_mode)3, 0>(ap_fixed_base<32, 32, true, (ap_q_mode)5, (ap_o_mode)3, 0> const&)' into 'ap_fixed_base<30, -35, false, (ap_q_mode)5, (ap_o_mode)3, 0>::ap_fixed_base(int)' (C:/Xilinx/Vitis_HLS/2022.2/common/technology/autopilot\ap_fixed_base.h:530:146)
INFO: [HLS 214-131] Inlining function 'ap_fixed_base<29, -36, false, (ap_q_mode)5, (ap_o_mode)3, 0>::operator!() const' into 'ap_fixed_base<30, -35, false, (ap_q_mode)5, (ap_o_mode)3, 0>& ap_fixed_base<30, -35, false, (ap_q_mode)5, (ap_o_mode)3, 0>::operator=<29, -36, false, (ap_q_mode)5, (ap_o_mode)3, 0>(ap_fixed_base<29, -36, false, (ap_q_mode)5, (ap_o_mode)3, 0> const&)' (C:/Xilinx/Vitis_HLS/2022.2/common/technology/autopilot\ap_fixed_base.h:808:9)
INFO: [HLS 214-131] Inlining function '_ZN8ssdm_intILi30ELb0EEC2EDq30_j' into 'ap_fixed_base<30, -35, false, (ap_q_mode)5, (ap_o_mode)3, 0>::ap_fixed_base<29, -36, false, (ap_q_mode)5, (ap_o_mode)3, 0>(ap_fixed_base<29, -36, false, (ap_q_mode)5, (ap_o_mode)3, 0> const&)' (C:/Xilinx/Vitis_HLS/2022.2/common/technology/autopilot\ap_fixed_base.h:401:80)
INFO: [HLS 214-131] Inlining function 'ap_fixed_base<30, -35, false, (ap_q_mode)5, (ap_o_mode)3, 0>& ap_fixed_base<30, -35, false, (ap_q_mode)5, (ap_o_mode)3, 0>::operator=<29, -36, false, (ap_q_mode)5, (ap_o_mode)3, 0>(ap_fixed_base<29, -36, false, (ap_q_mode)5, (ap_o_mode)3, 0> const&)' into 'ap_fixed_base<30, -35, false, (ap_q_mode)5, (ap_o_mode)3, 0>::ap_fixed_base<29, -36, false, (ap_q_mode)5, (ap_o_mode)3, 0>(ap_fixed_base<29, -36, false, (ap_q_mode)5, (ap_o_mode)3, 0> const&)' (C:/Xilinx/Vitis_HLS/2022.2/common/technology/autopilot\ap_fixed_base.h:403:5)
INFO: [HLS 214-131] Inlining function 'ap_fixed_base<22, -43, false, (ap_q_mode)5, (ap_o_mode)3, 0>::operator!() const' into 'ap_fixed_base<30, -35, false, (ap_q_mode)5, (ap_o_mode)3, 0>& ap_fixed_base<30, -35, false, (ap_q_mode)5, (ap_o_mode)3, 0>::operator=<22, -43, false, (ap_q_mode)5, (ap_o_mode)3, 0>(ap_fixed_base<22, -43, false, (ap_q_mode)5, (ap_o_mode)3, 0> const&)' (C:/Xilinx/Vitis_HLS/2022.2/common/technology/autopilot\ap_fixed_base.h:808:9)
INFO: [HLS 214-131] Inlining function '_ZN8ssdm_intILi30ELb0EEC2EDq30_j' into 'ap_fixed_base<30, -35, false, (ap_q_mode)5, (ap_o_mode)3, 0>::ap_fixed_base<22, -43, false, (ap_q_mode)5, (ap_o_mode)3, 0>(ap_fixed_base<22, -43, false, (ap_q_mode)5, (ap_o_mode)3, 0> const&)' (C:/Xilinx/Vitis_HLS/2022.2/common/technology/autopilot\ap_fixed_base.h:401:80)
INFO: [HLS 214-131] Inlining function 'ap_fixed_base<30, -35, false, (ap_q_mode)5, (ap_o_mode)3, 0>& ap_fixed_base<30, -35, false, (ap_q_mode)5, (ap_o_mode)3, 0>::operator=<22, -43, false, (ap_q_mode)5, (ap_o_mode)3, 0>(ap_fixed_base<22, -43, false, (ap_q_mode)5, (ap_o_mode)3, 0> const&)' into 'ap_fixed_base<30, -35, false, (ap_q_mode)5, (ap_o_mode)3, 0>::ap_fixed_base<22, -43, false, (ap_q_mode)5, (ap_o_mode)3, 0>(ap_fixed_base<22, -43, false, (ap_q_mode)5, (ap_o_mode)3, 0> const&)' (C:/Xilinx/Vitis_HLS/2022.2/common/technology/autopilot\ap_fixed_base.h:403:5)
INFO: [HLS 214-131] Inlining function 'ap_fixed_base<30, -35, false, (ap_q_mode)5, (ap_o_mode)3, 0>::ap_fixed_base(int)' into 'ap_fixed_base<29, -36, false, (ap_q_mode)5, (ap_o_mode)3, 0>::RType<22, -43, false>::plus ap_fixed_base<29, -36, false, (ap_q_mode)5, (ap_o_mode)3, 0>::operator+<22, -43, false, (ap_q_mode)5, (ap_o_mode)3, 0>(ap_fixed_base<22, -43, false, (ap_q_mode)5, (ap_o_mode)3, 0> const&) const' (C:/Xilinx/Vitis_HLS/2022.2/common/technology/autopilot\ap_fixed_base.h:1347:325)
INFO: [HLS 214-131] Inlining function 'ap_fixed_base<30, -35, false, (ap_q_mode)5, (ap_o_mode)3, 0>::ap_fixed_base<22, -43, false, (ap_q_mode)5, (ap_o_mode)3, 0>(ap_fixed_base<22, -43, false, (ap_q_mode)5, (ap_o_mode)3, 0> const&)' into 'ap_fixed_base<29, -36, false, (ap_q_mode)5, (ap_o_mode)3, 0>::RType<22, -43, false>::plus ap_fixed_base<29, -36, false, (ap_q_mode)5, (ap_o_mode)3, 0>::operator+<22, -43, false, (ap_q_mode)5, (ap_o_mode)3, 0>(ap_fixed_base<22, -43, false, (ap_q_mode)5, (ap_o_mode)3, 0> const&) const' (C:/Xilinx/Vitis_HLS/2022.2/common/technology/autopilot\ap_fixed_base.h:1347:345)
INFO: [HLS 214-131] Inlining function 'ap_fixed_base<30, -35, false, (ap_q_mode)5, (ap_o_mode)3, 0>::ap_fixed_base<29, -36, false, (ap_q_mode)5, (ap_o_mode)3, 0>(ap_fixed_base<29, -36, false, (ap_q_mode)5, (ap_o_mode)3, 0> const&)' into 'ap_fixed_base<29, -36, false, (ap_q_mode)5, (ap_o_mode)3, 0>::RType<22, -43, false>::plus ap_fixed_base<29, -36, false, (ap_q_mode)5, (ap_o_mode)3, 0>::operator+<22, -43, false, (ap_q_mode)5, (ap_o_mode)3, 0>(ap_fixed_base<22, -43, false, (ap_q_mode)5, (ap_o_mode)3, 0> const&) const' (C:/Xilinx/Vitis_HLS/2022.2/common/technology/autopilot\ap_fixed_base.h:1347:333)
INFO: [HLS 214-131] Inlining function 'ap_fixed_base<30, -35, false, (ap_q_mode)5, (ap_o_mode)3, 0>::operator!() const' into 'ap_fixed_base<29, -36, false, (ap_q_mode)5, (ap_o_mode)3, 0>& ap_fixed_base<29, -36, false, (ap_q_mode)5, (ap_o_mode)3, 0>::operator=<30, -35, false, (ap_q_mode)5, (ap_o_mode)3, 0>(ap_fixed_base<30, -35, false, (ap_q_mode)5, (ap_o_mode)3, 0> const&)' (C:/Xilinx/Vitis_HLS/2022.2/common/technology/autopilot\ap_fixed_base.h:808:9)
INFO: [HLS 214-131] Inlining function '_ZN8ssdm_intILi29ELb0EEC2EDq29_j' into 'ap_fixed_base<29, -36, false, (ap_q_mode)5, (ap_o_mode)3, 0>::ap_fixed_base<30, -35, false, (ap_q_mode)5, (ap_o_mode)3, 0>(ap_fixed_base<30, -35, false, (ap_q_mode)5, (ap_o_mode)3, 0> const&)' (C:/Xilinx/Vitis_HLS/2022.2/common/technology/autopilot\ap_fixed_base.h:401:80)
INFO: [HLS 214-131] Inlining function 'ap_fixed_base<29, -36, false, (ap_q_mode)5, (ap_o_mode)3, 0>& ap_fixed_base<29, -36, false, (ap_q_mode)5, (ap_o_mode)3, 0>::operator=<30, -35, false, (ap_q_mode)5, (ap_o_mode)3, 0>(ap_fixed_base<30, -35, false, (ap_q_mode)5, (ap_o_mode)3, 0> const&)' into 'ap_fixed_base<29, -36, false, (ap_q_mode)5, (ap_o_mode)3, 0>::ap_fixed_base<30, -35, false, (ap_q_mode)5, (ap_o_mode)3, 0>(ap_fixed_base<30, -35, false, (ap_q_mode)5, (ap_o_mode)3, 0> const&)' (C:/Xilinx/Vitis_HLS/2022.2/common/technology/autopilot\ap_fixed_base.h:403:5)
INFO: [HLS 214-131] Inlining function 'ap_fixed_base<29, -36, false, (ap_q_mode)5, (ap_o_mode)3, 0>::ap_fixed_base<30, -35, false, (ap_q_mode)5, (ap_o_mode)3, 0>(ap_fixed_base<30, -35, false, (ap_q_mode)5, (ap_o_mode)3, 0> const&)' into 'ap_ufixed<29, -36, (ap_q_mode)5, (ap_o_mode)3, 0>::ap_ufixed<30, -35, false, (ap_q_mode)5, (ap_o_mode)3, 0>(ap_fixed_base<30, -35, false, (ap_q_mode)5, (ap_o_mode)3, 0> const&)'
INFO: [HLS 214-131] Inlining function 'ap_fixed_base<29, -36, false, (ap_q_mode)5, (ap_o_mode)3, 0>::operator!() const' into 'ap_fixed_base<32, -36, false, (ap_q_mode)5, (ap_o_mode)3, 0>& ap_fixed_base<32, -36, false, (ap_q_mode)5, (ap_o_mode)3, 0>::operator=<29, -36, false, (ap_q_mode)5, (ap_o_mode)3, 0>(ap_fixed_base<29, -36, false, (ap_q_mode)5, (ap_o_mode)3, 0> const&)' (C:/Xilinx/Vitis_HLS/2022.2/common/technology/autopilot\ap_fixed_base.h:808:9)
INFO: [HLS 214-131] Inlining function 'ssdm_int<32, false>::ssdm_int(unsigned int)' into 'ap_fixed_base<32, -36, false, (ap_q_mode)5, (ap_o_mode)3, 0>::ap_fixed_base<29, -36, false, (ap_q_mode)5, (ap_o_mode)3, 0>(ap_fixed_base<29, -36, false, (ap_q_mode)5, (ap_o_mode)3, 0> const&)' (C:/Xilinx/Vitis_HLS/2022.2/common/technology/autopilot\ap_fixed_base.h:401:80)
INFO: [HLS 214-131] Inlining function 'ap_fixed_base<32, -36, false, (ap_q_mode)5, (ap_o_mode)3, 0>& ap_fixed_base<32, -36, false, (ap_q_mode)5, (ap_o_mode)3, 0>::operator=<29, -36, false, (ap_q_mode)5, (ap_o_mode)3, 0>(ap_fixed_base<29, -36, false, (ap_q_mode)5, (ap_o_mode)3, 0> const&)' into 'ap_fixed_base<32, -36, false, (ap_q_mode)5, (ap_o_mode)3, 0>::ap_fixed_base<29, -36, false, (ap_q_mode)5, (ap_o_mode)3, 0>(ap_fixed_base<29, -36, false, (ap_q_mode)5, (ap_o_mode)3, 0> const&)' (C:/Xilinx/Vitis_HLS/2022.2/common/technology/autopilot\ap_fixed_base.h:403:5)
INFO: [HLS 214-131] Inlining function 'ap_fixed_base<32, -36, false, (ap_q_mode)5, (ap_o_mode)3, 0>::ap_fixed_base<29, -36, false, (ap_q_mode)5, (ap_o_mode)3, 0>(ap_fixed_base<29, -36, false, (ap_q_mode)5, (ap_o_mode)3, 0> const&)' into 'ap_ufixed<32, -36, (ap_q_mode)5, (ap_o_mode)3, 0>::ap_ufixed<29, -36, false, (ap_q_mode)5, (ap_o_mode)3, 0>(ap_fixed_base<29, -36, false, (ap_q_mode)5, (ap_o_mode)3, 0> const&)'
INFO: [HLS 214-131] Inlining function 'af_range_ref<32, -36, false, (ap_q_mode)5, (ap_o_mode)3, 0>::af_range_ref(ap_fixed_base<32, -36, false, (ap_q_mode)5, (ap_o_mode)3, 0>*, int, int)' into 'ap_fixed_base<32, -36, false, (ap_q_mode)5, (ap_o_mode)3, 0>::range(int, int)' (C:/Xilinx/Vitis_HLS/2022.2/common/technology/autopilot\ap_fixed_base.h:1746:12)
INFO: [HLS 214-131] Inlining function 'ap_fixed_base<32, -36, false, (ap_q_mode)5, (ap_o_mode)3, 0>::range(int, int)' into 'ap_fixed_base<32, -36, false, (ap_q_mode)5, (ap_o_mode)3, 0>::operator()(int, int)' (C:/Xilinx/Vitis_HLS/2022.2/common/technology/autopilot\ap_fixed_base.h:1785:18)
INFO: [HLS 214-131] Inlining function 'ap_int_base<31, false>::ap_int_base<31, -37, false, (ap_q_mode)5, (ap_o_mode)3, 0>(af_range_ref<31, -37, false, (ap_q_mode)5, (ap_o_mode)3, 0> const&)' into 'af_range_ref<32, -36, false, (ap_q_mode)5, (ap_o_mode)3, 0>& af_range_ref<32, -36, false, (ap_q_mode)5, (ap_o_mode)3, 0>::operator=<31, -37, false, (ap_q_mode)5, (ap_o_mode)3, 0>(af_range_ref<31, -37, false, (ap_q_mode)5, (ap_o_mode)3, 0> const&)' (C:/Xilinx/Vitis_HLS/2022.2/common/technology/autopilot\ap_fixed_ref.h:335:32)
INFO: [HLS 214-131] Inlining function 'af_range_ref<32, -36, false, (ap_q_mode)5, (ap_o_mode)3, 0>& af_range_ref<32, -36, false, (ap_q_mode)5, (ap_o_mode)3, 0>::operator=<31, false>(ap_int_base<31, false> const&)' into 'af_range_ref<32, -36, false, (ap_q_mode)5, (ap_o_mode)3, 0>& af_range_ref<32, -36, false, (ap_q_mode)5, (ap_o_mode)3, 0>::operator=<31, -37, false, (ap_q_mode)5, (ap_o_mode)3, 0>(af_range_ref<31, -37, false, (ap_q_mode)5, (ap_o_mode)3, 0> const&)' (C:/Xilinx/Vitis_HLS/2022.2/common/technology/autopilot\ap_fixed_ref.h:336:12)
INFO: [HLS 214-131] Inlining function 'ap_fixed_base<32, 32, true, (ap_q_mode)5, (ap_o_mode)3, 0>::operator!() const' into 'ap_fixed_base<50, -18, false, (ap_q_mode)5, (ap_o_mode)3, 0>& ap_fixed_base<50, -18, false, (ap_q_mode)5, (ap_o_mode)3, 0>::operator=<32, 32, true, (ap_q_mode)5, (ap_o_mode)3, 0>(ap_fixed_base<32, 32, true, (ap_q_mode)5, (ap_o_mode)3, 0> const&)' (C:/Xilinx/Vitis_HLS/2022.2/common/technology/autopilot\ap_fixed_base.h:808:9)
INFO: [HLS 214-131] Inlining function 'ap_fixed_base<50, -18, false, (ap_q_mode)5, (ap_o_mode)3, 0>& ap_fixed_base<50, -18, false, (ap_q_mode)5, (ap_o_mode)3, 0>::operator=<32, 32, true, (ap_q_mode)5, (ap_o_mode)3, 0>(ap_fixed_base<32, 32, true, (ap_q_mode)5, (ap_o_mode)3, 0> const&)' into 'ap_fixed_base<50, -18, false, (ap_q_mode)5, (ap_o_mode)3, 0>::ap_fixed_base(int)' (C:/Xilinx/Vitis_HLS/2022.2/common/technology/autopilot\ap_fixed_base.h:530:146)
INFO: [HLS 214-131] Inlining function 'ap_fixed_base<50, -18, false, (ap_q_mode)5, (ap_o_mode)3, 0>::ap_fixed_base(int)' into 'ap_ufixed<50, -18, (ap_q_mode)5, (ap_o_mode)3, 0>::ap_ufixed(int)'
INFO: [HLS 214-131] Inlining function 'af_range_ref<50, -18, false, (ap_q_mode)5, (ap_o_mode)3, 0>::af_range_ref(ap_fixed_base<50, -18, false, (ap_q_mode)5, (ap_o_mode)3, 0>*, int, int)' into 'ap_fixed_base<50, -18, false, (ap_q_mode)5, (ap_o_mode)3, 0>::range(int, int)' (C:/Xilinx/Vitis_HLS/2022.2/common/technology/autopilot\ap_fixed_base.h:1746:12)
INFO: [HLS 214-131] Inlining function 'ap_fixed_base<50, -18, false, (ap_q_mode)5, (ap_o_mode)3, 0>::range(int, int)' into 'ap_fixed_base<50, -18, false, (ap_q_mode)5, (ap_o_mode)3, 0>::operator()(int, int)' (C:/Xilinx/Vitis_HLS/2022.2/common/technology/autopilot\ap_fixed_base.h:1785:18)
INFO: [HLS 214-131] Inlining function 'ap_int_base<65, false>::ap_int_base<65, 33, true, (ap_q_mode)5, (ap_o_mode)3, 0>(af_range_ref<65, 33, true, (ap_q_mode)5, (ap_o_mode)3, 0> const&)' into 'af_range_ref<50, -18, false, (ap_q_mode)5, (ap_o_mode)3, 0>& af_range_ref<50, -18, false, (ap_q_mode)5, (ap_o_mode)3, 0>::operator=<65, 33, true, (ap_q_mode)5, (ap_o_mode)3, 0>(af_range_ref<65, 33, true, (ap_q_mode)5, (ap_o_mode)3, 0> const&)' (C:/Xilinx/Vitis_HLS/2022.2/common/technology/autopilot\ap_fixed_ref.h:335:32)
INFO: [HLS 214-131] Inlining function 'af_range_ref<50, -18, false, (ap_q_mode)5, (ap_o_mode)3, 0>& af_range_ref<50, -18, false, (ap_q_mode)5, (ap_o_mode)3, 0>::operator=<65, false>(ap_int_base<65, false> const&)' into 'af_range_ref<50, -18, false, (ap_q_mode)5, (ap_o_mode)3, 0>& af_range_ref<50, -18, false, (ap_q_mode)5, (ap_o_mode)3, 0>::operator=<65, 33, true, (ap_q_mode)5, (ap_o_mode)3, 0>(af_range_ref<65, 33, true, (ap_q_mode)5, (ap_o_mode)3, 0> const&)' (C:/Xilinx/Vitis_HLS/2022.2/common/technology/autopilot\ap_fixed_ref.h:336:12)
INFO: [HLS 214-131] Inlining function 'af_range_ref<32, -36, false, (ap_q_mode)5, (ap_o_mode)3, 0>::get() const' into 'ap_int_base<32, false>::ap_int_base<32, -36, false, (ap_q_mode)5, (ap_o_mode)3, 0>(af_range_ref<32, -36, false, (ap_q_mode)5, (ap_o_mode)3, 0> const&)' (C:/Xilinx/Vitis_HLS/2022.2/common/technology/autopilot\ap_int_base.h:403:20)
INFO: [HLS 214-131] Inlining function 'ap_int_base<32, false>::ap_int_base<32, -36, false, (ap_q_mode)5, (ap_o_mode)3, 0>(af_range_ref<32, -36, false, (ap_q_mode)5, (ap_o_mode)3, 0> const&)' into 'af_range_ref<50, -18, false, (ap_q_mode)5, (ap_o_mode)3, 0>& af_range_ref<50, -18, false, (ap_q_mode)5, (ap_o_mode)3, 0>::operator=<32, -36, false, (ap_q_mode)5, (ap_o_mode)3, 0>(af_range_ref<32, -36, false, (ap_q_mode)5, (ap_o_mode)3, 0> const&)' (C:/Xilinx/Vitis_HLS/2022.2/common/technology/autopilot\ap_fixed_ref.h:335:32)
INFO: [HLS 214-131] Inlining function 'af_range_ref<50, -18, false, (ap_q_mode)5, (ap_o_mode)3, 0>& af_range_ref<50, -18, false, (ap_q_mode)5, (ap_o_mode)3, 0>::operator=<32, false>(ap_int_base<32, false> const&)' into 'af_range_ref<50, -18, false, (ap_q_mode)5, (ap_o_mode)3, 0>& af_range_ref<50, -18, false, (ap_q_mode)5, (ap_o_mode)3, 0>::operator=<32, -36, false, (ap_q_mode)5, (ap_o_mode)3, 0>(af_range_ref<32, -36, false, (ap_q_mode)5, (ap_o_mode)3, 0> const&)' (C:/Xilinx/Vitis_HLS/2022.2/common/technology/autopilot\ap_fixed_ref.h:336:12)
INFO: [HLS 214-131] Inlining function 'ap_fixed_base<51, -21, false, (ap_q_mode)5, (ap_o_mode)3, 0>::ap_fixed_base(char const*)' into 'ap_ufixed<51, -21, (ap_q_mode)5, (ap_o_mode)3, 0>::ap_ufixed(char const*)'
INFO: [HLS 214-131] Inlining function 'ap_fixed_base<32, 32, true, (ap_q_mode)5, (ap_o_mode)3, 0>::operator!() const' into 'ap_fixed_base<62, -10, false, (ap_q_mode)5, (ap_o_mode)3, 0>& ap_fixed_base<62, -10, false, (ap_q_mode)5, (ap_o_mode)3, 0>::operator=<32, 32, true, (ap_q_mode)5, (ap_o_mode)3, 0>(ap_fixed_base<32, 32, true, (ap_q_mode)5, (ap_o_mode)3, 0> const&)' (C:/Xilinx/Vitis_HLS/2022.2/common/technology/autopilot\ap_fixed_base.h:808:9)
INFO: [HLS 214-131] Inlining function 'ap_fixed_base<62, -10, false, (ap_q_mode)5, (ap_o_mode)3, 0>& ap_fixed_base<62, -10, false, (ap_q_mode)5, (ap_o_mode)3, 0>::operator=<32, 32, true, (ap_q_mode)5, (ap_o_mode)3, 0>(ap_fixed_base<32, 32, true, (ap_q_mode)5, (ap_o_mode)3, 0> const&)' into 'ap_fixed_base<62, -10, false, (ap_q_mode)5, (ap_o_mode)3, 0>::ap_fixed_base(int)' (C:/Xilinx/Vitis_HLS/2022.2/common/technology/autopilot\ap_fixed_base.h:530:146)
INFO: [HLS 214-131] Inlining function 'ap_fixed_base<62, -10, false, (ap_q_mode)5, (ap_o_mode)3, 0>::ap_fixed_base(int)' into 'ap_ufixed<62, -10, (ap_q_mode)5, (ap_o_mode)3, 0>::ap_ufixed(int)'
INFO: [HLS 214-131] Inlining function 'af_range_ref<8, -10, false, (ap_q_mode)5, (ap_o_mode)3, 0>::af_range_ref(ap_fixed_base<8, -10, false, (ap_q_mode)5, (ap_o_mode)3, 0>*, int, int)' into 'ap_fixed_base<8, -10, false, (ap_q_mode)5, (ap_o_mode)3, 0>::range(int, int)' (C:/Xilinx/Vitis_HLS/2022.2/common/technology/autopilot\ap_fixed_base.h:1746:12)
INFO: [HLS 214-131] Inlining function 'ap_fixed_base<8, -10, false, (ap_q_mode)5, (ap_o_mode)3, 0>::range(int, int)' into 'ap_fixed_base<8, -10, false, (ap_q_mode)5, (ap_o_mode)3, 0>::operator()(int, int)' (C:/Xilinx/Vitis_HLS/2022.2/common/technology/autopilot\ap_fixed_base.h:1785:18)
INFO: [HLS 214-131] Inlining function 'af_range_ref<62, -10, false, (ap_q_mode)5, (ap_o_mode)3, 0>::af_range_ref(ap_fixed_base<62, -10, false, (ap_q_mode)5, (ap_o_mode)3, 0>*, int, int)' into 'ap_fixed_base<62, -10, false, (ap_q_mode)5, (ap_o_mode)3, 0>::range(int, int)' (C:/Xilinx/Vitis_HLS/2022.2/common/technology/autopilot\ap_fixed_base.h:1746:12)
INFO: [HLS 214-131] Inlining function 'ap_fixed_base<62, -10, false, (ap_q_mode)5, (ap_o_mode)3, 0>::range(int, int)' into 'ap_fixed_base<62, -10, false, (ap_q_mode)5, (ap_o_mode)3, 0>::operator()(int, int)' (C:/Xilinx/Vitis_HLS/2022.2/common/technology/autopilot\ap_fixed_base.h:1785:18)
INFO: [HLS 214-131] Inlining function 'af_range_ref<8, -10, false, (ap_q_mode)5, (ap_o_mode)3, 0>::get() const' into 'ap_int_base<8, false>::ap_int_base<8, -10, false, (ap_q_mode)5, (ap_o_mode)3, 0>(af_range_ref<8, -10, false, (ap_q_mode)5, (ap_o_mode)3, 0> const&)' (C:/Xilinx/Vitis_HLS/2022.2/common/technology/autopilot\ap_int_base.h:403:20)
INFO: [HLS 214-131] Inlining function 'ap_int_base<8, false>::ap_int_base<8, -10, false, (ap_q_mode)5, (ap_o_mode)3, 0>(af_range_ref<8, -10, false, (ap_q_mode)5, (ap_o_mode)3, 0> const&)' into 'af_range_ref<62, -10, false, (ap_q_mode)5, (ap_o_mode)3, 0>& af_range_ref<62, -10, false, (ap_q_mode)5, (ap_o_mode)3, 0>::operator=<8, -10, false, (ap_q_mode)5, (ap_o_mode)3, 0>(af_range_ref<8, -10, false, (ap_q_mode)5, (ap_o_mode)3, 0> const&)' (C:/Xilinx/Vitis_HLS/2022.2/common/technology/autopilot\ap_fixed_ref.h:335:32)
INFO: [HLS 214-131] Inlining function 'af_range_ref<62, -10, false, (ap_q_mode)5, (ap_o_mode)3, 0>& af_range_ref<62, -10, false, (ap_q_mode)5, (ap_o_mode)3, 0>::operator=<8, false>(ap_int_base<8, false> const&)' into 'af_range_ref<62, -10, false, (ap_q_mode)5, (ap_o_mode)3, 0>& af_range_ref<62, -10, false, (ap_q_mode)5, (ap_o_mode)3, 0>::operator=<8, -10, false, (ap_q_mode)5, (ap_o_mode)3, 0>(af_range_ref<8, -10, false, (ap_q_mode)5, (ap_o_mode)3, 0> const&)' (C:/Xilinx/Vitis_HLS/2022.2/common/technology/autopilot\ap_fixed_ref.h:336:12)
INFO: [HLS 214-131] Inlining function 'af_range_ref<51, -21, false, (ap_q_mode)5, (ap_o_mode)3, 0>::af_range_ref(ap_fixed_base<51, -21, false, (ap_q_mode)5, (ap_o_mode)3, 0>*, int, int)' into 'ap_fixed_base<51, -21, false, (ap_q_mode)5, (ap_o_mode)3, 0>::range(int, int)' (C:/Xilinx/Vitis_HLS/2022.2/common/technology/autopilot\ap_fixed_base.h:1746:12)
INFO: [HLS 214-131] Inlining function 'ap_fixed_base<51, -21, false, (ap_q_mode)5, (ap_o_mode)3, 0>::range(int, int)' into 'ap_fixed_base<51, -21, false, (ap_q_mode)5, (ap_o_mode)3, 0>::operator()(int, int)' (C:/Xilinx/Vitis_HLS/2022.2/common/technology/autopilot\ap_fixed_base.h:1785:18)
INFO: [HLS 214-131] Inlining function 'af_range_ref<51, -21, false, (ap_q_mode)5, (ap_o_mode)3, 0>::get() const' into 'ap_int_base<51, false>::ap_int_base<51, -21, false, (ap_q_mode)5, (ap_o_mode)3, 0>(af_range_ref<51, -21, false, (ap_q_mode)5, (ap_o_mode)3, 0> const&)' (C:/Xilinx/Vitis_HLS/2022.2/common/technology/autopilot\ap_int_base.h:403:20)
INFO: [HLS 214-131] Inlining function 'ap_int_base<51, false>::ap_int_base<51, -21, false, (ap_q_mode)5, (ap_o_mode)3, 0>(af_range_ref<51, -21, false, (ap_q_mode)5, (ap_o_mode)3, 0> const&)' into 'af_range_ref<62, -10, false, (ap_q_mode)5, (ap_o_mode)3, 0>& af_range_ref<62, -10, false, (ap_q_mode)5, (ap_o_mode)3, 0>::operator=<51, -21, false, (ap_q_mode)5, (ap_o_mode)3, 0>(af_range_ref<51, -21, false, (ap_q_mode)5, (ap_o_mode)3, 0> const&)' (C:/Xilinx/Vitis_HLS/2022.2/common/technology/autopilot\ap_fixed_ref.h:335:32)
INFO: [HLS 214-131] Inlining function 'af_range_ref<62, -10, false, (ap_q_mode)5, (ap_o_mode)3, 0>& af_range_ref<62, -10, false, (ap_q_mode)5, (ap_o_mode)3, 0>::operator=<51, false>(ap_int_base<51, false> const&)' into 'af_range_ref<62, -10, false, (ap_q_mode)5, (ap_o_mode)3, 0>& af_range_ref<62, -10, false, (ap_q_mode)5, (ap_o_mode)3, 0>::operator=<51, -21, false, (ap_q_mode)5, (ap_o_mode)3, 0>(af_range_ref<51, -21, false, (ap_q_mode)5, (ap_o_mode)3, 0> const&)' (C:/Xilinx/Vitis_HLS/2022.2/common/technology/autopilot\ap_fixed_ref.h:336:12)
INFO: [HLS 214-131] Inlining function 'ap_fixed_base<62, -10, false, (ap_q_mode)5, (ap_o_mode)3, 0>::operator!() const' into 'ap_fixed_base<50, -10, false, (ap_q_mode)5, (ap_o_mode)3, 0>& ap_fixed_base<50, -10, false, (ap_q_mode)5, (ap_o_mode)3, 0>::operator=<62, -10, false, (ap_q_mode)5, (ap_o_mode)3, 0>(ap_fixed_base<62, -10, false, (ap_q_mode)5, (ap_o_mode)3, 0> const&)' (C:/Xilinx/Vitis_HLS/2022.2/common/technology/autopilot\ap_fixed_base.h:808:9)
INFO: [HLS 214-131] Inlining function '_ZN8ssdm_intILi50ELb0EEC2EDq50_j' into 'ap_fixed_base<50, -10, false, (ap_q_mode)5, (ap_o_mode)3, 0>::ap_fixed_base<62, -10, false, (ap_q_mode)5, (ap_o_mode)3, 0>(ap_fixed_base<62, -10, false, (ap_q_mode)5, (ap_o_mode)3, 0> const&)' (C:/Xilinx/Vitis_HLS/2022.2/common/technology/autopilot\ap_fixed_base.h:401:80)
INFO: [HLS 214-131] Inlining function 'ap_fixed_base<50, -10, false, (ap_q_mode)5, (ap_o_mode)3, 0>& ap_fixed_base<50, -10, false, (ap_q_mode)5, (ap_o_mode)3, 0>::operator=<62, -10, false, (ap_q_mode)5, (ap_o_mode)3, 0>(ap_fixed_base<62, -10, false, (ap_q_mode)5, (ap_o_mode)3, 0> const&)' into 'ap_fixed_base<50, -10, false, (ap_q_mode)5, (ap_o_mode)3, 0>::ap_fixed_base<62, -10, false, (ap_q_mode)5, (ap_o_mode)3, 0>(ap_fixed_base<62, -10, false, (ap_q_mode)5, (ap_o_mode)3, 0> const&)' (C:/Xilinx/Vitis_HLS/2022.2/common/technology/autopilot\ap_fixed_base.h:403:5)
INFO: [HLS 214-131] Inlining function 'ap_fixed_base<50, -10, false, (ap_q_mode)5, (ap_o_mode)3, 0>::ap_fixed_base<62, -10, false, (ap_q_mode)5, (ap_o_mode)3, 0>(ap_fixed_base<62, -10, false, (ap_q_mode)5, (ap_o_mode)3, 0> const&)' into 'ap_ufixed<50, -10, (ap_q_mode)5, (ap_o_mode)3, 0>::ap_ufixed<62, -10, false, (ap_q_mode)5, (ap_o_mode)3, 0>(ap_fixed_base<62, -10, false, (ap_q_mode)5, (ap_o_mode)3, 0> const&)'
INFO: [HLS 214-131] Inlining function 'ap_fixed_base<32, 32, true, (ap_q_mode)5, (ap_o_mode)3, 0>::operator!() const' into 'ap_fixed_base<100, -28, false, (ap_q_mode)5, (ap_o_mode)3, 0>& ap_fixed_base<100, -28, false, (ap_q_mode)5, (ap_o_mode)3, 0>::operator=<32, 32, true, (ap_q_mode)5, (ap_o_mode)3, 0>(ap_fixed_base<32, 32, true, (ap_q_mode)5, (ap_o_mode)3, 0> const&)' (C:/Xilinx/Vitis_HLS/2022.2/common/technology/autopilot\ap_fixed_base.h:808:9)
INFO: [HLS 214-131] Inlining function 'ap_fixed_base<100, -28, false, (ap_q_mode)5, (ap_o_mode)3, 0>& ap_fixed_base<100, -28, false, (ap_q_mode)5, (ap_o_mode)3, 0>::operator=<32, 32, true, (ap_q_mode)5, (ap_o_mode)3, 0>(ap_fixed_base<32, 32, true, (ap_q_mode)5, (ap_o_mode)3, 0> const&)' into 'ap_fixed_base<100, -28, false, (ap_q_mode)5, (ap_o_mode)3, 0>::ap_fixed_base(int)' (C:/Xilinx/Vitis_HLS/2022.2/common/technology/autopilot\ap_fixed_base.h:530:146)
INFO: [HLS 214-131] Inlining function 'ap_fixed_base<100, -28, false, (ap_q_mode)5, (ap_o_mode)3, 0>::ap_fixed_base(int)' into 'ap_fixed_base<50, -10, false, (ap_q_mode)5, (ap_o_mode)3, 0>::RType<50, -18, false>::mult ap_fixed_base<50, -10, false, (ap_q_mode)5, (ap_o_mode)3, 0>::operator*<50, -18, false, (ap_q_mode)5, (ap_o_mode)3, 0>(ap_fixed_base<50, -18, false, (ap_q_mode)5, (ap_o_mode)3, 0> const&) const' (C:/Xilinx/Vitis_HLS/2022.2/common/technology/autopilot\ap_fixed_base.h:1270:55)
INFO: [HLS 214-131] Inlining function 'ap_fixed_base<100, -28, false, (ap_q_mode)5, (ap_o_mode)3, 0>::ap_fixed_base(int)' into 'ap_fixed_base<50, -10, false, (ap_q_mode)5, (ap_o_mode)3, 0>::RType<50, -18, false>::mult ap_fixed_base<50, -10, false, (ap_q_mode)5, (ap_o_mode)3, 0>::operator*<50, -18, false, (ap_q_mode)5, (ap_o_mode)3, 0>(ap_fixed_base<50, -18, false, (ap_q_mode)5, (ap_o_mode)3, 0> const&) const' (C:/Xilinx/Vitis_HLS/2022.2/common/technology/autopilot\ap_fixed_base.h:1270:61)
INFO: [HLS 214-131] Inlining function 'ap_fixed_base<100, -28, false, (ap_q_mode)5, (ap_o_mode)3, 0>::operator!() const' into 'ap_fixed_base<44, -28, false, (ap_q_mode)5, (ap_o_mode)3, 0>& ap_fixed_base<44, -28, false, (ap_q_mode)5, (ap_o_mode)3, 0>::operator=<100, -28, false, (ap_q_mode)5, (ap_o_mode)3, 0>(ap_fixed_base<100, -28, false, (ap_q_mode)5, (ap_o_mode)3, 0> const&)' (C:/Xilinx/Vitis_HLS/2022.2/common/technology/autopilot\ap_fixed_base.h:808:9)
INFO: [HLS 214-131] Inlining function '_ZN8ssdm_intILi44ELb0EEC2EDq44_j' into 'ap_fixed_base<44, -28, false, (ap_q_mode)5, (ap_o_mode)3, 0>::ap_fixed_base<100, -28, false, (ap_q_mode)5, (ap_o_mode)3, 0>(ap_fixed_base<100, -28, false, (ap_q_mode)5, (ap_o_mode)3, 0> const&)' (C:/Xilinx/Vitis_HLS/2022.2/common/technology/autopilot\ap_fixed_base.h:401:80)
INFO: [HLS 214-131] Inlining function 'ap_fixed_base<44, -28, false, (ap_q_mode)5, (ap_o_mode)3, 0>& ap_fixed_base<44, -28, false, (ap_q_mode)5, (ap_o_mode)3, 0>::operator=<100, -28, false, (ap_q_mode)5, (ap_o_mode)3, 0>(ap_fixed_base<100, -28, false, (ap_q_mode)5, (ap_o_mode)3, 0> const&)' into 'ap_fixed_base<44, -28, false, (ap_q_mode)5, (ap_o_mode)3, 0>::ap_fixed_base<100, -28, false, (ap_q_mode)5, (ap_o_mode)3, 0>(ap_fixed_base<100, -28, false, (ap_q_mode)5, (ap_o_mode)3, 0> const&)' (C:/Xilinx/Vitis_HLS/2022.2/common/technology/autopilot\ap_fixed_base.h:403:5)
INFO: [HLS 214-131] Inlining function 'ap_fixed_base<44, -28, false, (ap_q_mode)5, (ap_o_mode)3, 0>::ap_fixed_base<100, -28, false, (ap_q_mode)5, (ap_o_mode)3, 0>(ap_fixed_base<100, -28, false, (ap_q_mode)5, (ap_o_mode)3, 0> const&)' into 'ap_ufixed<44, -28, (ap_q_mode)5, (ap_o_mode)3, 0>::ap_ufixed<100, -28, false, (ap_q_mode)5, (ap_o_mode)3, 0>(ap_fixed_base<100, -28, false, (ap_q_mode)5, (ap_o_mode)3, 0> const&)'
INFO: [HLS 214-131] Inlining function 'ap_fixed_base<32, 32, true, (ap_q_mode)5, (ap_o_mode)3, 0>::operator!() const' into 'ap_fixed_base<63, -9, false, (ap_q_mode)5, (ap_o_mode)3, 0>& ap_fixed_base<63, -9, false, (ap_q_mode)5, (ap_o_mode)3, 0>::operator=<32, 32, true, (ap_q_mode)5, (ap_o_mode)3, 0>(ap_fixed_base<32, 32, true, (ap_q_mode)5, (ap_o_mode)3, 0> const&)' (C:/Xilinx/Vitis_HLS/2022.2/common/technology/autopilot\ap_fixed_base.h:808:9)
INFO: [HLS 214-131] Inlining function 'ap_fixed_base<63, -9, false, (ap_q_mode)5, (ap_o_mode)3, 0>& ap_fixed_base<63, -9, false, (ap_q_mode)5, (ap_o_mode)3, 0>::operator=<32, 32, true, (ap_q_mode)5, (ap_o_mode)3, 0>(ap_fixed_base<32, 32, true, (ap_q_mode)5, (ap_o_mode)3, 0> const&)' into 'ap_fixed_base<63, -9, false, (ap_q_mode)5, (ap_o_mode)3, 0>::ap_fixed_base(int)' (C:/Xilinx/Vitis_HLS/2022.2/common/technology/autopilot\ap_fixed_base.h:530:146)
INFO: [HLS 214-131] Inlining function 'ap_fixed_base<44, -28, false, (ap_q_mode)5, (ap_o_mode)3, 0>::operator!() const' into 'ap_fixed_base<63, -9, false, (ap_q_mode)5, (ap_o_mode)3, 0>& ap_fixed_base<63, -9, false, (ap_q_mode)5, (ap_o_mode)3, 0>::operator=<44, -28, false, (ap_q_mode)5, (ap_o_mode)3, 0>(ap_fixed_base<44, -28, false, (ap_q_mode)5, (ap_o_mode)3, 0> const&)' (C:/Xilinx/Vitis_HLS/2022.2/common/technology/autopilot\ap_fixed_base.h:808:9)
INFO: [HLS 214-131] Inlining function '_ZN8ssdm_intILi63ELb0EEC2EDq63_j' into 'ap_fixed_base<63, -9, false, (ap_q_mode)5, (ap_o_mode)3, 0>::ap_fixed_base<44, -28, false, (ap_q_mode)5, (ap_o_mode)3, 0>(ap_fixed_base<44, -28, false, (ap_q_mode)5, (ap_o_mode)3, 0> const&)' (C:/Xilinx/Vitis_HLS/2022.2/common/technology/autopilot\ap_fixed_base.h:401:80)
INFO: [HLS 214-131] Inlining function 'ap_fixed_base<63, -9, false, (ap_q_mode)5, (ap_o_mode)3, 0>& ap_fixed_base<63, -9, false, (ap_q_mode)5, (ap_o_mode)3, 0>::operator=<44, -28, false, (ap_q_mode)5, (ap_o_mode)3, 0>(ap_fixed_base<44, -28, false, (ap_q_mode)5, (ap_o_mode)3, 0> const&)' into 'ap_fixed_base<63, -9, false, (ap_q_mode)5, (ap_o_mode)3, 0>::ap_fixed_base<44, -28, false, (ap_q_mode)5, (ap_o_mode)3, 0>(ap_fixed_base<44, -28, false, (ap_q_mode)5, (ap_o_mode)3, 0> const&)' (C:/Xilinx/Vitis_HLS/2022.2/common/technology/autopilot\ap_fixed_base.h:403:5)
INFO: [HLS 214-131] Inlining function 'ap_fixed_base<62, -10, false, (ap_q_mode)5, (ap_o_mode)3, 0>::operator!() const' into 'ap_fixed_base<63, -9, false, (ap_q_mode)5, (ap_o_mode)3, 0>& ap_fixed_base<63, -9, false, (ap_q_mode)5, (ap_o_mode)3, 0>::operator=<62, -10, false, (ap_q_mode)5, (ap_o_mode)3, 0>(ap_fixed_base<62, -10, false, (ap_q_mode)5, (ap_o_mode)3, 0> const&)' (C:/Xilinx/Vitis_HLS/2022.2/common/technology/autopilot\ap_fixed_base.h:808:9)
INFO: [HLS 214-131] Inlining function '_ZN8ssdm_intILi63ELb0EEC2EDq63_j' into 'ap_fixed_base<63, -9, false, (ap_q_mode)5, (ap_o_mode)3, 0>::ap_fixed_base<62, -10, false, (ap_q_mode)5, (ap_o_mode)3, 0>(ap_fixed_base<62, -10, false, (ap_q_mode)5, (ap_o_mode)3, 0> const&)' (C:/Xilinx/Vitis_HLS/2022.2/common/technology/autopilot\ap_fixed_base.h:401:80)
INFO: [HLS 214-131] Inlining function 'ap_fixed_base<63, -9, false, (ap_q_mode)5, (ap_o_mode)3, 0>& ap_fixed_base<63, -9, false, (ap_q_mode)5, (ap_o_mode)3, 0>::operator=<62, -10, false, (ap_q_mode)5, (ap_o_mode)3, 0>(ap_fixed_base<62, -10, false, (ap_q_mode)5, (ap_o_mode)3, 0> const&)' into 'ap_fixed_base<63, -9, false, (ap_q_mode)5, (ap_o_mode)3, 0>::ap_fixed_base<62, -10, false, (ap_q_mode)5, (ap_o_mode)3, 0>(ap_fixed_base<62, -10, false, (ap_q_mode)5, (ap_o_mode)3, 0> const&)' (C:/Xilinx/Vitis_HLS/2022.2/common/technology/autopilot\ap_fixed_base.h:403:5)
INFO: [HLS 214-131] Inlining function 'ap_fixed_base<63, -9, false, (ap_q_mode)5, (ap_o_mode)3, 0>::ap_fixed_base(int)' into 'ap_fixed_base<44, -28, false, (ap_q_mode)5, (ap_o_mode)3, 0>::RType<62, -10, false>::plus ap_fixed_base<44, -28, false, (ap_q_mode)5, (ap_o_mode)3, 0>::operator+<62, -10, false, (ap_q_mode)5, (ap_o_mode)3, 0>(ap_fixed_base<62, -10, false, (ap_q_mode)5, (ap_o_mode)3, 0> const&) const' (C:/Xilinx/Vitis_HLS/2022.2/common/technology/autopilot\ap_fixed_base.h:1347:325)
INFO: [HLS 214-131] Inlining function 'ap_fixed_base<63, -9, false, (ap_q_mode)5, (ap_o_mode)3, 0>::ap_fixed_base<62, -10, false, (ap_q_mode)5, (ap_o_mode)3, 0>(ap_fixed_base<62, -10, false, (ap_q_mode)5, (ap_o_mode)3, 0> const&)' into 'ap_fixed_base<44, -28, false, (ap_q_mode)5, (ap_o_mode)3, 0>::RType<62, -10, false>::plus ap_fixed_base<44, -28, false, (ap_q_mode)5, (ap_o_mode)3, 0>::operator+<62, -10, false, (ap_q_mode)5, (ap_o_mode)3, 0>(ap_fixed_base<62, -10, false, (ap_q_mode)5, (ap_o_mode)3, 0> const&) const' (C:/Xilinx/Vitis_HLS/2022.2/common/technology/autopilot\ap_fixed_base.h:1347:345)
INFO: [HLS 214-131] Inlining function 'ap_fixed_base<63, -9, false, (ap_q_mode)5, (ap_o_mode)3, 0>::ap_fixed_base<44, -28, false, (ap_q_mode)5, (ap_o_mode)3, 0>(ap_fixed_base<44, -28, false, (ap_q_mode)5, (ap_o_mode)3, 0> const&)' into 'ap_fixed_base<44, -28, false, (ap_q_mode)5, (ap_o_mode)3, 0>::RType<62, -10, false>::plus ap_fixed_base<44, -28, false, (ap_q_mode)5, (ap_o_mode)3, 0>::operator+<62, -10, false, (ap_q_mode)5, (ap_o_mode)3, 0>(ap_fixed_base<62, -10, false, (ap_q_mode)5, (ap_o_mode)3, 0> const&) const' (C:/Xilinx/Vitis_HLS/2022.2/common/technology/autopilot\ap_fixed_base.h:1347:333)
INFO: [HLS 214-131] Inlining function 'ap_fixed_base<32, 32, true, (ap_q_mode)5, (ap_o_mode)3, 0>::operator!() const' into 'ap_fixed_base<64, -8, false, (ap_q_mode)5, (ap_o_mode)3, 0>& ap_fixed_base<64, -8, false, (ap_q_mode)5, (ap_o_mode)3, 0>::operator=<32, 32, true, (ap_q_mode)5, (ap_o_mode)3, 0>(ap_fixed_base<32, 32, true, (ap_q_mode)5, (ap_o_mode)3, 0> const&)' (C:/Xilinx/Vitis_HLS/2022.2/common/technology/autopilot\ap_fixed_base.h:808:9)
INFO: [HLS 214-131] Inlining function 'ap_fixed_base<64, -8, false, (ap_q_mode)5, (ap_o_mode)3, 0>& ap_fixed_base<64, -8, false, (ap_q_mode)5, (ap_o_mode)3, 0>::operator=<32, 32, true, (ap_q_mode)5, (ap_o_mode)3, 0>(ap_fixed_base<32, 32, true, (ap_q_mode)5, (ap_o_mode)3, 0> const&)' into 'ap_fixed_base<64, -8, false, (ap_q_mode)5, (ap_o_mode)3, 0>::ap_fixed_base(int)' (C:/Xilinx/Vitis_HLS/2022.2/common/technology/autopilot\ap_fixed_base.h:530:146)
INFO: [HLS 214-131] Inlining function 'ap_fixed_base<63, -9, false, (ap_q_mode)5, (ap_o_mode)3, 0>::operator!() const' into 'ap_fixed_base<64, -8, false, (ap_q_mode)5, (ap_o_mode)3, 0>& ap_fixed_base<64, -8, false, (ap_q_mode)5, (ap_o_mode)3, 0>::operator=<63, -9, false, (ap_q_mode)5, (ap_o_mode)3, 0>(ap_fixed_base<63, -9, false, (ap_q_mode)5, (ap_o_mode)3, 0> const&)' (C:/Xilinx/Vitis_HLS/2022.2/common/technology/autopilot\ap_fixed_base.h:808:9)
INFO: [HLS 214-131] Inlining function 'ssdm_int<64, false>::ssdm_int(unsigned long)' into 'ap_fixed_base<64, -8, false, (ap_q_mode)5, (ap_o_mode)3, 0>::ap_fixed_base<63, -9, false, (ap_q_mode)5, (ap_o_mode)3, 0>(ap_fixed_base<63, -9, false, (ap_q_mode)5, (ap_o_mode)3, 0> const&)' (C:/Xilinx/Vitis_HLS/2022.2/common/technology/autopilot\ap_fixed_base.h:401:80)
INFO: [HLS 214-131] Inlining function 'ap_fixed_base<64, -8, false, (ap_q_mode)5, (ap_o_mode)3, 0>& ap_fixed_base<64, -8, false, (ap_q_mode)5, (ap_o_mode)3, 0>::operator=<63, -9, false, (ap_q_mode)5, (ap_o_mode)3, 0>(ap_fixed_base<63, -9, false, (ap_q_mode)5, (ap_o_mode)3, 0> const&)' into 'ap_fixed_base<64, -8, false, (ap_q_mode)5, (ap_o_mode)3, 0>::ap_fixed_base<63, -9, false, (ap_q_mode)5, (ap_o_mode)3, 0>(ap_fixed_base<63, -9, false, (ap_q_mode)5, (ap_o_mode)3, 0> const&)' (C:/Xilinx/Vitis_HLS/2022.2/common/technology/autopilot\ap_fixed_base.h:403:5)
INFO: [HLS 214-131] Inlining function 'ap_fixed_base<50, -18, false, (ap_q_mode)5, (ap_o_mode)3, 0>::operator!() const' into 'ap_fixed_base<64, -8, false, (ap_q_mode)5, (ap_o_mode)3, 0>& ap_fixed_base<64, -8, false, (ap_q_mode)5, (ap_o_mode)3, 0>::operator=<50, -18, false, (ap_q_mode)5, (ap_o_mode)3, 0>(ap_fixed_base<50, -18, false, (ap_q_mode)5, (ap_o_mode)3, 0> const&)' (C:/Xilinx/Vitis_HLS/2022.2/common/technology/autopilot\ap_fixed_base.h:808:9)
INFO: [HLS 214-131] Inlining function 'ssdm_int<64, false>::ssdm_int(unsigned long)' into 'ap_fixed_base<64, -8, false, (ap_q_mode)5, (ap_o_mode)3, 0>::ap_fixed_base<50, -18, false, (ap_q_mode)5, (ap_o_mode)3, 0>(ap_fixed_base<50, -18, false, (ap_q_mode)5, (ap_o_mode)3, 0> const&)' (C:/Xilinx/Vitis_HLS/2022.2/common/technology/autopilot\ap_fixed_base.h:401:80)
INFO: [HLS 214-131] Inlining function 'ap_fixed_base<64, -8, false, (ap_q_mode)5, (ap_o_mode)3, 0>& ap_fixed_base<64, -8, false, (ap_q_mode)5, (ap_o_mode)3, 0>::operator=<50, -18, false, (ap_q_mode)5, (ap_o_mode)3, 0>(ap_fixed_base<50, -18, false, (ap_q_mode)5, (ap_o_mode)3, 0> const&)' into 'ap_fixed_base<64, -8, false, (ap_q_mode)5, (ap_o_mode)3, 0>::ap_fixed_base<50, -18, false, (ap_q_mode)5, (ap_o_mode)3, 0>(ap_fixed_base<50, -18, false, (ap_q_mode)5, (ap_o_mode)3, 0> const&)' (C:/Xilinx/Vitis_HLS/2022.2/common/technology/autopilot\ap_fixed_base.h:403:5)
INFO: [HLS 214-131] Inlining function 'ap_fixed_base<64, -8, false, (ap_q_mode)5, (ap_o_mode)3, 0>::ap_fixed_base(int)' into 'ap_fixed_base<63, -9, false, (ap_q_mode)5, (ap_o_mode)3, 0>::RType<50, -18, false>::plus ap_fixed_base<63, -9, false, (ap_q_mode)5, (ap_o_mode)3, 0>::operator+<50, -18, false, (ap_q_mode)5, (ap_o_mode)3, 0>(ap_fixed_base<50, -18, false, (ap_q_mode)5, (ap_o_mode)3, 0> const&) const' (C:/Xilinx/Vitis_HLS/2022.2/common/technology/autopilot\ap_fixed_base.h:1347:325)
INFO: [HLS 214-131] Inlining function 'ap_fixed_base<64, -8, false, (ap_q_mode)5, (ap_o_mode)3, 0>::ap_fixed_base<50, -18, false, (ap_q_mode)5, (ap_o_mode)3, 0>(ap_fixed_base<50, -18, false, (ap_q_mode)5, (ap_o_mode)3, 0> const&)' into 'ap_fixed_base<63, -9, false, (ap_q_mode)5, (ap_o_mode)3, 0>::RType<50, -18, false>::plus ap_fixed_base<63, -9, false, (ap_q_mode)5, (ap_o_mode)3, 0>::operator+<50, -18, false, (ap_q_mode)5, (ap_o_mode)3, 0>(ap_fixed_base<50, -18, false, (ap_q_mode)5, (ap_o_mode)3, 0> const&) const' (C:/Xilinx/Vitis_HLS/2022.2/common/technology/autopilot\ap_fixed_base.h:1347:345)
INFO: [HLS 214-131] Inlining function 'ap_fixed_base<64, -8, false, (ap_q_mode)5, (ap_o_mode)3, 0>::ap_fixed_base<63, -9, false, (ap_q_mode)5, (ap_o_mode)3, 0>(ap_fixed_base<63, -9, false, (ap_q_mode)5, (ap_o_mode)3, 0> const&)' into 'ap_fixed_base<63, -9, false, (ap_q_mode)5, (ap_o_mode)3, 0>::RType<50, -18, false>::plus ap_fixed_base<63, -9, false, (ap_q_mode)5, (ap_o_mode)3, 0>::operator+<50, -18, false, (ap_q_mode)5, (ap_o_mode)3, 0>(ap_fixed_base<50, -18, false, (ap_q_mode)5, (ap_o_mode)3, 0> const&) const' (C:/Xilinx/Vitis_HLS/2022.2/common/technology/autopilot\ap_fixed_base.h:1347:333)
INFO: [HLS 214-131] Inlining function 'ap_fixed_base<64, -8, false, (ap_q_mode)5, (ap_o_mode)3, 0>::operator!() const' into 'ap_fixed_base<63, -9, false, (ap_q_mode)5, (ap_o_mode)3, 0>& ap_fixed_base<63, -9, false, (ap_q_mode)5, (ap_o_mode)3, 0>::operator=<64, -8, false, (ap_q_mode)5, (ap_o_mode)3, 0>(ap_fixed_base<64, -8, false, (ap_q_mode)5, (ap_o_mode)3, 0> const&)' (C:/Xilinx/Vitis_HLS/2022.2/common/technology/autopilot\ap_fixed_base.h:808:9)
INFO: [HLS 214-131] Inlining function '_ZN8ssdm_intILi63ELb0EEC2EDq63_j' into 'ap_fixed_base<63, -9, false, (ap_q_mode)5, (ap_o_mode)3, 0>::ap_fixed_base<64, -8, false, (ap_q_mode)5, (ap_o_mode)3, 0>(ap_fixed_base<64, -8, false, (ap_q_mode)5, (ap_o_mode)3, 0> const&)' (C:/Xilinx/Vitis_HLS/2022.2/common/technology/autopilot\ap_fixed_base.h:401:80)
INFO: [HLS 214-131] Inlining function 'ap_fixed_base<63, -9, false, (ap_q_mode)5, (ap_o_mode)3, 0>& ap_fixed_base<63, -9, false, (ap_q_mode)5, (ap_o_mode)3, 0>::operator=<64, -8, false, (ap_q_mode)5, (ap_o_mode)3, 0>(ap_fixed_base<64, -8, false, (ap_q_mode)5, (ap_o_mode)3, 0> const&)' into 'ap_fixed_base<63, -9, false, (ap_q_mode)5, (ap_o_mode)3, 0>::ap_fixed_base<64, -8, false, (ap_q_mode)5, (ap_o_mode)3, 0>(ap_fixed_base<64, -8, false, (ap_q_mode)5, (ap_o_mode)3, 0> const&)' (C:/Xilinx/Vitis_HLS/2022.2/common/technology/autopilot\ap_fixed_base.h:403:5)
INFO: [HLS 214-131] Inlining function 'ap_fixed_base<63, -9, false, (ap_q_mode)5, (ap_o_mode)3, 0>::ap_fixed_base<64, -8, false, (ap_q_mode)5, (ap_o_mode)3, 0>(ap_fixed_base<64, -8, false, (ap_q_mode)5, (ap_o_mode)3, 0> const&)' into 'ap_ufixed<63, -9, (ap_q_mode)5, (ap_o_mode)3, 0>::ap_ufixed<64, -8, false, (ap_q_mode)5, (ap_o_mode)3, 0>(ap_fixed_base<64, -8, false, (ap_q_mode)5, (ap_o_mode)3, 0> const&)'
INFO: [HLS 214-131] Inlining function 'ap_fixed_base<64, -4, false, (ap_q_mode)5, (ap_o_mode)3, 0>::ap_fixed_base(char const*)' into 'ap_ufixed<64, -4, (ap_q_mode)5, (ap_o_mode)3, 0>::ap_ufixed(char const*)'
INFO: [HLS 214-131] Inlining function 'af_range_ref<64, -4, false, (ap_q_mode)5, (ap_o_mode)3, 0>::af_range_ref(ap_fixed_base<64, -4, false, (ap_q_mode)5, (ap_o_mode)3, 0>*, int, int)' into 'ap_fixed_base<64, -4, false, (ap_q_mode)5, (ap_o_mode)3, 0>::range(int, int)' (C:/Xilinx/Vitis_HLS/2022.2/common/technology/autopilot\ap_fixed_base.h:1746:12)
INFO: [HLS 214-131] Inlining function 'ap_fixed_base<64, -4, false, (ap_q_mode)5, (ap_o_mode)3, 0>::range(int, int)' into 'ap_fixed_base<64, -4, false, (ap_q_mode)5, (ap_o_mode)3, 0>::operator()(int, int)' (C:/Xilinx/Vitis_HLS/2022.2/common/technology/autopilot\ap_fixed_base.h:1785:18)
INFO: [HLS 214-131] Inlining function 'af_range_ref<6, -4, false, (ap_q_mode)5, (ap_o_mode)3, 0>::af_range_ref(ap_fixed_base<6, -4, false, (ap_q_mode)5, (ap_o_mode)3, 0>*, int, int)' into 'ap_fixed_base<6, -4, false, (ap_q_mode)5, (ap_o_mode)3, 0>::range(int, int)' (C:/Xilinx/Vitis_HLS/2022.2/common/technology/autopilot\ap_fixed_base.h:1746:12)
INFO: [HLS 214-131] Inlining function 'ap_fixed_base<6, -4, false, (ap_q_mode)5, (ap_o_mode)3, 0>::range(int, int)' into 'ap_fixed_base<6, -4, false, (ap_q_mode)5, (ap_o_mode)3, 0>::operator()(int, int)' (C:/Xilinx/Vitis_HLS/2022.2/common/technology/autopilot\ap_fixed_base.h:1785:18)
INFO: [HLS 214-131] Inlining function 'af_range_ref<64, -4, false, (ap_q_mode)5, (ap_o_mode)3, 0>::get() const' into 'ap_int_base<64, false>::ap_int_base<64, -4, false, (ap_q_mode)5, (ap_o_mode)3, 0>(af_range_ref<64, -4, false, (ap_q_mode)5, (ap_o_mode)3, 0> const&)' (C:/Xilinx/Vitis_HLS/2022.2/common/technology/autopilot\ap_int_base.h:403:20)
INFO: [HLS 214-131] Inlining function 'ap_int_base<64, false>::ap_int_base<64, -4, false, (ap_q_mode)5, (ap_o_mode)3, 0>(af_range_ref<64, -4, false, (ap_q_mode)5, (ap_o_mode)3, 0> const&)' into 'af_range_ref<6, -4, false, (ap_q_mode)5, (ap_o_mode)3, 0>& af_range_ref<6, -4, false, (ap_q_mode)5, (ap_o_mode)3, 0>::operator=<64, -4, false, (ap_q_mode)5, (ap_o_mode)3, 0>(af_range_ref<64, -4, false, (ap_q_mode)5, (ap_o_mode)3, 0> const&)' (C:/Xilinx/Vitis_HLS/2022.2/common/technology/autopilot\ap_fixed_ref.h:335:32)
INFO: [HLS 214-131] Inlining function 'af_range_ref<6, -4, false, (ap_q_mode)5, (ap_o_mode)3, 0>& af_range_ref<6, -4, false, (ap_q_mode)5, (ap_o_mode)3, 0>::operator=<64, false>(ap_int_base<64, false> const&)' into 'af_range_ref<6, -4, false, (ap_q_mode)5, (ap_o_mode)3, 0>& af_range_ref<6, -4, false, (ap_q_mode)5, (ap_o_mode)3, 0>::operator=<64, -4, false, (ap_q_mode)5, (ap_o_mode)3, 0>(af_range_ref<64, -4, false, (ap_q_mode)5, (ap_o_mode)3, 0> const&)' (C:/Xilinx/Vitis_HLS/2022.2/common/technology/autopilot\ap_fixed_ref.h:336:12)
INFO: [HLS 214-131] Inlining function 'ap_fixed_base<32, 32, true, (ap_q_mode)5, (ap_o_mode)3, 0>::operator!() const' into 'ap_fixed_base<9, -1, false, (ap_q_mode)5, (ap_o_mode)3, 0>& ap_fixed_base<9, -1, false, (ap_q_mode)5, (ap_o_mode)3, 0>::operator=<32, 32, true, (ap_q_mode)5, (ap_o_mode)3, 0>(ap_fixed_base<32, 32, true, (ap_q_mode)5, (ap_o_mode)3, 0> const&)' (C:/Xilinx/Vitis_HLS/2022.2/common/technology/autopilot\ap_fixed_base.h:808:9)
INFO: [HLS 214-131] Inlining function 'ap_fixed_base<9, -1, false, (ap_q_mode)5, (ap_o_mode)3, 0>& ap_fixed_base<9, -1, false, (ap_q_mode)5, (ap_o_mode)3, 0>::operator=<32, 32, true, (ap_q_mode)5, (ap_o_mode)3, 0>(ap_fixed_base<32, 32, true, (ap_q_mode)5, (ap_o_mode)3, 0> const&)' into 'ap_fixed_base<9, -1, false, (ap_q_mode)5, (ap_o_mode)3, 0>::ap_fixed_base(int)' (C:/Xilinx/Vitis_HLS/2022.2/common/technology/autopilot\ap_fixed_base.h:530:146)
INFO: [HLS 214-131] Inlining function 'ap_fixed_base<6, -4, false, (ap_q_mode)5, (ap_o_mode)3, 0>::operator!() const' into 'ap_fixed_base<9, -1, false, (ap_q_mode)5, (ap_o_mode)3, 0>& ap_fixed_base<9, -1, false, (ap_q_mode)5, (ap_o_mode)3, 0>::operator=<6, -4, false, (ap_q_mode)5, (ap_o_mode)3, 0>(ap_fixed_base<6, -4, false, (ap_q_mode)5, (ap_o_mode)3, 0> const&)' (C:/Xilinx/Vitis_HLS/2022.2/common/technology/autopilot\ap_fixed_base.h:808:9)
INFO: [HLS 214-131] Inlining function '_ZN8ssdm_intILi9ELb0EEC2EDq9_j' into 'ap_fixed_base<9, -1, false, (ap_q_mode)5, (ap_o_mode)3, 0>::ap_fixed_base<6, -4, false, (ap_q_mode)5, (ap_o_mode)3, 0>(ap_fixed_base<6, -4, false, (ap_q_mode)5, (ap_o_mode)3, 0> const&)' (C:/Xilinx/Vitis_HLS/2022.2/common/technology/autopilot\ap_fixed_base.h:401:80)
INFO: [HLS 214-131] Inlining function 'ap_fixed_base<9, -1, false, (ap_q_mode)5, (ap_o_mode)3, 0>& ap_fixed_base<9, -1, false, (ap_q_mode)5, (ap_o_mode)3, 0>::operator=<6, -4, false, (ap_q_mode)5, (ap_o_mode)3, 0>(ap_fixed_base<6, -4, false, (ap_q_mode)5, (ap_o_mode)3, 0> const&)' into 'ap_fixed_base<9, -1, false, (ap_q_mode)5, (ap_o_mode)3, 0>::ap_fixed_base<6, -4, false, (ap_q_mode)5, (ap_o_mode)3, 0>(ap_fixed_base<6, -4, false, (ap_q_mode)5, (ap_o_mode)3, 0> const&)' (C:/Xilinx/Vitis_HLS/2022.2/common/technology/autopilot\ap_fixed_base.h:403:5)
INFO: [HLS 214-131] Inlining function 'ap_fixed_base<8, -2, false, (ap_q_mode)5, (ap_o_mode)3, 0>::operator!() const' into 'ap_fixed_base<9, -1, false, (ap_q_mode)5, (ap_o_mode)3, 0>& ap_fixed_base<9, -1, false, (ap_q_mode)5, (ap_o_mode)3, 0>::operator=<8, -2, false, (ap_q_mode)5, (ap_o_mode)3, 0>(ap_fixed_base<8, -2, false, (ap_q_mode)5, (ap_o_mode)3, 0> const&)' (C:/Xilinx/Vitis_HLS/2022.2/common/technology/autopilot\ap_fixed_base.h:808:9)
INFO: [HLS 214-131] Inlining function '_ZN8ssdm_intILi9ELb0EEC2EDq9_j' into 'ap_fixed_base<9, -1, false, (ap_q_mode)5, (ap_o_mode)3, 0>::ap_fixed_base<8, -2, false, (ap_q_mode)5, (ap_o_mode)3, 0>(ap_fixed_base<8, -2, false, (ap_q_mode)5, (ap_o_mode)3, 0> const&)' (C:/Xilinx/Vitis_HLS/2022.2/common/technology/autopilot\ap_fixed_base.h:401:80)
INFO: [HLS 214-131] Inlining function 'ap_fixed_base<9, -1, false, (ap_q_mode)5, (ap_o_mode)3, 0>& ap_fixed_base<9, -1, false, (ap_q_mode)5, (ap_o_mode)3, 0>::operator=<8, -2, false, (ap_q_mode)5, (ap_o_mode)3, 0>(ap_fixed_base<8, -2, false, (ap_q_mode)5, (ap_o_mode)3, 0> const&)' into 'ap_fixed_base<9, -1, false, (ap_q_mode)5, (ap_o_mode)3, 0>::ap_fixed_base<8, -2, false, (ap_q_mode)5, (ap_o_mode)3, 0>(ap_fixed_base<8, -2, false, (ap_q_mode)5, (ap_o_mode)3, 0> const&)' (C:/Xilinx/Vitis_HLS/2022.2/common/technology/autopilot\ap_fixed_base.h:403:5)
INFO: [HLS 214-131] Inlining function 'ap_fixed_base<9, -1, false, (ap_q_mode)5, (ap_o_mode)3, 0>::ap_fixed_base(int)' into 'ap_fixed_base<6, -4, false, (ap_q_mode)5, (ap_o_mode)3, 0>::RType<8, -2, false>::plus ap_fixed_base<6, -4, false, (ap_q_mode)5, (ap_o_mode)3, 0>::operator+<8, -2, false, (ap_q_mode)5, (ap_o_mode)3, 0>(ap_fixed_base<8, -2, false, (ap_q_mode)5, (ap_o_mode)3, 0> const&) const' (C:/Xilinx/Vitis_HLS/2022.2/common/technology/autopilot\ap_fixed_base.h:1347:325)
INFO: [HLS 214-131] Inlining function 'ap_fixed_base<9, -1, false, (ap_q_mode)5, (ap_o_mode)3, 0>::ap_fixed_base<8, -2, false, (ap_q_mode)5, (ap_o_mode)3, 0>(ap_fixed_base<8, -2, false, (ap_q_mode)5, (ap_o_mode)3, 0> const&)' into 'ap_fixed_base<6, -4, false, (ap_q_mode)5, (ap_o_mode)3, 0>::RType<8, -2, false>::plus ap_fixed_base<6, -4, false, (ap_q_mode)5, (ap_o_mode)3, 0>::operator+<8, -2, false, (ap_q_mode)5, (ap_o_mode)3, 0>(ap_fixed_base<8, -2, false, (ap_q_mode)5, (ap_o_mode)3, 0> const&) const' (C:/Xilinx/Vitis_HLS/2022.2/common/technology/autopilot\ap_fixed_base.h:1347:345)
INFO: [HLS 214-131] Inlining function 'ap_fixed_base<9, -1, false, (ap_q_mode)5, (ap_o_mode)3, 0>::ap_fixed_base<6, -4, false, (ap_q_mode)5, (ap_o_mode)3, 0>(ap_fixed_base<6, -4, false, (ap_q_mode)5, (ap_o_mode)3, 0> const&)' into 'ap_fixed_base<6, -4, false, (ap_q_mode)5, (ap_o_mode)3, 0>::RType<8, -2, false>::plus ap_fixed_base<6, -4, false, (ap_q_mode)5, (ap_o_mode)3, 0>::operator+<8, -2, false, (ap_q_mode)5, (ap_o_mode)3, 0>(ap_fixed_base<8, -2, false, (ap_q_mode)5, (ap_o_mode)3, 0> const&) const' (C:/Xilinx/Vitis_HLS/2022.2/common/technology/autopilot\ap_fixed_base.h:1347:333)
INFO: [HLS 214-131] Inlining function 'af_range_ref<9, -1, false, (ap_q_mode)5, (ap_o_mode)3, 0>::af_range_ref(ap_fixed_base<9, -1, false, (ap_q_mode)5, (ap_o_mode)3, 0>*, int, int)' into 'ap_fixed_base<9, -1, false, (ap_q_mode)5, (ap_o_mode)3, 0>::range(int, int)' (C:/Xilinx/Vitis_HLS/2022.2/common/technology/autopilot\ap_fixed_base.h:1746:12)
INFO: [HLS 214-131] Inlining function 'ap_fixed_base<9, -1, false, (ap_q_mode)5, (ap_o_mode)3, 0>::range(int, int)' into 'ap_fixed_base<9, -1, false, (ap_q_mode)5, (ap_o_mode)3, 0>::operator()(int, int)' (C:/Xilinx/Vitis_HLS/2022.2/common/technology/autopilot\ap_fixed_base.h:1785:18)
INFO: [HLS 214-131] Inlining function 'af_range_ref<67, -1, false, (ap_q_mode)5, (ap_o_mode)3, 0>::af_range_ref(ap_fixed_base<67, -1, false, (ap_q_mode)5, (ap_o_mode)3, 0>*, int, int)' into 'ap_fixed_base<67, -1, false, (ap_q_mode)5, (ap_o_mode)3, 0>::range(int, int)' (C:/Xilinx/Vitis_HLS/2022.2/common/technology/autopilot\ap_fixed_base.h:1746:12)
INFO: [HLS 214-131] Inlining function 'ap_fixed_base<67, -1, false, (ap_q_mode)5, (ap_o_mode)3, 0>::range(int, int)' into 'ap_fixed_base<67, -1, false, (ap_q_mode)5, (ap_o_mode)3, 0>::operator()(int, int)' (C:/Xilinx/Vitis_HLS/2022.2/common/technology/autopilot\ap_fixed_base.h:1785:18)
INFO: [HLS 214-131] Inlining function 'af_range_ref<9, -1, false, (ap_q_mode)5, (ap_o_mode)3, 0>::get() const' into 'ap_int_base<9, false>::ap_int_base<9, -1, false, (ap_q_mode)5, (ap_o_mode)3, 0>(af_range_ref<9, -1, false, (ap_q_mode)5, (ap_o_mode)3, 0> const&)' (C:/Xilinx/Vitis_HLS/2022.2/common/technology/autopilot\ap_int_base.h:403:20)
INFO: [HLS 214-131] Inlining function 'ap_int_base<9, false>::ap_int_base<9, -1, false, (ap_q_mode)5, (ap_o_mode)3, 0>(af_range_ref<9, -1, false, (ap_q_mode)5, (ap_o_mode)3, 0> const&)' into 'af_range_ref<67, -1, false, (ap_q_mode)5, (ap_o_mode)3, 0>& af_range_ref<67, -1, false, (ap_q_mode)5, (ap_o_mode)3, 0>::operator=<9, -1, false, (ap_q_mode)5, (ap_o_mode)3, 0>(af_range_ref<9, -1, false, (ap_q_mode)5, (ap_o_mode)3, 0> const&)' (C:/Xilinx/Vitis_HLS/2022.2/common/technology/autopilot\ap_fixed_ref.h:335:32)
INFO: [HLS 214-131] Inlining function 'af_range_ref<67, -1, false, (ap_q_mode)5, (ap_o_mode)3, 0>& af_range_ref<67, -1, false, (ap_q_mode)5, (ap_o_mode)3, 0>::operator=<9, false>(ap_int_base<9, false> const&)' into 'af_range_ref<67, -1, false, (ap_q_mode)5, (ap_o_mode)3, 0>& af_range_ref<67, -1, false, (ap_q_mode)5, (ap_o_mode)3, 0>::operator=<9, -1, false, (ap_q_mode)5, (ap_o_mode)3, 0>(af_range_ref<9, -1, false, (ap_q_mode)5, (ap_o_mode)3, 0> const&)' (C:/Xilinx/Vitis_HLS/2022.2/common/technology/autopilot\ap_fixed_ref.h:336:12)
INFO: [HLS 214-131] Inlining function 'ap_int_base<64, false>::ap_int_base<64, -4, false, (ap_q_mode)5, (ap_o_mode)3, 0>(af_range_ref<64, -4, false, (ap_q_mode)5, (ap_o_mode)3, 0> const&)' into 'af_range_ref<67, -1, false, (ap_q_mode)5, (ap_o_mode)3, 0>& af_range_ref<67, -1, false, (ap_q_mode)5, (ap_o_mode)3, 0>::operator=<64, -4, false, (ap_q_mode)5, (ap_o_mode)3, 0>(af_range_ref<64, -4, false, (ap_q_mode)5, (ap_o_mode)3, 0> const&)' (C:/Xilinx/Vitis_HLS/2022.2/common/technology/autopilot\ap_fixed_ref.h:335:32)
INFO: [HLS 214-131] Inlining function 'af_range_ref<67, -1, false, (ap_q_mode)5, (ap_o_mode)3, 0>& af_range_ref<67, -1, false, (ap_q_mode)5, (ap_o_mode)3, 0>::operator=<64, false>(ap_int_base<64, false> const&)' into 'af_range_ref<67, -1, false, (ap_q_mode)5, (ap_o_mode)3, 0>& af_range_ref<67, -1, false, (ap_q_mode)5, (ap_o_mode)3, 0>::operator=<64, -4, false, (ap_q_mode)5, (ap_o_mode)3, 0>(af_range_ref<64, -4, false, (ap_q_mode)5, (ap_o_mode)3, 0> const&)' (C:/Xilinx/Vitis_HLS/2022.2/common/technology/autopilot\ap_fixed_ref.h:336:12)
INFO: [HLS 214-131] Inlining function 'ap_fixed_base<32, 32, true, (ap_q_mode)5, (ap_o_mode)3, 0>::operator!() const' into 'ap_fixed_base<130, -10, false, (ap_q_mode)5, (ap_o_mode)3, 0>& ap_fixed_base<130, -10, false, (ap_q_mode)5, (ap_o_mode)3, 0>::operator=<32, 32, true, (ap_q_mode)5, (ap_o_mode)3, 0>(ap_fixed_base<32, 32, true, (ap_q_mode)5, (ap_o_mode)3, 0> const&)' (C:/Xilinx/Vitis_HLS/2022.2/common/technology/autopilot\ap_fixed_base.h:808:9)
INFO: [HLS 214-131] Inlining function 'ap_fixed_base<130, -10, false, (ap_q_mode)5, (ap_o_mode)3, 0>& ap_fixed_base<130, -10, false, (ap_q_mode)5, (ap_o_mode)3, 0>::operator=<32, 32, true, (ap_q_mode)5, (ap_o_mode)3, 0>(ap_fixed_base<32, 32, true, (ap_q_mode)5, (ap_o_mode)3, 0> const&)' into 'ap_fixed_base<130, -10, false, (ap_q_mode)5, (ap_o_mode)3, 0>::ap_fixed_base(int)' (C:/Xilinx/Vitis_HLS/2022.2/common/technology/autopilot\ap_fixed_base.h:530:146)
INFO: [HLS 214-131] Inlining function 'ap_fixed_base<130, -10, false, (ap_q_mode)5, (ap_o_mode)3, 0>::ap_fixed_base(int)' into 'ap_fixed_base<67, -1, false, (ap_q_mode)5, (ap_o_mode)3, 0>::RType<63, -9, false>::mult ap_fixed_base<67, -1, false, (ap_q_mode)5, (ap_o_mode)3, 0>::operator*<63, -9, false, (ap_q_mode)5, (ap_o_mode)3, 0>(ap_fixed_base<63, -9, false, (ap_q_mode)5, (ap_o_mode)3, 0> const&) const' (C:/Xilinx/Vitis_HLS/2022.2/common/technology/autopilot\ap_fixed_base.h:1270:55)
INFO: [HLS 214-131] Inlining function 'ap_fixed_base<130, -10, false, (ap_q_mode)5, (ap_o_mode)3, 0>::ap_fixed_base(int)' into 'ap_fixed_base<67, -1, false, (ap_q_mode)5, (ap_o_mode)3, 0>::RType<63, -9, false>::mult ap_fixed_base<67, -1, false, (ap_q_mode)5, (ap_o_mode)3, 0>::operator*<63, -9, false, (ap_q_mode)5, (ap_o_mode)3, 0>(ap_fixed_base<63, -9, false, (ap_q_mode)5, (ap_o_mode)3, 0> const&) const' (C:/Xilinx/Vitis_HLS/2022.2/common/technology/autopilot\ap_fixed_base.h:1270:61)
INFO: [HLS 214-131] Inlining function 'ap_fixed_base<130, -10, false, (ap_q_mode)5, (ap_o_mode)3, 0>::operator!() const' into 'ap_fixed_base<62, -10, false, (ap_q_mode)5, (ap_o_mode)3, 0>& ap_fixed_base<62, -10, false, (ap_q_mode)5, (ap_o_mode)3, 0>::operator=<130, -10, false, (ap_q_mode)5, (ap_o_mode)3, 0>(ap_fixed_base<130, -10, false, (ap_q_mode)5, (ap_o_mode)3, 0> const&)' (C:/Xilinx/Vitis_HLS/2022.2/common/technology/autopilot\ap_fixed_base.h:808:9)
INFO: [HLS 214-131] Inlining function '_ZN8ssdm_intILi62ELb0EEC2EDq62_j' into 'ap_fixed_base<62, -10, false, (ap_q_mode)5, (ap_o_mode)3, 0>::ap_fixed_base<130, -10, false, (ap_q_mode)5, (ap_o_mode)3, 0>(ap_fixed_base<130, -10, false, (ap_q_mode)5, (ap_o_mode)3, 0> const&)' (C:/Xilinx/Vitis_HLS/2022.2/common/technology/autopilot\ap_fixed_base.h:401:80)
INFO: [HLS 214-131] Inlining function 'ap_fixed_base<62, -10, false, (ap_q_mode)5, (ap_o_mode)3, 0>& ap_fixed_base<62, -10, false, (ap_q_mode)5, (ap_o_mode)3, 0>::operator=<130, -10, false, (ap_q_mode)5, (ap_o_mode)3, 0>(ap_fixed_base<130, -10, false, (ap_q_mode)5, (ap_o_mode)3, 0> const&)' into 'ap_fixed_base<62, -10, false, (ap_q_mode)5, (ap_o_mode)3, 0>::ap_fixed_base<130, -10, false, (ap_q_mode)5, (ap_o_mode)3, 0>(ap_fixed_base<130, -10, false, (ap_q_mode)5, (ap_o_mode)3, 0> const&)' (C:/Xilinx/Vitis_HLS/2022.2/common/technology/autopilot\ap_fixed_base.h:403:5)
INFO: [HLS 214-131] Inlining function 'ap_fixed_base<62, -10, false, (ap_q_mode)5, (ap_o_mode)3, 0>::ap_fixed_base<130, -10, false, (ap_q_mode)5, (ap_o_mode)3, 0>(ap_fixed_base<130, -10, false, (ap_q_mode)5, (ap_o_mode)3, 0> const&)' into 'ap_ufixed<62, -10, (ap_q_mode)5, (ap_o_mode)3, 0>::ap_ufixed<130, -10, false, (ap_q_mode)5, (ap_o_mode)3, 0>(ap_fixed_base<130, -10, false, (ap_q_mode)5, (ap_o_mode)3, 0> const&)'
INFO: [HLS 214-131] Inlining function 'ap_fixed_base<32, 32, true, (ap_q_mode)5, (ap_o_mode)3, 0>::operator!() const' into 'ap_fixed_base<72, 0, false, (ap_q_mode)5, (ap_o_mode)3, 0>& ap_fixed_base<72, 0, false, (ap_q_mode)5, (ap_o_mode)3, 0>::operator=<32, 32, true, (ap_q_mode)5, (ap_o_mode)3, 0>(ap_fixed_base<32, 32, true, (ap_q_mode)5, (ap_o_mode)3, 0> const&)' (C:/Xilinx/Vitis_HLS/2022.2/common/technology/autopilot\ap_fixed_base.h:808:9)
INFO: [HLS 214-131] Inlining function 'ap_fixed_base<72, 0, false, (ap_q_mode)5, (ap_o_mode)3, 0>& ap_fixed_base<72, 0, false, (ap_q_mode)5, (ap_o_mode)3, 0>::operator=<32, 32, true, (ap_q_mode)5, (ap_o_mode)3, 0>(ap_fixed_base<32, 32, true, (ap_q_mode)5, (ap_o_mode)3, 0> const&)' into 'ap_fixed_base<72, 0, false, (ap_q_mode)5, (ap_o_mode)3, 0>::ap_fixed_base(int)' (C:/Xilinx/Vitis_HLS/2022.2/common/technology/autopilot\ap_fixed_base.h:530:146)
INFO: [HLS 214-131] Inlining function 'ap_fixed_base<62, -10, false, (ap_q_mode)5, (ap_o_mode)3, 0>::operator!() const' into 'ap_fixed_base<72, 0, false, (ap_q_mode)5, (ap_o_mode)3, 0>& ap_fixed_base<72, 0, false, (ap_q_mode)5, (ap_o_mode)3, 0>::operator=<62, -10, false, (ap_q_mode)5, (ap_o_mode)3, 0>(ap_fixed_base<62, -10, false, (ap_q_mode)5, (ap_o_mode)3, 0> const&)' (C:/Xilinx/Vitis_HLS/2022.2/common/technology/autopilot\ap_fixed_base.h:808:9)
INFO: [HLS 214-131] Inlining function '_ZN8ssdm_intILi72ELb0EEC2EDq72_j' into 'ap_fixed_base<72, 0, false, (ap_q_mode)5, (ap_o_mode)3, 0>::ap_fixed_base<62, -10, false, (ap_q_mode)5, (ap_o_mode)3, 0>(ap_fixed_base<62, -10, false, (ap_q_mode)5, (ap_o_mode)3, 0> const&)' (C:/Xilinx/Vitis_HLS/2022.2/common/technology/autopilot\ap_fixed_base.h:401:80)
INFO: [HLS 214-131] Inlining function 'ap_fixed_base<72, 0, false, (ap_q_mode)5, (ap_o_mode)3, 0>& ap_fixed_base<72, 0, false, (ap_q_mode)5, (ap_o_mode)3, 0>::operator=<62, -10, false, (ap_q_mode)5, (ap_o_mode)3, 0>(ap_fixed_base<62, -10, false, (ap_q_mode)5, (ap_o_mode)3, 0> const&)' into 'ap_fixed_base<72, 0, false, (ap_q_mode)5, (ap_o_mode)3, 0>::ap_fixed_base<62, -10, false, (ap_q_mode)5, (ap_o_mode)3, 0>(ap_fixed_base<62, -10, false, (ap_q_mode)5, (ap_o_mode)3, 0> const&)' (C:/Xilinx/Vitis_HLS/2022.2/common/technology/autopilot\ap_fixed_base.h:403:5)
INFO: [HLS 214-131] Inlining function 'ap_fixed_base<67, -1, false, (ap_q_mode)5, (ap_o_mode)3, 0>::operator!() const' into 'ap_fixed_base<72, 0, false, (ap_q_mode)5, (ap_o_mode)3, 0>& ap_fixed_base<72, 0, false, (ap_q_mode)5, (ap_o_mode)3, 0>::operator=<67, -1, false, (ap_q_mode)5, (ap_o_mode)3, 0>(ap_fixed_base<67, -1, false, (ap_q_mode)5, (ap_o_mode)3, 0> const&)' (C:/Xilinx/Vitis_HLS/2022.2/common/technology/autopilot\ap_fixed_base.h:808:9)
INFO: [HLS 214-131] Inlining function '_ZN8ssdm_intILi72ELb0EEC2EDq72_j' into 'ap_fixed_base<72, 0, false, (ap_q_mode)5, (ap_o_mode)3, 0>::ap_fixed_base<67, -1, false, (ap_q_mode)5, (ap_o_mode)3, 0>(ap_fixed_base<67, -1, false, (ap_q_mode)5, (ap_o_mode)3, 0> const&)' (C:/Xilinx/Vitis_HLS/2022.2/common/technology/autopilot\ap_fixed_base.h:401:80)
INFO: [HLS 214-131] Inlining function 'ap_fixed_base<72, 0, false, (ap_q_mode)5, (ap_o_mode)3, 0>& ap_fixed_base<72, 0, false, (ap_q_mode)5, (ap_o_mode)3, 0>::operator=<67, -1, false, (ap_q_mode)5, (ap_o_mode)3, 0>(ap_fixed_base<67, -1, false, (ap_q_mode)5, (ap_o_mode)3, 0> const&)' into 'ap_fixed_base<72, 0, false, (ap_q_mode)5, (ap_o_mode)3, 0>::ap_fixed_base<67, -1, false, (ap_q_mode)5, (ap_o_mode)3, 0>(ap_fixed_base<67, -1, false, (ap_q_mode)5, (ap_o_mode)3, 0> const&)' (C:/Xilinx/Vitis_HLS/2022.2/common/technology/autopilot\ap_fixed_base.h:403:5)
INFO: [HLS 214-131] Inlining function 'ap_fixed_base<72, 0, false, (ap_q_mode)5, (ap_o_mode)3, 0>::ap_fixed_base(int)' into 'ap_fixed_base<62, -10, false, (ap_q_mode)5, (ap_o_mode)3, 0>::RType<67, -1, false>::plus ap_fixed_base<62, -10, false, (ap_q_mode)5, (ap_o_mode)3, 0>::operator+<67, -1, false, (ap_q_mode)5, (ap_o_mode)3, 0>(ap_fixed_base<67, -1, false, (ap_q_mode)5, (ap_o_mode)3, 0> const&) const' (C:/Xilinx/Vitis_HLS/2022.2/common/technology/autopilot\ap_fixed_base.h:1347:325)
INFO: [HLS 214-131] Inlining function 'ap_fixed_base<72, 0, false, (ap_q_mode)5, (ap_o_mode)3, 0>::ap_fixed_base<67, -1, false, (ap_q_mode)5, (ap_o_mode)3, 0>(ap_fixed_base<67, -1, false, (ap_q_mode)5, (ap_o_mode)3, 0> const&)' into 'ap_fixed_base<62, -10, false, (ap_q_mode)5, (ap_o_mode)3, 0>::RType<67, -1, false>::plus ap_fixed_base<62, -10, false, (ap_q_mode)5, (ap_o_mode)3, 0>::operator+<67, -1, false, (ap_q_mode)5, (ap_o_mode)3, 0>(ap_fixed_base<67, -1, false, (ap_q_mode)5, (ap_o_mode)3, 0> const&) const' (C:/Xilinx/Vitis_HLS/2022.2/common/technology/autopilot\ap_fixed_base.h:1347:345)
INFO: [HLS 214-131] Inlining function 'ap_fixed_base<72, 0, false, (ap_q_mode)5, (ap_o_mode)3, 0>::ap_fixed_base<62, -10, false, (ap_q_mode)5, (ap_o_mode)3, 0>(ap_fixed_base<62, -10, false, (ap_q_mode)5, (ap_o_mode)3, 0> const&)' into 'ap_fixed_base<62, -10, false, (ap_q_mode)5, (ap_o_mode)3, 0>::RType<67, -1, false>::plus ap_fixed_base<62, -10, false, (ap_q_mode)5, (ap_o_mode)3, 0>::operator+<67, -1, false, (ap_q_mode)5, (ap_o_mode)3, 0>(ap_fixed_base<67, -1, false, (ap_q_mode)5, (ap_o_mode)3, 0> const&) const' (C:/Xilinx/Vitis_HLS/2022.2/common/technology/autopilot\ap_fixed_base.h:1347:333)
INFO: [HLS 214-131] Inlining function 'ap_fixed_base<32, 32, true, (ap_q_mode)5, (ap_o_mode)3, 0>::operator!() const' into 'ap_fixed_base<73, 1, false, (ap_q_mode)5, (ap_o_mode)3, 0>& ap_fixed_base<73, 1, false, (ap_q_mode)5, (ap_o_mode)3, 0>::operator=<32, 32, true, (ap_q_mode)5, (ap_o_mode)3, 0>(ap_fixed_base<32, 32, true, (ap_q_mode)5, (ap_o_mode)3, 0> const&)' (C:/Xilinx/Vitis_HLS/2022.2/common/technology/autopilot\ap_fixed_base.h:808:9)
INFO: [HLS 214-131] Inlining function 'ap_fixed_base<73, 1, false, (ap_q_mode)5, (ap_o_mode)3, 0>& ap_fixed_base<73, 1, false, (ap_q_mode)5, (ap_o_mode)3, 0>::operator=<32, 32, true, (ap_q_mode)5, (ap_o_mode)3, 0>(ap_fixed_base<32, 32, true, (ap_q_mode)5, (ap_o_mode)3, 0> const&)' into 'ap_fixed_base<73, 1, false, (ap_q_mode)5, (ap_o_mode)3, 0>::ap_fixed_base(int)' (C:/Xilinx/Vitis_HLS/2022.2/common/technology/autopilot\ap_fixed_base.h:530:146)
INFO: [HLS 214-131] Inlining function 'ap_fixed_base<72, 0, false, (ap_q_mode)5, (ap_o_mode)3, 0>::operator!() const' into 'ap_fixed_base<73, 1, false, (ap_q_mode)5, (ap_o_mode)3, 0>& ap_fixed_base<73, 1, false, (ap_q_mode)5, (ap_o_mode)3, 0>::operator=<72, 0, false, (ap_q_mode)5, (ap_o_mode)3, 0>(ap_fixed_base<72, 0, false, (ap_q_mode)5, (ap_o_mode)3, 0> const&)' (C:/Xilinx/Vitis_HLS/2022.2/common/technology/autopilot\ap_fixed_base.h:808:9)
INFO: [HLS 214-131] Inlining function '_ZN8ssdm_intILi73ELb0EEC2EDq73_j' into 'ap_fixed_base<73, 1, false, (ap_q_mode)5, (ap_o_mode)3, 0>::ap_fixed_base<72, 0, false, (ap_q_mode)5, (ap_o_mode)3, 0>(ap_fixed_base<72, 0, false, (ap_q_mode)5, (ap_o_mode)3, 0> const&)' (C:/Xilinx/Vitis_HLS/2022.2/common/technology/autopilot\ap_fixed_base.h:401:80)
INFO: [HLS 214-131] Inlining function 'ap_fixed_base<73, 1, false, (ap_q_mode)5, (ap_o_mode)3, 0>& ap_fixed_base<73, 1, false, (ap_q_mode)5, (ap_o_mode)3, 0>::operator=<72, 0, false, (ap_q_mode)5, (ap_o_mode)3, 0>(ap_fixed_base<72, 0, false, (ap_q_mode)5, (ap_o_mode)3, 0> const&)' into 'ap_fixed_base<73, 1, false, (ap_q_mode)5, (ap_o_mode)3, 0>::ap_fixed_base<72, 0, false, (ap_q_mode)5, (ap_o_mode)3, 0>(ap_fixed_base<72, 0, false, (ap_q_mode)5, (ap_o_mode)3, 0> const&)' (C:/Xilinx/Vitis_HLS/2022.2/common/technology/autopilot\ap_fixed_base.h:403:5)
INFO: [HLS 214-131] Inlining function 'ap_fixed_base<63, -9, false, (ap_q_mode)5, (ap_o_mode)3, 0>::operator!() const' into 'ap_fixed_base<73, 1, false, (ap_q_mode)5, (ap_o_mode)3, 0>& ap_fixed_base<73, 1, false, (ap_q_mode)5, (ap_o_mode)3, 0>::operator=<63, -9, false, (ap_q_mode)5, (ap_o_mode)3, 0>(ap_fixed_base<63, -9, false, (ap_q_mode)5, (ap_o_mode)3, 0> const&)' (C:/Xilinx/Vitis_HLS/2022.2/common/technology/autopilot\ap_fixed_base.h:808:9)
INFO: [HLS 214-131] Inlining function '_ZN8ssdm_intILi73ELb0EEC2EDq73_j' into 'ap_fixed_base<73, 1, false, (ap_q_mode)5, (ap_o_mode)3, 0>::ap_fixed_base<63, -9, false, (ap_q_mode)5, (ap_o_mode)3, 0>(ap_fixed_base<63, -9, false, (ap_q_mode)5, (ap_o_mode)3, 0> const&)' (C:/Xilinx/Vitis_HLS/2022.2/common/technology/autopilot\ap_fixed_base.h:401:80)
INFO: [HLS 214-131] Inlining function 'ap_fixed_base<73, 1, false, (ap_q_mode)5, (ap_o_mode)3, 0>& ap_fixed_base<73, 1, false, (ap_q_mode)5, (ap_o_mode)3, 0>::operator=<63, -9, false, (ap_q_mode)5, (ap_o_mode)3, 0>(ap_fixed_base<63, -9, false, (ap_q_mode)5, (ap_o_mode)3, 0> const&)' into 'ap_fixed_base<73, 1, false, (ap_q_mode)5, (ap_o_mode)3, 0>::ap_fixed_base<63, -9, false, (ap_q_mode)5, (ap_o_mode)3, 0>(ap_fixed_base<63, -9, false, (ap_q_mode)5, (ap_o_mode)3, 0> const&)' (C:/Xilinx/Vitis_HLS/2022.2/common/technology/autopilot\ap_fixed_base.h:403:5)
INFO: [HLS 214-131] Inlining function 'ap_fixed_base<73, 1, false, (ap_q_mode)5, (ap_o_mode)3, 0>::ap_fixed_base(int)' into 'ap_fixed_base<72, 0, false, (ap_q_mode)5, (ap_o_mode)3, 0>::RType<63, -9, false>::plus ap_fixed_base<72, 0, false, (ap_q_mode)5, (ap_o_mode)3, 0>::operator+<63, -9, false, (ap_q_mode)5, (ap_o_mode)3, 0>(ap_fixed_base<63, -9, false, (ap_q_mode)5, (ap_o_mode)3, 0> const&) const' (C:/Xilinx/Vitis_HLS/2022.2/common/technology/autopilot\ap_fixed_base.h:1347:325)
INFO: [HLS 214-131] Inlining function 'ap_fixed_base<73, 1, false, (ap_q_mode)5, (ap_o_mode)3, 0>::ap_fixed_base<63, -9, false, (ap_q_mode)5, (ap_o_mode)3, 0>(ap_fixed_base<63, -9, false, (ap_q_mode)5, (ap_o_mode)3, 0> const&)' into 'ap_fixed_base<72, 0, false, (ap_q_mode)5, (ap_o_mode)3, 0>::RType<63, -9, false>::plus ap_fixed_base<72, 0, false, (ap_q_mode)5, (ap_o_mode)3, 0>::operator+<63, -9, false, (ap_q_mode)5, (ap_o_mode)3, 0>(ap_fixed_base<63, -9, false, (ap_q_mode)5, (ap_o_mode)3, 0> const&) const' (C:/Xilinx/Vitis_HLS/2022.2/common/technology/autopilot\ap_fixed_base.h:1347:345)
INFO: [HLS 214-131] Inlining function 'ap_fixed_base<73, 1, false, (ap_q_mode)5, (ap_o_mode)3, 0>::ap_fixed_base<72, 0, false, (ap_q_mode)5, (ap_o_mode)3, 0>(ap_fixed_base<72, 0, false, (ap_q_mode)5, (ap_o_mode)3, 0> const&)' into 'ap_fixed_base<72, 0, false, (ap_q_mode)5, (ap_o_mode)3, 0>::RType<63, -9, false>::plus ap_fixed_base<72, 0, false, (ap_q_mode)5, (ap_o_mode)3, 0>::operator+<63, -9, false, (ap_q_mode)5, (ap_o_mode)3, 0>(ap_fixed_base<63, -9, false, (ap_q_mode)5, (ap_o_mode)3, 0> const&) const' (C:/Xilinx/Vitis_HLS/2022.2/common/technology/autopilot\ap_fixed_base.h:1347:333)
INFO: [HLS 214-131] Inlining function 'ap_fixed_base<73, 1, false, (ap_q_mode)5, (ap_o_mode)3, 0>::operator!() const' into 'ap_fixed_base<72, 0, false, (ap_q_mode)5, (ap_o_mode)3, 0>& ap_fixed_base<72, 0, false, (ap_q_mode)5, (ap_o_mode)3, 0>::operator=<73, 1, false, (ap_q_mode)5, (ap_o_mode)3, 0>(ap_fixed_base<73, 1, false, (ap_q_mode)5, (ap_o_mode)3, 0> const&)' (C:/Xilinx/Vitis_HLS/2022.2/common/technology/autopilot\ap_fixed_base.h:808:9)
INFO: [HLS 214-131] Inlining function '_ZN8ssdm_intILi72ELb0EEC2EDq72_j' into 'ap_fixed_base<72, 0, false, (ap_q_mode)5, (ap_o_mode)3, 0>::ap_fixed_base<73, 1, false, (ap_q_mode)5, (ap_o_mode)3, 0>(ap_fixed_base<73, 1, false, (ap_q_mode)5, (ap_o_mode)3, 0> const&)' (C:/Xilinx/Vitis_HLS/2022.2/common/technology/autopilot\ap_fixed_base.h:401:80)
INFO: [HLS 214-131] Inlining function 'ap_fixed_base<72, 0, false, (ap_q_mode)5, (ap_o_mode)3, 0>& ap_fixed_base<72, 0, false, (ap_q_mode)5, (ap_o_mode)3, 0>::operator=<73, 1, false, (ap_q_mode)5, (ap_o_mode)3, 0>(ap_fixed_base<73, 1, false, (ap_q_mode)5, (ap_o_mode)3, 0> const&)' into 'ap_fixed_base<72, 0, false, (ap_q_mode)5, (ap_o_mode)3, 0>::ap_fixed_base<73, 1, false, (ap_q_mode)5, (ap_o_mode)3, 0>(ap_fixed_base<73, 1, false, (ap_q_mode)5, (ap_o_mode)3, 0> const&)' (C:/Xilinx/Vitis_HLS/2022.2/common/technology/autopilot\ap_fixed_base.h:403:5)
INFO: [HLS 214-131] Inlining function 'ap_fixed_base<72, 0, false, (ap_q_mode)5, (ap_o_mode)3, 0>::ap_fixed_base<73, 1, false, (ap_q_mode)5, (ap_o_mode)3, 0>(ap_fixed_base<73, 1, false, (ap_q_mode)5, (ap_o_mode)3, 0> const&)' into 'ap_ufixed<72, 0, (ap_q_mode)5, (ap_o_mode)3, 0>::ap_ufixed<73, 1, false, (ap_q_mode)5, (ap_o_mode)3, 0>(ap_fixed_base<73, 1, false, (ap_q_mode)5, (ap_o_mode)3, 0> const&)'
INFO: [HLS 214-131] Inlining function 'ap_fixed_base<68, 32, false, (ap_q_mode)5, (ap_o_mode)3, 0>::ap_fixed_base(char const*)' into 'ap_ufixed<68, 32, (ap_q_mode)5, (ap_o_mode)3, 0>::ap_ufixed(char const*)'
INFO: [HLS 214-131] Inlining function 'ap_fixed_base<32, 32, true, (ap_q_mode)5, (ap_o_mode)3, 0>::operator!() const' into 'ap_fixed_base<140, 32, false, (ap_q_mode)5, (ap_o_mode)3, 0>& ap_fixed_base<140, 32, false, (ap_q_mode)5, (ap_o_mode)3, 0>::operator=<32, 32, true, (ap_q_mode)5, (ap_o_mode)3, 0>(ap_fixed_base<32, 32, true, (ap_q_mode)5, (ap_o_mode)3, 0> const&)' (C:/Xilinx/Vitis_HLS/2022.2/common/technology/autopilot\ap_fixed_base.h:808:9)
INFO: [HLS 214-131] Inlining function 'ap_fixed_base<140, 32, false, (ap_q_mode)5, (ap_o_mode)3, 0>& ap_fixed_base<140, 32, false, (ap_q_mode)5, (ap_o_mode)3, 0>::operator=<32, 32, true, (ap_q_mode)5, (ap_o_mode)3, 0>(ap_fixed_base<32, 32, true, (ap_q_mode)5, (ap_o_mode)3, 0> const&)' into 'ap_fixed_base<140, 32, false, (ap_q_mode)5, (ap_o_mode)3, 0>::ap_fixed_base(int)' (C:/Xilinx/Vitis_HLS/2022.2/common/technology/autopilot\ap_fixed_base.h:530:146)
INFO: [HLS 214-131] Inlining function 'ap_fixed_base<140, 32, false, (ap_q_mode)5, (ap_o_mode)3, 0>::ap_fixed_base(int)' into 'ap_fixed_base<68, 32, false, (ap_q_mode)5, (ap_o_mode)3, 0>::RType<72, 0, false>::mult ap_fixed_base<68, 32, false, (ap_q_mode)5, (ap_o_mode)3, 0>::operator*<72, 0, false, (ap_q_mode)5, (ap_o_mode)3, 0>(ap_fixed_base<72, 0, false, (ap_q_mode)5, (ap_o_mode)3, 0> const&) const' (C:/Xilinx/Vitis_HLS/2022.2/common/technology/autopilot\ap_fixed_base.h:1270:55)
INFO: [HLS 214-131] Inlining function 'ap_fixed_base<140, 32, false, (ap_q_mode)5, (ap_o_mode)3, 0>::ap_fixed_base(int)' into 'ap_fixed_base<68, 32, false, (ap_q_mode)5, (ap_o_mode)3, 0>::RType<72, 0, false>::mult ap_fixed_base<68, 32, false, (ap_q_mode)5, (ap_o_mode)3, 0>::operator*<72, 0, false, (ap_q_mode)5, (ap_o_mode)3, 0>(ap_fixed_base<72, 0, false, (ap_q_mode)5, (ap_o_mode)3, 0> const&) const' (C:/Xilinx/Vitis_HLS/2022.2/common/technology/autopilot\ap_fixed_base.h:1270:61)
INFO: [HLS 214-131] Inlining function 'ap_fixed_base<140, 32, false, (ap_q_mode)5, (ap_o_mode)3, 0>::operator!() const' into 'ap_fixed_base<68, 32, false, (ap_q_mode)5, (ap_o_mode)3, 0>& ap_fixed_base<68, 32, false, (ap_q_mode)5, (ap_o_mode)3, 0>::operator=<140, 32, false, (ap_q_mode)5, (ap_o_mode)3, 0>(ap_fixed_base<140, 32, false, (ap_q_mode)5, (ap_o_mode)3, 0> const&)' (C:/Xilinx/Vitis_HLS/2022.2/common/technology/autopilot\ap_fixed_base.h:808:9)
INFO: [HLS 214-131] Inlining function '_ZN8ssdm_intILi68ELb0EEC2EDq68_j' into 'ap_fixed_base<68, 32, false, (ap_q_mode)5, (ap_o_mode)3, 0>::ap_fixed_base<140, 32, false, (ap_q_mode)5, (ap_o_mode)3, 0>(ap_fixed_base<140, 32, false, (ap_q_mode)5, (ap_o_mode)3, 0> const&)' (C:/Xilinx/Vitis_HLS/2022.2/common/technology/autopilot\ap_fixed_base.h:401:80)
INFO: [HLS 214-131] Inlining function 'ap_fixed_base<68, 32, false, (ap_q_mode)5, (ap_o_mode)3, 0>& ap_fixed_base<68, 32, false, (ap_q_mode)5, (ap_o_mode)3, 0>::operator=<140, 32, false, (ap_q_mode)5, (ap_o_mode)3, 0>(ap_fixed_base<140, 32, false, (ap_q_mode)5, (ap_o_mode)3, 0> const&)' into 'ap_fixed_base<68, 32, false, (ap_q_mode)5, (ap_o_mode)3, 0>::ap_fixed_base<140, 32, false, (ap_q_mode)5, (ap_o_mode)3, 0>(ap_fixed_base<140, 32, false, (ap_q_mode)5, (ap_o_mode)3, 0> const&)' (C:/Xilinx/Vitis_HLS/2022.2/common/technology/autopilot\ap_fixed_base.h:403:5)
INFO: [HLS 214-131] Inlining function 'ap_fixed_base<68, 32, false, (ap_q_mode)5, (ap_o_mode)3, 0>::ap_fixed_base<140, 32, false, (ap_q_mode)5, (ap_o_mode)3, 0>(ap_fixed_base<140, 32, false, (ap_q_mode)5, (ap_o_mode)3, 0> const&)' into 'ap_ufixed<68, 32, (ap_q_mode)5, (ap_o_mode)3, 0>::ap_ufixed<140, 32, false, (ap_q_mode)5, (ap_o_mode)3, 0>(ap_fixed_base<140, 32, false, (ap_q_mode)5, (ap_o_mode)3, 0> const&)'
INFO: [HLS 214-131] Inlining function 'ap_fixed_base<32, 32, true, (ap_q_mode)5, (ap_o_mode)3, 0>::operator!() const' into 'ap_fixed_base<69, 33, false, (ap_q_mode)5, (ap_o_mode)3, 0>& ap_fixed_base<69, 33, false, (ap_q_mode)5, (ap_o_mode)3, 0>::operator=<32, 32, true, (ap_q_mode)5, (ap_o_mode)3, 0>(ap_fixed_base<32, 32, true, (ap_q_mode)5, (ap_o_mode)3, 0> const&)' (C:/Xilinx/Vitis_HLS/2022.2/common/technology/autopilot\ap_fixed_base.h:808:9)
INFO: [HLS 214-131] Inlining function 'ap_fixed_base<69, 33, false, (ap_q_mode)5, (ap_o_mode)3, 0>& ap_fixed_base<69, 33, false, (ap_q_mode)5, (ap_o_mode)3, 0>::operator=<32, 32, true, (ap_q_mode)5, (ap_o_mode)3, 0>(ap_fixed_base<32, 32, true, (ap_q_mode)5, (ap_o_mode)3, 0> const&)' into 'ap_fixed_base<69, 33, false, (ap_q_mode)5, (ap_o_mode)3, 0>::ap_fixed_base(int)' (C:/Xilinx/Vitis_HLS/2022.2/common/technology/autopilot\ap_fixed_base.h:530:146)
INFO: [HLS 214-131] Inlining function 'ap_fixed_base<68, 32, false, (ap_q_mode)5, (ap_o_mode)3, 0>::operator!() const' into 'ap_fixed_base<69, 33, false, (ap_q_mode)5, (ap_o_mode)3, 0>& ap_fixed_base<69, 33, false, (ap_q_mode)5, (ap_o_mode)3, 0>::operator=<68, 32, false, (ap_q_mode)5, (ap_o_mode)3, 0>(ap_fixed_base<68, 32, false, (ap_q_mode)5, (ap_o_mode)3, 0> const&)' (C:/Xilinx/Vitis_HLS/2022.2/common/technology/autopilot\ap_fixed_base.h:808:9)
INFO: [HLS 214-131] Inlining function '_ZN8ssdm_intILi69ELb0EEC2EDq69_j' into 'ap_fixed_base<69, 33, false, (ap_q_mode)5, (ap_o_mode)3, 0>::ap_fixed_base<68, 32, false, (ap_q_mode)5, (ap_o_mode)3, 0>(ap_fixed_base<68, 32, false, (ap_q_mode)5, (ap_o_mode)3, 0> const&)' (C:/Xilinx/Vitis_HLS/2022.2/common/technology/autopilot\ap_fixed_base.h:401:80)
INFO: [HLS 214-131] Inlining function 'ap_fixed_base<69, 33, false, (ap_q_mode)5, (ap_o_mode)3, 0>& ap_fixed_base<69, 33, false, (ap_q_mode)5, (ap_o_mode)3, 0>::operator=<68, 32, false, (ap_q_mode)5, (ap_o_mode)3, 0>(ap_fixed_base<68, 32, false, (ap_q_mode)5, (ap_o_mode)3, 0> const&)' into 'ap_fixed_base<69, 33, false, (ap_q_mode)5, (ap_o_mode)3, 0>::ap_fixed_base<68, 32, false, (ap_q_mode)5, (ap_o_mode)3, 0>(ap_fixed_base<68, 32, false, (ap_q_mode)5, (ap_o_mode)3, 0> const&)' (C:/Xilinx/Vitis_HLS/2022.2/common/technology/autopilot\ap_fixed_base.h:403:5)
INFO: [HLS 214-131] Inlining function 'ap_fixed_base<69, 33, false, (ap_q_mode)5, (ap_o_mode)3, 0>::ap_fixed_base(int)' into 'ap_fixed_base<68, 32, false, (ap_q_mode)5, (ap_o_mode)3, 0>::RType<68, 32, false>::plus ap_fixed_base<68, 32, false, (ap_q_mode)5, (ap_o_mode)3, 0>::operator+<68, 32, false, (ap_q_mode)5, (ap_o_mode)3, 0>(ap_fixed_base<68, 32, false, (ap_q_mode)5, (ap_o_mode)3, 0> const&) const' (C:/Xilinx/Vitis_HLS/2022.2/common/technology/autopilot\ap_fixed_base.h:1347:325)
INFO: [HLS 214-131] Inlining function 'ap_fixed_base<69, 33, false, (ap_q_mode)5, (ap_o_mode)3, 0>::ap_fixed_base<68, 32, false, (ap_q_mode)5, (ap_o_mode)3, 0>(ap_fixed_base<68, 32, false, (ap_q_mode)5, (ap_o_mode)3, 0> const&)' into 'ap_fixed_base<68, 32, false, (ap_q_mode)5, (ap_o_mode)3, 0>::RType<68, 32, false>::plus ap_fixed_base<68, 32, false, (ap_q_mode)5, (ap_o_mode)3, 0>::operator+<68, 32, false, (ap_q_mode)5, (ap_o_mode)3, 0>(ap_fixed_base<68, 32, false, (ap_q_mode)5, (ap_o_mode)3, 0> const&) const' (C:/Xilinx/Vitis_HLS/2022.2/common/technology/autopilot\ap_fixed_base.h:1347:345)
INFO: [HLS 214-131] Inlining function 'ap_fixed_base<69, 33, false, (ap_q_mode)5, (ap_o_mode)3, 0>::ap_fixed_base<68, 32, false, (ap_q_mode)5, (ap_o_mode)3, 0>(ap_fixed_base<68, 32, false, (ap_q_mode)5, (ap_o_mode)3, 0> const&)' into 'ap_fixed_base<68, 32, false, (ap_q_mode)5, (ap_o_mode)3, 0>::RType<68, 32, false>::plus ap_fixed_base<68, 32, false, (ap_q_mode)5, (ap_o_mode)3, 0>::operator+<68, 32, false, (ap_q_mode)5, (ap_o_mode)3, 0>(ap_fixed_base<68, 32, false, (ap_q_mode)5, (ap_o_mode)3, 0> const&) const' (C:/Xilinx/Vitis_HLS/2022.2/common/technology/autopilot\ap_fixed_base.h:1347:333)
INFO: [HLS 214-131] Inlining function 'ap_fixed_base<69, 33, false, (ap_q_mode)5, (ap_o_mode)3, 0>::operator!() const' into 'ap_fixed_base<68, 32, false, (ap_q_mode)5, (ap_o_mode)3, 0>& ap_fixed_base<68, 32, false, (ap_q_mode)5, (ap_o_mode)3, 0>::operator=<69, 33, false, (ap_q_mode)5, (ap_o_mode)3, 0>(ap_fixed_base<69, 33, false, (ap_q_mode)5, (ap_o_mode)3, 0> const&)' (C:/Xilinx/Vitis_HLS/2022.2/common/technology/autopilot\ap_fixed_base.h:808:9)
INFO: [HLS 214-131] Inlining function '_ZN8ssdm_intILi68ELb0EEC2EDq68_j' into 'ap_fixed_base<68, 32, false, (ap_q_mode)5, (ap_o_mode)3, 0>::ap_fixed_base<69, 33, false, (ap_q_mode)5, (ap_o_mode)3, 0>(ap_fixed_base<69, 33, false, (ap_q_mode)5, (ap_o_mode)3, 0> const&)' (C:/Xilinx/Vitis_HLS/2022.2/common/technology/autopilot\ap_fixed_base.h:401:80)
INFO: [HLS 214-131] Inlining function 'ap_fixed_base<68, 32, false, (ap_q_mode)5, (ap_o_mode)3, 0>& ap_fixed_base<68, 32, false, (ap_q_mode)5, (ap_o_mode)3, 0>::operator=<69, 33, false, (ap_q_mode)5, (ap_o_mode)3, 0>(ap_fixed_base<69, 33, false, (ap_q_mode)5, (ap_o_mode)3, 0> const&)' into 'ap_fixed_base<68, 32, false, (ap_q_mode)5, (ap_o_mode)3, 0>::ap_fixed_base<69, 33, false, (ap_q_mode)5, (ap_o_mode)3, 0>(ap_fixed_base<69, 33, false, (ap_q_mode)5, (ap_o_mode)3, 0> const&)' (C:/Xilinx/Vitis_HLS/2022.2/common/technology/autopilot\ap_fixed_base.h:403:5)
INFO: [HLS 214-131] Inlining function 'ap_fixed_base<68, 32, false, (ap_q_mode)5, (ap_o_mode)3, 0>::ap_fixed_base<69, 33, false, (ap_q_mode)5, (ap_o_mode)3, 0>(ap_fixed_base<69, 33, false, (ap_q_mode)5, (ap_o_mode)3, 0> const&)' into 'ap_ufixed<68, 32, (ap_q_mode)5, (ap_o_mode)3, 0>::ap_ufixed<69, 33, false, (ap_q_mode)5, (ap_o_mode)3, 0>(ap_fixed_base<69, 33, false, (ap_q_mode)5, (ap_o_mode)3, 0> const&)'
INFO: [HLS 214-131] Inlining function 'ap_fixed_base<68, 32, false, (ap_q_mode)5, (ap_o_mode)3, 0>::operator!() const' into 'ap_fixed_base<64, 32, false, (ap_q_mode)5, (ap_o_mode)3, 0>& ap_fixed_base<64, 32, false, (ap_q_mode)5, (ap_o_mode)3, 0>::operator=<68, 32, false, (ap_q_mode)5, (ap_o_mode)3, 0>(ap_fixed_base<68, 32, false, (ap_q_mode)5, (ap_o_mode)3, 0> const&)' (C:/Xilinx/Vitis_HLS/2022.2/common/technology/autopilot\ap_fixed_base.h:808:9)
INFO: [HLS 214-131] Inlining function 'ssdm_int<64, false>::ssdm_int(unsigned long)' into 'ap_fixed_base<64, 32, false, (ap_q_mode)5, (ap_o_mode)3, 0>::ap_fixed_base<68, 32, false, (ap_q_mode)5, (ap_o_mode)3, 0>(ap_fixed_base<68, 32, false, (ap_q_mode)5, (ap_o_mode)3, 0> const&)' (C:/Xilinx/Vitis_HLS/2022.2/common/technology/autopilot\ap_fixed_base.h:401:80)
INFO: [HLS 214-131] Inlining function 'ap_fixed_base<64, 32, false, (ap_q_mode)5, (ap_o_mode)3, 0>& ap_fixed_base<64, 32, false, (ap_q_mode)5, (ap_o_mode)3, 0>::operator=<68, 32, false, (ap_q_mode)5, (ap_o_mode)3, 0>(ap_fixed_base<68, 32, false, (ap_q_mode)5, (ap_o_mode)3, 0> const&)' into 'ap_fixed_base<64, 32, false, (ap_q_mode)5, (ap_o_mode)3, 0>::ap_fixed_base<68, 32, false, (ap_q_mode)5, (ap_o_mode)3, 0>(ap_fixed_base<68, 32, false, (ap_q_mode)5, (ap_o_mode)3, 0> const&)' (C:/Xilinx/Vitis_HLS/2022.2/common/technology/autopilot\ap_fixed_base.h:403:5)
INFO: [HLS 214-131] Inlining function 'ap_fixed_base<64, 32, false, (ap_q_mode)5, (ap_o_mode)3, 0>::ap_fixed_base<68, 32, false, (ap_q_mode)5, (ap_o_mode)3, 0>(ap_fixed_base<68, 32, false, (ap_q_mode)5, (ap_o_mode)3, 0> const&)' into 'ap_ufixed<64, 32, (ap_q_mode)5, (ap_o_mode)3, 0>::ap_ufixed<68, 32, false, (ap_q_mode)5, (ap_o_mode)3, 0>(ap_fixed_base<68, 32, false, (ap_q_mode)5, (ap_o_mode)3, 0> const&)'
INFO: [HLS 214-131] Inlining function 'ap_fixed_base<64, 32, false, (ap_q_mode)5, (ap_o_mode)3, 0>::operator!() const' into 'ap_fixed_base<33, 17, true, (ap_q_mode)5, (ap_o_mode)3, 0>& ap_fixed_base<33, 17, true, (ap_q_mode)5, (ap_o_mode)3, 0>::operator=<64, 32, false, (ap_q_mode)5, (ap_o_mode)3, 0>(ap_fixed_base<64, 32, false, (ap_q_mode)5, (ap_o_mode)3, 0> const&)' (C:/Xilinx/Vitis_HLS/2022.2/common/technology/autopilot\ap_fixed_base.h:808:9)
INFO: [HLS 214-131] Inlining function '_ZN8ssdm_intILi33ELb1EEC2EDq33_i' into 'ap_fixed_base<33, 17, true, (ap_q_mode)5, (ap_o_mode)3, 0>::ap_fixed_base<64, 32, false, (ap_q_mode)5, (ap_o_mode)3, 0>(ap_fixed_base<64, 32, false, (ap_q_mode)5, (ap_o_mode)3, 0> const&)' (C:/Xilinx/Vitis_HLS/2022.2/common/technology/autopilot\ap_fixed_base.h:401:80)
INFO: [HLS 214-131] Inlining function 'ap_fixed_base<33, 17, true, (ap_q_mode)5, (ap_o_mode)3, 0>& ap_fixed_base<33, 17, true, (ap_q_mode)5, (ap_o_mode)3, 0>::operator=<64, 32, false, (ap_q_mode)5, (ap_o_mode)3, 0>(ap_fixed_base<64, 32, false, (ap_q_mode)5, (ap_o_mode)3, 0> const&)' into 'ap_fixed_base<33, 17, true, (ap_q_mode)5, (ap_o_mode)3, 0>::ap_fixed_base<64, 32, false, (ap_q_mode)5, (ap_o_mode)3, 0>(ap_fixed_base<64, 32, false, (ap_q_mode)5, (ap_o_mode)3, 0> const&)' (C:/Xilinx/Vitis_HLS/2022.2/common/technology/autopilot\ap_fixed_base.h:403:5)
INFO: [HLS 214-131] Inlining function 'ap_fixed_base<33, 17, true, (ap_q_mode)5, (ap_o_mode)3, 0>::ap_fixed_base<64, 32, false, (ap_q_mode)5, (ap_o_mode)3, 0>(ap_fixed_base<64, 32, false, (ap_q_mode)5, (ap_o_mode)3, 0> const&)' into 'ap_fixed<33, 17, (ap_q_mode)5, (ap_o_mode)3, 0>::ap_fixed<64, 32, false, (ap_q_mode)5, (ap_o_mode)3, 0>(ap_fixed_base<64, 32, false, (ap_q_mode)5, (ap_o_mode)3, 0> const&)'
INFO: [HLS 214-131] Inlining function 'af_bit_ref<64, 32, false, (ap_q_mode)5, (ap_o_mode)3, 0>::operator=(bool)' into 'ap_fixed<33, 17, (ap_q_mode)5, (ap_o_mode)3, 0> exp_reduce::exp<33, 17>(ap_fixed<33, 17, (ap_q_mode)5, (ap_o_mode)3, 0>)' (C:/Xilinx/Vitis_HLS/2022.2/common/technology/autopilot/hls_exp_apfixed.h:946:7)
INFO: [HLS 214-131] Inlining function 'ap_fixed_base<64, 32, false, (ap_q_mode)5, (ap_o_mode)3, 0>::operator[](unsigned int)' into 'ap_fixed<33, 17, (ap_q_mode)5, (ap_o_mode)3, 0> exp_reduce::exp<33, 17>(ap_fixed<33, 17, (ap_q_mode)5, (ap_o_mode)3, 0>)' (C:/Xilinx/Vitis_HLS/2022.2/common/technology/autopilot/hls_exp_apfixed.h:946:2)
INFO: [HLS 214-131] Inlining function 'af_bit_ref<64, 32, false, (ap_q_mode)5, (ap_o_mode)3, 0>::operator=(bool)' into 'ap_fixed<33, 17, (ap_q_mode)5, (ap_o_mode)3, 0> exp_reduce::exp<33, 17>(ap_fixed<33, 17, (ap_q_mode)5, (ap_o_mode)3, 0>)' (C:/Xilinx/Vitis_HLS/2022.2/common/technology/autopilot/hls_exp_apfixed.h:942:7)
INFO: [HLS 214-131] Inlining function 'ap_fixed_base<64, 32, false, (ap_q_mode)5, (ap_o_mode)3, 0>::operator[](unsigned int)' into 'ap_fixed<33, 17, (ap_q_mode)5, (ap_o_mode)3, 0> exp_reduce::exp<33, 17>(ap_fixed<33, 17, (ap_q_mode)5, (ap_o_mode)3, 0>)' (C:/Xilinx/Vitis_HLS/2022.2/common/technology/autopilot/hls_exp_apfixed.h:942:2)
INFO: [HLS 214-131] Inlining function 'af_bit_ref<64, 32, false, (ap_q_mode)5, (ap_o_mode)3, 0>::operator bool() const' into 'ap_fixed<33, 17, (ap_q_mode)5, (ap_o_mode)3, 0> exp_reduce::exp<33, 17>(ap_fixed<33, 17, (ap_q_mode)5, (ap_o_mode)3, 0>)' (C:/Xilinx/Vitis_HLS/2022.2/common/technology/autopilot/hls_exp_apfixed.h:936:6)
INFO: [HLS 214-131] Inlining function 'ap_fixed_base<64, 32, false, (ap_q_mode)5, (ap_o_mode)3, 0>::operator[](unsigned int)' into 'ap_fixed<33, 17, (ap_q_mode)5, (ap_o_mode)3, 0> exp_reduce::exp<33, 17>(ap_fixed<33, 17, (ap_q_mode)5, (ap_o_mode)3, 0>)' (C:/Xilinx/Vitis_HLS/2022.2/common/technology/autopilot/hls_exp_apfixed.h:936:6)
INFO: [HLS 214-131] Inlining function 'ap_fixed_base<68, 32, false, (ap_q_mode)5, (ap_o_mode)3, 0>::RType<68, 32, false>::plus ap_fixed_base<68, 32, false, (ap_q_mode)5, (ap_o_mode)3, 0>::operator+<68, 32, false, (ap_q_mode)5, (ap_o_mode)3, 0>(ap_fixed_base<68, 32, false, (ap_q_mode)5, (ap_o_mode)3, 0> const&) const' into 'ap_fixed<33, 17, (ap_q_mode)5, (ap_o_mode)3, 0> exp_reduce::exp<33, 17>(ap_fixed<33, 17, (ap_q_mode)5, (ap_o_mode)3, 0>)' (C:/Xilinx/Vitis_HLS/2022.2/common/technology/autopilot/hls_exp_apfixed.h:929:43)
INFO: [HLS 214-131] Inlining function 'ap_fixed_base<68, 32, false, (ap_q_mode)5, (ap_o_mode)3, 0>::RType<72, 0, false>::mult ap_fixed_base<68, 32, false, (ap_q_mode)5, (ap_o_mode)3, 0>::operator*<72, 0, false, (ap_q_mode)5, (ap_o_mode)3, 0>(ap_fixed_base<72, 0, false, (ap_q_mode)5, (ap_o_mode)3, 0> const&) const' into 'ap_fixed<33, 17, (ap_q_mode)5, (ap_o_mode)3, 0> exp_reduce::exp<33, 17>(ap_fixed<33, 17, (ap_q_mode)5, (ap_o_mode)3, 0>)' (C:/Xilinx/Vitis_HLS/2022.2/common/technology/autopilot/hls_exp_apfixed.h:927:50)
INFO: [HLS 214-131] Inlining function 'ap_int_base<8, false>::operator unsigned long long() const' into 'ap_fixed<33, 17, (ap_q_mode)5, (ap_o_mode)3, 0> exp_reduce::exp<33, 17>(ap_fixed<33, 17, (ap_q_mode)5, (ap_o_mode)3, 0>)' (C:/Xilinx/Vitis_HLS/2022.2/common/technology/autopilot/hls_exp_apfixed.h:926:62)
INFO: [HLS 214-131] Inlining function 'ap_fixed_base<3, 2, true, (ap_q_mode)5, (ap_o_mode)3, 0>::operator[](unsigned int)' into 'ap_fixed<33, 17, (ap_q_mode)5, (ap_o_mode)3, 0> exp_reduce::exp<33, 17>(ap_fixed<33, 17, (ap_q_mode)5, (ap_o_mode)3, 0>)' (C:/Xilinx/Vitis_HLS/2022.2/common/technology/autopilot/hls_exp_apfixed.h:63:13)
INFO: [HLS 214-131] Inlining function 'ap_fixed_base<3, 2, true, (ap_q_mode)5, (ap_o_mode)3, 0>::operator[](unsigned int)' into 'ap_fixed<33, 17, (ap_q_mode)5, (ap_o_mode)3, 0> exp_reduce::exp<33, 17>(ap_fixed<33, 17, (ap_q_mode)5, (ap_o_mode)3, 0>)' (C:/Xilinx/Vitis_HLS/2022.2/common/technology/autopilot/hls_exp_apfixed.h:63:21)
INFO: [HLS 214-131] Inlining function 'bool af_bit_ref<3, 2, true, (ap_q_mode)5, (ap_o_mode)3, 0>::operator!=<3, 2, true, (ap_q_mode)5, (ap_o_mode)3, 0>(af_bit_ref<3, 2, true, (ap_q_mode)5, (ap_o_mode)3, 0> const&)' into 'ap_fixed<33, 17, (ap_q_mode)5, (ap_o_mode)3, 0> exp_reduce::exp<33, 17>(ap_fixed<33, 17, (ap_q_mode)5, (ap_o_mode)3, 0>)' (C:/Xilinx/Vitis_HLS/2022.2/common/technology/autopilot/hls_exp_apfixed.h:63:19)
INFO: [HLS 214-131] Inlining function 'ap_fixed_base<3, 2, true, (ap_q_mode)5, (ap_o_mode)3, 0>::operator[](unsigned int)' into 'ap_fixed<33, 17, (ap_q_mode)5, (ap_o_mode)3, 0> exp_reduce::exp<33, 17>(ap_fixed<33, 17, (ap_q_mode)5, (ap_o_mode)3, 0>)' (C:/Xilinx/Vitis_HLS/2022.2/common/technology/autopilot/hls_exp_apfixed.h:64:18)
INFO: [HLS 214-131] Inlining function 'af_bit_ref<3, 2, true, (ap_q_mode)5, (ap_o_mode)3, 0>::operator bool() const' into 'ap_fixed<33, 17, (ap_q_mode)5, (ap_o_mode)3, 0> exp_reduce::exp<33, 17>(ap_fixed<33, 17, (ap_q_mode)5, (ap_o_mode)3, 0>)' (C:/Xilinx/Vitis_HLS/2022.2/common/technology/autopilot/hls_exp_apfixed.h:64:18)
INFO: [HLS 214-131] Inlining function 'ap_fixed_base<3, 2, true, (ap_q_mode)5, (ap_o_mode)3, 0>::operator[](unsigned int)' into 'ap_fixed<33, 17, (ap_q_mode)5, (ap_o_mode)3, 0> exp_reduce::exp<33, 17>(ap_fixed<33, 17, (ap_q_mode)5, (ap_o_mode)3, 0>)' (C:/Xilinx/Vitis_HLS/2022.2/common/technology/autopilot/hls_exp_apfixed.h:66:18)
INFO: [HLS 214-131] Inlining function 'af_bit_ref<3, 2, true, (ap_q_mode)5, (ap_o_mode)3, 0>::operator bool() const' into 'ap_fixed<33, 17, (ap_q_mode)5, (ap_o_mode)3, 0> exp_reduce::exp<33, 17>(ap_fixed<33, 17, (ap_q_mode)5, (ap_o_mode)3, 0>)' (C:/Xilinx/Vitis_HLS/2022.2/common/technology/autopilot/hls_exp_apfixed.h:66:18)
INFO: [HLS 214-131] Inlining function 'ap_fixed_base<2, 1, false, (ap_q_mode)5, (ap_o_mode)3, 0>::operator[](unsigned int)' into 'ap_fixed<33, 17, (ap_q_mode)5, (ap_o_mode)3, 0> exp_reduce::exp<33, 17>(ap_fixed<33, 17, (ap_q_mode)5, (ap_o_mode)3, 0>)' (C:/Xilinx/Vitis_HLS/2022.2/common/technology/autopilot/hls_exp_apfixed.h:66:26)
INFO: [HLS 214-131] Inlining function 'af_bit_ref<2, 1, false, (ap_q_mode)5, (ap_o_mode)3, 0>::operator=(bool)' into 'ap_fixed<33, 17, (ap_q_mode)5, (ap_o_mode)3, 0> exp_reduce::exp<33, 17>(ap_fixed<33, 17, (ap_q_mode)5, (ap_o_mode)3, 0>)' (C:/Xilinx/Vitis_HLS/2022.2/common/technology/autopilot/hls_exp_apfixed.h:66:31)
INFO: [HLS 214-131] Inlining function 'ap_fixed_base<3, 2, true, (ap_q_mode)5, (ap_o_mode)3, 0>::operator[](unsigned int)' into 'ap_fixed<33, 17, (ap_q_mode)5, (ap_o_mode)3, 0> exp_reduce::exp<33, 17>(ap_fixed<33, 17, (ap_q_mode)5, (ap_o_mode)3, 0>)' (C:/Xilinx/Vitis_HLS/2022.2/common/technology/autopilot/hls_exp_apfixed.h:67:17)
INFO: [HLS 214-131] Inlining function 'af_bit_ref<3, 2, true, (ap_q_mode)5, (ap_o_mode)3, 0>::operator bool() const' into 'ap_fixed<33, 17, (ap_q_mode)5, (ap_o_mode)3, 0> exp_reduce::exp<33, 17>(ap_fixed<33, 17, (ap_q_mode)5, (ap_o_mode)3, 0>)' (C:/Xilinx/Vitis_HLS/2022.2/common/technology/autopilot/hls_exp_apfixed.h:67:17)
INFO: [HLS 214-131] Inlining function 'ap_fixed_base<3, 2, true, (ap_q_mode)5, (ap_o_mode)3, 0>::operator[](unsigned int)' into 'ap_fixed<33, 17, (ap_q_mode)5, (ap_o_mode)3, 0> exp_reduce::exp<33, 17>(ap_fixed<33, 17, (ap_q_mode)5, (ap_o_mode)3, 0>)' (C:/Xilinx/Vitis_HLS/2022.2/common/technology/autopilot/hls_exp_apfixed.h:67:24)
INFO: [HLS 214-131] Inlining function 'af_bit_ref<3, 2, true, (ap_q_mode)5, (ap_o_mode)3, 0>::operator bool() const' into 'ap_fixed<33, 17, (ap_q_mode)5, (ap_o_mode)3, 0> exp_reduce::exp<33, 17>(ap_fixed<33, 17, (ap_q_mode)5, (ap_o_mode)3, 0>)' (C:/Xilinx/Vitis_HLS/2022.2/common/technology/autopilot/hls_exp_apfixed.h:67:24)
INFO: [HLS 214-131] Inlining function 'ap_fixed_base<2, 1, false, (ap_q_mode)5, (ap_o_mode)3, 0>::operator[](unsigned int)' into 'ap_fixed<33, 17, (ap_q_mode)5, (ap_o_mode)3, 0> exp_reduce::exp<33, 17>(ap_fixed<33, 17, (ap_q_mode)5, (ap_o_mode)3, 0>)' (C:/Xilinx/Vitis_HLS/2022.2/common/technology/autopilot/hls_exp_apfixed.h:67:32)
INFO: [HLS 214-131] Inlining function 'af_bit_ref<2, 1, false, (ap_q_mode)5, (ap_o_mode)3, 0>::operator=(bool)' into 'ap_fixed<33, 17, (ap_q_mode)5, (ap_o_mode)3, 0> exp_reduce::exp<33, 17>(ap_fixed<33, 17, (ap_q_mode)5, (ap_o_mode)3, 0>)' (C:/Xilinx/Vitis_HLS/2022.2/common/technology/autopilot/hls_exp_apfixed.h:67:37)
INFO: [HLS 214-131] Inlining function 'ap_fixed_base<5, 3, true, (ap_q_mode)5, (ap_o_mode)3, 0>::operator()(int, int)' into 'ap_fixed<33, 17, (ap_q_mode)5, (ap_o_mode)3, 0> exp_reduce::exp<33, 17>(ap_fixed<33, 17, (ap_q_mode)5, (ap_o_mode)3, 0>)' (C:/Xilinx/Vitis_HLS/2022.2/common/technology/autopilot/hls_exp_apfixed.h:80:24)
INFO: [HLS 214-131] Inlining function 'ap_fixed_base<2, 2, true, (ap_q_mode)5, (ap_o_mode)3, 0>::operator()(int, int)' into 'ap_fixed<33, 17, (ap_q_mode)5, (ap_o_mode)3, 0> exp_reduce::exp<33, 17>(ap_fixed<33, 17, (ap_q_mode)5, (ap_o_mode)3, 0>)' (C:/Xilinx/Vitis_HLS/2022.2/common/technology/autopilot/hls_exp_apfixed.h:80:9)
INFO: [HLS 214-131] Inlining function 'af_range_ref<2, 2, true, (ap_q_mode)5, (ap_o_mode)3, 0>& af_range_ref<2, 2, true, (ap_q_mode)5, (ap_o_mode)3, 0>::operator=<5, 3, true, (ap_q_mode)5, (ap_o_mode)3, 0>(af_range_ref<5, 3, true, (ap_q_mode)5, (ap_o_mode)3, 0> const&)' into 'ap_fixed<33, 17, (ap_q_mode)5, (ap_o_mode)3, 0> exp_reduce::exp<33, 17>(ap_fixed<33, 17, (ap_q_mode)5, (ap_o_mode)3, 0>)' (C:/Xilinx/Vitis_HLS/2022.2/common/technology/autopilot/hls_exp_apfixed.h:80:22)
INFO: [HLS 214-131] Inlining function 'ap_fixed_base<5, 3, true, (ap_q_mode)5, (ap_o_mode)3, 0>::operator()(int, int)' into 'ap_fixed<33, 17, (ap_q_mode)5, (ap_o_mode)3, 0> exp_reduce::exp<33, 17>(ap_fixed<33, 17, (ap_q_mode)5, (ap_o_mode)3, 0>)' (C:/Xilinx/Vitis_HLS/2022.2/common/technology/autopilot/hls_exp_apfixed.h:82:26)
INFO: [HLS 214-131] Inlining function 'ap_fixed_base<2, 0, false, (ap_q_mode)5, (ap_o_mode)3, 0>::operator()(int, int)' into 'ap_fixed<33, 17, (ap_q_mode)5, (ap_o_mode)3, 0> exp_reduce::exp<33, 17>(ap_fixed<33, 17, (ap_q_mode)5, (ap_o_mode)3, 0>)' (C:/Xilinx/Vitis_HLS/2022.2/common/technology/autopilot/hls_exp_apfixed.h:82:9)
INFO: [HLS 214-131] Inlining function 'af_range_ref<2, 0, false, (ap_q_mode)5, (ap_o_mode)3, 0>& af_range_ref<2, 0, false, (ap_q_mode)5, (ap_o_mode)3, 0>::operator=<5, 3, true, (ap_q_mode)5, (ap_o_mode)3, 0>(af_range_ref<5, 3, true, (ap_q_mode)5, (ap_o_mode)3, 0> const&)' into 'ap_fixed<33, 17, (ap_q_mode)5, (ap_o_mode)3, 0> exp_reduce::exp<33, 17>(ap_fixed<33, 17, (ap_q_mode)5, (ap_o_mode)3, 0>)' (C:/Xilinx/Vitis_HLS/2022.2/common/technology/autopilot/hls_exp_apfixed.h:82:24)
INFO: [HLS 214-131] Inlining function 'ap_fixed_base<5, 3, true, (ap_q_mode)5, (ap_o_mode)3, 0>::operator[](unsigned int)' into 'ap_fixed<33, 17, (ap_q_mode)5, (ap_o_mode)3, 0> exp_reduce::exp<33, 17>(ap_fixed<33, 17, (ap_q_mode)5, (ap_o_mode)3, 0>)' (C:/Xilinx/Vitis_HLS/2022.2/common/technology/autopilot/hls_exp_apfixed.h:84:14)
INFO: [HLS 214-131] Inlining function 'ap_fixed_base<5, 3, true, (ap_q_mode)5, (ap_o_mode)3, 0>::operator[](unsigned int)' into 'ap_fixed<33, 17, (ap_q_mode)5, (ap_o_mode)3, 0> exp_reduce::exp<33, 17>(ap_fixed<33, 17, (ap_q_mode)5, (ap_o_mode)3, 0>)' (C:/Xilinx/Vitis_HLS/2022.2/common/technology/autopilot/hls_exp_apfixed.h:84:22)
INFO: [HLS 214-131] Inlining function 'bool af_bit_ref<5, 3, true, (ap_q_mode)5, (ap_o_mode)3, 0>::operator!=<5, 3, true, (ap_q_mode)5, (ap_o_mode)3, 0>(af_bit_ref<5, 3, true, (ap_q_mode)5, (ap_o_mode)3, 0> const&)' into 'ap_fixed<33, 17, (ap_q_mode)5, (ap_o_mode)3, 0> exp_reduce::exp<33, 17>(ap_fixed<33, 17, (ap_q_mode)5, (ap_o_mode)3, 0>)' (C:/Xilinx/Vitis_HLS/2022.2/common/technology/autopilot/hls_exp_apfixed.h:84:20)
INFO: [HLS 214-131] Inlining function 'bool operator==<2, 2, true, (ap_q_mode)5, (ap_o_mode)3, 0>(ap_fixed_base<2, 2, true, (ap_q_mode)5, (ap_o_mode)3, 0> const&, int)' into 'ap_fixed<33, 17, (ap_q_mode)5, (ap_o_mode)3, 0> exp_reduce::exp<33, 17>(ap_fixed<33, 17, (ap_q_mode)5, (ap_o_mode)3, 0>)' (C:/Xilinx/Vitis_HLS/2022.2/common/technology/autopilot/hls_exp_apfixed.h:84:40)
INFO: [HLS 214-131] Inlining function 'bool ap_fixed_base<2, 0, false, (ap_q_mode)5, (ap_o_mode)3, 0>::operator>=<2, 0, false, (ap_q_mode)5, (ap_o_mode)3, 0>(ap_fixed_base<2, 0, false, (ap_q_mode)5, (ap_o_mode)3, 0> const&) const' into 'ap_fixed<33, 17, (ap_q_mode)5, (ap_o_mode)3, 0> exp_reduce::exp<33, 17>(ap_fixed<33, 17, (ap_q_mode)5, (ap_o_mode)3, 0>)' (C:/Xilinx/Vitis_HLS/2022.2/common/technology/autopilot/hls_exp_apfixed.h:84:56)
INFO: [HLS 214-131] Inlining function 'ap_fixed_base<5, 3, true, (ap_q_mode)5, (ap_o_mode)3, 0>::operator[](unsigned int)' into 'ap_fixed<33, 17, (ap_q_mode)5, (ap_o_mode)3, 0> exp_reduce::exp<33, 17>(ap_fixed<33, 17, (ap_q_mode)5, (ap_o_mode)3, 0>)' (C:/Xilinx/Vitis_HLS/2022.2/common/technology/autopilot/hls_exp_apfixed.h:85:18)
INFO: [HLS 214-131] Inlining function 'af_bit_ref<5, 3, true, (ap_q_mode)5, (ap_o_mode)3, 0>::operator bool() const' into 'ap_fixed<33, 17, (ap_q_mode)5, (ap_o_mode)3, 0> exp_reduce::exp<33, 17>(ap_fixed<33, 17, (ap_q_mode)5, (ap_o_mode)3, 0>)' (C:/Xilinx/Vitis_HLS/2022.2/common/technology/autopilot/hls_exp_apfixed.h:85:18)
INFO: [HLS 214-131] Inlining function 'ap_fixed_base<5, 3, true, (ap_q_mode)5, (ap_o_mode)3, 0>::operator[](unsigned int)' into 'ap_fixed<33, 17, (ap_q_mode)5, (ap_o_mode)3, 0> exp_reduce::exp<33, 17>(ap_fixed<33, 17, (ap_q_mode)5, (ap_o_mode)3, 0>)' (C:/Xilinx/Vitis_HLS/2022.2/common/technology/autopilot/hls_exp_apfixed.h:87:18)
INFO: [HLS 214-131] Inlining function 'af_bit_ref<5, 3, true, (ap_q_mode)5, (ap_o_mode)3, 0>::operator bool() const' into 'ap_fixed<33, 17, (ap_q_mode)5, (ap_o_mode)3, 0> exp_reduce::exp<33, 17>(ap_fixed<33, 17, (ap_q_mode)5, (ap_o_mode)3, 0>)' (C:/Xilinx/Vitis_HLS/2022.2/common/technology/autopilot/hls_exp_apfixed.h:87:18)
INFO: [HLS 214-131] Inlining function 'ap_fixed_base<5, 3, true, (ap_q_mode)5, (ap_o_mode)3, 0>::operator[](unsigned int)' into 'ap_fixed<33, 17, (ap_q_mode)5, (ap_o_mode)3, 0> exp_reduce::exp<33, 17>(ap_fixed<33, 17, (ap_q_mode)5, (ap_o_mode)3, 0>)' (C:/Xilinx/Vitis_HLS/2022.2/common/technology/autopilot/hls_exp_apfixed.h:87:27)
INFO: [HLS 214-131] Inlining function 'af_bit_ref<5, 3, true, (ap_q_mode)5, (ap_o_mode)3, 0>::operator bool() const' into 'ap_fixed<33, 17, (ap_q_mode)5, (ap_o_mode)3, 0> exp_reduce::exp<33, 17>(ap_fixed<33, 17, (ap_q_mode)5, (ap_o_mode)3, 0>)' (C:/Xilinx/Vitis_HLS/2022.2/common/technology/autopilot/hls_exp_apfixed.h:87:27)
INFO: [HLS 214-131] Inlining function 'ap_fixed_base<5, 3, true, (ap_q_mode)5, (ap_o_mode)3, 0>::operator[](unsigned int)' into 'ap_fixed<33, 17, (ap_q_mode)5, (ap_o_mode)3, 0> exp_reduce::exp<33, 17>(ap_fixed<33, 17, (ap_q_mode)5, (ap_o_mode)3, 0>)' (C:/Xilinx/Vitis_HLS/2022.2/common/technology/autopilot/hls_exp_apfixed.h:87:34)
INFO: [HLS 214-131] Inlining function 'af_bit_ref<5, 3, true, (ap_q_mode)5, (ap_o_mode)3, 0>::operator bool() const' into 'ap_fixed<33, 17, (ap_q_mode)5, (ap_o_mode)3, 0> exp_reduce::exp<33, 17>(ap_fixed<33, 17, (ap_q_mode)5, (ap_o_mode)3, 0>)' (C:/Xilinx/Vitis_HLS/2022.2/common/technology/autopilot/hls_exp_apfixed.h:87:34)
INFO: [HLS 214-131] Inlining function 'ap_fixed_base<5, 3, true, (ap_q_mode)5, (ap_o_mode)3, 0>::operator[](unsigned int)' into 'ap_fixed<33, 17, (ap_q_mode)5, (ap_o_mode)3, 0> exp_reduce::exp<33, 17>(ap_fixed<33, 17, (ap_q_mode)5, (ap_o_mode)3, 0>)' (C:/Xilinx/Vitis_HLS/2022.2/common/technology/autopilot/hls_exp_apfixed.h:87:42)
INFO: [HLS 214-131] Inlining function 'af_bit_ref<5, 3, true, (ap_q_mode)5, (ap_o_mode)3, 0>::operator bool() const' into 'ap_fixed<33, 17, (ap_q_mode)5, (ap_o_mode)3, 0> exp_reduce::exp<33, 17>(ap_fixed<33, 17, (ap_q_mode)5, (ap_o_mode)3, 0>)' (C:/Xilinx/Vitis_HLS/2022.2/common/technology/autopilot/hls_exp_apfixed.h:87:42)
INFO: [HLS 214-131] Inlining function 'ap_fixed_base<4, 2, false, (ap_q_mode)5, (ap_o_mode)3, 0>::operator[](unsigned int)' into 'ap_fixed<33, 17, (ap_q_mode)5, (ap_o_mode)3, 0> exp_reduce::exp<33, 17>(ap_fixed<33, 17, (ap_q_mode)5, (ap_o_mode)3, 0>)' (C:/Xilinx/Vitis_HLS/2022.2/common/technology/autopilot/hls_exp_apfixed.h:87:51)
INFO: [HLS 214-131] Inlining function 'af_bit_ref<4, 2, false, (ap_q_mode)5, (ap_o_mode)3, 0>::operator=(bool)' into 'ap_fixed<33, 17, (ap_q_mode)5, (ap_o_mode)3, 0> exp_reduce::exp<33, 17>(ap_fixed<33, 17, (ap_q_mode)5, (ap_o_mode)3, 0>)' (C:/Xilinx/Vitis_HLS/2022.2/common/technology/autopilot/hls_exp_apfixed.h:87:56)
INFO: [HLS 214-131] Inlining function 'ap_fixed_base<5, 3, true, (ap_q_mode)5, (ap_o_mode)3, 0>::operator[](unsigned int)' into 'ap_fixed<33, 17, (ap_q_mode)5, (ap_o_mode)3, 0> exp_reduce::exp<33, 17>(ap_fixed<33, 17, (ap_q_mode)5, (ap_o_mode)3, 0>)' (C:/Xilinx/Vitis_HLS/2022.2/common/technology/autopilot/hls_exp_apfixed.h:88:18)
INFO: [HLS 214-131] Inlining function 'af_bit_ref<5, 3, true, (ap_q_mode)5, (ap_o_mode)3, 0>::operator bool() const' into 'ap_fixed<33, 17, (ap_q_mode)5, (ap_o_mode)3, 0> exp_reduce::exp<33, 17>(ap_fixed<33, 17, (ap_q_mode)5, (ap_o_mode)3, 0>)' (C:/Xilinx/Vitis_HLS/2022.2/common/technology/autopilot/hls_exp_apfixed.h:88:18)
INFO: [HLS 214-131] Inlining function 'ap_fixed_base<5, 3, true, (ap_q_mode)5, (ap_o_mode)3, 0>::operator[](unsigned int)' into 'ap_fixed<33, 17, (ap_q_mode)5, (ap_o_mode)3, 0> exp_reduce::exp<33, 17>(ap_fixed<33, 17, (ap_q_mode)5, (ap_o_mode)3, 0>)' (C:/Xilinx/Vitis_HLS/2022.2/common/technology/autopilot/hls_exp_apfixed.h:88:28)
INFO: [HLS 214-131] Inlining function 'af_bit_ref<5, 3, true, (ap_q_mode)5, (ap_o_mode)3, 0>::operator bool() const' into 'ap_fixed<33, 17, (ap_q_mode)5, (ap_o_mode)3, 0> exp_reduce::exp<33, 17>(ap_fixed<33, 17, (ap_q_mode)5, (ap_o_mode)3, 0>)' (C:/Xilinx/Vitis_HLS/2022.2/common/technology/autopilot/hls_exp_apfixed.h:88:28)
INFO: [HLS 214-131] Inlining function 'ap_fixed_base<5, 3, true, (ap_q_mode)5, (ap_o_mode)3, 0>::operator[](unsigned int)' into 'ap_fixed<33, 17, (ap_q_mode)5, (ap_o_mode)3, 0> exp_reduce::exp<33, 17>(ap_fixed<33, 17, (ap_q_mode)5, (ap_o_mode)3, 0>)' (C:/Xilinx/Vitis_HLS/2022.2/common/technology/autopilot/hls_exp_apfixed.h:88:36)
INFO: [HLS 214-131] Inlining function 'af_bit_ref<5, 3, true, (ap_q_mode)5, (ap_o_mode)3, 0>::operator bool() const' into 'ap_fixed<33, 17, (ap_q_mode)5, (ap_o_mode)3, 0> exp_reduce::exp<33, 17>(ap_fixed<33, 17, (ap_q_mode)5, (ap_o_mode)3, 0>)' (C:/Xilinx/Vitis_HLS/2022.2/common/technology/autopilot/hls_exp_apfixed.h:88:36)
INFO: [HLS 214-131] Inlining function 'ap_fixed_base<5, 3, true, (ap_q_mode)5, (ap_o_mode)3, 0>::operator[](unsigned int)' into 'ap_fixed<33, 17, (ap_q_mode)5, (ap_o_mode)3, 0> exp_reduce::exp<33, 17>(ap_fixed<33, 17, (ap_q_mode)5, (ap_o_mode)3, 0>)' (C:/Xilinx/Vitis_HLS/2022.2/common/technology/autopilot/hls_exp_apfixed.h:88:46)
INFO: [HLS 214-131] Inlining function 'af_bit_ref<5, 3, true, (ap_q_mode)5, (ap_o_mode)3, 0>::operator bool() const' into 'ap_fixed<33, 17, (ap_q_mode)5, (ap_o_mode)3, 0> exp_reduce::exp<33, 17>(ap_fixed<33, 17, (ap_q_mode)5, (ap_o_mode)3, 0>)' (C:/Xilinx/Vitis_HLS/2022.2/common/technology/autopilot/hls_exp_apfixed.h:88:46)
INFO: [HLS 214-131] Inlining function 'ap_fixed_base<5, 3, true, (ap_q_mode)5, (ap_o_mode)3, 0>::operator[](unsigned int)' into 'ap_fixed<33, 17, (ap_q_mode)5, (ap_o_mode)3, 0> exp_reduce::exp<33, 17>(ap_fixed<33, 17, (ap_q_mode)5, (ap_o_mode)3, 0>)' (C:/Xilinx/Vitis_HLS/2022.2/common/technology/autopilot/hls_exp_apfixed.h:88:53)
INFO: [HLS 214-131] Inlining function 'af_bit_ref<5, 3, true, (ap_q_mode)5, (ap_o_mode)3, 0>::operator bool() const' into 'ap_fixed<33, 17, (ap_q_mode)5, (ap_o_mode)3, 0> exp_reduce::exp<33, 17>(ap_fixed<33, 17, (ap_q_mode)5, (ap_o_mode)3, 0>)' (C:/Xilinx/Vitis_HLS/2022.2/common/technology/autopilot/hls_exp_apfixed.h:88:53)
INFO: [HLS 214-131] Inlining function 'ap_fixed_base<4, 2, false, (ap_q_mode)5, (ap_o_mode)3, 0>::operator[](unsigned int)' into 'ap_fixed<33, 17, (ap_q_mode)5, (ap_o_mode)3, 0> exp_reduce::exp<33, 17>(ap_fixed<33, 17, (ap_q_mode)5, (ap_o_mode)3, 0>)' (C:/Xilinx/Vitis_HLS/2022.2/common/technology/autopilot/hls_exp_apfixed.h:88:63)
INFO: [HLS 214-131] Inlining function 'af_bit_ref<4, 2, false, (ap_q_mode)5, (ap_o_mode)3, 0>::operator=(bool)' into 'ap_fixed<33, 17, (ap_q_mode)5, (ap_o_mode)3, 0> exp_reduce::exp<33, 17>(ap_fixed<33, 17, (ap_q_mode)5, (ap_o_mode)3, 0>)' (C:/Xilinx/Vitis_HLS/2022.2/common/technology/autopilot/hls_exp_apfixed.h:88:68)
INFO: [HLS 214-131] Inlining function 'ap_fixed_base<5, 3, true, (ap_q_mode)5, (ap_o_mode)3, 0>::operator[](unsigned int)' into 'ap_fixed<33, 17, (ap_q_mode)5, (ap_o_mode)3, 0> exp_reduce::exp<33, 17>(ap_fixed<33, 17, (ap_q_mode)5, (ap_o_mode)3, 0>)' (C:/Xilinx/Vitis_HLS/2022.2/common/technology/autopilot/hls_exp_apfixed.h:89:19)
INFO: [HLS 214-131] Inlining function 'af_bit_ref<5, 3, true, (ap_q_mode)5, (ap_o_mode)3, 0>::operator bool() const' into 'ap_fixed<33, 17, (ap_q_mode)5, (ap_o_mode)3, 0> exp_reduce::exp<33, 17>(ap_fixed<33, 17, (ap_q_mode)5, (ap_o_mode)3, 0>)' (C:/Xilinx/Vitis_HLS/2022.2/common/technology/autopilot/hls_exp_apfixed.h:89:19)
INFO: [HLS 214-131] Inlining function 'ap_fixed_base<5, 3, true, (ap_q_mode)5, (ap_o_mode)3, 0>::operator[](unsigned int)' into 'ap_fixed<33, 17, (ap_q_mode)5, (ap_o_mode)3, 0> exp_reduce::exp<33, 17>(ap_fixed<33, 17, (ap_q_mode)5, (ap_o_mode)3, 0>)' (C:/Xilinx/Vitis_HLS/2022.2/common/technology/autopilot/hls_exp_apfixed.h:89:26)
INFO: [HLS 214-131] Inlining function 'af_bit_ref<5, 3, true, (ap_q_mode)5, (ap_o_mode)3, 0>::operator bool() const' into 'ap_fixed<33, 17, (ap_q_mode)5, (ap_o_mode)3, 0> exp_reduce::exp<33, 17>(ap_fixed<33, 17, (ap_q_mode)5, (ap_o_mode)3, 0>)' (C:/Xilinx/Vitis_HLS/2022.2/common/technology/autopilot/hls_exp_apfixed.h:89:26)
INFO: [HLS 214-131] Inlining function 'ap_fixed_base<5, 3, true, (ap_q_mode)5, (ap_o_mode)3, 0>::operator[](unsigned int)' into 'ap_fixed<33, 17, (ap_q_mode)5, (ap_o_mode)3, 0> exp_reduce::exp<33, 17>(ap_fixed<33, 17, (ap_q_mode)5, (ap_o_mode)3, 0>)' (C:/Xilinx/Vitis_HLS/2022.2/common/technology/autopilot/hls_exp_apfixed.h:89:34)
INFO: [HLS 214-131] Inlining function 'af_bit_ref<5, 3, true, (ap_q_mode)5, (ap_o_mode)3, 0>::operator bool() const' into 'ap_fixed<33, 17, (ap_q_mode)5, (ap_o_mode)3, 0> exp_reduce::exp<33, 17>(ap_fixed<33, 17, (ap_q_mode)5, (ap_o_mode)3, 0>)' (C:/Xilinx/Vitis_HLS/2022.2/common/technology/autopilot/hls_exp_apfixed.h:89:34)
INFO: [HLS 214-131] Inlining function 'ap_fixed_base<5, 3, true, (ap_q_mode)5, (ap_o_mode)3, 0>::operator[](unsigned int)' into 'ap_fixed<33, 17, (ap_q_mode)5, (ap_o_mode)3, 0> exp_reduce::exp<33, 17>(ap_fixed<33, 17, (ap_q_mode)5, (ap_o_mode)3, 0>)' (C:/Xilinx/Vitis_HLS/2022.2/common/technology/autopilot/hls_exp_apfixed.h:89:44)
INFO: [HLS 214-131] Inlining function 'af_bit_ref<5, 3, true, (ap_q_mode)5, (ap_o_mode)3, 0>::operator bool() const' into 'ap_fixed<33, 17, (ap_q_mode)5, (ap_o_mode)3, 0> exp_reduce::exp<33, 17>(ap_fixed<33, 17, (ap_q_mode)5, (ap_o_mode)3, 0>)' (C:/Xilinx/Vitis_HLS/2022.2/common/technology/autopilot/hls_exp_apfixed.h:89:44)
INFO: [HLS 214-131] Inlining function 'ap_fixed_base<5, 3, true, (ap_q_mode)5, (ap_o_mode)3, 0>::operator[](unsigned int)' into 'ap_fixed<33, 17, (ap_q_mode)5, (ap_o_mode)3, 0> exp_reduce::exp<33, 17>(ap_fixed<33, 17, (ap_q_mode)5, (ap_o_mode)3, 0>)' (C:/Xilinx/Vitis_HLS/2022.2/common/technology/autopilot/hls_exp_apfixed.h:89:51)
INFO: [HLS 214-131] Inlining function 'af_bit_ref<5, 3, true, (ap_q_mode)5, (ap_o_mode)3, 0>::operator bool() const' into 'ap_fixed<33, 17, (ap_q_mode)5, (ap_o_mode)3, 0> exp_reduce::exp<33, 17>(ap_fixed<33, 17, (ap_q_mode)5, (ap_o_mode)3, 0>)' (C:/Xilinx/Vitis_HLS/2022.2/common/technology/autopilot/hls_exp_apfixed.h:89:51)
INFO: [HLS 214-131] Inlining function 'ap_fixed_base<5, 3, true, (ap_q_mode)5, (ap_o_mode)3, 0>::operator[](unsigned int)' into 'ap_fixed<33, 17, (ap_q_mode)5, (ap_o_mode)3, 0> exp_reduce::exp<33, 17>(ap_fixed<33, 17, (ap_q_mode)5, (ap_o_mode)3, 0>)' (C:/Xilinx/Vitis_HLS/2022.2/common/technology/autopilot/hls_exp_apfixed.h:89:60)
INFO: [HLS 214-131] Inlining function 'af_bit_ref<5, 3, true, (ap_q_mode)5, (ap_o_mode)3, 0>::operator bool() const' into 'ap_fixed<33, 17, (ap_q_mode)5, (ap_o_mode)3, 0> exp_reduce::exp<33, 17>(ap_fixed<33, 17, (ap_q_mode)5, (ap_o_mode)3, 0>)' (C:/Xilinx/Vitis_HLS/2022.2/common/technology/autopilot/hls_exp_apfixed.h:89:60)
INFO: [HLS 214-131] Inlining function 'ap_fixed_base<5, 3, true, (ap_q_mode)5, (ap_o_mode)3, 0>::operator[](unsigned int)' into 'ap_fixed<33, 17, (ap_q_mode)5, (ap_o_mode)3, 0> exp_reduce::exp<33, 17>(ap_fixed<33, 17, (ap_q_mode)5, (ap_o_mode)3, 0>)' (C:/Xilinx/Vitis_HLS/2022.2/common/technology/autopilot/hls_exp_apfixed.h:89:67)
INFO: [HLS 214-131] Inlining function 'af_bit_ref<5, 3, true, (ap_q_mode)5, (ap_o_mode)3, 0>::operator bool() const' into 'ap_fixed<33, 17, (ap_q_mode)5, (ap_o_mode)3, 0> exp_reduce::exp<33, 17>(ap_fixed<33, 17, (ap_q_mode)5, (ap_o_mode)3, 0>)' (C:/Xilinx/Vitis_HLS/2022.2/common/technology/autopilot/hls_exp_apfixed.h:89:67)
INFO: [HLS 214-131] Inlining function 'ap_fixed_base<5, 3, true, (ap_q_mode)5, (ap_o_mode)3, 0>::operator[](unsigned int)' into 'ap_fixed<33, 17, (ap_q_mode)5, (ap_o_mode)3, 0> exp_reduce::exp<33, 17>(ap_fixed<33, 17, (ap_q_mode)5, (ap_o_mode)3, 0>)' (C:/Xilinx/Vitis_HLS/2022.2/common/technology/autopilot/hls_exp_apfixed.h:89:76)
INFO: [HLS 214-131] Inlining function 'af_bit_ref<5, 3, true, (ap_q_mode)5, (ap_o_mode)3, 0>::operator bool() const' into 'ap_fixed<33, 17, (ap_q_mode)5, (ap_o_mode)3, 0> exp_reduce::exp<33, 17>(ap_fixed<33, 17, (ap_q_mode)5, (ap_o_mode)3, 0>)' (C:/Xilinx/Vitis_HLS/2022.2/common/technology/autopilot/hls_exp_apfixed.h:89:76)
INFO: [HLS 214-131] Inlining function 'ap_fixed_base<5, 3, true, (ap_q_mode)5, (ap_o_mode)3, 0>::operator[](unsigned int)' into 'ap_fixed<33, 17, (ap_q_mode)5, (ap_o_mode)3, 0> exp_reduce::exp<33, 17>(ap_fixed<33, 17, (ap_q_mode)5, (ap_o_mode)3, 0>)' (C:/Xilinx/Vitis_HLS/2022.2/common/technology/autopilot/hls_exp_apfixed.h:89:83)
INFO: [HLS 214-131] Inlining function 'af_bit_ref<5, 3, true, (ap_q_mode)5, (ap_o_mode)3, 0>::operator bool() const' into 'ap_fixed<33, 17, (ap_q_mode)5, (ap_o_mode)3, 0> exp_reduce::exp<33, 17>(ap_fixed<33, 17, (ap_q_mode)5, (ap_o_mode)3, 0>)' (C:/Xilinx/Vitis_HLS/2022.2/common/technology/autopilot/hls_exp_apfixed.h:89:83)
INFO: [HLS 214-131] Inlining function 'ap_fixed_base<4, 2, false, (ap_q_mode)5, (ap_o_mode)3, 0>::operator[](unsigned int)' into 'ap_fixed<33, 17, (ap_q_mode)5, (ap_o_mode)3, 0> exp_reduce::exp<33, 17>(ap_fixed<33, 17, (ap_q_mode)5, (ap_o_mode)3, 0>)' (C:/Xilinx/Vitis_HLS/2022.2/common/technology/autopilot/hls_exp_apfixed.h:89:92)
INFO: [HLS 214-131] Inlining function 'af_bit_ref<4, 2, false, (ap_q_mode)5, (ap_o_mode)3, 0>::operator=(bool)' into 'ap_fixed<33, 17, (ap_q_mode)5, (ap_o_mode)3, 0> exp_reduce::exp<33, 17>(ap_fixed<33, 17, (ap_q_mode)5, (ap_o_mode)3, 0>)' (C:/Xilinx/Vitis_HLS/2022.2/common/technology/autopilot/hls_exp_apfixed.h:89:97)
INFO: [HLS 214-131] Inlining function 'ap_fixed_base<5, 3, true, (ap_q_mode)5, (ap_o_mode)3, 0>::operator[](unsigned int)' into 'ap_fixed<33, 17, (ap_q_mode)5, (ap_o_mode)3, 0> exp_reduce::exp<33, 17>(ap_fixed<33, 17, (ap_q_mode)5, (ap_o_mode)3, 0>)' (C:/Xilinx/Vitis_HLS/2022.2/common/technology/autopilot/hls_exp_apfixed.h:90:19)
INFO: [HLS 214-131] Inlining function 'af_bit_ref<5, 3, true, (ap_q_mode)5, (ap_o_mode)3, 0>::operator bool() const' into 'ap_fixed<33, 17, (ap_q_mode)5, (ap_o_mode)3, 0> exp_reduce::exp<33, 17>(ap_fixed<33, 17, (ap_q_mode)5, (ap_o_mode)3, 0>)' (C:/Xilinx/Vitis_HLS/2022.2/common/technology/autopilot/hls_exp_apfixed.h:90:19)
INFO: [HLS 214-131] Inlining function 'ap_fixed_base<5, 3, true, (ap_q_mode)5, (ap_o_mode)3, 0>::operator[](unsigned int)' into 'ap_fixed<33, 17, (ap_q_mode)5, (ap_o_mode)3, 0> exp_reduce::exp<33, 17>(ap_fixed<33, 17, (ap_q_mode)5, (ap_o_mode)3, 0>)' (C:/Xilinx/Vitis_HLS/2022.2/common/technology/autopilot/hls_exp_apfixed.h:90:27)
INFO: [HLS 214-131] Inlining function 'af_bit_ref<5, 3, true, (ap_q_mode)5, (ap_o_mode)3, 0>::operator bool() const' into 'ap_fixed<33, 17, (ap_q_mode)5, (ap_o_mode)3, 0> exp_reduce::exp<33, 17>(ap_fixed<33, 17, (ap_q_mode)5, (ap_o_mode)3, 0>)' (C:/Xilinx/Vitis_HLS/2022.2/common/technology/autopilot/hls_exp_apfixed.h:90:27)
INFO: [HLS 214-131] Inlining function 'ap_fixed_base<5, 3, true, (ap_q_mode)5, (ap_o_mode)3, 0>::operator[](unsigned int)' into 'ap_fixed<33, 17, (ap_q_mode)5, (ap_o_mode)3, 0> exp_reduce::exp<33, 17>(ap_fixed<33, 17, (ap_q_mode)5, (ap_o_mode)3, 0>)' (C:/Xilinx/Vitis_HLS/2022.2/common/technology/autopilot/hls_exp_apfixed.h:90:34)
INFO: [HLS 214-131] Inlining function 'af_bit_ref<5, 3, true, (ap_q_mode)5, (ap_o_mode)3, 0>::operator bool() const' into 'ap_fixed<33, 17, (ap_q_mode)5, (ap_o_mode)3, 0> exp_reduce::exp<33, 17>(ap_fixed<33, 17, (ap_q_mode)5, (ap_o_mode)3, 0>)' (C:/Xilinx/Vitis_HLS/2022.2/common/technology/autopilot/hls_exp_apfixed.h:90:34)
INFO: [HLS 214-131] Inlining function 'ap_fixed_base<5, 3, true, (ap_q_mode)5, (ap_o_mode)3, 0>::operator[](unsigned int)' into 'ap_fixed<33, 17, (ap_q_mode)5, (ap_o_mode)3, 0> exp_reduce::exp<33, 17>(ap_fixed<33, 17, (ap_q_mode)5, (ap_o_mode)3, 0>)' (C:/Xilinx/Vitis_HLS/2022.2/common/technology/autopilot/hls_exp_apfixed.h:90:44)
INFO: [HLS 214-131] Inlining function 'af_bit_ref<5, 3, true, (ap_q_mode)5, (ap_o_mode)3, 0>::operator bool() const' into 'ap_fixed<33, 17, (ap_q_mode)5, (ap_o_mode)3, 0> exp_reduce::exp<33, 17>(ap_fixed<33, 17, (ap_q_mode)5, (ap_o_mode)3, 0>)' (C:/Xilinx/Vitis_HLS/2022.2/common/technology/autopilot/hls_exp_apfixed.h:90:44)
INFO: [HLS 214-131] Inlining function 'ap_fixed_base<5, 3, true, (ap_q_mode)5, (ap_o_mode)3, 0>::operator[](unsigned int)' into 'ap_fixed<33, 17, (ap_q_mode)5, (ap_o_mode)3, 0> exp_reduce::exp<33, 17>(ap_fixed<33, 17, (ap_q_mode)5, (ap_o_mode)3, 0>)' (C:/Xilinx/Vitis_HLS/2022.2/common/technology/autopilot/hls_exp_apfixed.h:90:51)
INFO: [HLS 214-131] Inlining function 'af_bit_ref<5, 3, true, (ap_q_mode)5, (ap_o_mode)3, 0>::operator bool() const' into 'ap_fixed<33, 17, (ap_q_mode)5, (ap_o_mode)3, 0> exp_reduce::exp<33, 17>(ap_fixed<33, 17, (ap_q_mode)5, (ap_o_mode)3, 0>)' (C:/Xilinx/Vitis_HLS/2022.2/common/technology/autopilot/hls_exp_apfixed.h:90:51)
INFO: [HLS 214-131] Inlining function 'ap_fixed_base<5, 3, true, (ap_q_mode)5, (ap_o_mode)3, 0>::operator[](unsigned int)' into 'ap_fixed<33, 17, (ap_q_mode)5, (ap_o_mode)3, 0> exp_reduce::exp<33, 17>(ap_fixed<33, 17, (ap_q_mode)5, (ap_o_mode)3, 0>)' (C:/Xilinx/Vitis_HLS/2022.2/common/technology/autopilot/hls_exp_apfixed.h:90:59)
INFO: [HLS 214-131] Inlining function 'af_bit_ref<5, 3, true, (ap_q_mode)5, (ap_o_mode)3, 0>::operator bool() const' into 'ap_fixed<33, 17, (ap_q_mode)5, (ap_o_mode)3, 0> exp_reduce::exp<33, 17>(ap_fixed<33, 17, (ap_q_mode)5, (ap_o_mode)3, 0>)' (C:/Xilinx/Vitis_HLS/2022.2/common/technology/autopilot/hls_exp_apfixed.h:90:59)
INFO: [HLS 214-131] Inlining function 'ap_fixed_base<5, 3, true, (ap_q_mode)5, (ap_o_mode)3, 0>::operator[](unsigned int)' into 'ap_fixed<33, 17, (ap_q_mode)5, (ap_o_mode)3, 0> exp_reduce::exp<33, 17>(ap_fixed<33, 17, (ap_q_mode)5, (ap_o_mode)3, 0>)' (C:/Xilinx/Vitis_HLS/2022.2/common/technology/autopilot/hls_exp_apfixed.h:90:68)
INFO: [HLS 214-131] Inlining function 'af_bit_ref<5, 3, true, (ap_q_mode)5, (ap_o_mode)3, 0>::operator bool() const' into 'ap_fixed<33, 17, (ap_q_mode)5, (ap_o_mode)3, 0> exp_reduce::exp<33, 17>(ap_fixed<33, 17, (ap_q_mode)5, (ap_o_mode)3, 0>)' (C:/Xilinx/Vitis_HLS/2022.2/common/technology/autopilot/hls_exp_apfixed.h:90:68)
INFO: [HLS 214-131] Inlining function 'ap_fixed_base<5, 3, true, (ap_q_mode)5, (ap_o_mode)3, 0>::operator[](unsigned int)' into 'ap_fixed<33, 17, (ap_q_mode)5, (ap_o_mode)3, 0> exp_reduce::exp<33, 17>(ap_fixed<33, 17, (ap_q_mode)5, (ap_o_mode)3, 0>)' (C:/Xilinx/Vitis_HLS/2022.2/common/technology/autopilot/hls_exp_apfixed.h:90:76)
INFO: [HLS 214-131] Inlining function 'af_bit_ref<5, 3, true, (ap_q_mode)5, (ap_o_mode)3, 0>::operator bool() const' into 'ap_fixed<33, 17, (ap_q_mode)5, (ap_o_mode)3, 0> exp_reduce::exp<33, 17>(ap_fixed<33, 17, (ap_q_mode)5, (ap_o_mode)3, 0>)' (C:/Xilinx/Vitis_HLS/2022.2/common/technology/autopilot/hls_exp_apfixed.h:90:76)
INFO: [HLS 214-131] Inlining function 'ap_fixed_base<5, 3, true, (ap_q_mode)5, (ap_o_mode)3, 0>::operator[](unsigned int)' into 'ap_fixed<33, 17, (ap_q_mode)5, (ap_o_mode)3, 0> exp_reduce::exp<33, 17>(ap_fixed<33, 17, (ap_q_mode)5, (ap_o_mode)3, 0>)' (C:/Xilinx/Vitis_HLS/2022.2/common/technology/autopilot/hls_exp_apfixed.h:90:84)
INFO: [HLS 214-131] Inlining function 'af_bit_ref<5, 3, true, (ap_q_mode)5, (ap_o_mode)3, 0>::operator bool() const' into 'ap_fixed<33, 17, (ap_q_mode)5, (ap_o_mode)3, 0> exp_reduce::exp<33, 17>(ap_fixed<33, 17, (ap_q_mode)5, (ap_o_mode)3, 0>)' (C:/Xilinx/Vitis_HLS/2022.2/common/technology/autopilot/hls_exp_apfixed.h:90:84)
INFO: [HLS 214-131] Inlining function 'ap_fixed_base<5, 3, true, (ap_q_mode)5, (ap_o_mode)3, 0>::operator[](unsigned int)' into 'ap_fixed<33, 17, (ap_q_mode)5, (ap_o_mode)3, 0> exp_reduce::exp<33, 17>(ap_fixed<33, 17, (ap_q_mode)5, (ap_o_mode)3, 0>)' (C:/Xilinx/Vitis_HLS/2022.2/common/technology/autopilot/hls_exp_apfixed.h:90:93)
INFO: [HLS 214-131] Inlining function 'af_bit_ref<5, 3, true, (ap_q_mode)5, (ap_o_mode)3, 0>::operator bool() const' into 'ap_fixed<33, 17, (ap_q_mode)5, (ap_o_mode)3, 0> exp_reduce::exp<33, 17>(ap_fixed<33, 17, (ap_q_mode)5, (ap_o_mode)3, 0>)' (C:/Xilinx/Vitis_HLS/2022.2/common/technology/autopilot/hls_exp_apfixed.h:90:93)
INFO: [HLS 214-131] Inlining function 'ap_fixed_base<5, 3, true, (ap_q_mode)5, (ap_o_mode)3, 0>::operator[](unsigned int)' into 'ap_fixed<33, 17, (ap_q_mode)5, (ap_o_mode)3, 0> exp_reduce::exp<33, 17>(ap_fixed<33, 17, (ap_q_mode)5, (ap_o_mode)3, 0>)' (C:/Xilinx/Vitis_HLS/2022.2/common/technology/autopilot/hls_exp_apfixed.h:90:100)
INFO: [HLS 214-131] Inlining function 'af_bit_ref<5, 3, true, (ap_q_mode)5, (ap_o_mode)3, 0>::operator bool() const' into 'ap_fixed<33, 17, (ap_q_mode)5, (ap_o_mode)3, 0> exp_reduce::exp<33, 17>(ap_fixed<33, 17, (ap_q_mode)5, (ap_o_mode)3, 0>)' (C:/Xilinx/Vitis_HLS/2022.2/common/technology/autopilot/hls_exp_apfixed.h:90:100)
INFO: [HLS 214-131] Inlining function 'ap_fixed_base<5, 3, true, (ap_q_mode)5, (ap_o_mode)3, 0>::operator[](unsigned int)' into 'ap_fixed<33, 17, (ap_q_mode)5, (ap_o_mode)3, 0> exp_reduce::exp<33, 17>(ap_fixed<33, 17, (ap_q_mode)5, (ap_o_mode)3, 0>)' (C:/Xilinx/Vitis_HLS/2022.2/common/technology/autopilot/hls_exp_apfixed.h:90:107)
INFO: [HLS 214-131] Inlining function 'af_bit_ref<5, 3, true, (ap_q_mode)5, (ap_o_mode)3, 0>::operator bool() const' into 'ap_fixed<33, 17, (ap_q_mode)5, (ap_o_mode)3, 0> exp_reduce::exp<33, 17>(ap_fixed<33, 17, (ap_q_mode)5, (ap_o_mode)3, 0>)' (C:/Xilinx/Vitis_HLS/2022.2/common/technology/autopilot/hls_exp_apfixed.h:90:107)
INFO: [HLS 214-131] Inlining function 'ap_fixed_base<5, 3, true, (ap_q_mode)5, (ap_o_mode)3, 0>::operator[](unsigned int)' into 'ap_fixed<33, 17, (ap_q_mode)5, (ap_o_mode)3, 0> exp_reduce::exp<33, 17>(ap_fixed<33, 17, (ap_q_mode)5, (ap_o_mode)3, 0>)' (C:/Xilinx/Vitis_HLS/2022.2/common/technology/autopilot/hls_exp_apfixed.h:90:116)
INFO: [HLS 214-131] Inlining function 'af_bit_ref<5, 3, true, (ap_q_mode)5, (ap_o_mode)3, 0>::operator bool() const' into 'ap_fixed<33, 17, (ap_q_mode)5, (ap_o_mode)3, 0> exp_reduce::exp<33, 17>(ap_fixed<33, 17, (ap_q_mode)5, (ap_o_mode)3, 0>)' (C:/Xilinx/Vitis_HLS/2022.2/common/technology/autopilot/hls_exp_apfixed.h:90:116)
INFO: [HLS 214-131] Inlining function 'ap_fixed_base<5, 3, true, (ap_q_mode)5, (ap_o_mode)3, 0>::operator[](unsigned int)' into 'ap_fixed<33, 17, (ap_q_mode)5, (ap_o_mode)3, 0> exp_reduce::exp<33, 17>(ap_fixed<33, 17, (ap_q_mode)5, (ap_o_mode)3, 0>)' (C:/Xilinx/Vitis_HLS/2022.2/common/technology/autopilot/hls_exp_apfixed.h:90:124)
INFO: [HLS 214-131] Inlining function 'af_bit_ref<5, 3, true, (ap_q_mode)5, (ap_o_mode)3, 0>::operator bool() const' into 'ap_fixed<33, 17, (ap_q_mode)5, (ap_o_mode)3, 0> exp_reduce::exp<33, 17>(ap_fixed<33, 17, (ap_q_mode)5, (ap_o_mode)3, 0>)' (C:/Xilinx/Vitis_HLS/2022.2/common/technology/autopilot/hls_exp_apfixed.h:90:124)
INFO: [HLS 214-131] Inlining function 'ap_fixed_base<4, 2, false, (ap_q_mode)5, (ap_o_mode)3, 0>::operator[](unsigned int)' into 'ap_fixed<33, 17, (ap_q_mode)5, (ap_o_mode)3, 0> exp_reduce::exp<33, 17>(ap_fixed<33, 17, (ap_q_mode)5, (ap_o_mode)3, 0>)' (C:/Xilinx/Vitis_HLS/2022.2/common/technology/autopilot/hls_exp_apfixed.h:90:133)
INFO: [HLS 214-131] Inlining function 'af_bit_ref<4, 2, false, (ap_q_mode)5, (ap_o_mode)3, 0>::operator=(bool)' into 'ap_fixed<33, 17, (ap_q_mode)5, (ap_o_mode)3, 0> exp_reduce::exp<33, 17>(ap_fixed<33, 17, (ap_q_mode)5, (ap_o_mode)3, 0>)' (C:/Xilinx/Vitis_HLS/2022.2/common/technology/autopilot/hls_exp_apfixed.h:90:138)
INFO: [HLS 214-131] Inlining function 'ap_fixed_base<11, 6, true, (ap_q_mode)5, (ap_o_mode)3, 0>::operator()(int, int)' into 'ap_fixed<33, 17, (ap_q_mode)5, (ap_o_mode)3, 0> exp_reduce::exp<33, 17>(ap_fixed<33, 17, (ap_q_mode)5, (ap_o_mode)3, 0>)' (C:/Xilinx/Vitis_HLS/2022.2/common/technology/autopilot/hls_exp_apfixed.h:115:24)
INFO: [HLS 214-131] Inlining function 'ap_fixed_base<3, 3, true, (ap_q_mode)5, (ap_o_mode)3, 0>::operator()(int, int)' into 'ap_fixed<33, 17, (ap_q_mode)5, (ap_o_mode)3, 0> exp_reduce::exp<33, 17>(ap_fixed<33, 17, (ap_q_mode)5, (ap_o_mode)3, 0>)' (C:/Xilinx/Vitis_HLS/2022.2/common/technology/autopilot/hls_exp_apfixed.h:115:9)
INFO: [HLS 214-131] Inlining function 'af_range_ref<3, 3, true, (ap_q_mode)5, (ap_o_mode)3, 0>& af_range_ref<3, 3, true, (ap_q_mode)5, (ap_o_mode)3, 0>::operator=<11, 6, true, (ap_q_mode)5, (ap_o_mode)3, 0>(af_range_ref<11, 6, true, (ap_q_mode)5, (ap_o_mode)3, 0> const&)' into 'ap_fixed<33, 17, (ap_q_mode)5, (ap_o_mode)3, 0> exp_reduce::exp<33, 17>(ap_fixed<33, 17, (ap_q_mode)5, (ap_o_mode)3, 0>)' (C:/Xilinx/Vitis_HLS/2022.2/common/technology/autopilot/hls_exp_apfixed.h:115:22)
INFO: [HLS 214-131] Inlining function 'ap_fixed_base<11, 6, true, (ap_q_mode)5, (ap_o_mode)3, 0>::operator()(int, int)' into 'ap_fixed<33, 17, (ap_q_mode)5, (ap_o_mode)3, 0> exp_reduce::exp<33, 17>(ap_fixed<33, 17, (ap_q_mode)5, (ap_o_mode)3, 0>)' (C:/Xilinx/Vitis_HLS/2022.2/common/technology/autopilot/hls_exp_apfixed.h:117:26)
INFO: [HLS 214-131] Inlining function 'ap_fixed_base<5, 0, false, (ap_q_mode)5, (ap_o_mode)3, 0>::operator()(int, int)' into 'ap_fixed<33, 17, (ap_q_mode)5, (ap_o_mode)3, 0> exp_reduce::exp<33, 17>(ap_fixed<33, 17, (ap_q_mode)5, (ap_o_mode)3, 0>)' (C:/Xilinx/Vitis_HLS/2022.2/common/technology/autopilot/hls_exp_apfixed.h:117:9)
INFO: [HLS 214-131] Inlining function 'af_range_ref<5, 0, false, (ap_q_mode)5, (ap_o_mode)3, 0>& af_range_ref<5, 0, false, (ap_q_mode)5, (ap_o_mode)3, 0>::operator=<11, 6, true, (ap_q_mode)5, (ap_o_mode)3, 0>(af_range_ref<11, 6, true, (ap_q_mode)5, (ap_o_mode)3, 0> const&)' into 'ap_fixed<33, 17, (ap_q_mode)5, (ap_o_mode)3, 0> exp_reduce::exp<33, 17>(ap_fixed<33, 17, (ap_q_mode)5, (ap_o_mode)3, 0>)' (C:/Xilinx/Vitis_HLS/2022.2/common/technology/autopilot/hls_exp_apfixed.h:117:24)
INFO: [HLS 214-131] Inlining function 'ap_fixed_base<11, 6, true, (ap_q_mode)5, (ap_o_mode)3, 0>::operator[](unsigned int)' into 'ap_fixed<33, 17, (ap_q_mode)5, (ap_o_mode)3, 0> exp_reduce::exp<33, 17>(ap_fixed<33, 17, (ap_q_mode)5, (ap_o_mode)3, 0>)' (C:/Xilinx/Vitis_HLS/2022.2/common/technology/autopilot/hls_exp_apfixed.h:119:14)
INFO: [HLS 214-131] Inlining function 'ap_fixed_base<11, 6, true, (ap_q_mode)5, (ap_o_mode)3, 0>::operator[](unsigned int)' into 'ap_fixed<33, 17, (ap_q_mode)5, (ap_o_mode)3, 0> exp_reduce::exp<33, 17>(ap_fixed<33, 17, (ap_q_mode)5, (ap_o_mode)3, 0>)' (C:/Xilinx/Vitis_HLS/2022.2/common/technology/autopilot/hls_exp_apfixed.h:119:23)
INFO: [HLS 214-131] Inlining function 'bool af_bit_ref<11, 6, true, (ap_q_mode)5, (ap_o_mode)3, 0>::operator!=<11, 6, true, (ap_q_mode)5, (ap_o_mode)3, 0>(af_bit_ref<11, 6, true, (ap_q_mode)5, (ap_o_mode)3, 0> const&)' into 'ap_fixed<33, 17, (ap_q_mode)5, (ap_o_mode)3, 0> exp_reduce::exp<33, 17>(ap_fixed<33, 17, (ap_q_mode)5, (ap_o_mode)3, 0>)' (C:/Xilinx/Vitis_HLS/2022.2/common/technology/autopilot/hls_exp_apfixed.h:119:21)
INFO: [HLS 214-131] Inlining function 'ap_fixed_base<11, 6, true, (ap_q_mode)5, (ap_o_mode)3, 0>::operator[](unsigned int)' into 'ap_fixed<33, 17, (ap_q_mode)5, (ap_o_mode)3, 0> exp_reduce::exp<33, 17>(ap_fixed<33, 17, (ap_q_mode)5, (ap_o_mode)3, 0>)' (C:/Xilinx/Vitis_HLS/2022.2/common/technology/autopilot/hls_exp_apfixed.h:119:33)
INFO: [HLS 214-131] Inlining function 'ap_fixed_base<11, 6, true, (ap_q_mode)5, (ap_o_mode)3, 0>::operator[](unsigned int)' into 'ap_fixed<33, 17, (ap_q_mode)5, (ap_o_mode)3, 0> exp_reduce::exp<33, 17>(ap_fixed<33, 17, (ap_q_mode)5, (ap_o_mode)3, 0>)' (C:/Xilinx/Vitis_HLS/2022.2/common/technology/autopilot/hls_exp_apfixed.h:119:42)
INFO: [HLS 214-131] Inlining function 'bool af_bit_ref<11, 6, true, (ap_q_mode)5, (ap_o_mode)3, 0>::operator!=<11, 6, true, (ap_q_mode)5, (ap_o_mode)3, 0>(af_bit_ref<11, 6, true, (ap_q_mode)5, (ap_o_mode)3, 0> const&)' into 'ap_fixed<33, 17, (ap_q_mode)5, (ap_o_mode)3, 0> exp_reduce::exp<33, 17>(ap_fixed<33, 17, (ap_q_mode)5, (ap_o_mode)3, 0>)' (C:/Xilinx/Vitis_HLS/2022.2/common/technology/autopilot/hls_exp_apfixed.h:119:40)
INFO: [HLS 214-131] Inlining function 'ap_fixed_base<11, 6, true, (ap_q_mode)5, (ap_o_mode)3, 0>::operator[](unsigned int)' into 'ap_fixed<33, 17, (ap_q_mode)5, (ap_o_mode)3, 0> exp_reduce::exp<33, 17>(ap_fixed<33, 17, (ap_q_mode)5, (ap_o_mode)3, 0>)' (C:/Xilinx/Vitis_HLS/2022.2/common/technology/autopilot/hls_exp_apfixed.h:119:52)
INFO: [HLS 214-131] Inlining function 'ap_fixed_base<11, 6, true, (ap_q_mode)5, (ap_o_mode)3, 0>::operator[](unsigned int)' into 'ap_fixed<33, 17, (ap_q_mode)5, (ap_o_mode)3, 0> exp_reduce::exp<33, 17>(ap_fixed<33, 17, (ap_q_mode)5, (ap_o_mode)3, 0>)' (C:/Xilinx/Vitis_HLS/2022.2/common/technology/autopilot/hls_exp_apfixed.h:119:61)
INFO: [HLS 214-131] Inlining function 'bool af_bit_ref<11, 6, true, (ap_q_mode)5, (ap_o_mode)3, 0>::operator!=<11, 6, true, (ap_q_mode)5, (ap_o_mode)3, 0>(af_bit_ref<11, 6, true, (ap_q_mode)5, (ap_o_mode)3, 0> const&)' into 'ap_fixed<33, 17, (ap_q_mode)5, (ap_o_mode)3, 0> exp_reduce::exp<33, 17>(ap_fixed<33, 17, (ap_q_mode)5, (ap_o_mode)3, 0>)' (C:/Xilinx/Vitis_HLS/2022.2/common/technology/autopilot/hls_exp_apfixed.h:119:59)
INFO: [HLS 214-131] Inlining function 'bool operator==<3, 3, true, (ap_q_mode)5, (ap_o_mode)3, 0>(ap_fixed_base<3, 3, true, (ap_q_mode)5, (ap_o_mode)3, 0> const&, int)' into 'ap_fixed<33, 17, (ap_q_mode)5, (ap_o_mode)3, 0> exp_reduce::exp<33, 17>(ap_fixed<33, 17, (ap_q_mode)5, (ap_o_mode)3, 0>)' (C:/Xilinx/Vitis_HLS/2022.2/common/technology/autopilot/hls_exp_apfixed.h:119:79)
INFO: [HLS 214-131] Inlining function 'bool ap_fixed_base<5, 0, false, (ap_q_mode)5, (ap_o_mode)3, 0>::operator><5, 0, true, (ap_q_mode)5, (ap_o_mode)3, 0>(ap_fixed_base<5, 0, true, (ap_q_mode)5, (ap_o_mode)3, 0> const&) const' into 'ap_fixed<33, 17, (ap_q_mode)5, (ap_o_mode)3, 0> exp_reduce::exp<33, 17>(ap_fixed<33, 17, (ap_q_mode)5, (ap_o_mode)3, 0>)' (C:/Xilinx/Vitis_HLS/2022.2/common/technology/autopilot/hls_exp_apfixed.h:119:95)
INFO: [HLS 214-131] Inlining function 'ap_fixed_base<11, 6, true, (ap_q_mode)5, (ap_o_mode)3, 0>::operator[](unsigned int)' into 'ap_fixed<33, 17, (ap_q_mode)5, (ap_o_mode)3, 0> exp_reduce::exp<33, 17>(ap_fixed<33, 17, (ap_q_mode)5, (ap_o_mode)3, 0>)' (C:/Xilinx/Vitis_HLS/2022.2/common/technology/autopilot/hls_exp_apfixed.h:120:18)
INFO: [HLS 214-131] Inlining function 'af_bit_ref<11, 6, true, (ap_q_mode)5, (ap_o_mode)3, 0>::operator bool() const' into 'ap_fixed<33, 17, (ap_q_mode)5, (ap_o_mode)3, 0> exp_reduce::exp<33, 17>(ap_fixed<33, 17, (ap_q_mode)5, (ap_o_mode)3, 0>)' (C:/Xilinx/Vitis_HLS/2022.2/common/technology/autopilot/hls_exp_apfixed.h:120:18)
INFO: [HLS 214-131] Inlining function 'ap_fixed_base<11, 6, true, (ap_q_mode)5, (ap_o_mode)3, 0>::operator[](unsigned int)' into 'ap_fixed<33, 17, (ap_q_mode)5, (ap_o_mode)3, 0> exp_reduce::exp<33, 17>(ap_fixed<33, 17, (ap_q_mode)5, (ap_o_mode)3, 0>)' (C:/Xilinx/Vitis_HLS/2022.2/common/technology/autopilot/hls_exp_apfixed.h:128:28)
INFO: [HLS 214-131] Inlining function 'ap_int_base<4, false>::operator[](int)' into 'ap_fixed<33, 17, (ap_q_mode)5, (ap_o_mode)3, 0> exp_reduce::exp<33, 17>(ap_fixed<33, 17, (ap_q_mode)5, (ap_o_mode)3, 0>)' (C:/Xilinx/Vitis_HLS/2022.2/common/technology/autopilot/hls_exp_apfixed.h:128:13)
INFO: [HLS 214-131] Inlining function 'ap_bit_ref<4, false>& ap_bit_ref<4, false>::operator=<11, 6, true, (ap_q_mode)5, (ap_o_mode)3, 0>(af_bit_ref<11, 6, true, (ap_q_mode)5, (ap_o_mode)3, 0> const&)' into 'ap_fixed<33, 17, (ap_q_mode)5, (ap_o_mode)3, 0> exp_reduce::exp<33, 17>(ap_fixed<33, 17, (ap_q_mode)5, (ap_o_mode)3, 0>)' (C:/Xilinx/Vitis_HLS/2022.2/common/technology/autopilot/hls_exp_apfixed.h:128:26)
INFO: [HLS 214-131] Inlining function 'ap_fixed_base<11, 6, true, (ap_q_mode)5, (ap_o_mode)3, 0>::operator()(int, int)' into 'ap_fixed<33, 17, (ap_q_mode)5, (ap_o_mode)3, 0> exp_reduce::exp<33, 17>(ap_fixed<33, 17, (ap_q_mode)5, (ap_o_mode)3, 0>)' (C:/Xilinx/Vitis_HLS/2022.2/common/technology/autopilot/hls_exp_apfixed.h:129:30)
INFO: [HLS 214-131] Inlining function 'ap_int_base<4, false>::operator()(int, int)' into 'ap_fixed<33, 17, (ap_q_mode)5, (ap_o_mode)3, 0> exp_reduce::exp<33, 17>(ap_fixed<33, 17, (ap_q_mode)5, (ap_o_mode)3, 0>)' (C:/Xilinx/Vitis_HLS/2022.2/common/technology/autopilot/hls_exp_apfixed.h:129:13)
INFO: [HLS 214-131] Inlining function 'ap_range_ref<4, false>& ap_range_ref<4, false>::operator=<11, 6, true, (ap_q_mode)5, (ap_o_mode)3, 0>(af_range_ref<11, 6, true, (ap_q_mode)5, (ap_o_mode)3, 0> const&)' into 'ap_fixed<33, 17, (ap_q_mode)5, (ap_o_mode)3, 0> exp_reduce::exp<33, 17>(ap_fixed<33, 17, (ap_q_mode)5, (ap_o_mode)3, 0>)' (C:/Xilinx/Vitis_HLS/2022.2/common/technology/autopilot/hls_exp_apfixed.h:129:28)
INFO: [HLS 214-131] Inlining function 'ap_fixed_base<11, 6, true, (ap_q_mode)5, (ap_o_mode)3, 0>::operator()(int, int)' into 'ap_fixed<33, 17, (ap_q_mode)5, (ap_o_mode)3, 0> exp_reduce::exp<33, 17>(ap_fixed<33, 17, (ap_q_mode)5, (ap_o_mode)3, 0>)' (C:/Xilinx/Vitis_HLS/2022.2/common/technology/autopilot/hls_exp_apfixed.h:131:30)
INFO: [HLS 214-131] Inlining function 'ap_int_base<4, false>::operator()(int, int)' into 'ap_fixed<33, 17, (ap_q_mode)5, (ap_o_mode)3, 0> exp_reduce::exp<33, 17>(ap_fixed<33, 17, (ap_q_mode)5, (ap_o_mode)3, 0>)' (C:/Xilinx/Vitis_HLS/2022.2/common/technology/autopilot/hls_exp_apfixed.h:131:13)
INFO: [HLS 214-131] Inlining function 'ap_range_ref<4, false>& ap_range_ref<4, false>::operator=<11, 6, true, (ap_q_mode)5, (ap_o_mode)3, 0>(af_range_ref<11, 6, true, (ap_q_mode)5, (ap_o_mode)3, 0> const&)' into 'ap_fixed<33, 17, (ap_q_mode)5, (ap_o_mode)3, 0> exp_reduce::exp<33, 17>(ap_fixed<33, 17, (ap_q_mode)5, (ap_o_mode)3, 0>)' (C:/Xilinx/Vitis_HLS/2022.2/common/technology/autopilot/hls_exp_apfixed.h:131:28)
INFO: [HLS 214-131] Inlining function 'ap_int_base<4, false>::operator unsigned long long() const' into 'ap_fixed<33, 17, (ap_q_mode)5, (ap_o_mode)3, 0> exp_reduce::exp<33, 17>(ap_fixed<33, 17, (ap_q_mode)5, (ap_o_mode)3, 0>)' (C:/Xilinx/Vitis_HLS/2022.2/common/technology/autopilot/hls_exp_apfixed.h:157:66)
INFO: [HLS 214-131] Inlining function 'ap_int_base<4, false>::operator unsigned long long() const' into 'ap_fixed<33, 17, (ap_q_mode)5, (ap_o_mode)3, 0> exp_reduce::exp<33, 17>(ap_fixed<33, 17, (ap_q_mode)5, (ap_o_mode)3, 0>)' (C:/Xilinx/Vitis_HLS/2022.2/common/technology/autopilot/hls_exp_apfixed.h:163:57)
INFO: [HLS 214-131] Inlining function 'ap_fixed_base<12, 5, false, (ap_q_mode)5, (ap_o_mode)3, 0>::RType<12, 0, false>::mult ap_fixed_base<12, 5, false, (ap_q_mode)5, (ap_o_mode)3, 0>::operator*<12, 0, false, (ap_q_mode)5, (ap_o_mode)3, 0>(ap_fixed_base<12, 0, false, (ap_q_mode)5, (ap_o_mode)3, 0> const&) const' into 'ap_fixed<33, 17, (ap_q_mode)5, (ap_o_mode)3, 0> exp_reduce::exp<33, 17>(ap_fixed<33, 17, (ap_q_mode)5, (ap_o_mode)3, 0>)' (C:/Xilinx/Vitis_HLS/2022.2/common/technology/autopilot/hls_exp_apfixed.h:164:46)
INFO: [HLS 214-131] Inlining function 'ap_fixed_base<12, 5, false, (ap_q_mode)5, (ap_o_mode)3, 0>::RType<12, 5, false>::plus ap_fixed_base<12, 5, false, (ap_q_mode)5, (ap_o_mode)3, 0>::operator+<12, 5, false, (ap_q_mode)5, (ap_o_mode)3, 0>(ap_fixed_base<12, 5, false, (ap_q_mode)5, (ap_o_mode)3, 0> const&) const' into 'ap_fixed<33, 17, (ap_q_mode)5, (ap_o_mode)3, 0> exp_reduce::exp<33, 17>(ap_fixed<33, 17, (ap_q_mode)5, (ap_o_mode)3, 0>)' (C:/Xilinx/Vitis_HLS/2022.2/common/technology/autopilot/hls_exp_apfixed.h:166:42)
INFO: [HLS 214-131] Inlining function 'ap_fixed_base<23, 12, true, (ap_q_mode)5, (ap_o_mode)3, 0>::operator()(int, int)' into 'ap_fixed<33, 17, (ap_q_mode)5, (ap_o_mode)3, 0> exp_reduce::exp<33, 17>(ap_fixed<33, 17, (ap_q_mode)5, (ap_o_mode)3, 0>)' (C:/Xilinx/Vitis_HLS/2022.2/common/technology/autopilot/hls_exp_apfixed.h:192:24)
INFO: [HLS 214-131] Inlining function 'ap_fixed_base<4, 4, true, (ap_q_mode)5, (ap_o_mode)3, 0>::operator()(int, int)' into 'ap_fixed<33, 17, (ap_q_mode)5, (ap_o_mode)3, 0> exp_reduce::exp<33, 17>(ap_fixed<33, 17, (ap_q_mode)5, (ap_o_mode)3, 0>)' (C:/Xilinx/Vitis_HLS/2022.2/common/technology/autopilot/hls_exp_apfixed.h:192:9)
INFO: [HLS 214-131] Inlining function 'af_range_ref<4, 4, true, (ap_q_mode)5, (ap_o_mode)3, 0>& af_range_ref<4, 4, true, (ap_q_mode)5, (ap_o_mode)3, 0>::operator=<23, 12, true, (ap_q_mode)5, (ap_o_mode)3, 0>(af_range_ref<23, 12, true, (ap_q_mode)5, (ap_o_mode)3, 0> const&)' into 'ap_fixed<33, 17, (ap_q_mode)5, (ap_o_mode)3, 0> exp_reduce::exp<33, 17>(ap_fixed<33, 17, (ap_q_mode)5, (ap_o_mode)3, 0>)' (C:/Xilinx/Vitis_HLS/2022.2/common/technology/autopilot/hls_exp_apfixed.h:192:22)
INFO: [HLS 214-131] Inlining function 'ap_fixed_base<23, 12, true, (ap_q_mode)5, (ap_o_mode)3, 0>::operator()(int, int)' into 'ap_fixed<33, 17, (ap_q_mode)5, (ap_o_mode)3, 0> exp_reduce::exp<33, 17>(ap_fixed<33, 17, (ap_q_mode)5, (ap_o_mode)3, 0>)' (C:/Xilinx/Vitis_HLS/2022.2/common/technology/autopilot/hls_exp_apfixed.h:194:27)
INFO: [HLS 214-131] Inlining function 'ap_fixed_base<11, 0, false, (ap_q_mode)5, (ap_o_mode)3, 0>::operator()(int, int)' into 'ap_fixed<33, 17, (ap_q_mode)5, (ap_o_mode)3, 0> exp_reduce::exp<33, 17>(ap_fixed<33, 17, (ap_q_mode)5, (ap_o_mode)3, 0>)' (C:/Xilinx/Vitis_HLS/2022.2/common/technology/autopilot/hls_exp_apfixed.h:194:9)
INFO: [HLS 214-131] Inlining function 'af_range_ref<11, 0, false, (ap_q_mode)5, (ap_o_mode)3, 0>& af_range_ref<11, 0, false, (ap_q_mode)5, (ap_o_mode)3, 0>::operator=<23, 12, true, (ap_q_mode)5, (ap_o_mode)3, 0>(af_range_ref<23, 12, true, (ap_q_mode)5, (ap_o_mode)3, 0> const&)' into 'ap_fixed<33, 17, (ap_q_mode)5, (ap_o_mode)3, 0> exp_reduce::exp<33, 17>(ap_fixed<33, 17, (ap_q_mode)5, (ap_o_mode)3, 0>)' (C:/Xilinx/Vitis_HLS/2022.2/common/technology/autopilot/hls_exp_apfixed.h:194:25)
INFO: [HLS 214-131] Inlining function 'ap_fixed_base<23, 12, true, (ap_q_mode)5, (ap_o_mode)3, 0>::operator[](unsigned int)' into 'ap_fixed<33, 17, (ap_q_mode)5, (ap_o_mode)3, 0> exp_reduce::exp<33, 17>(ap_fixed<33, 17, (ap_q_mode)5, (ap_o_mode)3, 0>)' (C:/Xilinx/Vitis_HLS/2022.2/common/technology/autopilot/hls_exp_apfixed.h:198:6)
INFO: [HLS 214-131] Inlining function 'ap_fixed_base<23, 12, true, (ap_q_mode)5, (ap_o_mode)3, 0>::operator[](unsigned int)' into 'ap_fixed<33, 17, (ap_q_mode)5, (ap_o_mode)3, 0> exp_reduce::exp<33, 17>(ap_fixed<33, 17, (ap_q_mode)5, (ap_o_mode)3, 0>)' (C:/Xilinx/Vitis_HLS/2022.2/common/technology/autopilot/hls_exp_apfixed.h:198:15)
INFO: [HLS 214-131] Inlining function 'bool af_bit_ref<23, 12, true, (ap_q_mode)5, (ap_o_mode)3, 0>::operator!=<23, 12, true, (ap_q_mode)5, (ap_o_mode)3, 0>(af_bit_ref<23, 12, true, (ap_q_mode)5, (ap_o_mode)3, 0> const&)' into 'ap_fixed<33, 17, (ap_q_mode)5, (ap_o_mode)3, 0> exp_reduce::exp<33, 17>(ap_fixed<33, 17, (ap_q_mode)5, (ap_o_mode)3, 0>)' (C:/Xilinx/Vitis_HLS/2022.2/common/technology/autopilot/hls_exp_apfixed.h:198:13)
INFO: [HLS 214-131] Inlining function 'bool operator==<4, 4, true, (ap_q_mode)5, (ap_o_mode)3, 0>(ap_fixed_base<4, 4, true, (ap_q_mode)5, (ap_o_mode)3, 0> const&, int)' into 'ap_fixed<33, 17, (ap_q_mode)5, (ap_o_mode)3, 0> exp_reduce::exp<33, 17>(ap_fixed<33, 17, (ap_q_mode)5, (ap_o_mode)3, 0>)' (C:/Xilinx/Vitis_HLS/2022.2/common/technology/autopilot/hls_exp_apfixed.h:202:29)
INFO: [HLS 214-131] Inlining function 'bool ap_fixed_base<11, 0, false, (ap_q_mode)5, (ap_o_mode)3, 0>::operator><11, 0, false, (ap_q_mode)5, (ap_o_mode)3, 0>(ap_fixed_base<11, 0, false, (ap_q_mode)5, (ap_o_mode)3, 0> const&) const' into 'ap_fixed<33, 17, (ap_q_mode)5, (ap_o_mode)3, 0> exp_reduce::exp<33, 17>(ap_fixed<33, 17, (ap_q_mode)5, (ap_o_mode)3, 0>)' (C:/Xilinx/Vitis_HLS/2022.2/common/technology/autopilot/hls_exp_apfixed.h:202:45)
INFO: [HLS 214-131] Inlining function 'ap_fixed_base<23, 12, true, (ap_q_mode)5, (ap_o_mode)3, 0>::operator[](unsigned int)' into 'ap_fixed<33, 17, (ap_q_mode)5, (ap_o_mode)3, 0> exp_reduce::exp<33, 17>(ap_fixed<33, 17, (ap_q_mode)5, (ap_o_mode)3, 0>)' (C:/Xilinx/Vitis_HLS/2022.2/common/technology/autopilot/hls_exp_apfixed.h:203:18)
INFO: [HLS 214-131] Inlining function 'af_bit_ref<23, 12, true, (ap_q_mode)5, (ap_o_mode)3, 0>::operator bool() const' into 'ap_fixed<33, 17, (ap_q_mode)5, (ap_o_mode)3, 0> exp_reduce::exp<33, 17>(ap_fixed<33, 17, (ap_q_mode)5, (ap_o_mode)3, 0>)' (C:/Xilinx/Vitis_HLS/2022.2/common/technology/autopilot/hls_exp_apfixed.h:203:18)
INFO: [HLS 214-131] Inlining function 'ap_fixed_base<22, 11, false, (ap_q_mode)5, (ap_o_mode)3, 0>::operator[](unsigned int)' into 'ap_fixed<33, 17, (ap_q_mode)5, (ap_o_mode)3, 0> exp_reduce::exp<33, 17>(ap_fixed<33, 17, (ap_q_mode)5, (ap_o_mode)3, 0>)' (C:/Xilinx/Vitis_HLS/2022.2/common/technology/autopilot/hls_exp_apfixed.h:206:2)
INFO: [HLS 214-131] Inlining function 'af_bit_ref<22, 11, false, (ap_q_mode)5, (ap_o_mode)3, 0>::operator=(bool)' into 'ap_fixed<33, 17, (ap_q_mode)5, (ap_o_mode)3, 0> exp_reduce::exp<33, 17>(ap_fixed<33, 17, (ap_q_mode)5, (ap_o_mode)3, 0>)' (C:/Xilinx/Vitis_HLS/2022.2/common/technology/autopilot/hls_exp_apfixed.h:206:7)
INFO: [HLS 214-131] Inlining function 'ap_fixed_base<23, 12, true, (ap_q_mode)5, (ap_o_mode)3, 0>::operator[](unsigned int)' into 'ap_fixed<33, 17, (ap_q_mode)5, (ap_o_mode)3, 0> exp_reduce::exp<33, 17>(ap_fixed<33, 17, (ap_q_mode)5, (ap_o_mode)3, 0>)' (C:/Xilinx/Vitis_HLS/2022.2/common/technology/autopilot/hls_exp_apfixed.h:211:30)
INFO: [HLS 214-131] Inlining function 'ap_int_base<5, false>::operator[](int)' into 'ap_fixed<33, 17, (ap_q_mode)5, (ap_o_mode)3, 0> exp_reduce::exp<33, 17>(ap_fixed<33, 17, (ap_q_mode)5, (ap_o_mode)3, 0>)' (C:/Xilinx/Vitis_HLS/2022.2/common/technology/autopilot/hls_exp_apfixed.h:211:13)
INFO: [HLS 214-131] Inlining function 'ap_bit_ref<5, false>& ap_bit_ref<5, false>::operator=<23, 12, true, (ap_q_mode)5, (ap_o_mode)3, 0>(af_bit_ref<23, 12, true, (ap_q_mode)5, (ap_o_mode)3, 0> const&)' into 'ap_fixed<33, 17, (ap_q_mode)5, (ap_o_mode)3, 0> exp_reduce::exp<33, 17>(ap_fixed<33, 17, (ap_q_mode)5, (ap_o_mode)3, 0>)' (C:/Xilinx/Vitis_HLS/2022.2/common/technology/autopilot/hls_exp_apfixed.h:211:28)
INFO: [HLS 214-131] Inlining function 'ap_fixed_base<23, 12, true, (ap_q_mode)5, (ap_o_mode)3, 0>::operator()(int, int)' into 'ap_fixed<33, 17, (ap_q_mode)5, (ap_o_mode)3, 0> exp_reduce::exp<33, 17>(ap_fixed<33, 17, (ap_q_mode)5, (ap_o_mode)3, 0>)' (C:/Xilinx/Vitis_HLS/2022.2/common/technology/autopilot/hls_exp_apfixed.h:212:32)
INFO: [HLS 214-131] Inlining function 'ap_int_base<5, false>::operator()(int, int)' into 'ap_fixed<33, 17, (ap_q_mode)5, (ap_o_mode)3, 0> exp_reduce::exp<33, 17>(ap_fixed<33, 17, (ap_q_mode)5, (ap_o_mode)3, 0>)' (C:/Xilinx/Vitis_HLS/2022.2/common/technology/autopilot/hls_exp_apfixed.h:212:13)
INFO: [HLS 214-131] Inlining function 'ap_range_ref<5, false>& ap_range_ref<5, false>::operator=<23, 12, true, (ap_q_mode)5, (ap_o_mode)3, 0>(af_range_ref<23, 12, true, (ap_q_mode)5, (ap_o_mode)3, 0> const&)' into 'ap_fixed<33, 17, (ap_q_mode)5, (ap_o_mode)3, 0> exp_reduce::exp<33, 17>(ap_fixed<33, 17, (ap_q_mode)5, (ap_o_mode)3, 0>)' (C:/Xilinx/Vitis_HLS/2022.2/common/technology/autopilot/hls_exp_apfixed.h:212:30)
INFO: [HLS 214-131] Inlining function 'ap_fixed_base<23, 12, true, (ap_q_mode)5, (ap_o_mode)3, 0>::operator()(int, int)' into 'ap_fixed<33, 17, (ap_q_mode)5, (ap_o_mode)3, 0> exp_reduce::exp<33, 17>(ap_fixed<33, 17, (ap_q_mode)5, (ap_o_mode)3, 0>)' (C:/Xilinx/Vitis_HLS/2022.2/common/technology/autopilot/hls_exp_apfixed.h:214:32)
INFO: [HLS 214-131] Inlining function 'ap_int_base<5, false>::operator()(int, int)' into 'ap_fixed<33, 17, (ap_q_mode)5, (ap_o_mode)3, 0> exp_reduce::exp<33, 17>(ap_fixed<33, 17, (ap_q_mode)5, (ap_o_mode)3, 0>)' (C:/Xilinx/Vitis_HLS/2022.2/common/technology/autopilot/hls_exp_apfixed.h:214:13)
INFO: [HLS 214-131] Inlining function 'ap_range_ref<5, false>& ap_range_ref<5, false>::operator=<23, 12, true, (ap_q_mode)5, (ap_o_mode)3, 0>(af_range_ref<23, 12, true, (ap_q_mode)5, (ap_o_mode)3, 0> const&)' into 'ap_fixed<33, 17, (ap_q_mode)5, (ap_o_mode)3, 0> exp_reduce::exp<33, 17>(ap_fixed<33, 17, (ap_q_mode)5, (ap_o_mode)3, 0>)' (C:/Xilinx/Vitis_HLS/2022.2/common/technology/autopilot/hls_exp_apfixed.h:214:30)
INFO: [HLS 214-131] Inlining function 'ap_fixed_base<23, 12, true, (ap_q_mode)5, (ap_o_mode)3, 0>::operator()(int, int)' into 'ap_fixed<33, 17, (ap_q_mode)5, (ap_o_mode)3, 0> exp_reduce::exp<33, 17>(ap_fixed<33, 17, (ap_q_mode)5, (ap_o_mode)3, 0>)' (C:/Xilinx/Vitis_HLS/2022.2/common/technology/autopilot/hls_exp_apfixed.h:217:30)
INFO: [HLS 214-131] Inlining function 'ap_int_base<5, false>::operator()(int, int)' into 'ap_fixed<33, 17, (ap_q_mode)5, (ap_o_mode)3, 0> exp_reduce::exp<33, 17>(ap_fixed<33, 17, (ap_q_mode)5, (ap_o_mode)3, 0>)' (C:/Xilinx/Vitis_HLS/2022.2/common/technology/autopilot/hls_exp_apfixed.h:217:13)
INFO: [HLS 214-131] Inlining function 'ap_range_ref<5, false>& ap_range_ref<5, false>::operator=<23, 12, true, (ap_q_mode)5, (ap_o_mode)3, 0>(af_range_ref<23, 12, true, (ap_q_mode)5, (ap_o_mode)3, 0> const&)' into 'ap_fixed<33, 17, (ap_q_mode)5, (ap_o_mode)3, 0> exp_reduce::exp<33, 17>(ap_fixed<33, 17, (ap_q_mode)5, (ap_o_mode)3, 0>)' (C:/Xilinx/Vitis_HLS/2022.2/common/technology/autopilot/hls_exp_apfixed.h:217:28)
INFO: [HLS 214-131] Inlining function 'ap_int_base<5, false>::operator unsigned long long() const' into 'ap_fixed<33, 17, (ap_q_mode)5, (ap_o_mode)3, 0> exp_reduce::exp<33, 17>(ap_fixed<33, 17, (ap_q_mode)5, (ap_o_mode)3, 0>)' (C:/Xilinx/Vitis_HLS/2022.2/common/technology/autopilot/hls_exp_apfixed.h:230:55)
INFO: [HLS 214-131] Inlining function 'ap_int_base<5, false>::operator()(int, int)' into 'ap_fixed<33, 17, (ap_q_mode)5, (ap_o_mode)3, 0> exp_reduce::exp<33, 17>(ap_fixed<33, 17, (ap_q_mode)5, (ap_o_mode)3, 0>)' (C:/Xilinx/Vitis_HLS/2022.2/common/technology/autopilot/hls_exp_apfixed.h:232:36)
INFO: [HLS 214-131] Inlining function 'ap_fixed_base<18, -6, false, (ap_q_mode)5, (ap_o_mode)3, 0>::operator()(int, int)' into 'ap_fixed<33, 17, (ap_q_mode)5, (ap_o_mode)3, 0> exp_reduce::exp<33, 17>(ap_fixed<33, 17, (ap_q_mode)5, (ap_o_mode)3, 0>)' (C:/Xilinx/Vitis_HLS/2022.2/common/technology/autopilot/hls_exp_apfixed.h:232:13)
INFO: [HLS 214-131] Inlining function 'af_range_ref<18, -6, false, (ap_q_mode)5, (ap_o_mode)3, 0>& af_range_ref<18, -6, false, (ap_q_mode)5, (ap_o_mode)3, 0>::operator=<5, false>(ap_range_ref<5, false> const&)' into 'ap_fixed<33, 17, (ap_q_mode)5, (ap_o_mode)3, 0> exp_reduce::exp<33, 17>(ap_fixed<33, 17, (ap_q_mode)5, (ap_o_mode)3, 0>)' (C:/Xilinx/Vitis_HLS/2022.2/common/technology/autopilot/hls_exp_apfixed.h:232:34)
INFO: [HLS 214-131] Inlining function 'ap_fixed_base<11, -13, false, (ap_q_mode)5, (ap_o_mode)3, 0>::operator()(int, int)' into 'ap_fixed<33, 17, (ap_q_mode)5, (ap_o_mode)3, 0> exp_reduce::exp<33, 17>(ap_fixed<33, 17, (ap_q_mode)5, (ap_o_mode)3, 0>)' (C:/Xilinx/Vitis_HLS/2022.2/common/technology/autopilot/hls_exp_apfixed.h:233:35)
INFO: [HLS 214-131] Inlining function 'ap_fixed_base<18, -6, false, (ap_q_mode)5, (ap_o_mode)3, 0>::operator()(int, int)' into 'ap_fixed<33, 17, (ap_q_mode)5, (ap_o_mode)3, 0> exp_reduce::exp<33, 17>(ap_fixed<33, 17, (ap_q_mode)5, (ap_o_mode)3, 0>)' (C:/Xilinx/Vitis_HLS/2022.2/common/technology/autopilot/hls_exp_apfixed.h:233:13)
INFO: [HLS 214-131] Inlining function 'af_range_ref<18, -6, false, (ap_q_mode)5, (ap_o_mode)3, 0>& af_range_ref<18, -6, false, (ap_q_mode)5, (ap_o_mode)3, 0>::operator=<11, -13, false, (ap_q_mode)5, (ap_o_mode)3, 0>(af_range_ref<11, -13, false, (ap_q_mode)5, (ap_o_mode)3, 0> const&)' into 'ap_fixed<33, 17, (ap_q_mode)5, (ap_o_mode)3, 0> exp_reduce::exp<33, 17>(ap_fixed<33, 17, (ap_q_mode)5, (ap_o_mode)3, 0>)' (C:/Xilinx/Vitis_HLS/2022.2/common/technology/autopilot/hls_exp_apfixed.h:233:33)
INFO: [HLS 214-131] Inlining function 'ap_int_base<5, false>::operator unsigned long long() const' into 'ap_fixed<33, 17, (ap_q_mode)5, (ap_o_mode)3, 0> exp_reduce::exp<33, 17>(ap_fixed<33, 17, (ap_q_mode)5, (ap_o_mode)3, 0>)' (C:/Xilinx/Vitis_HLS/2022.2/common/technology/autopilot/hls_exp_apfixed.h:245:70)
INFO: [HLS 214-131] Inlining function 'ap_fixed_base<25, 0, false, (ap_q_mode)5, (ap_o_mode)3, 0>::RType<18, -6, false>::mult ap_fixed_base<25, 0, false, (ap_q_mode)5, (ap_o_mode)3, 0>::operator*<18, -6, false, (ap_q_mode)5, (ap_o_mode)3, 0>(ap_fixed_base<18, -6, false, (ap_q_mode)5, (ap_o_mode)3, 0> const&) const' into 'ap_fixed<33, 17, (ap_q_mode)5, (ap_o_mode)3, 0> exp_reduce::exp<33, 17>(ap_fixed<33, 17, (ap_q_mode)5, (ap_o_mode)3, 0>)' (C:/Xilinx/Vitis_HLS/2022.2/common/technology/autopilot/hls_exp_apfixed.h:247:62)
INFO: [HLS 214-131] Inlining function 'ap_fixed_base<19, -6, false, (ap_q_mode)5, (ap_o_mode)3, 0>::RType<18, -6, false>::plus ap_fixed_base<19, -6, false, (ap_q_mode)5, (ap_o_mode)3, 0>::operator+<18, -6, false, (ap_q_mode)5, (ap_o_mode)3, 0>(ap_fixed_base<18, -6, false, (ap_q_mode)5, (ap_o_mode)3, 0> const&) const' into 'ap_fixed<33, 17, (ap_q_mode)5, (ap_o_mode)3, 0> exp_reduce::exp<33, 17>(ap_fixed<33, 17, (ap_q_mode)5, (ap_o_mode)3, 0>)' (C:/Xilinx/Vitis_HLS/2022.2/common/technology/autopilot/hls_exp_apfixed.h:249:68)
INFO: [HLS 214-131] Inlining function 'ap_fixed_base<20, -5, false, (ap_q_mode)5, (ap_o_mode)3, 0>::RType<25, 0, false>::plus ap_fixed_base<20, -5, false, (ap_q_mode)5, (ap_o_mode)3, 0>::operator+<25, 0, false, (ap_q_mode)5, (ap_o_mode)3, 0>(ap_fixed_base<25, 0, false, (ap_q_mode)5, (ap_o_mode)3, 0> const&) const' into 'ap_fixed<33, 17, (ap_q_mode)5, (ap_o_mode)3, 0> exp_reduce::exp<33, 17>(ap_fixed<33, 17, (ap_q_mode)5, (ap_o_mode)3, 0>)' (C:/Xilinx/Vitis_HLS/2022.2/common/technology/autopilot/hls_exp_apfixed.h:249:84)
INFO: [HLS 214-131] Inlining function 'ap_int_base<5, false>::operator unsigned long long() const' into 'ap_fixed<33, 17, (ap_q_mode)5, (ap_o_mode)3, 0> exp_reduce::exp<33, 17>(ap_fixed<33, 17, (ap_q_mode)5, (ap_o_mode)3, 0>)' (C:/Xilinx/Vitis_HLS/2022.2/common/technology/autopilot/hls_exp_apfixed.h:261:62)
INFO: [HLS 214-131] Inlining function 'ap_fixed_base<25, 11, false, (ap_q_mode)5, (ap_o_mode)3, 0>::RType<25, 0, false>::mult ap_fixed_base<25, 11, false, (ap_q_mode)5, (ap_o_mode)3, 0>::operator*<25, 0, false, (ap_q_mode)5, (ap_o_mode)3, 0>(ap_fixed_base<25, 0, false, (ap_q_mode)5, (ap_o_mode)3, 0> const&) const' into 'ap_fixed<33, 17, (ap_q_mode)5, (ap_o_mode)3, 0> exp_reduce::exp<33, 17>(ap_fixed<33, 17, (ap_q_mode)5, (ap_o_mode)3, 0>)' (C:/Xilinx/Vitis_HLS/2022.2/common/technology/autopilot/hls_exp_apfixed.h:262:49)
INFO: [HLS 214-131] Inlining function 'ap_fixed_base<25, 11, false, (ap_q_mode)5, (ap_o_mode)3, 0>::RType<25, 11, false>::plus ap_fixed_base<25, 11, false, (ap_q_mode)5, (ap_o_mode)3, 0>::operator+<25, 11, false, (ap_q_mode)5, (ap_o_mode)3, 0>(ap_fixed_base<25, 11, false, (ap_q_mode)5, (ap_o_mode)3, 0> const&) const' into 'ap_fixed<33, 17, (ap_q_mode)5, (ap_o_mode)3, 0> exp_reduce::exp<33, 17>(ap_fixed<33, 17, (ap_q_mode)5, (ap_o_mode)3, 0>)' (C:/Xilinx/Vitis_HLS/2022.2/common/technology/autopilot/hls_exp_apfixed.h:264:43)
INFO: [HLS 214-131] Inlining function 'ap_fixed_base<47, 24, true, (ap_q_mode)5, (ap_o_mode)3, 0>::operator()(int, int)' into 'ap_fixed<33, 17, (ap_q_mode)5, (ap_o_mode)3, 0> exp_reduce::exp<33, 17>(ap_fixed<33, 17, (ap_q_mode)5, (ap_o_mode)3, 0>)' (C:/Xilinx/Vitis_HLS/2022.2/common/technology/autopilot/hls_exp_apfixed.h:290:24)
INFO: [HLS 214-131] Inlining function 'ap_fixed_base<5, 5, true, (ap_q_mode)5, (ap_o_mode)3, 0>::operator()(int, int)' into 'ap_fixed<33, 17, (ap_q_mode)5, (ap_o_mode)3, 0> exp_reduce::exp<33, 17>(ap_fixed<33, 17, (ap_q_mode)5, (ap_o_mode)3, 0>)' (C:/Xilinx/Vitis_HLS/2022.2/common/technology/autopilot/hls_exp_apfixed.h:290:9)
INFO: [HLS 214-131] Inlining function 'af_range_ref<5, 5, true, (ap_q_mode)5, (ap_o_mode)3, 0>& af_range_ref<5, 5, true, (ap_q_mode)5, (ap_o_mode)3, 0>::operator=<47, 24, true, (ap_q_mode)5, (ap_o_mode)3, 0>(af_range_ref<47, 24, true, (ap_q_mode)5, (ap_o_mode)3, 0> const&)' into 'ap_fixed<33, 17, (ap_q_mode)5, (ap_o_mode)3, 0> exp_reduce::exp<33, 17>(ap_fixed<33, 17, (ap_q_mode)5, (ap_o_mode)3, 0>)' (C:/Xilinx/Vitis_HLS/2022.2/common/technology/autopilot/hls_exp_apfixed.h:290:22)
INFO: [HLS 214-131] Inlining function 'ap_fixed_base<47, 24, true, (ap_q_mode)5, (ap_o_mode)3, 0>::operator()(int, int)' into 'ap_fixed<33, 17, (ap_q_mode)5, (ap_o_mode)3, 0> exp_reduce::exp<33, 17>(ap_fixed<33, 17, (ap_q_mode)5, (ap_o_mode)3, 0>)' (C:/Xilinx/Vitis_HLS/2022.2/common/technology/autopilot/hls_exp_apfixed.h:292:27)
INFO: [HLS 214-131] Inlining function 'ap_fixed_base<23, 0, false, (ap_q_mode)5, (ap_o_mode)3, 0>::operator()(int, int)' into 'ap_fixed<33, 17, (ap_q_mode)5, (ap_o_mode)3, 0> exp_reduce::exp<33, 17>(ap_fixed<33, 17, (ap_q_mode)5, (ap_o_mode)3, 0>)' (C:/Xilinx/Vitis_HLS/2022.2/common/technology/autopilot/hls_exp_apfixed.h:292:9)
INFO: [HLS 214-131] Inlining function 'af_range_ref<23, 0, false, (ap_q_mode)5, (ap_o_mode)3, 0>& af_range_ref<23, 0, false, (ap_q_mode)5, (ap_o_mode)3, 0>::operator=<47, 24, true, (ap_q_mode)5, (ap_o_mode)3, 0>(af_range_ref<47, 24, true, (ap_q_mode)5, (ap_o_mode)3, 0> const&)' into 'ap_fixed<33, 17, (ap_q_mode)5, (ap_o_mode)3, 0> exp_reduce::exp<33, 17>(ap_fixed<33, 17, (ap_q_mode)5, (ap_o_mode)3, 0>)' (C:/Xilinx/Vitis_HLS/2022.2/common/technology/autopilot/hls_exp_apfixed.h:292:25)
INFO: [HLS 214-131] Inlining function 'ap_fixed_base<47, 24, true, (ap_q_mode)5, (ap_o_mode)3, 0>::operator[](unsigned int)' into 'ap_fixed<33, 17, (ap_q_mode)5, (ap_o_mode)3, 0> exp_reduce::exp<33, 17>(ap_fixed<33, 17, (ap_q_mode)5, (ap_o_mode)3, 0>)' (C:/Xilinx/Vitis_HLS/2022.2/common/technology/autopilot/hls_exp_apfixed.h:296:6)
INFO: [HLS 214-131] Inlining function 'ap_fixed_base<47, 24, true, (ap_q_mode)5, (ap_o_mode)3, 0>::operator[](unsigned int)' into 'ap_fixed<33, 17, (ap_q_mode)5, (ap_o_mode)3, 0> exp_reduce::exp<33, 17>(ap_fixed<33, 17, (ap_q_mode)5, (ap_o_mode)3, 0>)' (C:/Xilinx/Vitis_HLS/2022.2/common/technology/autopilot/hls_exp_apfixed.h:296:15)
INFO: [HLS 214-131] Inlining function 'bool af_bit_ref<47, 24, true, (ap_q_mode)5, (ap_o_mode)3, 0>::operator!=<47, 24, true, (ap_q_mode)5, (ap_o_mode)3, 0>(af_bit_ref<47, 24, true, (ap_q_mode)5, (ap_o_mode)3, 0> const&)' into 'ap_fixed<33, 17, (ap_q_mode)5, (ap_o_mode)3, 0> exp_reduce::exp<33, 17>(ap_fixed<33, 17, (ap_q_mode)5, (ap_o_mode)3, 0>)' (C:/Xilinx/Vitis_HLS/2022.2/common/technology/autopilot/hls_exp_apfixed.h:296:13)
INFO: [HLS 214-131] Inlining function 'bool operator==<5, 5, true, (ap_q_mode)5, (ap_o_mode)3, 0>(ap_fixed_base<5, 5, true, (ap_q_mode)5, (ap_o_mode)3, 0> const&, int)' into 'ap_fixed<33, 17, (ap_q_mode)5, (ap_o_mode)3, 0> exp_reduce::exp<33, 17>(ap_fixed<33, 17, (ap_q_mode)5, (ap_o_mode)3, 0>)' (C:/Xilinx/Vitis_HLS/2022.2/common/technology/autopilot/hls_exp_apfixed.h:300:29)
INFO: [HLS 214-131] Inlining function 'bool ap_fixed_base<23, 0, false, (ap_q_mode)5, (ap_o_mode)3, 0>::operator>=<23, 0, false, (ap_q_mode)5, (ap_o_mode)3, 0>(ap_fixed_base<23, 0, false, (ap_q_mode)5, (ap_o_mode)3, 0> const&) const' into 'ap_fixed<33, 17, (ap_q_mode)5, (ap_o_mode)3, 0> exp_reduce::exp<33, 17>(ap_fixed<33, 17, (ap_q_mode)5, (ap_o_mode)3, 0>)' (C:/Xilinx/Vitis_HLS/2022.2/common/technology/autopilot/hls_exp_apfixed.h:300:46)
INFO: [HLS 214-131] Inlining function 'ap_fixed_base<47, 24, true, (ap_q_mode)5, (ap_o_mode)3, 0>::operator[](unsigned int)' into 'ap_fixed<33, 17, (ap_q_mode)5, (ap_o_mode)3, 0> exp_reduce::exp<33, 17>(ap_fixed<33, 17, (ap_q_mode)5, (ap_o_mode)3, 0>)' (C:/Xilinx/Vitis_HLS/2022.2/common/technology/autopilot/hls_exp_apfixed.h:301:18)
INFO: [HLS 214-131] Inlining function 'af_bit_ref<47, 24, true, (ap_q_mode)5, (ap_o_mode)3, 0>::operator bool() const' into 'ap_fixed<33, 17, (ap_q_mode)5, (ap_o_mode)3, 0> exp_reduce::exp<33, 17>(ap_fixed<33, 17, (ap_q_mode)5, (ap_o_mode)3, 0>)' (C:/Xilinx/Vitis_HLS/2022.2/common/technology/autopilot/hls_exp_apfixed.h:301:18)
INFO: [HLS 214-131] Inlining function 'ap_fixed_base<46, 23, false, (ap_q_mode)5, (ap_o_mode)3, 0>::operator[](unsigned int)' into 'ap_fixed<33, 17, (ap_q_mode)5, (ap_o_mode)3, 0> exp_reduce::exp<33, 17>(ap_fixed<33, 17, (ap_q_mode)5, (ap_o_mode)3, 0>)' (C:/Xilinx/Vitis_HLS/2022.2/common/technology/autopilot/hls_exp_apfixed.h:304:2)
INFO: [HLS 214-131] Inlining function 'af_bit_ref<46, 23, false, (ap_q_mode)5, (ap_o_mode)3, 0>::operator=(bool)' into 'ap_fixed<33, 17, (ap_q_mode)5, (ap_o_mode)3, 0> exp_reduce::exp<33, 17>(ap_fixed<33, 17, (ap_q_mode)5, (ap_o_mode)3, 0>)' (C:/Xilinx/Vitis_HLS/2022.2/common/technology/autopilot/hls_exp_apfixed.h:304:7)
INFO: [HLS 214-131] Inlining function 'ap_fixed_base<47, 24, true, (ap_q_mode)5, (ap_o_mode)3, 0>::operator[](unsigned int)' into 'ap_fixed<33, 17, (ap_q_mode)5, (ap_o_mode)3, 0> exp_reduce::exp<33, 17>(ap_fixed<33, 17, (ap_q_mode)5, (ap_o_mode)3, 0>)' (C:/Xilinx/Vitis_HLS/2022.2/common/technology/autopilot/hls_exp_apfixed.h:309:30)
INFO: [HLS 214-131] Inlining function 'ap_int_base<8, false>::operator[](int)' into 'ap_fixed<33, 17, (ap_q_mode)5, (ap_o_mode)3, 0> exp_reduce::exp<33, 17>(ap_fixed<33, 17, (ap_q_mode)5, (ap_o_mode)3, 0>)' (C:/Xilinx/Vitis_HLS/2022.2/common/technology/autopilot/hls_exp_apfixed.h:309:13)
INFO: [HLS 214-131] Inlining function 'ap_bit_ref<8, false>& ap_bit_ref<8, false>::operator=<47, 24, true, (ap_q_mode)5, (ap_o_mode)3, 0>(af_bit_ref<47, 24, true, (ap_q_mode)5, (ap_o_mode)3, 0> const&)' into 'ap_fixed<33, 17, (ap_q_mode)5, (ap_o_mode)3, 0> exp_reduce::exp<33, 17>(ap_fixed<33, 17, (ap_q_mode)5, (ap_o_mode)3, 0>)' (C:/Xilinx/Vitis_HLS/2022.2/common/technology/autopilot/hls_exp_apfixed.h:309:28)
INFO: [HLS 214-131] Inlining function 'ap_fixed_base<47, 24, true, (ap_q_mode)5, (ap_o_mode)3, 0>::operator()(int, int)' into 'ap_fixed<33, 17, (ap_q_mode)5, (ap_o_mode)3, 0> exp_reduce::exp<33, 17>(ap_fixed<33, 17, (ap_q_mode)5, (ap_o_mode)3, 0>)' (C:/Xilinx/Vitis_HLS/2022.2/common/technology/autopilot/hls_exp_apfixed.h:310:32)
INFO: [HLS 214-131] Inlining function 'ap_int_base<8, false>::operator()(int, int)' into 'ap_fixed<33, 17, (ap_q_mode)5, (ap_o_mode)3, 0> exp_reduce::exp<33, 17>(ap_fixed<33, 17, (ap_q_mode)5, (ap_o_mode)3, 0>)' (C:/Xilinx/Vitis_HLS/2022.2/common/technology/autopilot/hls_exp_apfixed.h:310:13)
INFO: [HLS 214-131] Inlining function 'ap_range_ref<8, false>& ap_range_ref<8, false>::operator=<47, 24, true, (ap_q_mode)5, (ap_o_mode)3, 0>(af_range_ref<47, 24, true, (ap_q_mode)5, (ap_o_mode)3, 0> const&)' into 'ap_fixed<33, 17, (ap_q_mode)5, (ap_o_mode)3, 0> exp_reduce::exp<33, 17>(ap_fixed<33, 17, (ap_q_mode)5, (ap_o_mode)3, 0>)' (C:/Xilinx/Vitis_HLS/2022.2/common/technology/autopilot/hls_exp_apfixed.h:310:30)
INFO: [HLS 214-131] Inlining function 'ap_fixed_base<47, 24, true, (ap_q_mode)5, (ap_o_mode)3, 0>::operator()(int, int)' into 'ap_fixed<33, 17, (ap_q_mode)5, (ap_o_mode)3, 0> exp_reduce::exp<33, 17>(ap_fixed<33, 17, (ap_q_mode)5, (ap_o_mode)3, 0>)' (C:/Xilinx/Vitis_HLS/2022.2/common/technology/autopilot/hls_exp_apfixed.h:312:32)
INFO: [HLS 214-131] Inlining function 'ap_int_base<8, false>::operator()(int, int)' into 'ap_fixed<33, 17, (ap_q_mode)5, (ap_o_mode)3, 0> exp_reduce::exp<33, 17>(ap_fixed<33, 17, (ap_q_mode)5, (ap_o_mode)3, 0>)' (C:/Xilinx/Vitis_HLS/2022.2/common/technology/autopilot/hls_exp_apfixed.h:312:13)
INFO: [HLS 214-131] Inlining function 'ap_range_ref<8, false>& ap_range_ref<8, false>::operator=<47, 24, true, (ap_q_mode)5, (ap_o_mode)3, 0>(af_range_ref<47, 24, true, (ap_q_mode)5, (ap_o_mode)3, 0> const&)' into 'ap_fixed<33, 17, (ap_q_mode)5, (ap_o_mode)3, 0> exp_reduce::exp<33, 17>(ap_fixed<33, 17, (ap_q_mode)5, (ap_o_mode)3, 0>)' (C:/Xilinx/Vitis_HLS/2022.2/common/technology/autopilot/hls_exp_apfixed.h:312:30)
INFO: [HLS 214-131] Inlining function 'ap_fixed_base<47, 24, true, (ap_q_mode)5, (ap_o_mode)3, 0>::operator()(int, int)' into 'ap_fixed<33, 17, (ap_q_mode)5, (ap_o_mode)3, 0> exp_reduce::exp<33, 17>(ap_fixed<33, 17, (ap_q_mode)5, (ap_o_mode)3, 0>)' (C:/Xilinx/Vitis_HLS/2022.2/common/technology/autopilot/hls_exp_apfixed.h:314:32)
INFO: [HLS 214-131] Inlining function 'ap_int_base<5, false>::operator()(int, int)' into 'ap_fixed<33, 17, (ap_q_mode)5, (ap_o_mode)3, 0> exp_reduce::exp<33, 17>(ap_fixed<33, 17, (ap_q_mode)5, (ap_o_mode)3, 0>)' (C:/Xilinx/Vitis_HLS/2022.2/common/technology/autopilot/hls_exp_apfixed.h:314:13)
INFO: [HLS 214-131] Inlining function 'ap_range_ref<5, false>& ap_range_ref<5, false>::operator=<47, 24, true, (ap_q_mode)5, (ap_o_mode)3, 0>(af_range_ref<47, 24, true, (ap_q_mode)5, (ap_o_mode)3, 0> const&)' into 'ap_fixed<33, 17, (ap_q_mode)5, (ap_o_mode)3, 0> exp_reduce::exp<33, 17>(ap_fixed<33, 17, (ap_q_mode)5, (ap_o_mode)3, 0>)' (C:/Xilinx/Vitis_HLS/2022.2/common/technology/autopilot/hls_exp_apfixed.h:314:30)
INFO: [HLS 214-131] Inlining function 'ap_fixed_base<47, 24, true, (ap_q_mode)5, (ap_o_mode)3, 0>::operator()(int, int)' into 'ap_fixed<33, 17, (ap_q_mode)5, (ap_o_mode)3, 0> exp_reduce::exp<33, 17>(ap_fixed<33, 17, (ap_q_mode)5, (ap_o_mode)3, 0>)' (C:/Xilinx/Vitis_HLS/2022.2/common/technology/autopilot/hls_exp_apfixed.h:316:32)
INFO: [HLS 214-131] Inlining function 'ap_int_base<3, false>::operator()(int, int)' into 'ap_fixed<33, 17, (ap_q_mode)5, (ap_o_mode)3, 0> exp_reduce::exp<33, 17>(ap_fixed<33, 17, (ap_q_mode)5, (ap_o_mode)3, 0>)' (C:/Xilinx/Vitis_HLS/2022.2/common/technology/autopilot/hls_exp_apfixed.h:316:13)
INFO: [HLS 214-131] Inlining function 'ap_range_ref<3, false>& ap_range_ref<3, false>::operator=<47, 24, true, (ap_q_mode)5, (ap_o_mode)3, 0>(af_range_ref<47, 24, true, (ap_q_mode)5, (ap_o_mode)3, 0> const&)' into 'ap_fixed<33, 17, (ap_q_mode)5, (ap_o_mode)3, 0> exp_reduce::exp<33, 17>(ap_fixed<33, 17, (ap_q_mode)5, (ap_o_mode)3, 0>)' (C:/Xilinx/Vitis_HLS/2022.2/common/technology/autopilot/hls_exp_apfixed.h:316:30)
INFO: [HLS 214-131] Inlining function 'ap_fixed_base<47, 24, true, (ap_q_mode)5, (ap_o_mode)3, 0>::operator()(int, int)' into 'ap_fixed<33, 17, (ap_q_mode)5, (ap_o_mode)3, 0> exp_reduce::exp<33, 17>(ap_fixed<33, 17, (ap_q_mode)5, (ap_o_mode)3, 0>)' (C:/Xilinx/Vitis_HLS/2022.2/common/technology/autopilot/hls_exp_apfixed.h:318:30)
INFO: [HLS 214-131] Inlining function 'ap_int_base<4, false>::operator()(int, int)' into 'ap_fixed<33, 17, (ap_q_mode)5, (ap_o_mode)3, 0> exp_reduce::exp<33, 17>(ap_fixed<33, 17, (ap_q_mode)5, (ap_o_mode)3, 0>)' (C:/Xilinx/Vitis_HLS/2022.2/common/technology/autopilot/hls_exp_apfixed.h:318:13)
INFO: [HLS 214-131] Inlining function 'ap_range_ref<4, false>& ap_range_ref<4, false>::operator=<47, 24, true, (ap_q_mode)5, (ap_o_mode)3, 0>(af_range_ref<47, 24, true, (ap_q_mode)5, (ap_o_mode)3, 0> const&)' into 'ap_fixed<33, 17, (ap_q_mode)5, (ap_o_mode)3, 0> exp_reduce::exp<33, 17>(ap_fixed<33, 17, (ap_q_mode)5, (ap_o_mode)3, 0>)' (C:/Xilinx/Vitis_HLS/2022.2/common/technology/autopilot/hls_exp_apfixed.h:318:28)
INFO: [HLS 214-131] Inlining function 'ap_int_base<3, false>::operator unsigned long long() const' into 'ap_fixed<33, 17, (ap_q_mode)5, (ap_o_mode)3, 0> exp_reduce::exp<33, 17>(ap_fixed<33, 17, (ap_q_mode)5, (ap_o_mode)3, 0>)' (C:/Xilinx/Vitis_HLS/2022.2/common/technology/autopilot/hls_exp_apfixed.h:333:63)
INFO: [HLS 214-131] Inlining function 'ap_int_base<3, false>::operator unsigned long long() const' into 'ap_fixed<33, 17, (ap_q_mode)5, (ap_o_mode)3, 0> exp_reduce::exp<33, 17>(ap_fixed<33, 17, (ap_q_mode)5, (ap_o_mode)3, 0>)' (C:/Xilinx/Vitis_HLS/2022.2/common/technology/autopilot/hls_exp_apfixed.h:334:63)
INFO: [HLS 214-131] Inlining function 'ap_int_base<4, false>::operator unsigned long long() const' into 'ap_fixed<33, 17, (ap_q_mode)5, (ap_o_mode)3, 0> exp_reduce::exp<33, 17>(ap_fixed<33, 17, (ap_q_mode)5, (ap_o_mode)3, 0>)' (C:/Xilinx/Vitis_HLS/2022.2/common/technology/autopilot/hls_exp_apfixed.h:342:55)
INFO: [HLS 214-131] Inlining function 'ap_fixed_base<3, -16, false, (ap_q_mode)5, (ap_o_mode)3, 0>::RType<4, -19, false>::mult ap_fixed_base<3, -16, false, (ap_q_mode)5, (ap_o_mode)3, 0>::operator*<4, -19, false, (ap_q_mode)5, (ap_o_mode)3, 0>(ap_fixed_base<4, -19, false, (ap_q_mode)5, (ap_o_mode)3, 0> const&) const' into 'ap_fixed<33, 17, (ap_q_mode)5, (ap_o_mode)3, 0> exp_reduce::exp<33, 17>(ap_fixed<33, 17, (ap_q_mode)5, (ap_o_mode)3, 0>)' (C:/Xilinx/Vitis_HLS/2022.2/common/technology/autopilot/hls_exp_apfixed.h:344:55)
INFO: [HLS 214-131] Inlining function 'ap_fixed_base<6, -33, false, (ap_q_mode)5, (ap_o_mode)3, 0>::operator()(int, int)' into 'ap_fixed<33, 17, (ap_q_mode)5, (ap_o_mode)3, 0> exp_reduce::exp<33, 17>(ap_fixed<33, 17, (ap_q_mode)5, (ap_o_mode)3, 0>)' (C:/Xilinx/Vitis_HLS/2022.2/common/technology/autopilot/hls_exp_apfixed.h:347:42)
INFO: [HLS 214-131] Inlining function 'ap_fixed_base<10, -32, false, (ap_q_mode)5, (ap_o_mode)3, 0>::operator()(int, int)' into 'ap_fixed<33, 17, (ap_q_mode)5, (ap_o_mode)3, 0> exp_reduce::exp<33, 17>(ap_fixed<33, 17, (ap_q_mode)5, (ap_o_mode)3, 0>)' (C:/Xilinx/Vitis_HLS/2022.2/common/technology/autopilot/hls_exp_apfixed.h:347:13)
INFO: [HLS 214-131] Inlining function 'af_range_ref<10, -32, false, (ap_q_mode)5, (ap_o_mode)3, 0>& af_range_ref<10, -32, false, (ap_q_mode)5, (ap_o_mode)3, 0>::operator=<6, -33, false, (ap_q_mode)5, (ap_o_mode)3, 0>(af_range_ref<6, -33, false, (ap_q_mode)5, (ap_o_mode)3, 0> const&)' into 'ap_fixed<33, 17, (ap_q_mode)5, (ap_o_mode)3, 0> exp_reduce::exp<33, 17>(ap_fixed<33, 17, (ap_q_mode)5, (ap_o_mode)3, 0>)' (C:/Xilinx/Vitis_HLS/2022.2/common/technology/autopilot/hls_exp_apfixed.h:347:40)
INFO: [HLS 214-131] Inlining function 'ap_fixed_base<8, -39, false, (ap_q_mode)5, (ap_o_mode)3, 0>::operator()(int, int)' into 'ap_fixed<33, 17, (ap_q_mode)5, (ap_o_mode)3, 0> exp_reduce::exp<33, 17>(ap_fixed<33, 17, (ap_q_mode)5, (ap_o_mode)3, 0>)' (C:/Xilinx/Vitis_HLS/2022.2/common/technology/autopilot/hls_exp_apfixed.h:348:42)
INFO: [HLS 214-131] Inlining function 'ap_fixed_base<10, -32, false, (ap_q_mode)5, (ap_o_mode)3, 0>::operator()(int, int)' into 'ap_fixed<33, 17, (ap_q_mode)5, (ap_o_mode)3, 0> exp_reduce::exp<33, 17>(ap_fixed<33, 17, (ap_q_mode)5, (ap_o_mode)3, 0>)' (C:/Xilinx/Vitis_HLS/2022.2/common/technology/autopilot/hls_exp_apfixed.h:348:13)
INFO: [HLS 214-131] Inlining function 'af_range_ref<10, -32, false, (ap_q_mode)5, (ap_o_mode)3, 0>& af_range_ref<10, -32, false, (ap_q_mode)5, (ap_o_mode)3, 0>::operator=<8, -39, false, (ap_q_mode)5, (ap_o_mode)3, 0>(af_range_ref<8, -39, false, (ap_q_mode)5, (ap_o_mode)3, 0> const&)' into 'ap_fixed<33, 17, (ap_q_mode)5, (ap_o_mode)3, 0> exp_reduce::exp<33, 17>(ap_fixed<33, 17, (ap_q_mode)5, (ap_o_mode)3, 0>)' (C:/Xilinx/Vitis_HLS/2022.2/common/technology/autopilot/hls_exp_apfixed.h:348:40)
INFO: [HLS 214-131] Inlining function 'ap_fixed_base<10, -32, false, (ap_q_mode)5, (ap_o_mode)3, 0>::RType<7, -35, false>::plus ap_fixed_base<10, -32, false, (ap_q_mode)5, (ap_o_mode)3, 0>::operator+<7, -35, false, (ap_q_mode)5, (ap_o_mode)3, 0>(ap_fixed_base<7, -35, false, (ap_q_mode)5, (ap_o_mode)3, 0> const&) const' into 'ap_fixed<33, 17, (ap_q_mode)5, (ap_o_mode)3, 0> exp_reduce::exp<33, 17>(ap_fixed<33, 17, (ap_q_mode)5, (ap_o_mode)3, 0>)' (C:/Xilinx/Vitis_HLS/2022.2/common/technology/autopilot/hls_exp_apfixed.h:349:59)
INFO: [HLS 214-131] Inlining function 'ap_fixed_base<47, 24, true, (ap_q_mode)5, (ap_o_mode)3, 0>::operator()(int, int)' into 'ap_fixed<33, 17, (ap_q_mode)5, (ap_o_mode)3, 0> exp_reduce::exp<33, 17>(ap_fixed<33, 17, (ap_q_mode)5, (ap_o_mode)3, 0>)' (C:/Xilinx/Vitis_HLS/2022.2/common/technology/autopilot/hls_exp_apfixed.h:352:42)
INFO: [HLS 214-131] Inlining function 'ap_fixed_base<42, -16, false, (ap_q_mode)5, (ap_o_mode)3, 0>::operator()(int, int)' into 'ap_fixed<33, 17, (ap_q_mode)5, (ap_o_mode)3, 0> exp_reduce::exp<33, 17>(ap_fixed<33, 17, (ap_q_mode)5, (ap_o_mode)3, 0>)' (C:/Xilinx/Vitis_HLS/2022.2/common/technology/autopilot/hls_exp_apfixed.h:352:13)
INFO: [HLS 214-131] Inlining function 'af_range_ref<42, -16, false, (ap_q_mode)5, (ap_o_mode)3, 0>& af_range_ref<42, -16, false, (ap_q_mode)5, (ap_o_mode)3, 0>::operator=<47, 24, true, (ap_q_mode)5, (ap_o_mode)3, 0>(af_range_ref<47, 24, true, (ap_q_mode)5, (ap_o_mode)3, 0> const&)' into 'ap_fixed<33, 17, (ap_q_mode)5, (ap_o_mode)3, 0> exp_reduce::exp<33, 17>(ap_fixed<33, 17, (ap_q_mode)5, (ap_o_mode)3, 0>)' (C:/Xilinx/Vitis_HLS/2022.2/common/technology/autopilot/hls_exp_apfixed.h:352:40)
INFO: [HLS 214-131] Inlining function 'ap_fixed_base<10, -32, false, (ap_q_mode)5, (ap_o_mode)3, 0>::operator()(int, int)' into 'ap_fixed<33, 17, (ap_q_mode)5, (ap_o_mode)3, 0> exp_reduce::exp<33, 17>(ap_fixed<33, 17, (ap_q_mode)5, (ap_o_mode)3, 0>)' (C:/Xilinx/Vitis_HLS/2022.2/common/technology/autopilot/hls_exp_apfixed.h:353:42)
INFO: [HLS 214-131] Inlining function 'ap_fixed_base<42, -16, false, (ap_q_mode)5, (ap_o_mode)3, 0>::operator()(int, int)' into 'ap_fixed<33, 17, (ap_q_mode)5, (ap_o_mode)3, 0> exp_reduce::exp<33, 17>(ap_fixed<33, 17, (ap_q_mode)5, (ap_o_mode)3, 0>)' (C:/Xilinx/Vitis_HLS/2022.2/common/technology/autopilot/hls_exp_apfixed.h:353:13)
INFO: [HLS 214-131] Inlining function 'af_range_ref<42, -16, false, (ap_q_mode)5, (ap_o_mode)3, 0>& af_range_ref<42, -16, false, (ap_q_mode)5, (ap_o_mode)3, 0>::operator=<10, -32, false, (ap_q_mode)5, (ap_o_mode)3, 0>(af_range_ref<10, -32, false, (ap_q_mode)5, (ap_o_mode)3, 0> const&)' into 'ap_fixed<33, 17, (ap_q_mode)5, (ap_o_mode)3, 0> exp_reduce::exp<33, 17>(ap_fixed<33, 17, (ap_q_mode)5, (ap_o_mode)3, 0>)' (C:/Xilinx/Vitis_HLS/2022.2/common/technology/autopilot/hls_exp_apfixed.h:353:40)
INFO: [HLS 214-131] Inlining function 'ap_fixed_base<8, -39, false, (ap_q_mode)5, (ap_o_mode)3, 0>::operator()(int, int)' into 'ap_fixed<33, 17, (ap_q_mode)5, (ap_o_mode)3, 0> exp_reduce::exp<33, 17>(ap_fixed<33, 17, (ap_q_mode)5, (ap_o_mode)3, 0>)' (C:/Xilinx/Vitis_HLS/2022.2/common/technology/autopilot/hls_exp_apfixed.h:354:42)
INFO: [HLS 214-131] Inlining function 'ap_fixed_base<42, -16, false, (ap_q_mode)5, (ap_o_mode)3, 0>::operator()(int, int)' into 'ap_fixed<33, 17, (ap_q_mode)5, (ap_o_mode)3, 0> exp_reduce::exp<33, 17>(ap_fixed<33, 17, (ap_q_mode)5, (ap_o_mode)3, 0>)' (C:/Xilinx/Vitis_HLS/2022.2/common/technology/autopilot/hls_exp_apfixed.h:354:13)
INFO: [HLS 214-131] Inlining function 'ap_fixed_base<72, 0, false, (ap_q_mode)5, (ap_o_mode)3, 0>::RType<63, -9, false>::plus ap_fixed_base<72, 0, false, (ap_q_mode)5, (ap_o_mode)3, 0>::operator+<63, -9, false, (ap_q_mode)5, (ap_o_mode)3, 0>(ap_fixed_base<63, -9, false, (ap_q_mode)5, (ap_o_mode)3, 0> const&) const' into 'ap_fixed<33, 17, (ap_q_mode)5, (ap_o_mode)3, 0> exp_reduce::exp<33, 17>(ap_fixed<33, 17, (ap_q_mode)5, (ap_o_mode)3, 0>)' (C:/Xilinx/Vitis_HLS/2022.2/common/technology/autopilot/hls_exp_apfixed.h:858:93)
INFO: [HLS 214-131] Inlining function 'ap_fixed_base<62, -10, false, (ap_q_mode)5, (ap_o_mode)3, 0>::RType<67, -1, false>::plus ap_fixed_base<62, -10, false, (ap_q_mode)5, (ap_o_mode)3, 0>::operator+<67, -1, false, (ap_q_mode)5, (ap_o_mode)3, 0>(ap_fixed_base<67, -1, false, (ap_q_mode)5, (ap_o_mode)3, 0> const&) const' into 'ap_fixed<33, 17, (ap_q_mode)5, (ap_o_mode)3, 0> exp_reduce::exp<33, 17>(ap_fixed<33, 17, (ap_q_mode)5, (ap_o_mode)3, 0>)' (C:/Xilinx/Vitis_HLS/2022.2/common/technology/autopilot/hls_exp_apfixed.h:858:75)
INFO: [HLS 214-131] Inlining function 'ap_fixed_base<67, -1, false, (ap_q_mode)5, (ap_o_mode)3, 0>::RType<63, -9, false>::mult ap_fixed_base<67, -1, false, (ap_q_mode)5, (ap_o_mode)3, 0>::operator*<63, -9, false, (ap_q_mode)5, (ap_o_mode)3, 0>(ap_fixed_base<63, -9, false, (ap_q_mode)5, (ap_o_mode)3, 0> const&) const' into 'ap_fixed<33, 17, (ap_q_mode)5, (ap_o_mode)3, 0> exp_reduce::exp<33, 17>(ap_fixed<33, 17, (ap_q_mode)5, (ap_o_mode)3, 0>)' (C:/Xilinx/Vitis_HLS/2022.2/common/technology/autopilot/hls_exp_apfixed.h:856:68)
INFO: [HLS 214-131] Inlining function 'af_range_ref<67, -1, false, (ap_q_mode)5, (ap_o_mode)3, 0>& af_range_ref<67, -1, false, (ap_q_mode)5, (ap_o_mode)3, 0>::operator=<64, -4, false, (ap_q_mode)5, (ap_o_mode)3, 0>(af_range_ref<64, -4, false, (ap_q_mode)5, (ap_o_mode)3, 0> const&)' into 'ap_fixed<33, 17, (ap_q_mode)5, (ap_o_mode)3, 0> exp_reduce::exp<33, 17>(ap_fixed<33, 17, (ap_q_mode)5, (ap_o_mode)3, 0>)' (C:/Xilinx/Vitis_HLS/2022.2/common/technology/autopilot/hls_exp_apfixed.h:854:36)
INFO: [HLS 214-131] Inlining function 'ap_fixed_base<67, -1, false, (ap_q_mode)5, (ap_o_mode)3, 0>::operator()(int, int)' into 'ap_fixed<33, 17, (ap_q_mode)5, (ap_o_mode)3, 0> exp_reduce::exp<33, 17>(ap_fixed<33, 17, (ap_q_mode)5, (ap_o_mode)3, 0>)' (C:/Xilinx/Vitis_HLS/2022.2/common/technology/autopilot/hls_exp_apfixed.h:854:13)
INFO: [HLS 214-131] Inlining function 'ap_fixed_base<64, -4, false, (ap_q_mode)5, (ap_o_mode)3, 0>::operator()(int, int)' into 'ap_fixed<33, 17, (ap_q_mode)5, (ap_o_mode)3, 0> exp_reduce::exp<33, 17>(ap_fixed<33, 17, (ap_q_mode)5, (ap_o_mode)3, 0>)' (C:/Xilinx/Vitis_HLS/2022.2/common/technology/autopilot/hls_exp_apfixed.h:854:38)
INFO: [HLS 214-131] Inlining function 'af_range_ref<67, -1, false, (ap_q_mode)5, (ap_o_mode)3, 0>& af_range_ref<67, -1, false, (ap_q_mode)5, (ap_o_mode)3, 0>::operator=<9, -1, false, (ap_q_mode)5, (ap_o_mode)3, 0>(af_range_ref<9, -1, false, (ap_q_mode)5, (ap_o_mode)3, 0> const&)' into 'ap_fixed<33, 17, (ap_q_mode)5, (ap_o_mode)3, 0> exp_reduce::exp<33, 17>(ap_fixed<33, 17, (ap_q_mode)5, (ap_o_mode)3, 0>)' (C:/Xilinx/Vitis_HLS/2022.2/common/technology/autopilot/hls_exp_apfixed.h:853:36)
INFO: [HLS 214-131] Inlining function 'ap_fixed_base<67, -1, false, (ap_q_mode)5, (ap_o_mode)3, 0>::operator()(int, int)' into 'ap_fixed<33, 17, (ap_q_mode)5, (ap_o_mode)3, 0> exp_reduce::exp<33, 17>(ap_fixed<33, 17, (ap_q_mode)5, (ap_o_mode)3, 0>)' (C:/Xilinx/Vitis_HLS/2022.2/common/technology/autopilot/hls_exp_apfixed.h:853:13)
INFO: [HLS 214-131] Inlining function 'ap_fixed_base<9, -1, false, (ap_q_mode)5, (ap_o_mode)3, 0>::operator()(int, int)' into 'ap_fixed<33, 17, (ap_q_mode)5, (ap_o_mode)3, 0> exp_reduce::exp<33, 17>(ap_fixed<33, 17, (ap_q_mode)5, (ap_o_mode)3, 0>)' (C:/Xilinx/Vitis_HLS/2022.2/common/technology/autopilot/hls_exp_apfixed.h:853:38)
INFO: [HLS 214-131] Inlining function 'ap_fixed_base<6, -4, false, (ap_q_mode)5, (ap_o_mode)3, 0>::RType<8, -2, false>::plus ap_fixed_base<6, -4, false, (ap_q_mode)5, (ap_o_mode)3, 0>::operator+<8, -2, false, (ap_q_mode)5, (ap_o_mode)3, 0>(ap_fixed_base<8, -2, false, (ap_q_mode)5, (ap_o_mode)3, 0> const&) const' into 'ap_fixed<33, 17, (ap_q_mode)5, (ap_o_mode)3, 0> exp_reduce::exp<33, 17>(ap_fixed<33, 17, (ap_q_mode)5, (ap_o_mode)3, 0>)' (C:/Xilinx/Vitis_HLS/2022.2/common/technology/autopilot/hls_exp_apfixed.h:851:62)
INFO: [HLS 214-131] Inlining function 'af_range_ref<6, -4, false, (ap_q_mode)5, (ap_o_mode)3, 0>& af_range_ref<6, -4, false, (ap_q_mode)5, (ap_o_mode)3, 0>::operator=<64, -4, false, (ap_q_mode)5, (ap_o_mode)3, 0>(af_range_ref<64, -4, false, (ap_q_mode)5, (ap_o_mode)3, 0> const&)' into 'ap_fixed<33, 17, (ap_q_mode)5, (ap_o_mode)3, 0> exp_reduce::exp<33, 17>(ap_fixed<33, 17, (ap_q_mode)5, (ap_o_mode)3, 0>)' (C:/Xilinx/Vitis_HLS/2022.2/common/technology/autopilot/hls_exp_apfixed.h:850:30)
INFO: [HLS 214-131] Inlining function 'ap_fixed_base<6, -4, false, (ap_q_mode)5, (ap_o_mode)3, 0>::operator()(int, int)' into 'ap_fixed<33, 17, (ap_q_mode)5, (ap_o_mode)3, 0> exp_reduce::exp<33, 17>(ap_fixed<33, 17, (ap_q_mode)5, (ap_o_mode)3, 0>)' (C:/Xilinx/Vitis_HLS/2022.2/common/technology/autopilot/hls_exp_apfixed.h:850:13)
INFO: [HLS 214-131] Inlining function 'ap_fixed_base<64, -4, false, (ap_q_mode)5, (ap_o_mode)3, 0>::operator()(int, int)' into 'ap_fixed<33, 17, (ap_q_mode)5, (ap_o_mode)3, 0> exp_reduce::exp<33, 17>(ap_fixed<33, 17, (ap_q_mode)5, (ap_o_mode)3, 0>)' (C:/Xilinx/Vitis_HLS/2022.2/common/technology/autopilot/hls_exp_apfixed.h:850:32)
INFO: [HLS 214-131] Inlining function 'ap_int_base<8, false>::operator unsigned long long() const' into 'ap_fixed<33, 17, (ap_q_mode)5, (ap_o_mode)3, 0> exp_reduce::exp<33, 17>(ap_fixed<33, 17, (ap_q_mode)5, (ap_o_mode)3, 0>)' (C:/Xilinx/Vitis_HLS/2022.2/common/technology/autopilot/hls_exp_apfixed.h:848:58)
INFO: [HLS 214-131] Inlining function 'af_range_ref<42, -16, false, (ap_q_mode)5, (ap_o_mode)3, 0>& af_range_ref<42, -16, false, (ap_q_mode)5, (ap_o_mode)3, 0>::operator=<8, -39, false, (ap_q_mode)5, (ap_o_mode)3, 0>(af_range_ref<8, -39, false, (ap_q_mode)5, (ap_o_mode)3, 0> const&)' into 'ap_fixed<33, 17, (ap_q_mode)5, (ap_o_mode)3, 0> exp_reduce::exp<33, 17>(ap_fixed<33, 17, (ap_q_mode)5, (ap_o_mode)3, 0>)' (C:/Xilinx/Vitis_HLS/2022.2/common/technology/autopilot/hls_exp_apfixed.h:354:40)
INFO: [HLS 214-131] Inlining function 'ap_fixed_base<7, -51, false, (ap_q_mode)5, (ap_o_mode)3, 0>::operator()(int, int)' into 'ap_fixed<33, 17, (ap_q_mode)5, (ap_o_mode)3, 0> exp_reduce::exp<33, 17>(ap_fixed<33, 17, (ap_q_mode)5, (ap_o_mode)3, 0>)' (C:/Xilinx/Vitis_HLS/2022.2/common/technology/autopilot/hls_exp_apfixed.h:355:42)
INFO: [HLS 214-131] Inlining function 'ap_fixed_base<42, -16, false, (ap_q_mode)5, (ap_o_mode)3, 0>::operator()(int, int)' into 'ap_fixed<33, 17, (ap_q_mode)5, (ap_o_mode)3, 0> exp_reduce::exp<33, 17>(ap_fixed<33, 17, (ap_q_mode)5, (ap_o_mode)3, 0>)' (C:/Xilinx/Vitis_HLS/2022.2/common/technology/autopilot/hls_exp_apfixed.h:355:13)
INFO: [HLS 214-131] Inlining function 'af_range_ref<42, -16, false, (ap_q_mode)5, (ap_o_mode)3, 0>& af_range_ref<42, -16, false, (ap_q_mode)5, (ap_o_mode)3, 0>::operator=<7, -51, false, (ap_q_mode)5, (ap_o_mode)3, 0>(af_range_ref<7, -51, false, (ap_q_mode)5, (ap_o_mode)3, 0> const&)' into 'ap_fixed<33, 17, (ap_q_mode)5, (ap_o_mode)3, 0> exp_reduce::exp<33, 17>(ap_fixed<33, 17, (ap_q_mode)5, (ap_o_mode)3, 0>)' (C:/Xilinx/Vitis_HLS/2022.2/common/technology/autopilot/hls_exp_apfixed.h:355:40)
INFO: [HLS 214-131] Inlining function 'ap_int_base<5, false>::operator unsigned long long() const' into 'ap_fixed<33, 17, (ap_q_mode)5, (ap_o_mode)3, 0> exp_reduce::exp<33, 17>(ap_fixed<33, 17, (ap_q_mode)5, (ap_o_mode)3, 0>)' (C:/Xilinx/Vitis_HLS/2022.2/common/technology/autopilot/hls_exp_apfixed.h:369:59)
INFO: [HLS 214-131] Inlining function 'ap_fixed_base<5, -11, false, (ap_q_mode)5, (ap_o_mode)3, 0>::operator()(int, int)' into 'ap_fixed<33, 17, (ap_q_mode)5, (ap_o_mode)3, 0> exp_reduce::exp<33, 17>(ap_fixed<33, 17, (ap_q_mode)5, (ap_o_mode)3, 0>)' (C:/Xilinx/Vitis_HLS/2022.2/common/technology/autopilot/hls_exp_apfixed.h:371:38)
INFO: [HLS 214-131] Inlining function 'ap_fixed_base<44, -11, false, (ap_q_mode)5, (ap_o_mode)3, 0>::operator()(int, int)' into 'ap_fixed<33, 17, (ap_q_mode)5, (ap_o_mode)3, 0> exp_reduce::exp<33, 17>(ap_fixed<33, 17, (ap_q_mode)5, (ap_o_mode)3, 0>)' (C:/Xilinx/Vitis_HLS/2022.2/common/technology/autopilot/hls_exp_apfixed.h:371:13)
INFO: [HLS 214-131] Inlining function 'af_range_ref<44, -11, false, (ap_q_mode)5, (ap_o_mode)3, 0>& af_range_ref<44, -11, false, (ap_q_mode)5, (ap_o_mode)3, 0>::operator=<5, -11, false, (ap_q_mode)5, (ap_o_mode)3, 0>(af_range_ref<5, -11, false, (ap_q_mode)5, (ap_o_mode)3, 0> const&)' into 'ap_fixed<33, 17, (ap_q_mode)5, (ap_o_mode)3, 0> exp_reduce::exp<33, 17>(ap_fixed<33, 17, (ap_q_mode)5, (ap_o_mode)3, 0>)' (C:/Xilinx/Vitis_HLS/2022.2/common/technology/autopilot/hls_exp_apfixed.h:371:36)
INFO: [HLS 214-131] Inlining function 'ap_fixed_base<32, -23, false, (ap_q_mode)5, (ap_o_mode)3, 0>::operator()(int, int)' into 'ap_fixed<33, 17, (ap_q_mode)5, (ap_o_mode)3, 0> exp_reduce::exp<33, 17>(ap_fixed<33, 17, (ap_q_mode)5, (ap_o_mode)3, 0>)' (C:/Xilinx/Vitis_HLS/2022.2/common/technology/autopilot/hls_exp_apfixed.h:372:38)
INFO: [HLS 214-131] Inlining function 'ap_fixed_base<44, -11, false, (ap_q_mode)5, (ap_o_mode)3, 0>::operator()(int, int)' into 'ap_fixed<33, 17, (ap_q_mode)5, (ap_o_mode)3, 0> exp_reduce::exp<33, 17>(ap_fixed<33, 17, (ap_q_mode)5, (ap_o_mode)3, 0>)' (C:/Xilinx/Vitis_HLS/2022.2/common/technology/autopilot/hls_exp_apfixed.h:372:13)
INFO: [HLS 214-131] Inlining function 'af_range_ref<44, -11, false, (ap_q_mode)5, (ap_o_mode)3, 0>& af_range_ref<44, -11, false, (ap_q_mode)5, (ap_o_mode)3, 0>::operator=<32, -23, false, (ap_q_mode)5, (ap_o_mode)3, 0>(af_range_ref<32, -23, false, (ap_q_mode)5, (ap_o_mode)3, 0> const&)' into 'ap_fixed<33, 17, (ap_q_mode)5, (ap_o_mode)3, 0> exp_reduce::exp<33, 17>(ap_fixed<33, 17, (ap_q_mode)5, (ap_o_mode)3, 0>)' (C:/Xilinx/Vitis_HLS/2022.2/common/technology/autopilot/hls_exp_apfixed.h:372:36)
INFO: [HLS 214-131] Inlining function 'ap_fixed_base<44, -11, false, (ap_q_mode)5, (ap_o_mode)3, 0>::RType<42, -16, false>::mult ap_fixed_base<44, -11, false, (ap_q_mode)5, (ap_o_mode)3, 0>::operator*<42, -16, false, (ap_q_mode)5, (ap_o_mode)3, 0>(ap_fixed_base<42, -16, false, (ap_q_mode)5, (ap_o_mode)3, 0> const&) const' into 'ap_fixed<33, 17, (ap_q_mode)5, (ap_o_mode)3, 0> exp_reduce::exp<33, 17>(ap_fixed<33, 17, (ap_q_mode)5, (ap_o_mode)3, 0>)' (C:/Xilinx/Vitis_HLS/2022.2/common/technology/autopilot/hls_exp_apfixed.h:374:65)
INFO: [HLS 214-131] Inlining function 'ap_fixed_base<31, -27, false, (ap_q_mode)5, (ap_o_mode)3, 0>::RType<44, -11, false>::plus ap_fixed_base<31, -27, false, (ap_q_mode)5, (ap_o_mode)3, 0>::operator+<44, -11, false, (ap_q_mode)5, (ap_o_mode)3, 0>(ap_fixed_base<44, -11, false, (ap_q_mode)5, (ap_o_mode)3, 0> const&) const' into 'ap_fixed<33, 17, (ap_q_mode)5, (ap_o_mode)3, 0> exp_reduce::exp<33, 17>(ap_fixed<33, 17, (ap_q_mode)5, (ap_o_mode)3, 0>)' (C:/Xilinx/Vitis_HLS/2022.2/common/technology/autopilot/hls_exp_apfixed.h:376:73)
INFO: [HLS 214-131] Inlining function 'ap_fixed_base<48, -10, false, (ap_q_mode)5, (ap_o_mode)3, 0>::RType<42, -16, false>::plus ap_fixed_base<48, -10, false, (ap_q_mode)5, (ap_o_mode)3, 0>::operator+<42, -16, false, (ap_q_mode)5, (ap_o_mode)3, 0>(ap_fixed_base<42, -16, false, (ap_q_mode)5, (ap_o_mode)3, 0> const&) const' into 'ap_fixed<33, 17, (ap_q_mode)5, (ap_o_mode)3, 0> exp_reduce::exp<33, 17>(ap_fixed<33, 17, (ap_q_mode)5, (ap_o_mode)3, 0>)' (C:/Xilinx/Vitis_HLS/2022.2/common/technology/autopilot/hls_exp_apfixed.h:376:91)
INFO: [HLS 214-131] Inlining function 'ap_int_base<8, false>::operator unsigned long long() const' into 'ap_fixed<33, 17, (ap_q_mode)5, (ap_o_mode)3, 0> exp_reduce::exp<33, 17>(ap_fixed<33, 17, (ap_q_mode)5, (ap_o_mode)3, 0>)' (C:/Xilinx/Vitis_HLS/2022.2/common/technology/autopilot/hls_exp_apfixed.h:445:58)
INFO: [HLS 214-131] Inlining function 'ap_fixed_base<46, -6, false, (ap_q_mode)5, (ap_o_mode)3, 0>::operator()(int, int)' into 'ap_fixed<33, 17, (ap_q_mode)5, (ap_o_mode)3, 0> exp_reduce::exp<33, 17>(ap_fixed<33, 17, (ap_q_mode)5, (ap_o_mode)3, 0>)' (C:/Xilinx/Vitis_HLS/2022.2/common/technology/autopilot/hls_exp_apfixed.h:447:32)
INFO: [HLS 214-131] Inlining function 'ap_fixed_base<5, -6, false, (ap_q_mode)5, (ap_o_mode)3, 0>::operator()(int, int)' into 'ap_fixed<33, 17, (ap_q_mode)5, (ap_o_mode)3, 0> exp_reduce::exp<33, 17>(ap_fixed<33, 17, (ap_q_mode)5, (ap_o_mode)3, 0>)' (C:/Xilinx/Vitis_HLS/2022.2/common/technology/autopilot/hls_exp_apfixed.h:447:13)
INFO: [HLS 214-131] Inlining function 'af_range_ref<5, -6, false, (ap_q_mode)5, (ap_o_mode)3, 0>& af_range_ref<5, -6, false, (ap_q_mode)5, (ap_o_mode)3, 0>::operator=<46, -6, false, (ap_q_mode)5, (ap_o_mode)3, 0>(af_range_ref<46, -6, false, (ap_q_mode)5, (ap_o_mode)3, 0> const&)' into 'ap_fixed<33, 17, (ap_q_mode)5, (ap_o_mode)3, 0> exp_reduce::exp<33, 17>(ap_fixed<33, 17, (ap_q_mode)5, (ap_o_mode)3, 0>)' (C:/Xilinx/Vitis_HLS/2022.2/common/technology/autopilot/hls_exp_apfixed.h:447:30)
INFO: [HLS 214-131] Inlining function 'ap_fixed_base<5, -6, false, (ap_q_mode)5, (ap_o_mode)3, 0>::RType<8, -3, false>::plus ap_fixed_base<5, -6, false, (ap_q_mode)5, (ap_o_mode)3, 0>::operator+<8, -3, false, (ap_q_mode)5, (ap_o_mode)3, 0>(ap_fixed_base<8, -3, false, (ap_q_mode)5, (ap_o_mode)3, 0> const&) const' into 'ap_fixed<33, 17, (ap_q_mode)5, (ap_o_mode)3, 0> exp_reduce::exp<33, 17>(ap_fixed<33, 17, (ap_q_mode)5, (ap_o_mode)3, 0>)' (C:/Xilinx/Vitis_HLS/2022.2/common/technology/autopilot/hls_exp_apfixed.h:448:62)
INFO: [HLS 214-131] Inlining function 'ap_fixed_base<9, -2, false, (ap_q_mode)5, (ap_o_mode)3, 0>::operator()(int, int)' into 'ap_fixed<33, 17, (ap_q_mode)5, (ap_o_mode)3, 0> exp_reduce::exp<33, 17>(ap_fixed<33, 17, (ap_q_mode)5, (ap_o_mode)3, 0>)' (C:/Xilinx/Vitis_HLS/2022.2/common/technology/autopilot/hls_exp_apfixed.h:450:38)
INFO: [HLS 214-131] Inlining function 'ap_fixed_base<50, -2, false, (ap_q_mode)5, (ap_o_mode)3, 0>::operator()(int, int)' into 'ap_fixed<33, 17, (ap_q_mode)5, (ap_o_mode)3, 0> exp_reduce::exp<33, 17>(ap_fixed<33, 17, (ap_q_mode)5, (ap_o_mode)3, 0>)' (C:/Xilinx/Vitis_HLS/2022.2/common/technology/autopilot/hls_exp_apfixed.h:450:13)
INFO: [HLS 214-131] Inlining function 'af_range_ref<50, -2, false, (ap_q_mode)5, (ap_o_mode)3, 0>& af_range_ref<50, -2, false, (ap_q_mode)5, (ap_o_mode)3, 0>::operator=<9, -2, false, (ap_q_mode)5, (ap_o_mode)3, 0>(af_range_ref<9, -2, false, (ap_q_mode)5, (ap_o_mode)3, 0> const&)' into 'ap_fixed<33, 17, (ap_q_mode)5, (ap_o_mode)3, 0> exp_reduce::exp<33, 17>(ap_fixed<33, 17, (ap_q_mode)5, (ap_o_mode)3, 0>)' (C:/Xilinx/Vitis_HLS/2022.2/common/technology/autopilot/hls_exp_apfixed.h:450:36)
INFO: [HLS 214-131] Inlining function 'ap_fixed_base<46, -6, false, (ap_q_mode)5, (ap_o_mode)3, 0>::operator()(int, int)' into 'ap_fixed<33, 17, (ap_q_mode)5, (ap_o_mode)3, 0> exp_reduce::exp<33, 17>(ap_fixed<33, 17, (ap_q_mode)5, (ap_o_mode)3, 0>)' (C:/Xilinx/Vitis_HLS/2022.2/common/technology/autopilot/hls_exp_apfixed.h:451:38)
INFO: [HLS 214-131] Inlining function 'ap_fixed_base<50, -2, false, (ap_q_mode)5, (ap_o_mode)3, 0>::operator()(int, int)' into 'ap_fixed<33, 17, (ap_q_mode)5, (ap_o_mode)3, 0> exp_reduce::exp<33, 17>(ap_fixed<33, 17, (ap_q_mode)5, (ap_o_mode)3, 0>)' (C:/Xilinx/Vitis_HLS/2022.2/common/technology/autopilot/hls_exp_apfixed.h:451:13)
INFO: [HLS 214-131] Inlining function 'af_range_ref<50, -2, false, (ap_q_mode)5, (ap_o_mode)3, 0>& af_range_ref<50, -2, false, (ap_q_mode)5, (ap_o_mode)3, 0>::operator=<46, -6, false, (ap_q_mode)5, (ap_o_mode)3, 0>(af_range_ref<46, -6, false, (ap_q_mode)5, (ap_o_mode)3, 0> const&)' into 'ap_fixed<33, 17, (ap_q_mode)5, (ap_o_mode)3, 0> exp_reduce::exp<33, 17>(ap_fixed<33, 17, (ap_q_mode)5, (ap_o_mode)3, 0>)' (C:/Xilinx/Vitis_HLS/2022.2/common/technology/autopilot/hls_exp_apfixed.h:451:36)
INFO: [HLS 214-131] Inlining function 'ap_fixed_base<50, -2, false, (ap_q_mode)5, (ap_o_mode)3, 0>::RType<48, -10, false>::mult ap_fixed_base<50, -2, false, (ap_q_mode)5, (ap_o_mode)3, 0>::operator*<48, -10, false, (ap_q_mode)5, (ap_o_mode)3, 0>(ap_fixed_base<48, -10, false, (ap_q_mode)5, (ap_o_mode)3, 0> const&) const' into 'ap_fixed<33, 17, (ap_q_mode)5, (ap_o_mode)3, 0> exp_reduce::exp<33, 17>(ap_fixed<33, 17, (ap_q_mode)5, (ap_o_mode)3, 0>)' (C:/Xilinx/Vitis_HLS/2022.2/common/technology/autopilot/hls_exp_apfixed.h:453:67)
INFO: [HLS 214-131] Inlining function 'ap_fixed_base<46, -12, false, (ap_q_mode)5, (ap_o_mode)3, 0>::RType<50, -2, false>::plus ap_fixed_base<46, -12, false, (ap_q_mode)5, (ap_o_mode)3, 0>::operator+<50, -2, false, (ap_q_mode)5, (ap_o_mode)3, 0>(ap_fixed_base<50, -2, false, (ap_q_mode)5, (ap_o_mode)3, 0> const&) const' into 'ap_fixed<33, 17, (ap_q_mode)5, (ap_o_mode)3, 0> exp_reduce::exp<33, 17>(ap_fixed<33, 17, (ap_q_mode)5, (ap_o_mode)3, 0>)' (C:/Xilinx/Vitis_HLS/2022.2/common/technology/autopilot/hls_exp_apfixed.h:455:76)
INFO: [HLS 214-131] Inlining function 'ap_fixed_base<57, -1, false, (ap_q_mode)5, (ap_o_mode)3, 0>::RType<48, -10, false>::plus ap_fixed_base<57, -1, false, (ap_q_mode)5, (ap_o_mode)3, 0>::operator+<48, -10, false, (ap_q_mode)5, (ap_o_mode)3, 0>(ap_fixed_base<48, -10, false, (ap_q_mode)5, (ap_o_mode)3, 0> const&) const' into 'ap_fixed<33, 17, (ap_q_mode)5, (ap_o_mode)3, 0> exp_reduce::exp<33, 17>(ap_fixed<33, 17, (ap_q_mode)5, (ap_o_mode)3, 0>)' (C:/Xilinx/Vitis_HLS/2022.2/common/technology/autopilot/hls_exp_apfixed.h:455:94)
INFO: [HLS 214-131] Inlining function 'ap_int_base<8, false>::operator unsigned long long() const' into 'ap_fixed<33, 17, (ap_q_mode)5, (ap_o_mode)3, 0> exp_reduce::exp<33, 17>(ap_fixed<33, 17, (ap_q_mode)5, (ap_o_mode)3, 0>)' (C:/Xilinx/Vitis_HLS/2022.2/common/technology/autopilot/hls_exp_apfixed.h:523:62)
INFO: [HLS 214-131] Inlining function 'ap_fixed_base<50, 23, false, (ap_q_mode)5, (ap_o_mode)3, 0>::RType<50, -2, false>::mult ap_fixed_base<50, 23, false, (ap_q_mode)5, (ap_o_mode)3, 0>::operator*<50, -2, false, (ap_q_mode)5, (ap_o_mode)3, 0>(ap_fixed_base<50, -2, false, (ap_q_mode)5, (ap_o_mode)3, 0> const&) const' into 'ap_fixed<33, 17, (ap_q_mode)5, (ap_o_mode)3, 0> exp_reduce::exp<33, 17>(ap_fixed<33, 17, (ap_q_mode)5, (ap_o_mode)3, 0>)' (C:/Xilinx/Vitis_HLS/2022.2/common/technology/autopilot/hls_exp_apfixed.h:524:50)
INFO: [HLS 214-131] Inlining function 'ap_fixed_base<48, 21, false, (ap_q_mode)5, (ap_o_mode)3, 0>::RType<50, 23, false>::plus ap_fixed_base<48, 21, false, (ap_q_mode)5, (ap_o_mode)3, 0>::operator+<50, 23, false, (ap_q_mode)5, (ap_o_mode)3, 0>(ap_fixed_base<50, 23, false, (ap_q_mode)5, (ap_o_mode)3, 0> const&) const' into 'ap_fixed<33, 17, (ap_q_mode)5, (ap_o_mode)3, 0> exp_reduce::exp<33, 17>(ap_fixed<33, 17, (ap_q_mode)5, (ap_o_mode)3, 0>)' (C:/Xilinx/Vitis_HLS/2022.2/common/technology/autopilot/hls_exp_apfixed.h:526:43)
INFO: [HLS 214-131] Inlining function 'ap_fixed_base<46, 23, false, (ap_q_mode)5, (ap_o_mode)3, 0>::operator[](unsigned int)' into 'ap_fixed<33, 17, (ap_q_mode)5, (ap_o_mode)3, 0> exp_reduce::exp<33, 17>(ap_fixed<33, 17, (ap_q_mode)5, (ap_o_mode)3, 0>)' (C:/Xilinx/Vitis_HLS/2022.2/common/technology/autopilot/hls_exp_apfixed.h:533:6)
INFO: [HLS 214-131] Inlining function 'af_bit_ref<46, 23, false, (ap_q_mode)5, (ap_o_mode)3, 0>::operator bool() const' into 'ap_fixed<33, 17, (ap_q_mode)5, (ap_o_mode)3, 0> exp_reduce::exp<33, 17>(ap_fixed<33, 17, (ap_q_mode)5, (ap_o_mode)3, 0>)' (C:/Xilinx/Vitis_HLS/2022.2/common/technology/autopilot/hls_exp_apfixed.h:533:6)
INFO: [HLS 214-131] Inlining function 'ap_fixed_base<46, 23, false, (ap_q_mode)5, (ap_o_mode)3, 0>::operator[](unsigned int)' into 'ap_fixed<33, 17, (ap_q_mode)5, (ap_o_mode)3, 0> exp_reduce::exp<33, 17>(ap_fixed<33, 17, (ap_q_mode)5, (ap_o_mode)3, 0>)' (C:/Xilinx/Vitis_HLS/2022.2/common/technology/autopilot/hls_exp_apfixed.h:539:2)
INFO: [HLS 214-131] Inlining function 'af_bit_ref<46, 23, false, (ap_q_mode)5, (ap_o_mode)3, 0>::operator=(bool)' into 'ap_fixed<33, 17, (ap_q_mode)5, (ap_o_mode)3, 0> exp_reduce::exp<33, 17>(ap_fixed<33, 17, (ap_q_mode)5, (ap_o_mode)3, 0>)' (C:/Xilinx/Vitis_HLS/2022.2/common/technology/autopilot/hls_exp_apfixed.h:539:7)
INFO: [HLS 214-131] Inlining function 'ap_fixed_base<46, 23, false, (ap_q_mode)5, (ap_o_mode)3, 0>::operator[](unsigned int)' into 'ap_fixed<33, 17, (ap_q_mode)5, (ap_o_mode)3, 0> exp_reduce::exp<33, 17>(ap_fixed<33, 17, (ap_q_mode)5, (ap_o_mode)3, 0>)' (C:/Xilinx/Vitis_HLS/2022.2/common/technology/autopilot/hls_exp_apfixed.h:543:2)
INFO: [HLS 214-131] Inlining function 'af_bit_ref<46, 23, false, (ap_q_mode)5, (ap_o_mode)3, 0>::operator=(bool)' into 'ap_fixed<33, 17, (ap_q_mode)5, (ap_o_mode)3, 0> exp_reduce::exp<33, 17>(ap_fixed<33, 17, (ap_q_mode)5, (ap_o_mode)3, 0>)' (C:/Xilinx/Vitis_HLS/2022.2/common/technology/autopilot/hls_exp_apfixed.h:543:7)
INFO: [HLS 214-131] Inlining function 'ap_fixed_base<33, 17, true, (ap_q_mode)5, (ap_o_mode)3, 0>::operator[](unsigned int)' into 'ap_fixed<33, 17, (ap_q_mode)5, (ap_o_mode)3, 0> exp_reduce::exp<33, 17>(ap_fixed<33, 17, (ap_q_mode)5, (ap_o_mode)3, 0>)' (C:/Xilinx/Vitis_HLS/2022.2/common/technology/autopilot/hls_exp_apfixed.h:553:11)
INFO: [HLS 214-131] Inlining function 'ap_fixed_base<65, 33, true, (ap_q_mode)5, (ap_o_mode)3, 0>::operator[](unsigned int)' into 'ap_fixed<33, 17, (ap_q_mode)5, (ap_o_mode)3, 0> exp_reduce::exp<33, 17>(ap_fixed<33, 17, (ap_q_mode)5, (ap_o_mode)3, 0>)' (C:/Xilinx/Vitis_HLS/2022.2/common/technology/autopilot/hls_exp_apfixed.h:553:2)
INFO: [HLS 214-131] Inlining function 'af_bit_ref<65, 33, true, (ap_q_mode)5, (ap_o_mode)3, 0>& af_bit_ref<65, 33, true, (ap_q_mode)5, (ap_o_mode)3, 0>::operator=<33, 17, true, (ap_q_mode)5, (ap_o_mode)3, 0>(af_bit_ref<33, 17, true, (ap_q_mode)5, (ap_o_mode)3, 0> const&)' into 'ap_fixed<33, 17, (ap_q_mode)5, (ap_o_mode)3, 0> exp_reduce::exp<33, 17>(ap_fixed<33, 17, (ap_q_mode)5, (ap_o_mode)3, 0>)' (C:/Xilinx/Vitis_HLS/2022.2/common/technology/autopilot/hls_exp_apfixed.h:553:9)
INFO: [HLS 214-131] Inlining function 'ap_fixed_base<33, 17, true, (ap_q_mode)5, (ap_o_mode)3, 0>::operator[](unsigned int)' into 'ap_fixed<33, 17, (ap_q_mode)5, (ap_o_mode)3, 0> exp_reduce::exp<33, 17>(ap_fixed<33, 17, (ap_q_mode)5, (ap_o_mode)3, 0>)' (C:/Xilinx/Vitis_HLS/2022.2/common/technology/autopilot/hls_exp_apfixed.h:557:11)
INFO: [HLS 214-131] Inlining function 'ap_fixed_base<65, 33, true, (ap_q_mode)5, (ap_o_mode)3, 0>::operator[](unsigned int)' into 'ap_fixed<33, 17, (ap_q_mode)5, (ap_o_mode)3, 0> exp_reduce::exp<33, 17>(ap_fixed<33, 17, (ap_q_mode)5, (ap_o_mode)3, 0>)' (C:/Xilinx/Vitis_HLS/2022.2/common/technology/autopilot/hls_exp_apfixed.h:557:2)
INFO: [HLS 214-131] Inlining function 'af_bit_ref<65, 33, true, (ap_q_mode)5, (ap_o_mode)3, 0>& af_bit_ref<65, 33, true, (ap_q_mode)5, (ap_o_mode)3, 0>::operator=<33, 17, true, (ap_q_mode)5, (ap_o_mode)3, 0>(af_bit_ref<33, 17, true, (ap_q_mode)5, (ap_o_mode)3, 0> const&)' into 'ap_fixed<33, 17, (ap_q_mode)5, (ap_o_mode)3, 0> exp_reduce::exp<33, 17>(ap_fixed<33, 17, (ap_q_mode)5, (ap_o_mode)3, 0>)' (C:/Xilinx/Vitis_HLS/2022.2/common/technology/autopilot/hls_exp_apfixed.h:557:9)
INFO: [HLS 214-131] Inlining function 'ap_fixed_base<65, 33, true, (ap_q_mode)5, (ap_o_mode)3, 0>::operator()(int, int)' into 'ap_fixed<33, 17, (ap_q_mode)5, (ap_o_mode)3, 0> exp_reduce::exp<33, 17>(ap_fixed<33, 17, (ap_q_mode)5, (ap_o_mode)3, 0>)' (C:/Xilinx/Vitis_HLS/2022.2/common/technology/autopilot/hls_exp_apfixed.h:561:24)
INFO: [HLS 214-131] Inlining function 'ap_fixed_base<6, 6, true, (ap_q_mode)5, (ap_o_mode)3, 0>::operator()(int, int)' into 'ap_fixed<33, 17, (ap_q_mode)5, (ap_o_mode)3, 0> exp_reduce::exp<33, 17>(ap_fixed<33, 17, (ap_q_mode)5, (ap_o_mode)3, 0>)' (C:/Xilinx/Vitis_HLS/2022.2/common/technology/autopilot/hls_exp_apfixed.h:561:9)
INFO: [HLS 214-131] Inlining function 'af_range_ref<6, 6, true, (ap_q_mode)5, (ap_o_mode)3, 0>& af_range_ref<6, 6, true, (ap_q_mode)5, (ap_o_mode)3, 0>::operator=<65, 33, true, (ap_q_mode)5, (ap_o_mode)3, 0>(af_range_ref<65, 33, true, (ap_q_mode)5, (ap_o_mode)3, 0> const&)' into 'ap_fixed<33, 17, (ap_q_mode)5, (ap_o_mode)3, 0> exp_reduce::exp<33, 17>(ap_fixed<33, 17, (ap_q_mode)5, (ap_o_mode)3, 0>)' (C:/Xilinx/Vitis_HLS/2022.2/common/technology/autopilot/hls_exp_apfixed.h:561:22)
INFO: [HLS 214-131] Inlining function 'ap_fixed_base<65, 33, true, (ap_q_mode)5, (ap_o_mode)3, 0>::operator()(int, int)' into 'ap_fixed<33, 17, (ap_q_mode)5, (ap_o_mode)3, 0> exp_reduce::exp<33, 17>(ap_fixed<33, 17, (ap_q_mode)5, (ap_o_mode)3, 0>)' (C:/Xilinx/Vitis_HLS/2022.2/common/technology/autopilot/hls_exp_apfixed.h:563:27)
INFO: [HLS 214-131] Inlining function 'ap_fixed_base<32, 0, false, (ap_q_mode)5, (ap_o_mode)3, 0>::operator()(int, int)' into 'ap_fixed<33, 17, (ap_q_mode)5, (ap_o_mode)3, 0> exp_reduce::exp<33, 17>(ap_fixed<33, 17, (ap_q_mode)5, (ap_o_mode)3, 0>)' (C:/Xilinx/Vitis_HLS/2022.2/common/technology/autopilot/hls_exp_apfixed.h:563:9)
INFO: [HLS 214-131] Inlining function 'af_range_ref<32, 0, false, (ap_q_mode)5, (ap_o_mode)3, 0>& af_range_ref<32, 0, false, (ap_q_mode)5, (ap_o_mode)3, 0>::operator=<65, 33, true, (ap_q_mode)5, (ap_o_mode)3, 0>(af_range_ref<65, 33, true, (ap_q_mode)5, (ap_o_mode)3, 0> const&)' into 'ap_fixed<33, 17, (ap_q_mode)5, (ap_o_mode)3, 0> exp_reduce::exp<33, 17>(ap_fixed<33, 17, (ap_q_mode)5, (ap_o_mode)3, 0>)' (C:/Xilinx/Vitis_HLS/2022.2/common/technology/autopilot/hls_exp_apfixed.h:563:25)
INFO: [HLS 214-131] Inlining function 'ap_fixed_base<65, 33, true, (ap_q_mode)5, (ap_o_mode)3, 0>::operator[](unsigned int)' into 'ap_fixed<33, 17, (ap_q_mode)5, (ap_o_mode)3, 0> exp_reduce::exp<33, 17>(ap_fixed<33, 17, (ap_q_mode)5, (ap_o_mode)3, 0>)' (C:/Xilinx/Vitis_HLS/2022.2/common/technology/autopilot/hls_exp_apfixed.h:567:6)
INFO: [HLS 214-131] Inlining function 'ap_fixed_base<65, 33, true, (ap_q_mode)5, (ap_o_mode)3, 0>::operator[](unsigned int)' into 'ap_fixed<33, 17, (ap_q_mode)5, (ap_o_mode)3, 0> exp_reduce::exp<33, 17>(ap_fixed<33, 17, (ap_q_mode)5, (ap_o_mode)3, 0>)' (C:/Xilinx/Vitis_HLS/2022.2/common/technology/autopilot/hls_exp_apfixed.h:567:15)
INFO: [HLS 214-131] Inlining function 'bool af_bit_ref<65, 33, true, (ap_q_mode)5, (ap_o_mode)3, 0>::operator!=<65, 33, true, (ap_q_mode)5, (ap_o_mode)3, 0>(af_bit_ref<65, 33, true, (ap_q_mode)5, (ap_o_mode)3, 0> const&)' into 'ap_fixed<33, 17, (ap_q_mode)5, (ap_o_mode)3, 0> exp_reduce::exp<33, 17>(ap_fixed<33, 17, (ap_q_mode)5, (ap_o_mode)3, 0>)' (C:/Xilinx/Vitis_HLS/2022.2/common/technology/autopilot/hls_exp_apfixed.h:567:13)
INFO: [HLS 214-131] Inlining function 'bool operator><6, 6, true, (ap_q_mode)5, (ap_o_mode)3, 0>(ap_fixed_base<6, 6, true, (ap_q_mode)5, (ap_o_mode)3, 0> const&, int)' into 'ap_fixed<33, 17, (ap_q_mode)5, (ap_o_mode)3, 0> exp_reduce::exp<33, 17>(ap_fixed<33, 17, (ap_q_mode)5, (ap_o_mode)3, 0>)' (C:/Xilinx/Vitis_HLS/2022.2/common/technology/autopilot/hls_exp_apfixed.h:571:28)
INFO: [HLS 214-131] Inlining function 'bool operator==<6, 6, true, (ap_q_mode)5, (ap_o_mode)3, 0>(ap_fixed_base<6, 6, true, (ap_q_mode)5, (ap_o_mode)3, 0> const&, int)' into 'ap_fixed<33, 17, (ap_q_mode)5, (ap_o_mode)3, 0> exp_reduce::exp<33, 17>(ap_fixed<33, 17, (ap_q_mode)5, (ap_o_mode)3, 0>)' (C:/Xilinx/Vitis_HLS/2022.2/common/technology/autopilot/hls_exp_apfixed.h:571:43)
INFO: [HLS 214-131] Inlining function 'bool ap_fixed_base<32, 0, false, (ap_q_mode)5, (ap_o_mode)3, 0>::operator>=<32, 0, false, (ap_q_mode)5, (ap_o_mode)3, 0>(ap_fixed_base<32, 0, false, (ap_q_mode)5, (ap_o_mode)3, 0> const&) const' into 'ap_fixed<33, 17, (ap_q_mode)5, (ap_o_mode)3, 0> exp_reduce::exp<33, 17>(ap_fixed<33, 17, (ap_q_mode)5, (ap_o_mode)3, 0>)' (C:/Xilinx/Vitis_HLS/2022.2/common/technology/autopilot/hls_exp_apfixed.h:571:60)
INFO: [HLS 214-131] Inlining function 'ap_fixed_base<65, 33, true, (ap_q_mode)5, (ap_o_mode)3, 0>::operator[](unsigned int)' into 'ap_fixed<33, 17, (ap_q_mode)5, (ap_o_mode)3, 0> exp_reduce::exp<33, 17>(ap_fixed<33, 17, (ap_q_mode)5, (ap_o_mode)3, 0>)' (C:/Xilinx/Vitis_HLS/2022.2/common/technology/autopilot/hls_exp_apfixed.h:572:18)
INFO: [HLS 214-131] Inlining function 'af_bit_ref<65, 33, true, (ap_q_mode)5, (ap_o_mode)3, 0>::operator bool() const' into 'ap_fixed<33, 17, (ap_q_mode)5, (ap_o_mode)3, 0> exp_reduce::exp<33, 17>(ap_fixed<33, 17, (ap_q_mode)5, (ap_o_mode)3, 0>)' (C:/Xilinx/Vitis_HLS/2022.2/common/technology/autopilot/hls_exp_apfixed.h:572:18)
INFO: [HLS 214-131] Inlining function 'ap_fixed_base<64, 32, false, (ap_q_mode)5, (ap_o_mode)3, 0>::operator[](unsigned int)' into 'ap_fixed<33, 17, (ap_q_mode)5, (ap_o_mode)3, 0> exp_reduce::exp<33, 17>(ap_fixed<33, 17, (ap_q_mode)5, (ap_o_mode)3, 0>)' (C:/Xilinx/Vitis_HLS/2022.2/common/technology/autopilot/hls_exp_apfixed.h:575:2)
INFO: [HLS 214-131] Inlining function 'af_bit_ref<64, 32, false, (ap_q_mode)5, (ap_o_mode)3, 0>::operator=(bool)' into 'ap_fixed<33, 17, (ap_q_mode)5, (ap_o_mode)3, 0> exp_reduce::exp<33, 17>(ap_fixed<33, 17, (ap_q_mode)5, (ap_o_mode)3, 0>)' (C:/Xilinx/Vitis_HLS/2022.2/common/technology/autopilot/hls_exp_apfixed.h:575:7)
INFO: [HLS 214-131] Inlining function 'ap_fixed_base<65, 33, true, (ap_q_mode)5, (ap_o_mode)3, 0>::operator[](unsigned int)' into 'ap_fixed<33, 17, (ap_q_mode)5, (ap_o_mode)3, 0> exp_reduce::exp<33, 17>(ap_fixed<33, 17, (ap_q_mode)5, (ap_o_mode)3, 0>)' (C:/Xilinx/Vitis_HLS/2022.2/common/technology/autopilot/hls_exp_apfixed.h:580:30)
INFO: [HLS 214-131] Inlining function 'ap_int_base<8, false>::operator[](int)' into 'ap_fixed<33, 17, (ap_q_mode)5, (ap_o_mode)3, 0> exp_reduce::exp<33, 17>(ap_fixed<33, 17, (ap_q_mode)5, (ap_o_mode)3, 0>)' (C:/Xilinx/Vitis_HLS/2022.2/common/technology/autopilot/hls_exp_apfixed.h:580:13)
INFO: [HLS 214-131] Inlining function 'ap_bit_ref<8, false>& ap_bit_ref<8, false>::operator=<65, 33, true, (ap_q_mode)5, (ap_o_mode)3, 0>(af_bit_ref<65, 33, true, (ap_q_mode)5, (ap_o_mode)3, 0> const&)' into 'ap_fixed<33, 17, (ap_q_mode)5, (ap_o_mode)3, 0> exp_reduce::exp<33, 17>(ap_fixed<33, 17, (ap_q_mode)5, (ap_o_mode)3, 0>)' (C:/Xilinx/Vitis_HLS/2022.2/common/technology/autopilot/hls_exp_apfixed.h:580:28)
INFO: [HLS 214-131] Inlining function 'ap_fixed_base<65, 33, true, (ap_q_mode)5, (ap_o_mode)3, 0>::operator()(int, int)' into 'ap_fixed<33, 17, (ap_q_mode)5, (ap_o_mode)3, 0> exp_reduce::exp<33, 17>(ap_fixed<33, 17, (ap_q_mode)5, (ap_o_mode)3, 0>)' (C:/Xilinx/Vitis_HLS/2022.2/common/technology/autopilot/hls_exp_apfixed.h:581:32)
INFO: [HLS 214-131] Inlining function 'ap_int_base<8, false>::operator()(int, int)' into 'ap_fixed<33, 17, (ap_q_mode)5, (ap_o_mode)3, 0> exp_reduce::exp<33, 17>(ap_fixed<33, 17, (ap_q_mode)5, (ap_o_mode)3, 0>)' (C:/Xilinx/Vitis_HLS/2022.2/common/technology/autopilot/hls_exp_apfixed.h:581:13)
INFO: [HLS 214-131] Inlining function 'ap_range_ref<8, false>& ap_range_ref<8, false>::operator=<65, 33, true, (ap_q_mode)5, (ap_o_mode)3, 0>(af_range_ref<65, 33, true, (ap_q_mode)5, (ap_o_mode)3, 0> const&)' into 'ap_fixed<33, 17, (ap_q_mode)5, (ap_o_mode)3, 0> exp_reduce::exp<33, 17>(ap_fixed<33, 17, (ap_q_mode)5, (ap_o_mode)3, 0>)' (C:/Xilinx/Vitis_HLS/2022.2/common/technology/autopilot/hls_exp_apfixed.h:581:30)
INFO: [HLS 214-131] Inlining function 'ap_fixed_base<65, 33, true, (ap_q_mode)5, (ap_o_mode)3, 0>::operator()(int, int)' into 'ap_fixed<33, 17, (ap_q_mode)5, (ap_o_mode)3, 0> exp_reduce::exp<33, 17>(ap_fixed<33, 17, (ap_q_mode)5, (ap_o_mode)3, 0>)' (C:/Xilinx/Vitis_HLS/2022.2/common/technology/autopilot/hls_exp_apfixed.h:583:32)
INFO: [HLS 214-131] Inlining function 'ap_int_base<8, false>::operator()(int, int)' into 'ap_fixed<33, 17, (ap_q_mode)5, (ap_o_mode)3, 0> exp_reduce::exp<33, 17>(ap_fixed<33, 17, (ap_q_mode)5, (ap_o_mode)3, 0>)' (C:/Xilinx/Vitis_HLS/2022.2/common/technology/autopilot/hls_exp_apfixed.h:583:13)
INFO: [HLS 214-131] Inlining function 'ap_range_ref<8, false>& ap_range_ref<8, false>::operator=<65, 33, true, (ap_q_mode)5, (ap_o_mode)3, 0>(af_range_ref<65, 33, true, (ap_q_mode)5, (ap_o_mode)3, 0> const&)' into 'ap_fixed<33, 17, (ap_q_mode)5, (ap_o_mode)3, 0> exp_reduce::exp<33, 17>(ap_fixed<33, 17, (ap_q_mode)5, (ap_o_mode)3, 0>)' (C:/Xilinx/Vitis_HLS/2022.2/common/technology/autopilot/hls_exp_apfixed.h:583:30)
INFO: [HLS 214-131] Inlining function 'ap_fixed_base<65, 33, true, (ap_q_mode)5, (ap_o_mode)3, 0>::operator()(int, int)' into 'ap_fixed<33, 17, (ap_q_mode)5, (ap_o_mode)3, 0> exp_reduce::exp<33, 17>(ap_fixed<33, 17, (ap_q_mode)5, (ap_o_mode)3, 0>)' (C:/Xilinx/Vitis_HLS/2022.2/common/technology/autopilot/hls_exp_apfixed.h:585:32)
INFO: [HLS 214-131] Inlining function 'ap_int_base<8, false>::operator()(int, int)' into 'ap_fixed<33, 17, (ap_q_mode)5, (ap_o_mode)3, 0> exp_reduce::exp<33, 17>(ap_fixed<33, 17, (ap_q_mode)5, (ap_o_mode)3, 0>)' (C:/Xilinx/Vitis_HLS/2022.2/common/technology/autopilot/hls_exp_apfixed.h:585:13)
INFO: [HLS 214-131] Inlining function 'ap_range_ref<8, false>& ap_range_ref<8, false>::operator=<65, 33, true, (ap_q_mode)5, (ap_o_mode)3, 0>(af_range_ref<65, 33, true, (ap_q_mode)5, (ap_o_mode)3, 0> const&)' into 'ap_fixed<33, 17, (ap_q_mode)5, (ap_o_mode)3, 0> exp_reduce::exp<33, 17>(ap_fixed<33, 17, (ap_q_mode)5, (ap_o_mode)3, 0>)' (C:/Xilinx/Vitis_HLS/2022.2/common/technology/autopilot/hls_exp_apfixed.h:585:30)
INFO: [HLS 214-131] Inlining function 'ap_fixed_base<65, 33, true, (ap_q_mode)5, (ap_o_mode)3, 0>::operator()(int, int)' into 'ap_fixed<33, 17, (ap_q_mode)5, (ap_o_mode)3, 0> exp_reduce::exp<33, 17>(ap_fixed<33, 17, (ap_q_mode)5, (ap_o_mode)3, 0>)' (C:/Xilinx/Vitis_HLS/2022.2/common/technology/autopilot/hls_exp_apfixed.h:587:32)
INFO: [HLS 214-131] Inlining function 'ap_int_base<8, false>::operator()(int, int)' into 'ap_fixed<33, 17, (ap_q_mode)5, (ap_o_mode)3, 0> exp_reduce::exp<33, 17>(ap_fixed<33, 17, (ap_q_mode)5, (ap_o_mode)3, 0>)' (C:/Xilinx/Vitis_HLS/2022.2/common/technology/autopilot/hls_exp_apfixed.h:587:13)
INFO: [HLS 214-131] Inlining function 'ap_range_ref<8, false>& ap_range_ref<8, false>::operator=<65, 33, true, (ap_q_mode)5, (ap_o_mode)3, 0>(af_range_ref<65, 33, true, (ap_q_mode)5, (ap_o_mode)3, 0> const&)' into 'ap_fixed<33, 17, (ap_q_mode)5, (ap_o_mode)3, 0> exp_reduce::exp<33, 17>(ap_fixed<33, 17, (ap_q_mode)5, (ap_o_mode)3, 0>)' (C:/Xilinx/Vitis_HLS/2022.2/common/technology/autopilot/hls_exp_apfixed.h:587:30)
INFO: [HLS 214-131] Inlining function 'ap_fixed_base<65, 33, true, (ap_q_mode)5, (ap_o_mode)3, 0>::operator()(int, int)' into 'ap_fixed<33, 17, (ap_q_mode)5, (ap_o_mode)3, 0> exp_reduce::exp<33, 17>(ap_fixed<33, 17, (ap_q_mode)5, (ap_o_mode)3, 0>)' (C:/Xilinx/Vitis_HLS/2022.2/common/technology/autopilot/hls_exp_apfixed.h:589:30)
INFO: [HLS 214-131] Inlining function 'ap_int_base<6, false>::operator()(int, int)' into 'ap_fixed<33, 17, (ap_q_mode)5, (ap_o_mode)3, 0> exp_reduce::exp<33, 17>(ap_fixed<33, 17, (ap_q_mode)5, (ap_o_mode)3, 0>)' (C:/Xilinx/Vitis_HLS/2022.2/common/technology/autopilot/hls_exp_apfixed.h:589:13)
INFO: [HLS 214-131] Inlining function 'ap_range_ref<6, false>& ap_range_ref<6, false>::operator=<65, 33, true, (ap_q_mode)5, (ap_o_mode)3, 0>(af_range_ref<65, 33, true, (ap_q_mode)5, (ap_o_mode)3, 0> const&)' into 'ap_fixed<33, 17, (ap_q_mode)5, (ap_o_mode)3, 0> exp_reduce::exp<33, 17>(ap_fixed<33, 17, (ap_q_mode)5, (ap_o_mode)3, 0>)' (C:/Xilinx/Vitis_HLS/2022.2/common/technology/autopilot/hls_exp_apfixed.h:589:28)
INFO: [HLS 214-131] Inlining function 'ap_int_base<8, false>::operator unsigned long long() const' into 'ap_fixed<33, 17, (ap_q_mode)5, (ap_o_mode)3, 0> exp_reduce::exp<33, 17>(ap_fixed<33, 17, (ap_q_mode)5, (ap_o_mode)3, 0>)' (C:/Xilinx/Vitis_HLS/2022.2/common/technology/autopilot/hls_exp_apfixed.h:662:59)
INFO: [HLS 214-131] Inlining function 'ap_int_base<6, false>::operator unsigned long long() const' into 'ap_fixed<33, 17, (ap_q_mode)5, (ap_o_mode)3, 0> exp_reduce::exp<33, 17>(ap_fixed<33, 17, (ap_q_mode)5, (ap_o_mode)3, 0>)' (C:/Xilinx/Vitis_HLS/2022.2/common/technology/autopilot/hls_exp_apfixed.h:682:55)
INFO: [HLS 214-131] Inlining function 'ap_fixed_base<8, -18, false, (ap_q_mode)5, (ap_o_mode)3, 0>::RType<6, -26, false>::mult ap_fixed_base<8, -18, false, (ap_q_mode)5, (ap_o_mode)3, 0>::operator*<6, -26, false, (ap_q_mode)5, (ap_o_mode)3, 0>(ap_fixed_base<6, -26, false, (ap_q_mode)5, (ap_o_mode)3, 0> const&) const' into 'ap_fixed<33, 17, (ap_q_mode)5, (ap_o_mode)3, 0> exp_reduce::exp<33, 17>(ap_fixed<33, 17, (ap_q_mode)5, (ap_o_mode)3, 0>)' (C:/Xilinx/Vitis_HLS/2022.2/common/technology/autopilot/hls_exp_apfixed.h:684:55)
INFO: [HLS 214-131] Inlining function 'ap_fixed_base<12, -53, false, (ap_q_mode)5, (ap_o_mode)3, 0>::operator()(int, int)' into 'ap_fixed<33, 17, (ap_q_mode)5, (ap_o_mode)3, 0> exp_reduce::exp<33, 17>(ap_fixed<33, 17, (ap_q_mode)5, (ap_o_mode)3, 0>)' (C:/Xilinx/Vitis_HLS/2022.2/common/technology/autopilot/hls_exp_apfixed.h:687:43)
INFO: [HLS 214-131] Inlining function 'ap_fixed_base<15, -43, false, (ap_q_mode)5, (ap_o_mode)3, 0>::operator()(int, int)' into 'ap_fixed<33, 17, (ap_q_mode)5, (ap_o_mode)3, 0> exp_reduce::exp<33, 17>(ap_fixed<33, 17, (ap_q_mode)5, (ap_o_mode)3, 0>)' (C:/Xilinx/Vitis_HLS/2022.2/common/technology/autopilot/hls_exp_apfixed.h:687:13)
INFO: [HLS 214-131] Inlining function 'af_range_ref<15, -43, false, (ap_q_mode)5, (ap_o_mode)3, 0>& af_range_ref<15, -43, false, (ap_q_mode)5, (ap_o_mode)3, 0>::operator=<12, -53, false, (ap_q_mode)5, (ap_o_mode)3, 0>(af_range_ref<12, -53, false, (ap_q_mode)5, (ap_o_mode)3, 0> const&)' into 'ap_fixed<33, 17, (ap_q_mode)5, (ap_o_mode)3, 0> exp_reduce::exp<33, 17>(ap_fixed<33, 17, (ap_q_mode)5, (ap_o_mode)3, 0>)' (C:/Xilinx/Vitis_HLS/2022.2/common/technology/autopilot/hls_exp_apfixed.h:687:41)
INFO: [HLS 214-131] Inlining function 'ap_fixed_base<15, -43, false, (ap_q_mode)5, (ap_o_mode)3, 0>::RType<14, -44, false>::plus ap_fixed_base<15, -43, false, (ap_q_mode)5, (ap_o_mode)3, 0>::operator+<14, -44, false, (ap_q_mode)5, (ap_o_mode)3, 0>(ap_fixed_base<14, -44, false, (ap_q_mode)5, (ap_o_mode)3, 0> const&) const' into 'ap_fixed<33, 17, (ap_q_mode)5, (ap_o_mode)3, 0> exp_reduce::exp<33, 17>(ap_fixed<33, 17, (ap_q_mode)5, (ap_o_mode)3, 0>)' (C:/Xilinx/Vitis_HLS/2022.2/common/technology/autopilot/hls_exp_apfixed.h:688:61)
INFO: [HLS 214-131] Inlining function 'ap_fixed_base<12, -53, false, (ap_q_mode)5, (ap_o_mode)3, 0>::operator()(int, int)' into 'ap_fixed<33, 17, (ap_q_mode)5, (ap_o_mode)3, 0> exp_reduce::exp<33, 17>(ap_fixed<33, 17, (ap_q_mode)5, (ap_o_mode)3, 0>)' (C:/Xilinx/Vitis_HLS/2022.2/common/technology/autopilot/hls_exp_apfixed.h:691:43)
INFO: [HLS 214-131] Inlining function 'ap_fixed_base<22, -43, false, (ap_q_mode)5, (ap_o_mode)3, 0>::operator()(int, int)' into 'ap_fixed<33, 17, (ap_q_mode)5, (ap_o_mode)3, 0> exp_reduce::exp<33, 17>(ap_fixed<33, 17, (ap_q_mode)5, (ap_o_mode)3, 0>)' (C:/Xilinx/Vitis_HLS/2022.2/common/technology/autopilot/hls_exp_apfixed.h:691:13)
INFO: [HLS 214-131] Inlining function 'af_range_ref<22, -43, false, (ap_q_mode)5, (ap_o_mode)3, 0>& af_range_ref<22, -43, false, (ap_q_mode)5, (ap_o_mode)3, 0>::operator=<12, -53, false, (ap_q_mode)5, (ap_o_mode)3, 0>(af_range_ref<12, -53, false, (ap_q_mode)5, (ap_o_mode)3, 0> const&)' into 'ap_fixed<33, 17, (ap_q_mode)5, (ap_o_mode)3, 0> exp_reduce::exp<33, 17>(ap_fixed<33, 17, (ap_q_mode)5, (ap_o_mode)3, 0>)' (C:/Xilinx/Vitis_HLS/2022.2/common/technology/autopilot/hls_exp_apfixed.h:691:41)
INFO: [HLS 214-131] Inlining function 'ap_fixed_base<31, -37, false, (ap_q_mode)5, (ap_o_mode)3, 0>::operator()(int, int)' into 'ap_fixed<33, 17, (ap_q_mode)5, (ap_o_mode)3, 0> exp_reduce::exp<33, 17>(ap_fixed<33, 17, (ap_q_mode)5, (ap_o_mode)3, 0>)' (C:/Xilinx/Vitis_HLS/2022.2/common/technology/autopilot/hls_exp_apfixed.h:694:44)
INFO: [HLS 214-131] Inlining function 'ap_fixed_base<29, -36, false, (ap_q_mode)5, (ap_o_mode)3, 0>::operator()(int, int)' into 'ap_fixed<33, 17, (ap_q_mode)5, (ap_o_mode)3, 0> exp_reduce::exp<33, 17>(ap_fixed<33, 17, (ap_q_mode)5, (ap_o_mode)3, 0>)' (C:/Xilinx/Vitis_HLS/2022.2/common/technology/autopilot/hls_exp_apfixed.h:694:13)
INFO: [HLS 214-131] Inlining function 'af_range_ref<29, -36, false, (ap_q_mode)5, (ap_o_mode)3, 0>& af_range_ref<29, -36, false, (ap_q_mode)5, (ap_o_mode)3, 0>::operator=<31, -37, false, (ap_q_mode)5, (ap_o_mode)3, 0>(af_range_ref<31, -37, false, (ap_q_mode)5, (ap_o_mode)3, 0> const&)' into 'ap_fixed<33, 17, (ap_q_mode)5, (ap_o_mode)3, 0> exp_reduce::exp<33, 17>(ap_fixed<33, 17, (ap_q_mode)5, (ap_o_mode)3, 0>)' (C:/Xilinx/Vitis_HLS/2022.2/common/technology/autopilot/hls_exp_apfixed.h:694:42)
INFO: [HLS 214-131] Inlining function 'ap_fixed_base<29, -36, false, (ap_q_mode)5, (ap_o_mode)3, 0>::RType<22, -43, false>::plus ap_fixed_base<29, -36, false, (ap_q_mode)5, (ap_o_mode)3, 0>::operator+<22, -43, false, (ap_q_mode)5, (ap_o_mode)3, 0>(ap_fixed_base<22, -43, false, (ap_q_mode)5, (ap_o_mode)3, 0> const&) const' into 'ap_fixed<33, 17, (ap_q_mode)5, (ap_o_mode)3, 0> exp_reduce::exp<33, 17>(ap_fixed<33, 17, (ap_q_mode)5, (ap_o_mode)3, 0>)' (C:/Xilinx/Vitis_HLS/2022.2/common/technology/autopilot/hls_exp_apfixed.h:695:61)
INFO: [HLS 214-131] Inlining function 'ap_fixed_base<31, -37, false, (ap_q_mode)5, (ap_o_mode)3, 0>::operator()(int, int)' into 'ap_fixed<33, 17, (ap_q_mode)5, (ap_o_mode)3, 0> exp_reduce::exp<33, 17>(ap_fixed<33, 17, (ap_q_mode)5, (ap_o_mode)3, 0>)' (C:/Xilinx/Vitis_HLS/2022.2/common/technology/autopilot/hls_exp_apfixed.h:698:42)
INFO: [HLS 214-131] Inlining function 'ap_fixed_base<32, -36, false, (ap_q_mode)5, (ap_o_mode)3, 0>::operator()(int, int)' into 'ap_fixed<33, 17, (ap_q_mode)5, (ap_o_mode)3, 0> exp_reduce::exp<33, 17>(ap_fixed<33, 17, (ap_q_mode)5, (ap_o_mode)3, 0>)' (C:/Xilinx/Vitis_HLS/2022.2/common/technology/autopilot/hls_exp_apfixed.h:698:13)
INFO: [HLS 214-131] Inlining function 'af_range_ref<32, -36, false, (ap_q_mode)5, (ap_o_mode)3, 0>& af_range_ref<32, -36, false, (ap_q_mode)5, (ap_o_mode)3, 0>::operator=<31, -37, false, (ap_q_mode)5, (ap_o_mode)3, 0>(af_range_ref<31, -37, false, (ap_q_mode)5, (ap_o_mode)3, 0> const&)' into 'ap_fixed<33, 17, (ap_q_mode)5, (ap_o_mode)3, 0> exp_reduce::exp<33, 17>(ap_fixed<33, 17, (ap_q_mode)5, (ap_o_mode)3, 0>)' (C:/Xilinx/Vitis_HLS/2022.2/common/technology/autopilot/hls_exp_apfixed.h:698:40)
INFO: [HLS 214-131] Inlining function 'ap_fixed_base<65, 33, true, (ap_q_mode)5, (ap_o_mode)3, 0>::operator()(int, int)' into 'ap_fixed<33, 17, (ap_q_mode)5, (ap_o_mode)3, 0> exp_reduce::exp<33, 17>(ap_fixed<33, 17, (ap_q_mode)5, (ap_o_mode)3, 0>)' (C:/Xilinx/Vitis_HLS/2022.2/common/technology/autopilot/hls_exp_apfixed.h:701:42)
INFO: [HLS 214-131] Inlining function 'ap_fixed_base<50, -18, false, (ap_q_mode)5, (ap_o_mode)3, 0>::operator()(int, int)' into 'ap_fixed<33, 17, (ap_q_mode)5, (ap_o_mode)3, 0> exp_reduce::exp<33, 17>(ap_fixed<33, 17, (ap_q_mode)5, (ap_o_mode)3, 0>)' (C:/Xilinx/Vitis_HLS/2022.2/common/technology/autopilot/hls_exp_apfixed.h:701:13)
INFO: [HLS 214-131] Inlining function 'af_range_ref<50, -18, false, (ap_q_mode)5, (ap_o_mode)3, 0>& af_range_ref<50, -18, false, (ap_q_mode)5, (ap_o_mode)3, 0>::operator=<65, 33, true, (ap_q_mode)5, (ap_o_mode)3, 0>(af_range_ref<65, 33, true, (ap_q_mode)5, (ap_o_mode)3, 0> const&)' into 'ap_fixed<33, 17, (ap_q_mode)5, (ap_o_mode)3, 0> exp_reduce::exp<33, 17>(ap_fixed<33, 17, (ap_q_mode)5, (ap_o_mode)3, 0>)' (C:/Xilinx/Vitis_HLS/2022.2/common/technology/autopilot/hls_exp_apfixed.h:701:40)
INFO: [HLS 214-131] Inlining function 'ap_fixed_base<32, -36, false, (ap_q_mode)5, (ap_o_mode)3, 0>::operator()(int, int)' into 'ap_fixed<33, 17, (ap_q_mode)5, (ap_o_mode)3, 0> exp_reduce::exp<33, 17>(ap_fixed<33, 17, (ap_q_mode)5, (ap_o_mode)3, 0>)' (C:/Xilinx/Vitis_HLS/2022.2/common/technology/autopilot/hls_exp_apfixed.h:702:42)
INFO: [HLS 214-131] Inlining function 'ap_fixed_base<50, -18, false, (ap_q_mode)5, (ap_o_mode)3, 0>::operator()(int, int)' into 'ap_fixed<33, 17, (ap_q_mode)5, (ap_o_mode)3, 0> exp_reduce::exp<33, 17>(ap_fixed<33, 17, (ap_q_mode)5, (ap_o_mode)3, 0>)' (C:/Xilinx/Vitis_HLS/2022.2/common/technology/autopilot/hls_exp_apfixed.h:702:13)
INFO: [HLS 214-131] Inlining function 'af_range_ref<50, -18, false, (ap_q_mode)5, (ap_o_mode)3, 0>& af_range_ref<50, -18, false, (ap_q_mode)5, (ap_o_mode)3, 0>::operator=<32, -36, false, (ap_q_mode)5, (ap_o_mode)3, 0>(af_range_ref<32, -36, false, (ap_q_mode)5, (ap_o_mode)3, 0> const&)' into 'ap_fixed<33, 17, (ap_q_mode)5, (ap_o_mode)3, 0> exp_reduce::exp<33, 17>(ap_fixed<33, 17, (ap_q_mode)5, (ap_o_mode)3, 0>)' (C:/Xilinx/Vitis_HLS/2022.2/common/technology/autopilot/hls_exp_apfixed.h:702:40)
INFO: [HLS 214-131] Inlining function 'ap_int_base<8, false>::operator unsigned long long() const' into 'ap_fixed<33, 17, (ap_q_mode)5, (ap_o_mode)3, 0> exp_reduce::exp<33, 17>(ap_fixed<33, 17, (ap_q_mode)5, (ap_o_mode)3, 0>)' (C:/Xilinx/Vitis_HLS/2022.2/common/technology/autopilot/hls_exp_apfixed.h:771:59)
INFO: [HLS 214-131] Inlining function 'ap_fixed_base<8, -10, false, (ap_q_mode)5, (ap_o_mode)3, 0>::operator()(int, int)' into 'ap_fixed<33, 17, (ap_q_mode)5, (ap_o_mode)3, 0> exp_reduce::exp<33, 17>(ap_fixed<33, 17, (ap_q_mode)5, (ap_o_mode)3, 0>)' (C:/Xilinx/Vitis_HLS/2022.2/common/technology/autopilot/hls_exp_apfixed.h:773:38)
INFO: [HLS 214-131] Inlining function 'ap_fixed_base<62, -10, false, (ap_q_mode)5, (ap_o_mode)3, 0>::operator()(int, int)' into 'ap_fixed<33, 17, (ap_q_mode)5, (ap_o_mode)3, 0> exp_reduce::exp<33, 17>(ap_fixed<33, 17, (ap_q_mode)5, (ap_o_mode)3, 0>)' (C:/Xilinx/Vitis_HLS/2022.2/common/technology/autopilot/hls_exp_apfixed.h:773:13)
INFO: [HLS 214-131] Inlining function 'af_range_ref<62, -10, false, (ap_q_mode)5, (ap_o_mode)3, 0>& af_range_ref<62, -10, false, (ap_q_mode)5, (ap_o_mode)3, 0>::operator=<8, -10, false, (ap_q_mode)5, (ap_o_mode)3, 0>(af_range_ref<8, -10, false, (ap_q_mode)5, (ap_o_mode)3, 0> const&)' into 'ap_fixed<33, 17, (ap_q_mode)5, (ap_o_mode)3, 0> exp_reduce::exp<33, 17>(ap_fixed<33, 17, (ap_q_mode)5, (ap_o_mode)3, 0>)' (C:/Xilinx/Vitis_HLS/2022.2/common/technology/autopilot/hls_exp_apfixed.h:773:36)
INFO: [HLS 214-131] Inlining function 'ap_fixed_base<51, -21, false, (ap_q_mode)5, (ap_o_mode)3, 0>::operator()(int, int)' into 'ap_fixed<33, 17, (ap_q_mode)5, (ap_o_mode)3, 0> exp_reduce::exp<33, 17>(ap_fixed<33, 17, (ap_q_mode)5, (ap_o_mode)3, 0>)' (C:/Xilinx/Vitis_HLS/2022.2/common/technology/autopilot/hls_exp_apfixed.h:774:38)
INFO: [HLS 214-131] Inlining function 'ap_fixed_base<62, -10, false, (ap_q_mode)5, (ap_o_mode)3, 0>::operator()(int, int)' into 'ap_fixed<33, 17, (ap_q_mode)5, (ap_o_mode)3, 0> exp_reduce::exp<33, 17>(ap_fixed<33, 17, (ap_q_mode)5, (ap_o_mode)3, 0>)' (C:/Xilinx/Vitis_HLS/2022.2/common/technology/autopilot/hls_exp_apfixed.h:774:13)
INFO: [HLS 214-131] Inlining function 'af_range_ref<62, -10, false, (ap_q_mode)5, (ap_o_mode)3, 0>& af_range_ref<62, -10, false, (ap_q_mode)5, (ap_o_mode)3, 0>::operator=<51, -21, false, (ap_q_mode)5, (ap_o_mode)3, 0>(af_range_ref<51, -21, false, (ap_q_mode)5, (ap_o_mode)3, 0> const&)' into 'ap_fixed<33, 17, (ap_q_mode)5, (ap_o_mode)3, 0> exp_reduce::exp<33, 17>(ap_fixed<33, 17, (ap_q_mode)5, (ap_o_mode)3, 0>)' (C:/Xilinx/Vitis_HLS/2022.2/common/technology/autopilot/hls_exp_apfixed.h:774:36)
INFO: [HLS 214-131] Inlining function 'ap_fixed_base<50, -10, false, (ap_q_mode)5, (ap_o_mode)3, 0>::RType<50, -18, false>::mult ap_fixed_base<50, -10, false, (ap_q_mode)5, (ap_o_mode)3, 0>::operator*<50, -18, false, (ap_q_mode)5, (ap_o_mode)3, 0>(ap_fixed_base<50, -18, false, (ap_q_mode)5, (ap_o_mode)3, 0> const&) const' into 'ap_fixed<33, 17, (ap_q_mode)5, (ap_o_mode)3, 0> exp_reduce::exp<33, 17>(ap_fixed<33, 17, (ap_q_mode)5, (ap_o_mode)3, 0>)' (C:/Xilinx/Vitis_HLS/2022.2/common/technology/autopilot/hls_exp_apfixed.h:777:68)
INFO: [HLS 214-131] Inlining function 'ap_fixed_base<44, -28, false, (ap_q_mode)5, (ap_o_mode)3, 0>::RType<62, -10, false>::plus ap_fixed_base<44, -28, false, (ap_q_mode)5, (ap_o_mode)3, 0>::operator+<62, -10, false, (ap_q_mode)5, (ap_o_mode)3, 0>(ap_fixed_base<62, -10, false, (ap_q_mode)5, (ap_o_mode)3, 0> const&) const' into 'ap_fixed<33, 17, (ap_q_mode)5, (ap_o_mode)3, 0> exp_reduce::exp<33, 17>(ap_fixed<33, 17, (ap_q_mode)5, (ap_o_mode)3, 0>)' (C:/Xilinx/Vitis_HLS/2022.2/common/technology/autopilot/hls_exp_apfixed.h:779:73)
INFO: [HLS 214-131] Inlining function 'ap_fixed_base<63, -9, false, (ap_q_mode)5, (ap_o_mode)3, 0>::RType<50, -18, false>::plus ap_fixed_base<63, -9, false, (ap_q_mode)5, (ap_o_mode)3, 0>::operator+<50, -18, false, (ap_q_mode)5, (ap_o_mode)3, 0>(ap_fixed_base<50, -18, false, (ap_q_mode)5, (ap_o_mode)3, 0> const&) const' into 'ap_fixed<33, 17, (ap_q_mode)5, (ap_o_mode)3, 0> exp_reduce::exp<33, 17>(ap_fixed<33, 17, (ap_q_mode)5, (ap_o_mode)3, 0>)' (C:/Xilinx/Vitis_HLS/2022.2/common/technology/autopilot/hls_exp_apfixed.h:779:91)
INFO: [HLS 214-131] Inlining function 'ap_fixed_base<33, 17, true, (ap_q_mode)5, (ap_o_mode)3, 0>::operator!() const' into 'ap_fixed_base<32, 16, true, (ap_q_mode)5, (ap_o_mode)3, 0>& ap_fixed_base<32, 16, true, (ap_q_mode)5, (ap_o_mode)3, 0>::operator=<33, 17, true, (ap_q_mode)5, (ap_o_mode)3, 0>(ap_fixed_base<33, 17, true, (ap_q_mode)5, (ap_o_mode)3, 0> const&)' (C:/Xilinx/Vitis_HLS/2022.2/common/technology/autopilot\ap_fixed_base.h:808:9)
INFO: [HLS 214-131] Inlining function 'ssdm_int<32, true>::ssdm_int(int)' into 'ap_fixed_base<32, 16, true, (ap_q_mode)5, (ap_o_mode)3, 0>::ap_fixed_base<33, 17, true, (ap_q_mode)5, (ap_o_mode)3, 0>(ap_fixed_base<33, 17, true, (ap_q_mode)5, (ap_o_mode)3, 0> const&)' (C:/Xilinx/Vitis_HLS/2022.2/common/technology/autopilot\ap_fixed_base.h:401:80)
INFO: [HLS 214-131] Inlining function 'ap_fixed_base<32, 16, true, (ap_q_mode)5, (ap_o_mode)3, 0>& ap_fixed_base<32, 16, true, (ap_q_mode)5, (ap_o_mode)3, 0>::operator=<33, 17, true, (ap_q_mode)5, (ap_o_mode)3, 0>(ap_fixed_base<33, 17, true, (ap_q_mode)5, (ap_o_mode)3, 0> const&)' into 'ap_fixed_base<32, 16, true, (ap_q_mode)5, (ap_o_mode)3, 0>::ap_fixed_base<33, 17, true, (ap_q_mode)5, (ap_o_mode)3, 0>(ap_fixed_base<33, 17, true, (ap_q_mode)5, (ap_o_mode)3, 0> const&)' (C:/Xilinx/Vitis_HLS/2022.2/common/technology/autopilot\ap_fixed_base.h:403:5)
INFO: [HLS 214-131] Inlining function 'ap_fixed_base<32, 16, true, (ap_q_mode)5, (ap_o_mode)3, 0>::ap_fixed_base<33, 17, true, (ap_q_mode)5, (ap_o_mode)3, 0>(ap_fixed_base<33, 17, true, (ap_q_mode)5, (ap_o_mode)3, 0> const&)' into 'ap_fixed<32, 16, (ap_q_mode)5, (ap_o_mode)3, 0>::ap_fixed<33, 17, true, (ap_q_mode)5, (ap_o_mode)3, 0>(ap_fixed_base<33, 17, true, (ap_q_mode)5, (ap_o_mode)3, 0> const&)'
INFO: [HLS 214-131] Inlining function 'ap_fixed_base<32, 32, true, (ap_q_mode)5, (ap_o_mode)3, 0>::operator!() const' into 'ap_fixed_base<32, 16, true, (ap_q_mode)5, (ap_o_mode)3, 0>& ap_fixed_base<32, 16, true, (ap_q_mode)5, (ap_o_mode)3, 0>::operator=<32, 32, true, (ap_q_mode)5, (ap_o_mode)3, 0>(ap_fixed_base<32, 32, true, (ap_q_mode)5, (ap_o_mode)3, 0> const&)' (C:/Xilinx/Vitis_HLS/2022.2/common/technology/autopilot\ap_fixed_base.h:808:9)
INFO: [HLS 214-131] Inlining function 'ap_fixed_base<32, 16, true, (ap_q_mode)5, (ap_o_mode)3, 0>& ap_fixed_base<32, 16, true, (ap_q_mode)5, (ap_o_mode)3, 0>::operator=<32, 32, true, (ap_q_mode)5, (ap_o_mode)3, 0>(ap_fixed_base<32, 32, true, (ap_q_mode)5, (ap_o_mode)3, 0> const&)' into 'ap_fixed_base<32, 16, true, (ap_q_mode)5, (ap_o_mode)3, 0>::ap_fixed_base(int)' (C:/Xilinx/Vitis_HLS/2022.2/common/technology/autopilot\ap_fixed_base.h:530:146)
INFO: [HLS 214-131] Inlining function 'ap_fixed_base<32, 16, true, (ap_q_mode)5, (ap_o_mode)3, 0>::ap_fixed_base(int)' into 'ap_fixed<32, 16, (ap_q_mode)5, (ap_o_mode)3, 0>::ap_fixed(int)'
INFO: [HLS 214-131] Inlining function 'ap_fixed_base<32, 32, true, (ap_q_mode)5, (ap_o_mode)3, 0>::operator!() const' into 'ap_fixed_base<33, 17, true, (ap_q_mode)5, (ap_o_mode)3, 0>& ap_fixed_base<33, 17, true, (ap_q_mode)5, (ap_o_mode)3, 0>::operator=<32, 32, true, (ap_q_mode)5, (ap_o_mode)3, 0>(ap_fixed_base<32, 32, true, (ap_q_mode)5, (ap_o_mode)3, 0> const&)' (C:/Xilinx/Vitis_HLS/2022.2/common/technology/autopilot\ap_fixed_base.h:808:9)
INFO: [HLS 214-131] Inlining function 'ap_fixed_base<33, 17, true, (ap_q_mode)5, (ap_o_mode)3, 0>& ap_fixed_base<33, 17, true, (ap_q_mode)5, (ap_o_mode)3, 0>::operator=<32, 32, true, (ap_q_mode)5, (ap_o_mode)3, 0>(ap_fixed_base<32, 32, true, (ap_q_mode)5, (ap_o_mode)3, 0> const&)' into 'ap_fixed_base<33, 17, true, (ap_q_mode)5, (ap_o_mode)3, 0>::ap_fixed_base(int)' (C:/Xilinx/Vitis_HLS/2022.2/common/technology/autopilot\ap_fixed_base.h:530:146)
INFO: [HLS 214-131] Inlining function 'ap_fixed_base<33, 17, true, (ap_q_mode)5, (ap_o_mode)3, 0>::ap_fixed_base(int)' into 'ap_fixed_base<32, 16, true, (ap_q_mode)5, (ap_o_mode)3, 0>::RType<32, 16, true>::plus ap_fixed_base<32, 16, true, (ap_q_mode)5, (ap_o_mode)3, 0>::operator+<32, 16, true, (ap_q_mode)5, (ap_o_mode)3, 0>(ap_fixed_base<32, 16, true, (ap_q_mode)5, (ap_o_mode)3, 0> const&) const' (C:/Xilinx/Vitis_HLS/2022.2/common/technology/autopilot\ap_fixed_base.h:1347:325)
INFO: [HLS 214-131] Inlining function 'ap_fixed_base<33, 17, true, (ap_q_mode)5, (ap_o_mode)3, 0>::ap_fixed_base<32, 16, true, (ap_q_mode)5, (ap_o_mode)3, 0>(ap_fixed_base<32, 16, true, (ap_q_mode)5, (ap_o_mode)3, 0> const&)' into 'ap_fixed_base<32, 16, true, (ap_q_mode)5, (ap_o_mode)3, 0>::RType<32, 16, true>::plus ap_fixed_base<32, 16, true, (ap_q_mode)5, (ap_o_mode)3, 0>::operator+<32, 16, true, (ap_q_mode)5, (ap_o_mode)3, 0>(ap_fixed_base<32, 16, true, (ap_q_mode)5, (ap_o_mode)3, 0> const&) const' (C:/Xilinx/Vitis_HLS/2022.2/common/technology/autopilot\ap_fixed_base.h:1347:345)
INFO: [HLS 214-131] Inlining function 'ap_fixed_base<33, 17, true, (ap_q_mode)5, (ap_o_mode)3, 0>::ap_fixed_base<32, 16, true, (ap_q_mode)5, (ap_o_mode)3, 0>(ap_fixed_base<32, 16, true, (ap_q_mode)5, (ap_o_mode)3, 0> const&)' into 'ap_fixed_base<32, 16, true, (ap_q_mode)5, (ap_o_mode)3, 0>::RType<32, 16, true>::plus ap_fixed_base<32, 16, true, (ap_q_mode)5, (ap_o_mode)3, 0>::operator+<32, 16, true, (ap_q_mode)5, (ap_o_mode)3, 0>(ap_fixed_base<32, 16, true, (ap_q_mode)5, (ap_o_mode)3, 0> const&) const' (C:/Xilinx/Vitis_HLS/2022.2/common/technology/autopilot\ap_fixed_base.h:1347:333)
INFO: [HLS 214-131] Inlining function 'ap_fixed_base<32, 16, true, (ap_q_mode)5, (ap_o_mode)3, 0>::operator!() const' into 'ap_fixed_base<48, 16, true, (ap_q_mode)5, (ap_o_mode)3, 0>& ap_fixed_base<48, 16, true, (ap_q_mode)5, (ap_o_mode)3, 0>::operator=<32, 16, true, (ap_q_mode)5, (ap_o_mode)3, 0>(ap_fixed_base<32, 16, true, (ap_q_mode)5, (ap_o_mode)3, 0> const&)' (C:/Xilinx/Vitis_HLS/2022.2/common/technology/autopilot\ap_fixed_base.h:808:9)
INFO: [HLS 214-131] Inlining function '_ZN8ssdm_intILi48ELb1EEC2EDq48_i' into 'ap_fixed_base<48, 16, true, (ap_q_mode)5, (ap_o_mode)3, 0>::ap_fixed_base<32, 16, true, (ap_q_mode)5, (ap_o_mode)3, 0>(ap_fixed_base<32, 16, true, (ap_q_mode)5, (ap_o_mode)3, 0> const&)' (C:/Xilinx/Vitis_HLS/2022.2/common/technology/autopilot\ap_fixed_base.h:401:80)
INFO: [HLS 214-131] Inlining function 'ap_fixed_base<48, 16, true, (ap_q_mode)5, (ap_o_mode)3, 0>& ap_fixed_base<48, 16, true, (ap_q_mode)5, (ap_o_mode)3, 0>::operator=<32, 16, true, (ap_q_mode)5, (ap_o_mode)3, 0>(ap_fixed_base<32, 16, true, (ap_q_mode)5, (ap_o_mode)3, 0> const&)' into 'ap_fixed_base<48, 16, true, (ap_q_mode)5, (ap_o_mode)3, 0>::ap_fixed_base<32, 16, true, (ap_q_mode)5, (ap_o_mode)3, 0>(ap_fixed_base<32, 16, true, (ap_q_mode)5, (ap_o_mode)3, 0> const&)' (C:/Xilinx/Vitis_HLS/2022.2/common/technology/autopilot\ap_fixed_base.h:403:5)
INFO: [HLS 214-131] Inlining function 'ap_fixed_base<48, 16, true, (ap_q_mode)5, (ap_o_mode)3, 0>::ap_fixed_base<32, 16, true, (ap_q_mode)5, (ap_o_mode)3, 0>(ap_fixed_base<32, 16, true, (ap_q_mode)5, (ap_o_mode)3, 0> const&)' into 'ap_fixed_base<32, 16, true, (ap_q_mode)5, (ap_o_mode)3, 0>::RType<33, 17, true>::div ap_fixed_base<32, 16, true, (ap_q_mode)5, (ap_o_mode)3, 0>::operator/<33, 17, true, (ap_q_mode)5, (ap_o_mode)3, 0>(ap_fixed_base<33, 17, true, (ap_q_mode)5, (ap_o_mode)3, 0> const&) const' (C:/Xilinx/Vitis_HLS/2022.2/common/technology/autopilot\ap_fixed_base.h:1299:97)
INFO: [HLS 214-131] Inlining function 'ap_fixed_base<49, 33, true, (ap_q_mode)5, (ap_o_mode)3, 0>::operator!() const' into 'ap_fixed_base<32, 16, true, (ap_q_mode)5, (ap_o_mode)3, 0>& ap_fixed_base<32, 16, true, (ap_q_mode)5, (ap_o_mode)3, 0>::operator=<49, 33, true, (ap_q_mode)5, (ap_o_mode)3, 0>(ap_fixed_base<49, 33, true, (ap_q_mode)5, (ap_o_mode)3, 0> const&)' (C:/Xilinx/Vitis_HLS/2022.2/common/technology/autopilot\ap_fixed_base.h:808:9)
INFO: [HLS 214-131] Inlining function 'ssdm_int<32, true>::ssdm_int(int)' into 'ap_fixed_base<32, 16, true, (ap_q_mode)5, (ap_o_mode)3, 0>::ap_fixed_base<49, 33, true, (ap_q_mode)5, (ap_o_mode)3, 0>(ap_fixed_base<49, 33, true, (ap_q_mode)5, (ap_o_mode)3, 0> const&)' (C:/Xilinx/Vitis_HLS/2022.2/common/technology/autopilot\ap_fixed_base.h:401:80)
INFO: [HLS 214-131] Inlining function 'ap_fixed_base<32, 16, true, (ap_q_mode)5, (ap_o_mode)3, 0>& ap_fixed_base<32, 16, true, (ap_q_mode)5, (ap_o_mode)3, 0>::operator=<49, 33, true, (ap_q_mode)5, (ap_o_mode)3, 0>(ap_fixed_base<49, 33, true, (ap_q_mode)5, (ap_o_mode)3, 0> const&)' into 'ap_fixed_base<32, 16, true, (ap_q_mode)5, (ap_o_mode)3, 0>::ap_fixed_base<49, 33, true, (ap_q_mode)5, (ap_o_mode)3, 0>(ap_fixed_base<49, 33, true, (ap_q_mode)5, (ap_o_mode)3, 0> const&)' (C:/Xilinx/Vitis_HLS/2022.2/common/technology/autopilot\ap_fixed_base.h:403:5)
INFO: [HLS 214-131] Inlining function 'ap_fixed_base<32, 16, true, (ap_q_mode)5, (ap_o_mode)3, 0>::ap_fixed_base<49, 33, true, (ap_q_mode)5, (ap_o_mode)3, 0>(ap_fixed_base<49, 33, true, (ap_q_mode)5, (ap_o_mode)3, 0> const&)' into 'ap_fixed<32, 16, (ap_q_mode)5, (ap_o_mode)3, 0>::ap_fixed<49, 33, true, (ap_q_mode)5, (ap_o_mode)3, 0>(ap_fixed_base<49, 33, true, (ap_q_mode)5, (ap_o_mode)3, 0> const&)'
INFO: [HLS 214-131] Inlining function 'ap_fixed_base<32, 16, true, (ap_q_mode)5, (ap_o_mode)3, 0>::operator!() const' into 'ap_fixed_base<16, 6, true, (ap_q_mode)5, (ap_o_mode)3, 0>& ap_fixed_base<16, 6, true, (ap_q_mode)5, (ap_o_mode)3, 0>::operator=<32, 16, true, (ap_q_mode)5, (ap_o_mode)3, 0>(ap_fixed_base<32, 16, true, (ap_q_mode)5, (ap_o_mode)3, 0> const&)' (C:/Xilinx/Vitis_HLS/2022.2/common/technology/autopilot\ap_fixed_base.h:808:9)
INFO: [HLS 214-131] Inlining function 'ssdm_int<16, true>::ssdm_int(short)' into 'ap_fixed_base<16, 6, true, (ap_q_mode)5, (ap_o_mode)3, 0>::ap_fixed_base<32, 16, true, (ap_q_mode)5, (ap_o_mode)3, 0>(ap_fixed_base<32, 16, true, (ap_q_mode)5, (ap_o_mode)3, 0> const&)' (C:/Xilinx/Vitis_HLS/2022.2/common/technology/autopilot\ap_fixed_base.h:401:80)
INFO: [HLS 214-131] Inlining function 'ap_fixed_base<16, 6, true, (ap_q_mode)5, (ap_o_mode)3, 0>& ap_fixed_base<16, 6, true, (ap_q_mode)5, (ap_o_mode)3, 0>::operator=<32, 16, true, (ap_q_mode)5, (ap_o_mode)3, 0>(ap_fixed_base<32, 16, true, (ap_q_mode)5, (ap_o_mode)3, 0> const&)' into 'ap_fixed_base<16, 6, true, (ap_q_mode)5, (ap_o_mode)3, 0>::ap_fixed_base<32, 16, true, (ap_q_mode)5, (ap_o_mode)3, 0>(ap_fixed_base<32, 16, true, (ap_q_mode)5, (ap_o_mode)3, 0> const&)' (C:/Xilinx/Vitis_HLS/2022.2/common/technology/autopilot\ap_fixed_base.h:403:5)
INFO: [HLS 214-131] Inlining function 'ap_fixed_base<16, 6, true, (ap_q_mode)5, (ap_o_mode)3, 0>::ap_fixed_base<32, 16, true, (ap_q_mode)5, (ap_o_mode)3, 0>(ap_fixed_base<32, 16, true, (ap_q_mode)5, (ap_o_mode)3, 0> const&)' into 'ap_fixed<16, 6, (ap_q_mode)5, (ap_o_mode)3, 0>::ap_fixed<32, 16, true, (ap_q_mode)5, (ap_o_mode)3, 0>(ap_fixed_base<32, 16, true, (ap_q_mode)5, (ap_o_mode)3, 0> const&)'
INFO: [HLS 214-131] Inlining function 'bool ap_fixed_base<16, 6, true, (ap_q_mode)5, (ap_o_mode)3, 0>::operator><16, 6, true, (ap_q_mode)5, (ap_o_mode)3, 0>(ap_fixed_base<16, 6, true, (ap_q_mode)5, (ap_o_mode)3, 0> const&) const' into 'Denoiser::sigmoid(ap_fixed<16, 6, (ap_q_mode)5, (ap_o_mode)3, 0>)' (../denoiser_c_to_hls/denoiser.h:69:20)
INFO: [HLS 214-131] Inlining function 'ap_fixed_base<32, 16, true, (ap_q_mode)5, (ap_o_mode)3, 0>::RType<33, 17, true>::div ap_fixed_base<32, 16, true, (ap_q_mode)5, (ap_o_mode)3, 0>::operator/<33, 17, true, (ap_q_mode)5, (ap_o_mode)3, 0>(ap_fixed_base<33, 17, true, (ap_q_mode)5, (ap_o_mode)3, 0> const&) const' into 'Denoiser::sigmoid(ap_fixed<16, 6, (ap_q_mode)5, (ap_o_mode)3, 0>)' (../denoiser_c_to_hls/denoiser.h:73:53)
INFO: [HLS 214-131] Inlining function 'ap_fixed_base<32, 16, true, (ap_q_mode)5, (ap_o_mode)3, 0>::RType<32, 16, true>::plus ap_fixed_base<32, 16, true, (ap_q_mode)5, (ap_o_mode)3, 0>::operator+<32, 16, true, (ap_q_mode)5, (ap_o_mode)3, 0>(ap_fixed_base<32, 16, true, (ap_q_mode)5, (ap_o_mode)3, 0> const&) const' into 'Denoiser::sigmoid(ap_fixed<16, 6, (ap_q_mode)5, (ap_o_mode)3, 0>)' (../denoiser_c_to_hls/denoiser.h:73:75)
INFO: [HLS 214-131] Inlining function 'bool ap_fixed_base<16, 6, true, (ap_q_mode)5, (ap_o_mode)3, 0>::operator<<16, 6, true, (ap_q_mode)5, (ap_o_mode)3, 0>(ap_fixed_base<16, 6, true, (ap_q_mode)5, (ap_o_mode)3, 0> const&) const' into 'Denoiser::sigmoid(ap_fixed<16, 6, (ap_q_mode)5, (ap_o_mode)3, 0>)' (../denoiser_c_to_hls/denoiser.h:70:27)
INFO: [HLS 214-131] Inlining function 'ap_fixed_base<32, 16, true, (ap_q_mode)5, (ap_o_mode)3, 0>::operator-() const' into 'Denoiser::sigmoid(ap_fixed<16, 6, (ap_q_mode)5, (ap_o_mode)3, 0>)' (../denoiser_c_to_hls/denoiser.h:72:44)
INFO: [HLS 214-131] Inlining function 'Denoiser::sigmoid(ap_fixed<16, 6, (ap_q_mode)5, (ap_o_mode)3, 0>)' into 'Denoiser::conv2d_out(ap_fixed<16, 6, (ap_q_mode)5, (ap_o_mode)3, 0> const (*) [28][4], ap_fixed<16, 6, (ap_q_mode)5, (ap_o_mode)3, 0> (*) [28][1])' (../denoiser_c_to_hls/denoiser.cpp:167:31)
INFO: [HLS 214-131] Inlining function 'ap_fixed_base<16, 6, true, (ap_q_mode)5, (ap_o_mode)3, 0>::RType<16, 6, true>::mult ap_fixed_base<16, 6, true, (ap_q_mode)5, (ap_o_mode)3, 0>::operator*<16, 6, true, (ap_q_mode)5, (ap_o_mode)3, 0>(ap_fixed_base<16, 6, true, (ap_q_mode)5, (ap_o_mode)3, 0> const&) const' into 'Denoiser::conv2d_out(ap_fixed<16, 6, (ap_q_mode)5, (ap_o_mode)3, 0> const (*) [28][4], ap_fixed<16, 6, (ap_q_mode)5, (ap_o_mode)3, 0> (*) [28][1])' (../denoiser_c_to_hls/denoiser.cpp:163:34)
INFO: [HLS 214-131] Inlining function 'ap_fixed_base<16, 6, true, (ap_q_mode)5, (ap_o_mode)3, 0>& ap_fixed_base<16, 6, true, (ap_q_mode)5, (ap_o_mode)3, 0>::operator+=<32, 12, true, (ap_q_mode)5, (ap_o_mode)3, 0>(ap_fixed_base<32, 12, true, (ap_q_mode)5, (ap_o_mode)3, 0> const&)' into 'Denoiser::conv2d_out(ap_fixed<16, 6, (ap_q_mode)5, (ap_o_mode)3, 0> const (*) [28][4], ap_fixed<16, 6, (ap_q_mode)5, (ap_o_mode)3, 0> (*) [28][1])' (../denoiser_c_to_hls/denoiser.cpp:163:27)
INFO: [HLS 214-131] Inlining function 'Denoiser::conv2d_1(ap_fixed<16, 6, (ap_q_mode)5, (ap_o_mode)3, 0> const (*) [28][1], ap_fixed<16, 6, (ap_q_mode)5, (ap_o_mode)3, 0> (*) [28][4])' into 'Denoiser::inference(ap_fixed<16, 6, (ap_q_mode)5, (ap_o_mode)3, 0> const (*) [28][1], ap_fixed<16, 6, (ap_q_mode)5, (ap_o_mode)3, 0> (*) [28][1])' (../denoiser_c_to_hls/denoiser.cpp:189:2)
INFO: [HLS 214-131] Inlining function 'Denoiser::maxpool_2x2_4ch(ap_fixed<16, 6, (ap_q_mode)5, (ap_o_mode)3, 0> const (*) [28][4], ap_fixed<16, 6, (ap_q_mode)5, (ap_o_mode)3, 0> (*) [14][4])' into 'Denoiser::inference(ap_fixed<16, 6, (ap_q_mode)5, (ap_o_mode)3, 0> const (*) [28][1], ap_fixed<16, 6, (ap_q_mode)5, (ap_o_mode)3, 0> (*) [28][1])' (../denoiser_c_to_hls/denoiser.cpp:190:6)
INFO: [HLS 214-131] Inlining function 'Denoiser::conv2d_out(ap_fixed<16, 6, (ap_q_mode)5, (ap_o_mode)3, 0> const (*) [28][4], ap_fixed<16, 6, (ap_q_mode)5, (ap_o_mode)3, 0> (*) [28][1])' into 'Denoiser::inference(ap_fixed<16, 6, (ap_q_mode)5, (ap_o_mode)3, 0> const (*) [28][1], ap_fixed<16, 6, (ap_q_mode)5, (ap_o_mode)3, 0> (*) [28][1])' (../denoiser_c_to_hls/denoiser.cpp:194:6)
INFO: [HLS 214-131] Inlining function 'Denoiser::conv2d_2(ap_fixed<16, 6, (ap_q_mode)5, (ap_o_mode)3, 0> const (*) [14][4], ap_fixed<16, 6, (ap_q_mode)5, (ap_o_mode)3, 0> (*) [14][8])' into 'Denoiser::inference(ap_fixed<16, 6, (ap_q_mode)5, (ap_o_mode)3, 0> const (*) [28][1], ap_fixed<16, 6, (ap_q_mode)5, (ap_o_mode)3, 0> (*) [28][1])' (../denoiser_c_to_hls/denoiser.cpp:191:6)
INFO: [HLS 214-131] Inlining function 'Denoiser::upsample_2x2_8ch(ap_fixed<16, 6, (ap_q_mode)5, (ap_o_mode)3, 0> const (*) [14][8], ap_fixed<16, 6, (ap_q_mode)5, (ap_o_mode)3, 0> (*) [28][8])' into 'Denoiser::inference(ap_fixed<16, 6, (ap_q_mode)5, (ap_o_mode)3, 0> const (*) [28][1], ap_fixed<16, 6, (ap_q_mode)5, (ap_o_mode)3, 0> (*) [28][1])' (../denoiser_c_to_hls/denoiser.cpp:192:6)
INFO: [HLS 214-131] Inlining function 'Denoiser::conv2d_3(ap_fixed<16, 6, (ap_q_mode)5, (ap_o_mode)3, 0> const (*) [28][8], ap_fixed<16, 6, (ap_q_mode)5, (ap_o_mode)3, 0> (*) [28][4])' into 'Denoiser::inference(ap_fixed<16, 6, (ap_q_mode)5, (ap_o_mode)3, 0> const (*) [28][1], ap_fixed<16, 6, (ap_q_mode)5, (ap_o_mode)3, 0> (*) [28][1])' (../denoiser_c_to_hls/denoiser.cpp:193:6)
INFO: [HLS 214-291] Loop 'VITIS_LOOP_541_16' is marked as complete unroll implied by the pipeline pragma (C:/Xilinx/Vitis_HLS/2022.2/common/technology/autopilot/hls_exp_apfixed.h:541:36)
INFO: [HLS 214-291] Loop 'VITIS_LOOP_537_15' is marked as complete unroll implied by the pipeline pragma (C:/Xilinx/Vitis_HLS/2022.2/common/technology/autopilot/hls_exp_apfixed.h:537:36)
INFO: [HLS 214-291] Loop 'VITIS_LOOP_531_14' is marked as complete unroll implied by the pipeline pragma (C:/Xilinx/Vitis_HLS/2022.2/common/technology/autopilot/hls_exp_apfixed.h:531:32)
INFO: [HLS 214-291] Loop 'VITIS_LOOP_302_13' is marked as complete unroll implied by the pipeline pragma (C:/Xilinx/Vitis_HLS/2022.2/common/technology/autopilot/hls_exp_apfixed.h:302:36)
INFO: [HLS 214-291] Loop 'VITIS_LOOP_294_12' is marked as complete unroll implied by the pipeline pragma (C:/Xilinx/Vitis_HLS/2022.2/common/technology/autopilot/hls_exp_apfixed.h:294:28)
INFO: [HLS 214-188] Unrolling loop 'loop_ic_out' (../denoiser_c_to_hls/denoiser.cpp:157:21) in function 'Denoiser::inference' partially with a factor of 2 (../denoiser_c_to_hls/denoiser.cpp:172:0)
INFO: [HLS 214-188] Unrolling loop 'loop_ic_3' (../denoiser_c_to_hls/denoiser.cpp:127:25) in function 'Denoiser::inference' partially with a factor of 2 (../denoiser_c_to_hls/denoiser.cpp:172:0)
INFO: [HLS 214-188] Unrolling loop 'loop_ic_2' (../denoiser_c_to_hls/denoiser.cpp:78:25) in function 'Denoiser::inference' partially with a factor of 2 (../denoiser_c_to_hls/denoiser.cpp:172:0)
INFO: [HLS 214-188] Unrolling loop 'loop_kw_1' (../denoiser_c_to_hls/denoiser.cpp:27:21) in function 'Denoiser::inference' partially with a factor of 2 (../denoiser_c_to_hls/denoiser.cpp:172:0)
INFO: [HLS 214-186] Unrolling loop 'VITIS_LOOP_541_16' (C:/Xilinx/Vitis_HLS/2022.2/common/technology/autopilot/hls_exp_apfixed.h:541:36) in function 'exp_reduce::exp<33, 17>' completely with a factor of 39 (C:/Xilinx/Vitis_HLS/2022.2/common/technology/autopilot/hls_exp_apfixed.h:40:0)
INFO: [HLS 214-186] Unrolling loop 'VITIS_LOOP_537_15' (C:/Xilinx/Vitis_HLS/2022.2/common/technology/autopilot/hls_exp_apfixed.h:537:36) in function 'exp_reduce::exp<33, 17>' completely with a factor of 7 (C:/Xilinx/Vitis_HLS/2022.2/common/technology/autopilot/hls_exp_apfixed.h:40:0)
INFO: [HLS 214-186] Unrolling loop 'VITIS_LOOP_531_14' (C:/Xilinx/Vitis_HLS/2022.2/common/technology/autopilot/hls_exp_apfixed.h:531:32) in function 'exp_reduce::exp<33, 17>' completely with a factor of 7 (C:/Xilinx/Vitis_HLS/2022.2/common/technology/autopilot/hls_exp_apfixed.h:40:0)
INFO: [HLS 214-186] Unrolling loop 'VITIS_LOOP_302_13' (C:/Xilinx/Vitis_HLS/2022.2/common/technology/autopilot/hls_exp_apfixed.h:302:36) in function 'exp_reduce::exp<33, 17>' completely with a factor of 46 (C:/Xilinx/Vitis_HLS/2022.2/common/technology/autopilot/hls_exp_apfixed.h:40:0)
INFO: [HLS 214-186] Unrolling loop 'VITIS_LOOP_294_12' (C:/Xilinx/Vitis_HLS/2022.2/common/technology/autopilot/hls_exp_apfixed.h:294:28) in function 'exp_reduce::exp<33, 17>' completely with a factor of 19 (C:/Xilinx/Vitis_HLS/2022.2/common/technology/autopilot/hls_exp_apfixed.h:40:0)
INFO: [HLS 214-178] Inlining function 'Denoiser::relu(ap_fixed<16, 6, (ap_q_mode)5, (ap_o_mode)3, 0>)' into 'Denoiser::inference(ap_fixed<16, 6, (ap_q_mode)5, (ap_o_mode)3, 0> const (*) [28][1], ap_fixed<16, 6, (ap_q_mode)5, (ap_o_mode)3, 0> (*) [28][1])' (../denoiser_c_to_hls/denoiser.cpp:172:0)
INFO: [HLS 214-178] Inlining function 'ap_fixed_base<16, 6, true, (ap_q_mode)5, (ap_o_mode)3, 0>::ap_fixed_base(double)' into 'Denoiser::inference(ap_fixed<16, 6, (ap_q_mode)5, (ap_o_mode)3, 0> const (*) [28][1], ap_fixed<16, 6, (ap_q_mode)5, (ap_o_mode)3, 0> (*) [28][1])' (../denoiser_c_to_hls/denoiser.cpp:172:0)
INFO: [HLS 214-178] Inlining function 'ap_fixed<33, 17, (ap_q_mode)5, (ap_o_mode)3, 0> hls::exp<33, 17>(ap_fixed<33, 17, (ap_q_mode)5, (ap_o_mode)3, 0>)' into 'Denoiser::inference(ap_fixed<16, 6, (ap_q_mode)5, (ap_o_mode)3, 0> const (*) [28][1], ap_fixed<16, 6, (ap_q_mode)5, (ap_o_mode)3, 0> (*) [28][1])' (../denoiser_c_to_hls/denoiser.cpp:172:0)
INFO: [HLS 214-248] Applying array_partition to 'in_buf': Complete partitioning on dimension 3. (../denoiser_c_to_hls/top.cpp:13:13)
INFO: [HLS 214-248] Applying array_partition to 'out_buf': Complete partitioning on dimension 3. (../denoiser_c_to_hls/top.cpp:14:16)
INFO: [HLS 214-115] Multiple burst reads of length 784 and bit width 16 in loop 'VITIS_LOOP_18_1'(../denoiser_c_to_hls/top.cpp:18:19) has been inferred on bundle 'gmem0'. These burst requests might be further partitioned into multiple requests during RTL generation, based on max_read_burst_length or max_write_burst_length settings. (../denoiser_c_to_hls/top.cpp:18:19)
INFO: [HLS 214-115] Multiple burst writes of length 784 and bit width 16 in loop 'VITIS_LOOP_25_2'(../denoiser_c_to_hls/top.cpp:25:25) has been inferred on bundle 'gmem1'. These burst requests might be further partitioned into multiple requests during RTL generation, based on max_read_burst_length or max_write_burst_length settings. (../denoiser_c_to_hls/top.cpp:25:25)
INFO-FLOW: DBG:PUTS: copy_raw_kernel_xml ap_link_39: kernel.xml not generated: C:/Nam_3_HK2_2025_2026/Do_an_1/c_inter_to_hls/denoiser/solution1/.autopilot/db/kernel.internal.xml
INFO: [HLS 200-111] Finished Compiling Optimization and Transform: CPU user time: 22 seconds. CPU system time: 3 seconds. Elapsed time: 35.429 seconds; current allocated memory: 128.148 MB.
INFO: [HLS 200-111] Finished Checking Pragmas: CPU user time: 0 seconds. CPU system time: 0 seconds. Elapsed time: 0.011 seconds; current allocated memory: 128.148 MB.
Execute       opt_and_import_c a -opt_level=2 -skip_syncheck=0 -ng=0 -keep_printf=0 
Execute         cleanup_all_models 
INFO: [HLS 200-10] Starting code transformations ...
INFO-FLOW: Running Standard Transforms...
Execute         transform -hls -share-std-xform -demangle-name -inline-byval-memcpy -always-inline -promote-dbg-pointer -interface-preproc -mem2reg -scalarrepl -mem2reg -keep-read-access -instcombine -dce -promote-dbg-pointer -bitop-raise -loop-simplify -indvarspre -indvars -loop-simplify -xunroll -constprop -instcombine -simplifycfg -indvars -simplifycfg -dce -globaldce -basicaa -simplifycfg -mem2reg -globalopt -global-constprop -deadargelim -instcombine -simplifycfg -scalarrepl -instcombine -reassociate -licm -simplifycfg -loop-simplify -indvars -instcombine -simplifycfg -mem2reg -loop-simplify -indvars -instcombine -gvn -gvn -instcombine -adce -break-crit-edges -simplifycfg -loop-delete -global-array-opt -dce -dse -adce -find-syn-modules -top denoiser_top -deadargelim -mem2reg -instcombine -dce -presyn-prepare -auto-rom-infer -interface-preproc -syn-check -check-rec-only -find-region -simplifycfg -func-extr -function-inline -globaldce -mem2reg -instcombine -dce -gvn -globaldce -adce -adse -constprop -instcombine -bit-constprop -instcombine -dce -simplifycfg -bitop-raise -simplifycfg -dce -loop-delete -reassociate -globalopt -global-privatize -mem2reg -dce -global-constprop -pointer-simplify -constprop -dce -auto-shift-reg-idiom -promote-dbg-pointer -norm-name C:/Nam_3_HK2_2025_2026/Do_an_1/c_inter_to_hls/denoiser/solution1/.autopilot/db/a.g.0.bc -o C:/Nam_3_HK2_2025_2026/Do_an_1/c_inter_to_hls/denoiser/solution1/.autopilot/db/a.g.1.bc -f -phase std-opt 
INFO: [XFORM 203-603] Inlining function 'exp_reduce::exp<33, 17>' into 'Denoiser::inference' (C:/Xilinx/Vitis_HLS/2022.2/common/technology/autopilot\hls_math.h:1190).
Command         transform done; 18.054 sec.
INFO: [HLS 200-111] Finished Standard Transforms: CPU user time: 18 seconds. CPU system time: 0 seconds. Elapsed time: 18.103 seconds; current allocated memory: 128.148 MB.
INFO: [HLS 200-10] Checking synthesizability ...
INFO-FLOW: Checking Synthesizability 1/2..
Execute         transform -hls -syn-check -check-rec-only -scalarrepl -norm-name -dce -mem2reg -instcombine -directive-preproc -mem2reg -dse -dce -auto-rom-infer -dce -pag -array-normalize -instcombine -dce -array-seg-normalize -instcombine -dce -data-pack -instcombine -dce -inst-simplify -array-flatten -instcombine -dce -array-burst -dce -deadargelim -promote-global-argument -simplifycfg -mem2reg -globaldce -dce -deadargelim -dce -instcombine -function-inline -globaldce -dce -doublePtrSimplify -doublePtrElim -dce -doublePtrSimplify -promote-dbg-pointer -dce -scalarrepl -dse -adse -instcombine -ptrLegalization -simplifycfg -dce -instcombine -pointer-simplify -ptrArgReplace -dce -instcombine -resolve-double-ptr -scalarrepl -norm-name -dce -mem2reg -instcombine -ptrLegalization -simplifycfg -deadargelim -instcombine -dce -inst-simplify -directive-preproc -mem2reg -dse -dce -globaldce C:/Nam_3_HK2_2025_2026/Do_an_1/c_inter_to_hls/denoiser/solution1/.autopilot/db/a.g.1.bc -o C:/Nam_3_HK2_2025_2026/Do_an_1/c_inter_to_hls/denoiser/solution1/.autopilot/db/a.g.2.prechk.bc -f 
Command         transform done; 15.534 sec.
INFO-FLOW: Checking Synthesizability 2/2..
Execute         transform -syn-check C:/Nam_3_HK2_2025_2026/Do_an_1/c_inter_to_hls/denoiser/solution1/.autopilot/db/a.g.2.prechk.bc -o C:/Nam_3_HK2_2025_2026/Do_an_1/c_inter_to_hls/denoiser/solution1/.autopilot/db/a.g.2.bc -f -phase syn-check 
Command         transform done; 0.218 sec.
INFO: [HLS 200-111] Finished Checking Synthesizability: CPU user time: 16 seconds. CPU system time: 0 seconds. Elapsed time: 15.774 seconds; current allocated memory: 128.148 MB.
INFO-FLOW: Compiler optimizing ...
INFO-FLOW: Share syncheck's 1.bc for syn flow: copy C:/Nam_3_HK2_2025_2026/Do_an_1/c_inter_to_hls/denoiser/solution1/.autopilot/db/a.g.1.bc to C:/Nam_3_HK2_2025_2026/Do_an_1/c_inter_to_hls/denoiser/solution1/.autopilot/db/a.o.1.bc
INFO-FLOW: Presyn 1...
Execute         transform -hls -tmp C:/Nam_3_HK2_2025_2026/Do_an_1/c_inter_to_hls/denoiser/solution1/.autopilot/db -interface-port-rename -directive-preproc -mem2reg -dse -dce -scalarrepl -norm-name -deadargelim -mem2reg -instcombine -dce -simplifycfg -auto-rom-infer -dce -resource-proc -clib-intrinsic-prepare -dce -func-buffer -dce -pag -array-normalize -func-legal -instcombine -gvn -constprop -dce -simplifycfg -mem2reg -globaldce -resolve-double-ptr -dce -deadargelim -dce -instcombine -ptrArgReplace -mem2reg -dce -array-seg-normalize -deadargelim -instcombine -dce -directive-preproc -mem2reg -dse -dce -pointer-simplify -dce -port-alignment -dce -interface-preproc -data-pack -instcombine -dce -basicaa -aggr-aa -aggrmodref-aa -aggr-aa -gvn -gvn -basicaa -aggr-aa -aggrmodref-aa -aggr-aa -dse -adse -adce -loop-simplify -indvars -instcombine -gvn -loop-simplify -mem2reg -dce -find-region -instcombine -auto-loop-pipeline -inst-simplify -interface-preproc -cfgopt -instcombine -indvars -auto-loop-unroll -loop-simplify -loop-bound -xunroll -constprop -instcombine -simplifycfg -indvars -simplifycfg -dce -globaldce -clean-region -attach-range -gvn -inst-simplify -constprop -simplifycfg -dce -pointer-simplify -dce -globalopt -constprop -dce -array-promote -scalar-auto-dep-elim -constprop -dce -ptrArgReplace -mem2reg -simplifycfg -dce -instcombine -dce -array-transform-check -array-reshape -instcombine -simplifycfg -dce -ptrArgReplace -deadargelim -mem2reg -instcombine -simplifycfg -dce -indvars -loop-simplify -loop-bound -xunroll -constprop -instcombine -simplifycfg -indvars -simplifycfg -dce -globaldce -basicaa -aggr-aa -aggrmodref-aa -aggr-aa -dse -duplicate-dataflow-processes -globaldce -instcombine -array-partition -prepare-dynamic-array-partition -instcombine -simplifycfg -dce -ptrArgReplace -global-constprop -deadargelim -mem2reg -func-legal -dce -global-constprop -deadargelim -mem2reg -simplifycfg -dce -merge-param -deadargelim -globalopt -constprop -dce -array-promote -scalar-auto-dep-elim -constprop -dce -ptrArgReplace -mem2reg -simplifycfg -dce -mem-intrinsic-preproc -dce -global-internalize -global-privatize -mem2reg -globaldce -promote-global-argument -ptrArgReplace -mem2reg -dce -globalopt -mergereturn -simplify-global-access -mem2reg -dce -pointer-simplify -dce -functionattrs -basicaa -aggr-aa -aggrmodref-aa -aggr-aa -gvn -gvn -basicaa -aggr-aa -aggrmodref-aa -aggr-aa -dse -adse -adce -dce -norm-name -basicaa -aggr-aa -aggrmodref-aa -aggr-aa -accesses-merge -function-inline -complex-op-raise -inst-simplify -globaldce -func-legal -dce -loop-bound -arraycheck -bitwidthmin2 -bitwidthmin2 -on-by-dataflow -loop-delete -instcombine -simplifycfg -globaldce -dce -gvn -deadargelim -dce -loop-simplify -clean-region -simplifycfg -propagate-stable-arguments -loop-stream -instcombine -simplifycfg -dce -globaldce -duplicate-dataflow-processes -stream-intrinsic-preproc -dce -check-ap-stream -loop-simplify -eliminate-keepreads -extract-dataflow-in-loop -loop-simplify -dce -gvn -deadargelim -dse -duplicate-dataflow-processes -check-dataflow-syntax -legalize-stream-variable -globaldce -legalize-global -extract-subproc -dce -dead-channel-elimination -canonicalize-gep -globaldce -dce -gvn -hls-dead-arg-elim -deadargelim -directive-preproc -canonicalize-dataflow -dce -globaldce -scalar-preprocessing -scalar-propagation2 -deadargelim -globaldce -mem2reg -check-dataflow-channels -function-stream -dce -globaldce -prop-fifo-spec -internal-stream-gen -canonicalize-gep -globaldce -dce -gvn -deadargelim -mergereturn -indvars -loop-simplify -instcombine -array-stream -array-seg-normalize -array-partition -func-legal -instcombine -simplifycfg -dce -bundle-memfifo-ops -deadargelim -directive-preproc -mem2reg -dse -dce -group-axi-access -licm -simplifycfg -dce -loop-delete -hls-display -norm-name C:/Nam_3_HK2_2025_2026/Do_an_1/c_inter_to_hls/denoiser/solution1/.autopilot/db/a.o.1.bc -o C:/Nam_3_HK2_2025_2026/Do_an_1/c_inter_to_hls/denoiser/solution1/.autopilot/db/a.o.1.tmp.bc -f 
INFO: [XFORM 203-510] Pipelining loop 'loop_kw_1' (../denoiser_c_to_hls/denoiser.cpp:23) in function 'Denoiser::inference' automatically.
INFO: [XFORM 203-510] Pipelining loop 'VITIS_LOOP_47_3' (../denoiser_c_to_hls/denoiser.cpp:47) in function 'Denoiser::inference' automatically.
INFO: [XFORM 203-510] Pipelining loop 'loop_ic_2' (../denoiser_c_to_hls/denoiser.cpp:72) in function 'Denoiser::inference' automatically.
INFO: [XFORM 203-510] Pipelining loop 'VITIS_LOOP_99_3' (../denoiser_c_to_hls/denoiser.cpp:99) in function 'Denoiser::inference' automatically.
INFO: [XFORM 203-510] Pipelining loop 'loop_ic_3' (../denoiser_c_to_hls/denoiser.cpp:121) in function 'Denoiser::inference' automatically.
INFO: [XFORM 203-510] Pipelining loop 'loop_ic_out' (../denoiser_c_to_hls/denoiser.cpp:151) in function 'Denoiser::inference' automatically.
INFO: [XFORM 203-102] Automatically partitioning small array 'conv3_bias.V' completely based on array size.
INFO: [XFORM 203-102] Automatically partitioning small array 'conv1_bias.V' completely based on array size.
INFO: [XFORM 203-101] Partitioning array 'conv3_bias.V' in dimension 1 completely.
INFO: [XFORM 203-101] Partitioning array 'conv1_bias.V' in dimension 1 completely.
Command         transform done; 18.254 sec.
INFO-FLOW: Presyn 2...
Execute         transform -hls -keep-callgraph -scalarrepl -mem2reg -port-alignment -attach-range -dce -pipe-mux-gen -indvars -loop-bound -inst-simplify -instcombine -dce -merge-array-access -mem2reg -dce -clean-region -mergereturn -if-conv -instcombine -dce -constprop -basicaa -aggr-aa -aggrmodref-aa -aggr-aa -gvn -gvn -basicaa -aggr-aa -aggrmodref-aa -aggr-aa -dse -adse -adce -scalarrepl -mem2reg -global-constprop -deadargelim -deadargelim -instcombine -dce -simplifycfg -ptrArgReplace -mem2reg -function-inline -globaldce -mem2reg -instcombine -dce -expr-balance -instcombine -dce -bitwidthmin2 -bitwidthmin2 -interface-preproc -directive-preproc -inst-rectify -instcombine -dce -functionattrs -constprop -instcombine -bit-constprop -simplify-global-access -globalopt -globaldce -inst-simplify -instcombine -elimdeaddata -dce -loop-delete -simplifycfg -loop-simplify -barrier -norm-name C:/Nam_3_HK2_2025_2026/Do_an_1/c_inter_to_hls/denoiser/solution1/.autopilot/db/a.o.1.tmp.bc -o C:/Nam_3_HK2_2025_2026/Do_an_1/c_inter_to_hls/denoiser/solution1/.autopilot/db/a.o.2.bc -f -phase presyn 
INFO: [XFORM 203-401] Performing if-conversion on hyperblock from (../denoiser_c_to_hls/denoiser.cpp:23:25) to (../denoiser_c_to_hls/denoiser.cpp:27:21) in function 'Denoiser::inference'... converting 3 basic blocks.
INFO: [XFORM 203-401] Performing if-conversion on hyperblock from (../denoiser_c_to_hls/denoiser.cpp:23:25) to (../denoiser_c_to_hls/denoiser.cpp:27:21) in function 'Denoiser::inference'... converting 3 basic blocks.
INFO: [XFORM 203-401] Performing if-conversion on hyperblock from (../denoiser_c_to_hls/denoiser.cpp:72:25) to (../denoiser_c_to_hls/denoiser.cpp:78:25) in function 'Denoiser::inference'... converting 5 basic blocks.
INFO: [XFORM 203-401] Performing if-conversion on hyperblock from (../denoiser_c_to_hls/denoiser.cpp:121:25) to (../denoiser_c_to_hls/denoiser.cpp:127:25) in function 'Denoiser::inference'... converting 5 basic blocks.
INFO: [XFORM 203-401] Performing if-conversion on hyperblock from (../denoiser_c_to_hls/denoiser.cpp:151:21) to (../denoiser_c_to_hls/denoiser.cpp:157:21) in function 'Denoiser::inference'... converting 5 basic blocks.
INFO: [XFORM 203-401] Performing if-conversion on hyperblock to (../denoiser_c_to_hls/denoiser.cpp:149:9) in function 'Denoiser::inference'... converting 5 basic blocks.
INFO: [XFORM 203-11] Balancing expressions in function 'Denoiser::inference' (../denoiser_c_to_hls/denoiser.cpp:17:21)...53 expression(s) balanced.
Command         transform done; 0.595 sec.
INFO: [HLS 200-111] Finished Loop, function and other optimizations: CPU user time: 18 seconds. CPU system time: 0 seconds. Elapsed time: 18.858 seconds; current allocated memory: 171.598 MB.
INFO-FLOW: Building ssdm...
Execute         transform -hls -auto-function-inline -globaldce -ptrArgReplace -mem2reg -dce -reset-lda -loop-simplify -indvars -aggr-aa -licm -loop-dep -loop-bound -licm -loop-simplify -loop-sink-hoist -flattenloopnest -array-flatten -gvn -instcombine -dce -array-map -dce -func-legal -gvn -adce -instcombine -cfgopt -simplifycfg -loop-simplify -array-burst -promote-global-argument -dce -array-seg-normalize -basicaa -aggrmodref-aa -globalsmodref-aa -aggr-aa -gvn -gvn -basicaa -aggrmodref-aa -globalsmodref-aa -aggr-aa -dse -adse -adce -licm -inst-simplify -dce -globaldce -instcombine -array-stream -eliminate-keepreads -instcombine -dce -deadargelim -doublePtrSimplify -doublePtrElim -dce -doublePtrSimplify -promote-dbg-pointer -dce -scalarrepl -mem2reg -norm-name -mem2reg -instcombine -dse -adse -adce -ptrLegalization -dce -auto-rom-infer -array-flatten -dce -instcombine -check-doubleptr -loop-rot -constprop -cfgopt -simplifycfg -loop-simplify -indvars -pointer-simplify -dce -loop-bound -loop-simplify -loop-preproc -constprop -global-constprop -gvn -mem2reg -instcombine -dce -loop-bound -loop-merge -dce -deadargelim -dce -canonicalize-dataflow -dce -deadargelim -globaldce -mem2reg -bram-byte-enable -load-elim -read-loop-dep -loop-simplify -loop-extract-inner -directive-preproc -bitwidthmin2 -bitwidthmin2 -read-loop-dep -interface-preproc -directive-preproc -interface-gen -bram-byte-enable-spec-prop -deadargelim -inst-simplify -dce -gvn -mem2reg -instcombine -dce -adse -loop-bound -instcombine -cfgopt -simplifycfg -loop-simplify -clean-region -io-protocol -find-region -mem2reg -bitop-raise -complex-op-raise -inst-simplify -inst-rectify -instcombine -adce -deadargelim -float-op-raise -loop-simplify -phi-opt -bitop-raise -cfgopt -simplifycfg -strip-dead-prototypes -interface-lower -bitop-lower -intrinsic-lower -auto-function-inline -basicaa -aggrmodref-aa -globalsmodref-aa -aggr-aa -inst-simplify -simplifycfg -loop-simplify -mergereturn -inst-simplify -inst-rectify -dce -load-elim -bitop-lower -float-op-raise -fma-raise -loop-rewind -pointer-simplify -dce -cfgopt -dce -loop-bound -loop-dep -read-loop-dep -dce -dyn-mem-reuse -dce -recurrence-min -dce -share-scalar-alloca -deadargelim -dce -check-stream -norm-name -legalize -validate-dataflow -inst-clarity -bitwidth -dump-loop-dep-to-ir -check-all-ssdm -cdfg-build C:/Nam_3_HK2_2025_2026/Do_an_1/c_inter_to_hls/denoiser/solution1/.autopilot/db/a.o.2.bc -o C:/Nam_3_HK2_2025_2026/Do_an_1/c_inter_to_hls/denoiser/solution1/.autopilot/db/a.o.3.bc -f -phase build-ssdm 
WARNING: [HLS 200-960] Cannot flatten loop 'loop_kh_1' (../denoiser_c_to_hls/denoiser.cpp:27:30) in function 'Denoiser::inference' the outer loop is not a perfect loop because there is nontrivial logic before entering the inner loop.
WARNING: [HLS 200-960] Cannot flatten loop 'loop_w_1' (../denoiser_c_to_hls/denoiser.cpp:21:22) in function 'Denoiser::inference' the outer loop is not a perfect loop because there is nontrivial logic in the loop latch.
INFO: [XFORM 203-541] Flattening a loop nest 'loop_h_1' (../denoiser_c_to_hls/denoiser.cpp:21:22) in function 'Denoiser::inference'.
INFO: [XFORM 203-541] Flattening a loop nest 'loop_oc_1' (../denoiser_c_to_hls/denoiser.cpp:19:18) in function 'Denoiser::inference'.
INFO: [XFORM 203-541] Flattening a loop nest 'VITIS_LOOP_46_2' (../denoiser_c_to_hls/denoiser.cpp:47:39) in function 'Denoiser::inference'.
INFO: [XFORM 203-541] Flattening a loop nest 'VITIS_LOOP_45_1' (../denoiser_c_to_hls/denoiser.cpp:46:35) in function 'Denoiser::inference'.
INFO: [XFORM 203-541] Flattening a loop nest 'loop_kw_2' (../denoiser_c_to_hls/denoiser.cpp:78:34) in function 'Denoiser::inference'.
INFO: [XFORM 203-541] Flattening a loop nest 'loop_kh_2' (../denoiser_c_to_hls/denoiser.cpp:76:30) in function 'Denoiser::inference'.
WARNING: [HLS 200-960] Cannot flatten loop 'loop_w_2' (../denoiser_c_to_hls/denoiser.cpp:70:22) in function 'Denoiser::inference' the outer loop is not a perfect loop because there is nontrivial logic in the loop latch.
INFO: [XFORM 203-541] Flattening a loop nest 'loop_h_2' (../denoiser_c_to_hls/denoiser.cpp:70:22) in function 'Denoiser::inference'.
INFO: [XFORM 203-541] Flattening a loop nest 'loop_oc_2' (../denoiser_c_to_hls/denoiser.cpp:68:18) in function 'Denoiser::inference'.
INFO: [XFORM 203-541] Flattening a loop nest 'VITIS_LOOP_98_2' (../denoiser_c_to_hls/denoiser.cpp:99:39) in function 'Denoiser::inference'.
INFO: [XFORM 203-541] Flattening a loop nest 'VITIS_LOOP_97_1' (../denoiser_c_to_hls/denoiser.cpp:98:35) in function 'Denoiser::inference'.
INFO: [XFORM 203-541] Flattening a loop nest 'loop_kw_3' (../denoiser_c_to_hls/denoiser.cpp:127:34) in function 'Denoiser::inference'.
INFO: [XFORM 203-541] Flattening a loop nest 'loop_kh_3' (../denoiser_c_to_hls/denoiser.cpp:125:30) in function 'Denoiser::inference'.
WARNING: [HLS 200-960] Cannot flatten loop 'loop_w_3' (../denoiser_c_to_hls/denoiser.cpp:119:22) in function 'Denoiser::inference' the outer loop is not a perfect loop because there is nontrivial logic in the loop latch.
INFO: [XFORM 203-541] Flattening a loop nest 'loop_h_3' (../denoiser_c_to_hls/denoiser.cpp:119:22) in function 'Denoiser::inference'.
INFO: [XFORM 203-541] Flattening a loop nest 'loop_oc_3' (../denoiser_c_to_hls/denoiser.cpp:117:18) in function 'Denoiser::inference'.
INFO: [XFORM 203-541] Flattening a loop nest 'loop_kw_out' (../denoiser_c_to_hls/denoiser.cpp:157:30) in function 'Denoiser::inference'.
INFO: [XFORM 203-541] Flattening a loop nest 'loop_kh_out' (../denoiser_c_to_hls/denoiser.cpp:155:26) in function 'Denoiser::inference'.
WARNING: [HLS 200-960] Cannot flatten loop 'loop_w_out' (../denoiser_c_to_hls/denoiser.cpp:151:21) in function 'Denoiser::inference' the outer loop is not a perfect loop because there is nontrivial logic in the loop latch.
INFO: [XFORM 203-541] Flattening a loop nest 'loop_h_out' (../denoiser_c_to_hls/denoiser.cpp:149:18) in function 'Denoiser::inference'.
INFO: [HLS 200-472] Inferring partial write operation for 'd' (../denoiser_c_to_hls/denoiser.cpp:36:33)
INFO: [HLS 200-472] Inferring partial write operation for 'd' (../denoiser_c_to_hls/denoiser.cpp:56:33)
INFO: [HLS 200-472] Inferring partial write operation for 'd' (../denoiser_c_to_hls/denoiser.cpp:88:33)
INFO: [HLS 200-472] Inferring partial write operation for 'd' (../denoiser_c_to_hls/denoiser.cpp:102:41)
INFO: [HLS 200-472] Inferring partial write operation for 'd' (../denoiser_c_to_hls/denoiser.cpp:103:45)
INFO: [HLS 200-472] Inferring partial write operation for 'd' (../denoiser_c_to_hls/denoiser.cpp:104:45)
INFO: [HLS 200-472] Inferring partial write operation for 'd' (../denoiser_c_to_hls/denoiser.cpp:105:49)
INFO: [HLS 200-472] Inferring partial write operation for 'd' (../denoiser_c_to_hls/denoiser.cpp:137:33)
INFO: [HLS 200-472] Inferring partial write operation for 'output' (../denoiser_c_to_hls/denoiser.cpp:167:29)
INFO: [HLS 200-472] Inferring partial write operation for 'in_buf.V' (../denoiser_c_to_hls/top.cpp:20:24)
INFO: [XFORM 203-603] Evaluating the output(s) of a call to function '_ssdm_op_PartSelect.i33.i85.i32.i32' in function 'inference' and propagating its result(s) since all actual argument(s) to the function are constants.
Command         transform done; 3.385 sec.
INFO: [HLS 200-111] Finished Architecture Synthesis: CPU user time: 3 seconds. CPU system time: 0 seconds. Elapsed time: 3.391 seconds; current allocated memory: 261.957 MB.
INFO-FLOW: Finish building internal data model.
Command       opt_and_import_c done; 56.238 sec.
Command     elaborate done; 169.095 sec.
Execute     ap_eval exec zip -j C:/Nam_3_HK2_2025_2026/Do_an_1/c_inter_to_hls/denoiser/solution1/.autopilot/db/dut.hcp $dbDir/a.o.3.bc $dbDir/${topname}.rtl_wrap.cfg.tcl $dbDir/apatb_${topname}.cpp $dbDir/apatb_${topname}_util.cpp $dbDir/apatb_${topname}_ir.ll $dbDir/mapper_${topname}.cpp $dbDir/top-io-fe.xml $dbDir/kernel.internal.xml $workdir/../hls.app 
Command     ap_eval done; 0.142 sec.
Execute     autosyn -from_csynth_design=1 
INFO: [HLS 200-10] Starting hardware synthesis ...
INFO-FLOW: Synthesizing C/C++ design ...
INFO: [HLS 200-10] Synthesizing 'denoiser_top' ...
Execute       ap_set_top_model denoiser_top 
Execute       get_model_list denoiser_top -filter all-wo-channel -topdown 
Execute       preproc_iomode -model denoiser_top 
Execute       preproc_iomode -model denoiser_top_Pipeline_VITIS_LOOP_25_2 
Execute       preproc_iomode -model inference 
Execute       preproc_iomode -model inference_Pipeline_loop_kh_out_loop_kw_out_loop_ic_out 
Execute       preproc_iomode -model inference_Pipeline_loop_kh_3_loop_kw_3_loop_ic_3 
Execute       preproc_iomode -model inference_Pipeline_VITIS_LOOP_97_1_VITIS_LOOP_98_2_VITIS_LOOP_99_3 
Execute       preproc_iomode -model inference_Pipeline_loop_kh_2_loop_kw_2_loop_ic_2 
Execute       preproc_iomode -model inference_Pipeline_VITIS_LOOP_45_1_VITIS_LOOP_46_2_VITIS_LOOP_47_3 
Execute       preproc_iomode -model inference_Pipeline_loop_kw_1 
Execute       preproc_iomode -model denoiser_top_Pipeline_VITIS_LOOP_18_1 
Execute       get_model_list denoiser_top -filter all-wo-channel 
INFO-FLOW: Model list for configure: denoiser_top_Pipeline_VITIS_LOOP_18_1 inference_Pipeline_loop_kw_1 inference_Pipeline_VITIS_LOOP_45_1_VITIS_LOOP_46_2_VITIS_LOOP_47_3 inference_Pipeline_loop_kh_2_loop_kw_2_loop_ic_2 inference_Pipeline_VITIS_LOOP_97_1_VITIS_LOOP_98_2_VITIS_LOOP_99_3 inference_Pipeline_loop_kh_3_loop_kw_3_loop_ic_3 inference_Pipeline_loop_kh_out_loop_kw_out_loop_ic_out inference denoiser_top_Pipeline_VITIS_LOOP_25_2 denoiser_top
INFO-FLOW: Configuring Module : denoiser_top_Pipeline_VITIS_LOOP_18_1 ...
Execute       set_default_model denoiser_top_Pipeline_VITIS_LOOP_18_1 
Execute       apply_spec_resource_limit denoiser_top_Pipeline_VITIS_LOOP_18_1 
INFO-FLOW: Configuring Module : inference_Pipeline_loop_kw_1 ...
Execute       set_default_model inference_Pipeline_loop_kw_1 
Execute       apply_spec_resource_limit inference_Pipeline_loop_kw_1 
INFO-FLOW: Configuring Module : inference_Pipeline_VITIS_LOOP_45_1_VITIS_LOOP_46_2_VITIS_LOOP_47_3 ...
Execute       set_default_model inference_Pipeline_VITIS_LOOP_45_1_VITIS_LOOP_46_2_VITIS_LOOP_47_3 
Execute       apply_spec_resource_limit inference_Pipeline_VITIS_LOOP_45_1_VITIS_LOOP_46_2_VITIS_LOOP_47_3 
INFO-FLOW: Configuring Module : inference_Pipeline_loop_kh_2_loop_kw_2_loop_ic_2 ...
Execute       set_default_model inference_Pipeline_loop_kh_2_loop_kw_2_loop_ic_2 
Execute       apply_spec_resource_limit inference_Pipeline_loop_kh_2_loop_kw_2_loop_ic_2 
INFO-FLOW: Configuring Module : inference_Pipeline_VITIS_LOOP_97_1_VITIS_LOOP_98_2_VITIS_LOOP_99_3 ...
Execute       set_default_model inference_Pipeline_VITIS_LOOP_97_1_VITIS_LOOP_98_2_VITIS_LOOP_99_3 
Execute       apply_spec_resource_limit inference_Pipeline_VITIS_LOOP_97_1_VITIS_LOOP_98_2_VITIS_LOOP_99_3 
INFO-FLOW: Configuring Module : inference_Pipeline_loop_kh_3_loop_kw_3_loop_ic_3 ...
Execute       set_default_model inference_Pipeline_loop_kh_3_loop_kw_3_loop_ic_3 
Execute       apply_spec_resource_limit inference_Pipeline_loop_kh_3_loop_kw_3_loop_ic_3 
INFO-FLOW: Configuring Module : inference_Pipeline_loop_kh_out_loop_kw_out_loop_ic_out ...
Execute       set_default_model inference_Pipeline_loop_kh_out_loop_kw_out_loop_ic_out 
Execute       apply_spec_resource_limit inference_Pipeline_loop_kh_out_loop_kw_out_loop_ic_out 
INFO-FLOW: Configuring Module : inference ...
Execute       set_default_model inference 
Execute       apply_spec_resource_limit inference 
INFO-FLOW: Configuring Module : denoiser_top_Pipeline_VITIS_LOOP_25_2 ...
Execute       set_default_model denoiser_top_Pipeline_VITIS_LOOP_25_2 
Execute       apply_spec_resource_limit denoiser_top_Pipeline_VITIS_LOOP_25_2 
INFO-FLOW: Configuring Module : denoiser_top ...
Execute       set_default_model denoiser_top 
Execute       apply_spec_resource_limit denoiser_top 
INFO-FLOW: Model list for preprocess: denoiser_top_Pipeline_VITIS_LOOP_18_1 inference_Pipeline_loop_kw_1 inference_Pipeline_VITIS_LOOP_45_1_VITIS_LOOP_46_2_VITIS_LOOP_47_3 inference_Pipeline_loop_kh_2_loop_kw_2_loop_ic_2 inference_Pipeline_VITIS_LOOP_97_1_VITIS_LOOP_98_2_VITIS_LOOP_99_3 inference_Pipeline_loop_kh_3_loop_kw_3_loop_ic_3 inference_Pipeline_loop_kh_out_loop_kw_out_loop_ic_out inference denoiser_top_Pipeline_VITIS_LOOP_25_2 denoiser_top
INFO-FLOW: Preprocessing Module: denoiser_top_Pipeline_VITIS_LOOP_18_1 ...
Execute       set_default_model denoiser_top_Pipeline_VITIS_LOOP_18_1 
Execute       cdfg_preprocess -model denoiser_top_Pipeline_VITIS_LOOP_18_1 
Execute       rtl_gen_preprocess denoiser_top_Pipeline_VITIS_LOOP_18_1 
INFO-FLOW: Preprocessing Module: inference_Pipeline_loop_kw_1 ...
Execute       set_default_model inference_Pipeline_loop_kw_1 
Execute       cdfg_preprocess -model inference_Pipeline_loop_kw_1 
Execute       rtl_gen_preprocess inference_Pipeline_loop_kw_1 
INFO-FLOW: Preprocessing Module: inference_Pipeline_VITIS_LOOP_45_1_VITIS_LOOP_46_2_VITIS_LOOP_47_3 ...
Execute       set_default_model inference_Pipeline_VITIS_LOOP_45_1_VITIS_LOOP_46_2_VITIS_LOOP_47_3 
Execute       cdfg_preprocess -model inference_Pipeline_VITIS_LOOP_45_1_VITIS_LOOP_46_2_VITIS_LOOP_47_3 
Execute       rtl_gen_preprocess inference_Pipeline_VITIS_LOOP_45_1_VITIS_LOOP_46_2_VITIS_LOOP_47_3 
INFO-FLOW: Preprocessing Module: inference_Pipeline_loop_kh_2_loop_kw_2_loop_ic_2 ...
Execute       set_default_model inference_Pipeline_loop_kh_2_loop_kw_2_loop_ic_2 
Execute       cdfg_preprocess -model inference_Pipeline_loop_kh_2_loop_kw_2_loop_ic_2 
Execute       rtl_gen_preprocess inference_Pipeline_loop_kh_2_loop_kw_2_loop_ic_2 
INFO-FLOW: Preprocessing Module: inference_Pipeline_VITIS_LOOP_97_1_VITIS_LOOP_98_2_VITIS_LOOP_99_3 ...
Execute       set_default_model inference_Pipeline_VITIS_LOOP_97_1_VITIS_LOOP_98_2_VITIS_LOOP_99_3 
Execute       cdfg_preprocess -model inference_Pipeline_VITIS_LOOP_97_1_VITIS_LOOP_98_2_VITIS_LOOP_99_3 
Execute       rtl_gen_preprocess inference_Pipeline_VITIS_LOOP_97_1_VITIS_LOOP_98_2_VITIS_LOOP_99_3 
INFO-FLOW: Preprocessing Module: inference_Pipeline_loop_kh_3_loop_kw_3_loop_ic_3 ...
Execute       set_default_model inference_Pipeline_loop_kh_3_loop_kw_3_loop_ic_3 
Execute       cdfg_preprocess -model inference_Pipeline_loop_kh_3_loop_kw_3_loop_ic_3 
Execute       rtl_gen_preprocess inference_Pipeline_loop_kh_3_loop_kw_3_loop_ic_3 
INFO-FLOW: Preprocessing Module: inference_Pipeline_loop_kh_out_loop_kw_out_loop_ic_out ...
Execute       set_default_model inference_Pipeline_loop_kh_out_loop_kw_out_loop_ic_out 
Execute       cdfg_preprocess -model inference_Pipeline_loop_kh_out_loop_kw_out_loop_ic_out 
Execute       rtl_gen_preprocess inference_Pipeline_loop_kh_out_loop_kw_out_loop_ic_out 
INFO-FLOW: Preprocessing Module: inference ...
Execute       set_default_model inference 
Execute       cdfg_preprocess -model inference 
Execute       rtl_gen_preprocess inference 
INFO-FLOW: Preprocessing Module: denoiser_top_Pipeline_VITIS_LOOP_25_2 ...
Execute       set_default_model denoiser_top_Pipeline_VITIS_LOOP_25_2 
Execute       cdfg_preprocess -model denoiser_top_Pipeline_VITIS_LOOP_25_2 
Execute       rtl_gen_preprocess denoiser_top_Pipeline_VITIS_LOOP_25_2 
INFO-FLOW: Preprocessing Module: denoiser_top ...
Execute       set_default_model denoiser_top 
Execute       cdfg_preprocess -model denoiser_top 
Execute       rtl_gen_preprocess denoiser_top 
INFO-FLOW: Model list for synthesis: denoiser_top_Pipeline_VITIS_LOOP_18_1 inference_Pipeline_loop_kw_1 inference_Pipeline_VITIS_LOOP_45_1_VITIS_LOOP_46_2_VITIS_LOOP_47_3 inference_Pipeline_loop_kh_2_loop_kw_2_loop_ic_2 inference_Pipeline_VITIS_LOOP_97_1_VITIS_LOOP_98_2_VITIS_LOOP_99_3 inference_Pipeline_loop_kh_3_loop_kw_3_loop_ic_3 inference_Pipeline_loop_kh_out_loop_kw_out_loop_ic_out inference denoiser_top_Pipeline_VITIS_LOOP_25_2 denoiser_top
INFO: [HLS 200-10] ----------------------------------------------------------------
INFO: [HLS 200-42] -- Implementing module 'denoiser_top_Pipeline_VITIS_LOOP_18_1' 
INFO: [HLS 200-10] ----------------------------------------------------------------
Execute       set_default_model denoiser_top_Pipeline_VITIS_LOOP_18_1 
Execute       schedule -model denoiser_top_Pipeline_VITIS_LOOP_18_1 
INFO: [SCHED 204-11] Starting scheduling ...
INFO: [SCHED 204-61] Pipelining loop 'VITIS_LOOP_18_1'.
INFO: [HLS 200-1470] Pipelining result : Target II = 1, Final II = 1, Depth = 3, loop 'VITIS_LOOP_18_1'
INFO: [SCHED 204-11] Finished scheduling.
Command       schedule done; 0.218 sec.
INFO: [HLS 200-111] Finished Scheduling: CPU user time: 1 seconds. CPU system time: 0 seconds. Elapsed time: 0.573 seconds; current allocated memory: 271.316 MB.
Execute       syn_report -verbosereport -o C:/Nam_3_HK2_2025_2026/Do_an_1/c_inter_to_hls/denoiser/solution1/.autopilot/db/denoiser_top_Pipeline_VITIS_LOOP_18_1.verbose.sched.rpt 
Execute         AP::get_flow_target_display_name
Execute       db_write -o C:/Nam_3_HK2_2025_2026/Do_an_1/c_inter_to_hls/denoiser/solution1/.autopilot/db/denoiser_top_Pipeline_VITIS_LOOP_18_1.sched.adb -f 
INFO-FLOW: Finish scheduling denoiser_top_Pipeline_VITIS_LOOP_18_1.
Execute       set_default_model denoiser_top_Pipeline_VITIS_LOOP_18_1 
Execute       bind -model denoiser_top_Pipeline_VITIS_LOOP_18_1 
INFO: [BIND 205-100] Starting micro-architecture generation ...
INFO: [BIND 205-101] Performing variable lifetime analysis.
INFO: [BIND 205-101] Exploring resource sharing.
INFO: [BIND 205-101] Binding ...
INFO: [BIND 205-100] Finished micro-architecture generation.
Command       bind done; 0.148 sec.
INFO: [HLS 200-111] Finished Binding: CPU user time: 0 seconds. CPU system time: 0 seconds. Elapsed time: 0.188 seconds; current allocated memory: 273.074 MB.
Execute       syn_report -verbosereport -o C:/Nam_3_HK2_2025_2026/Do_an_1/c_inter_to_hls/denoiser/solution1/.autopilot/db/denoiser_top_Pipeline_VITIS_LOOP_18_1.verbose.bind.rpt 
Execute         AP::get_flow_target_display_name
Execute       db_write -o C:/Nam_3_HK2_2025_2026/Do_an_1/c_inter_to_hls/denoiser/solution1/.autopilot/db/denoiser_top_Pipeline_VITIS_LOOP_18_1.bind.adb -f 
INFO-FLOW: Finish binding denoiser_top_Pipeline_VITIS_LOOP_18_1.
INFO: [HLS 200-10] ----------------------------------------------------------------
INFO: [HLS 200-42] -- Implementing module 'inference_Pipeline_loop_kw_1' 
INFO: [HLS 200-10] ----------------------------------------------------------------
Execute       set_default_model inference_Pipeline_loop_kw_1 
Execute       schedule -model inference_Pipeline_loop_kw_1 
INFO: [SCHED 204-11] Starting scheduling ...
INFO: [HLS 200-486] Changing DSP latency (root=r_V_1) to 3 in order to utilize available DSP registers.
INFO: [HLS 200-486] Changing DSP latency (root=r_V_3) to 3 in order to utilize available DSP registers.
INFO: [SCHED 204-61] Pipelining loop 'loop_kw_1'.
WARNING: [HLS 200-880] The II Violation in module 'inference_Pipeline_loop_kw_1' (loop 'loop_kw_1'): Unable to enforce a carried dependence constraint (II = 1, distance = 1, offset = 0) between 'store' operation ('lhs_write_ln27', ../denoiser_c_to_hls/denoiser.cpp:27) of variable 's.V' on local variable 'lhs' and 'load' operation ('lhs_load') on local variable 'lhs'.
INFO: [HLS 200-1470] Pipelining result : Target II = NA, Final II = 2, Depth = 6, loop 'loop_kw_1'
INFO: [SCHED 204-11] Finished scheduling.
Command       schedule done; 0.334 sec.
INFO: [HLS 200-111] Finished Scheduling: CPU user time: 0 seconds. CPU system time: 0 seconds. Elapsed time: 0.44 seconds; current allocated memory: 274.188 MB.
Execute       syn_report -verbosereport -o C:/Nam_3_HK2_2025_2026/Do_an_1/c_inter_to_hls/denoiser/solution1/.autopilot/db/inference_Pipeline_loop_kw_1.verbose.sched.rpt 
Execute         AP::get_flow_target_display_name
Execute       db_write -o C:/Nam_3_HK2_2025_2026/Do_an_1/c_inter_to_hls/denoiser/solution1/.autopilot/db/inference_Pipeline_loop_kw_1.sched.adb -f 
INFO-FLOW: Finish scheduling inference_Pipeline_loop_kw_1.
Execute       set_default_model inference_Pipeline_loop_kw_1 
Execute       bind -model inference_Pipeline_loop_kw_1 
INFO: [BIND 205-100] Starting micro-architecture generation ...
INFO: [BIND 205-101] Performing variable lifetime analysis.
INFO: [BIND 205-101] Exploring resource sharing.
INFO: [BIND 205-101] Binding ...
INFO: [BIND 205-100] Finished micro-architecture generation.
Command       bind done; 0.17 sec.
INFO: [HLS 200-111] Finished Binding: CPU user time: 0 seconds. CPU system time: 1 seconds. Elapsed time: 0.219 seconds; current allocated memory: 274.238 MB.
Execute       syn_report -verbosereport -o C:/Nam_3_HK2_2025_2026/Do_an_1/c_inter_to_hls/denoiser/solution1/.autopilot/db/inference_Pipeline_loop_kw_1.verbose.bind.rpt 
Execute         AP::get_flow_target_display_name
Execute       db_write -o C:/Nam_3_HK2_2025_2026/Do_an_1/c_inter_to_hls/denoiser/solution1/.autopilot/db/inference_Pipeline_loop_kw_1.bind.adb -f 
INFO-FLOW: Finish binding inference_Pipeline_loop_kw_1.
INFO: [HLS 200-10] ----------------------------------------------------------------
INFO: [HLS 200-42] -- Implementing module 'inference_Pipeline_VITIS_LOOP_45_1_VITIS_LOOP_46_2_VITIS_LOOP_47_3' 
INFO: [HLS 200-10] ----------------------------------------------------------------
Execute       set_default_model inference_Pipeline_VITIS_LOOP_45_1_VITIS_LOOP_46_2_VITIS_LOOP_47_3 
Execute       schedule -model inference_Pipeline_VITIS_LOOP_45_1_VITIS_LOOP_46_2_VITIS_LOOP_47_3 
INFO: [SCHED 204-11] Starting scheduling ...
INFO: [SCHED 204-61] Pipelining loop 'VITIS_LOOP_45_1_VITIS_LOOP_46_2_VITIS_LOOP_47_3'.
WARNING: [HLS 200-880] The II Violation in module 'inference_Pipeline_VITIS_LOOP_45_1_VITIS_LOOP_46_2_VITIS_LOOP_47_3' (loop 'VITIS_LOOP_45_1_VITIS_LOOP_46_2_VITIS_LOOP_47_3'): Unable to enforce a carried dependence constraint (II = 1, distance = 1, offset = 1) between 'store' operation ('d_addr_4_write_ln56', ../denoiser_c_to_hls/denoiser.cpp:56) of constant <constant:_ssdm_op_Write.bram.i16> on array 'd' and 'load' operation ('max_val.V', ../denoiser_c_to_hls/denoiser.cpp:49) on array 'd'.
WARNING: [HLS 200-885] The II Violation in module 'inference_Pipeline_VITIS_LOOP_45_1_VITIS_LOOP_46_2_VITIS_LOOP_47_3' (loop 'VITIS_LOOP_45_1_VITIS_LOOP_46_2_VITIS_LOOP_47_3'): Unable to schedule 'load' operation ('v1.V', ../denoiser_c_to_hls/denoiser.cpp:50) on array 'd' due to limited memory ports (II = 2). Please consider using a memory core with more ports or partitioning the array 'd'.
INFO: [HLS 200-1470] Pipelining result : Target II = NA, Final II = 3, Depth = 3, loop 'VITIS_LOOP_45_1_VITIS_LOOP_46_2_VITIS_LOOP_47_3'
INFO: [SCHED 204-11] Finished scheduling.
Command       schedule done; 0.226 sec.
INFO: [HLS 200-111] Finished Scheduling: CPU user time: 1 seconds. CPU system time: 0 seconds. Elapsed time: 0.426 seconds; current allocated memory: 276.246 MB.
Execute       syn_report -verbosereport -o C:/Nam_3_HK2_2025_2026/Do_an_1/c_inter_to_hls/denoiser/solution1/.autopilot/db/inference_Pipeline_VITIS_LOOP_45_1_VITIS_LOOP_46_2_VITIS_LOOP_47_3.verbose.sched.rpt 
Execute         AP::get_flow_target_display_name
Execute       db_write -o C:/Nam_3_HK2_2025_2026/Do_an_1/c_inter_to_hls/denoiser/solution1/.autopilot/db/inference_Pipeline_VITIS_LOOP_45_1_VITIS_LOOP_46_2_VITIS_LOOP_47_3.sched.adb -f 
INFO-FLOW: Finish scheduling inference_Pipeline_VITIS_LOOP_45_1_VITIS_LOOP_46_2_VITIS_LOOP_47_3.
Execute       set_default_model inference_Pipeline_VITIS_LOOP_45_1_VITIS_LOOP_46_2_VITIS_LOOP_47_3 
Execute       bind -model inference_Pipeline_VITIS_LOOP_45_1_VITIS_LOOP_46_2_VITIS_LOOP_47_3 
INFO: [BIND 205-100] Starting micro-architecture generation ...
INFO: [BIND 205-101] Performing variable lifetime analysis.
INFO: [BIND 205-101] Exploring resource sharing.
INFO: [BIND 205-101] Binding ...
INFO: [BIND 205-100] Finished micro-architecture generation.
Command       bind done; 0.218 sec.
INFO: [HLS 200-111] Finished Binding: CPU user time: 0 seconds. CPU system time: 0 seconds. Elapsed time: 0.298 seconds; current allocated memory: 276.289 MB.
Execute       syn_report -verbosereport -o C:/Nam_3_HK2_2025_2026/Do_an_1/c_inter_to_hls/denoiser/solution1/.autopilot/db/inference_Pipeline_VITIS_LOOP_45_1_VITIS_LOOP_46_2_VITIS_LOOP_47_3.verbose.bind.rpt 
Execute         AP::get_flow_target_display_name
Command       syn_report done; 0.117 sec.
Execute       db_write -o C:/Nam_3_HK2_2025_2026/Do_an_1/c_inter_to_hls/denoiser/solution1/.autopilot/db/inference_Pipeline_VITIS_LOOP_45_1_VITIS_LOOP_46_2_VITIS_LOOP_47_3.bind.adb -f 
INFO-FLOW: Finish binding inference_Pipeline_VITIS_LOOP_45_1_VITIS_LOOP_46_2_VITIS_LOOP_47_3.
INFO: [HLS 200-10] ----------------------------------------------------------------
INFO: [HLS 200-42] -- Implementing module 'inference_Pipeline_loop_kh_2_loop_kw_2_loop_ic_2' 
INFO: [HLS 200-10] ----------------------------------------------------------------
Execute       set_default_model inference_Pipeline_loop_kh_2_loop_kw_2_loop_ic_2 
Execute       schedule -model inference_Pipeline_loop_kh_2_loop_kw_2_loop_ic_2 
INFO: [SCHED 204-11] Starting scheduling ...
INFO: [HLS 200-486] Changing DSP latency (root=mul_ln1347_1) to 3 in order to utilize available DSP registers.
INFO: [HLS 200-486] Changing DSP latency (root=mul_ln1347) to 3 in order to utilize available DSP registers.
INFO: [SCHED 204-61] Pipelining loop 'loop_kh_2_loop_kw_2_loop_ic_2'.
WARNING: [HLS 200-880] The II Violation in module 'inference_Pipeline_loop_kh_2_loop_kw_2_loop_ic_2' (loop 'loop_kh_2_loop_kw_2_loop_ic_2'): Unable to enforce a carried dependence constraint (II = 1, distance = 1, offset = 0) between 'store' operation ('lhs_write_ln78', ../denoiser_c_to_hls/denoiser.cpp:78) of variable 's_V' on local variable 'lhs' and 'load' operation ('lhs_load_4') on local variable 'lhs'.
INFO: [HLS 200-1470] Pipelining result : Target II = NA, Final II = 2, Depth = 6, loop 'loop_kh_2_loop_kw_2_loop_ic_2'
INFO: [SCHED 204-11] Finished scheduling.
Command       schedule done; 0.328 sec.
INFO: [HLS 200-111] Finished Scheduling: CPU user time: 1 seconds. CPU system time: 0 seconds. Elapsed time: 0.53 seconds; current allocated memory: 277.402 MB.
Execute       syn_report -verbosereport -o C:/Nam_3_HK2_2025_2026/Do_an_1/c_inter_to_hls/denoiser/solution1/.autopilot/db/inference_Pipeline_loop_kh_2_loop_kw_2_loop_ic_2.verbose.sched.rpt 
Execute         AP::get_flow_target_display_name
Execute       db_write -o C:/Nam_3_HK2_2025_2026/Do_an_1/c_inter_to_hls/denoiser/solution1/.autopilot/db/inference_Pipeline_loop_kh_2_loop_kw_2_loop_ic_2.sched.adb -f 
INFO-FLOW: Finish scheduling inference_Pipeline_loop_kh_2_loop_kw_2_loop_ic_2.
Execute       set_default_model inference_Pipeline_loop_kh_2_loop_kw_2_loop_ic_2 
Execute       bind -model inference_Pipeline_loop_kh_2_loop_kw_2_loop_ic_2 
INFO: [BIND 205-100] Starting micro-architecture generation ...
INFO: [BIND 205-101] Performing variable lifetime analysis.
INFO: [BIND 205-101] Exploring resource sharing.
INFO: [BIND 205-101] Binding ...
INFO: [BIND 205-100] Finished micro-architecture generation.
Command       bind done; 0.207 sec.
INFO: [HLS 200-111] Finished Binding: CPU user time: 0 seconds. CPU system time: 0 seconds. Elapsed time: 0.301 seconds; current allocated memory: 278.066 MB.
Execute       syn_report -verbosereport -o C:/Nam_3_HK2_2025_2026/Do_an_1/c_inter_to_hls/denoiser/solution1/.autopilot/db/inference_Pipeline_loop_kh_2_loop_kw_2_loop_ic_2.verbose.bind.rpt 
Execute         AP::get_flow_target_display_name
Command       syn_report done; 0.256 sec.
Execute       db_write -o C:/Nam_3_HK2_2025_2026/Do_an_1/c_inter_to_hls/denoiser/solution1/.autopilot/db/inference_Pipeline_loop_kh_2_loop_kw_2_loop_ic_2.bind.adb -f 
INFO-FLOW: Finish binding inference_Pipeline_loop_kh_2_loop_kw_2_loop_ic_2.
INFO: [HLS 200-10] ----------------------------------------------------------------
INFO: [HLS 200-42] -- Implementing module 'inference_Pipeline_VITIS_LOOP_97_1_VITIS_LOOP_98_2_VITIS_LOOP_99_3' 
INFO: [HLS 200-10] ----------------------------------------------------------------
Execute       set_default_model inference_Pipeline_VITIS_LOOP_97_1_VITIS_LOOP_98_2_VITIS_LOOP_99_3 
Execute       schedule -model inference_Pipeline_VITIS_LOOP_97_1_VITIS_LOOP_98_2_VITIS_LOOP_99_3 
INFO: [SCHED 204-11] Starting scheduling ...
INFO: [SCHED 204-61] Pipelining loop 'VITIS_LOOP_97_1_VITIS_LOOP_98_2_VITIS_LOOP_99_3'.
WARNING: [HLS 200-880] The II Violation in module 'inference_Pipeline_VITIS_LOOP_97_1_VITIS_LOOP_98_2_VITIS_LOOP_99_3' (loop 'VITIS_LOOP_97_1_VITIS_LOOP_98_2_VITIS_LOOP_99_3'): Unable to enforce a carried dependence constraint (II = 1, distance = 1, offset = 1) between 'store' operation ('d_addr_4_write_ln102', ../denoiser_c_to_hls/denoiser.cpp:102) of constant <constant:_ssdm_op_Write.bram.i16> on array 'd' and 'load' operation ('d_load', ../denoiser_c_to_hls/denoiser.cpp:105) on array 'd'.
WARNING: [HLS 200-880] The II Violation in module 'inference_Pipeline_VITIS_LOOP_97_1_VITIS_LOOP_98_2_VITIS_LOOP_99_3' (loop 'VITIS_LOOP_97_1_VITIS_LOOP_98_2_VITIS_LOOP_99_3'): Unable to enforce a carried dependence constraint (II = 2, distance = 1, offset = 1) between 'store' operation ('d_addr_5_write_ln103', ../denoiser_c_to_hls/denoiser.cpp:103) of constant <constant:_ssdm_op_Write.bram.i16> on array 'd' and 'load' operation ('d_load', ../denoiser_c_to_hls/denoiser.cpp:105) on array 'd'.
WARNING: [HLS 200-880] The II Violation in module 'inference_Pipeline_VITIS_LOOP_97_1_VITIS_LOOP_98_2_VITIS_LOOP_99_3' (loop 'VITIS_LOOP_97_1_VITIS_LOOP_98_2_VITIS_LOOP_99_3'): Unable to enforce a carried dependence constraint (II = 3, distance = 1, offset = 1) between 'store' operation ('d_addr_6_write_ln104', ../denoiser_c_to_hls/denoiser.cpp:104) of constant <constant:_ssdm_op_Write.bram.i16> on array 'd' and 'load' operation ('d_load', ../denoiser_c_to_hls/denoiser.cpp:105) on array 'd'.
WARNING: [HLS 200-880] The II Violation in module 'inference_Pipeline_VITIS_LOOP_97_1_VITIS_LOOP_98_2_VITIS_LOOP_99_3' (loop 'VITIS_LOOP_97_1_VITIS_LOOP_98_2_VITIS_LOOP_99_3'): Unable to enforce a carried dependence constraint (II = 4, distance = 1, offset = 1) between 'store' operation ('d_addr_7_write_ln105', ../denoiser_c_to_hls/denoiser.cpp:105) of constant <constant:_ssdm_op_Write.bram.i16> on array 'd' and 'load' operation ('d_load', ../denoiser_c_to_hls/denoiser.cpp:105) on array 'd'.
INFO: [HLS 200-1470] Pipelining result : Target II = NA, Final II = 5, Depth = 5, loop 'VITIS_LOOP_97_1_VITIS_LOOP_98_2_VITIS_LOOP_99_3'
INFO: [SCHED 204-11] Finished scheduling.
Command       schedule done; 0.376 sec.
INFO: [HLS 200-111] Finished Scheduling: CPU user time: 1 seconds. CPU system time: 0 seconds. Elapsed time: 0.75 seconds; current allocated memory: 278.812 MB.
Execute       syn_report -verbosereport -o C:/Nam_3_HK2_2025_2026/Do_an_1/c_inter_to_hls/denoiser/solution1/.autopilot/db/inference_Pipeline_VITIS_LOOP_97_1_VITIS_LOOP_98_2_VITIS_LOOP_99_3.verbose.sched.rpt 
Execute         AP::get_flow_target_display_name
Execute       db_write -o C:/Nam_3_HK2_2025_2026/Do_an_1/c_inter_to_hls/denoiser/solution1/.autopilot/db/inference_Pipeline_VITIS_LOOP_97_1_VITIS_LOOP_98_2_VITIS_LOOP_99_3.sched.adb -f 
INFO-FLOW: Finish scheduling inference_Pipeline_VITIS_LOOP_97_1_VITIS_LOOP_98_2_VITIS_LOOP_99_3.
Execute       set_default_model inference_Pipeline_VITIS_LOOP_97_1_VITIS_LOOP_98_2_VITIS_LOOP_99_3 
Execute       bind -model inference_Pipeline_VITIS_LOOP_97_1_VITIS_LOOP_98_2_VITIS_LOOP_99_3 
INFO: [BIND 205-100] Starting micro-architecture generation ...
INFO: [BIND 205-101] Performing variable lifetime analysis.
INFO: [BIND 205-101] Exploring resource sharing.
INFO: [BIND 205-101] Binding ...
INFO: [BIND 205-100] Finished micro-architecture generation.
Command       bind done; 0.231 sec.
INFO: [HLS 200-111] Finished Binding: CPU user time: 0 seconds. CPU system time: 0 seconds. Elapsed time: 0.3 seconds; current allocated memory: 278.871 MB.
Execute       syn_report -verbosereport -o C:/Nam_3_HK2_2025_2026/Do_an_1/c_inter_to_hls/denoiser/solution1/.autopilot/db/inference_Pipeline_VITIS_LOOP_97_1_VITIS_LOOP_98_2_VITIS_LOOP_99_3.verbose.bind.rpt 
Execute         AP::get_flow_target_display_name
Command       syn_report done; 0.161 sec.
Execute       db_write -o C:/Nam_3_HK2_2025_2026/Do_an_1/c_inter_to_hls/denoiser/solution1/.autopilot/db/inference_Pipeline_VITIS_LOOP_97_1_VITIS_LOOP_98_2_VITIS_LOOP_99_3.bind.adb -f 
INFO-FLOW: Finish binding inference_Pipeline_VITIS_LOOP_97_1_VITIS_LOOP_98_2_VITIS_LOOP_99_3.
INFO: [HLS 200-10] ----------------------------------------------------------------
INFO: [HLS 200-42] -- Implementing module 'inference_Pipeline_loop_kh_3_loop_kw_3_loop_ic_3' 
INFO: [HLS 200-10] ----------------------------------------------------------------
Execute       set_default_model inference_Pipeline_loop_kh_3_loop_kw_3_loop_ic_3 
Execute       schedule -model inference_Pipeline_loop_kh_3_loop_kw_3_loop_ic_3 
INFO: [SCHED 204-11] Starting scheduling ...
INFO: [HLS 200-486] Changing DSP latency (root=mul_ln1347_2) to 3 in order to utilize available DSP registers.
INFO: [HLS 200-486] Changing DSP latency (root=mul_ln1347) to 3 in order to utilize available DSP registers.
INFO: [SCHED 204-61] Pipelining loop 'loop_kh_3_loop_kw_3_loop_ic_3'.
WARNING: [HLS 200-880] The II Violation in module 'inference_Pipeline_loop_kh_3_loop_kw_3_loop_ic_3' (loop 'loop_kh_3_loop_kw_3_loop_ic_3'): Unable to enforce a carried dependence constraint (II = 1, distance = 1, offset = 0) between 'store' operation ('lhs_write_ln127', ../denoiser_c_to_hls/denoiser.cpp:127) of variable 's_V' on local variable 'lhs' and 'load' operation ('lhs_load_3') on local variable 'lhs'.
INFO: [HLS 200-1470] Pipelining result : Target II = NA, Final II = 2, Depth = 6, loop 'loop_kh_3_loop_kw_3_loop_ic_3'
INFO: [SCHED 204-11] Finished scheduling.
Command       schedule done; 0.354 sec.
INFO: [HLS 200-111] Finished Scheduling: CPU user time: 1 seconds. CPU system time: 0 seconds. Elapsed time: 0.622 seconds; current allocated memory: 279.348 MB.
Execute       syn_report -verbosereport -o C:/Nam_3_HK2_2025_2026/Do_an_1/c_inter_to_hls/denoiser/solution1/.autopilot/db/inference_Pipeline_loop_kh_3_loop_kw_3_loop_ic_3.verbose.sched.rpt 
Execute         AP::get_flow_target_display_name
Execute       db_write -o C:/Nam_3_HK2_2025_2026/Do_an_1/c_inter_to_hls/denoiser/solution1/.autopilot/db/inference_Pipeline_loop_kh_3_loop_kw_3_loop_ic_3.sched.adb -f 
INFO-FLOW: Finish scheduling inference_Pipeline_loop_kh_3_loop_kw_3_loop_ic_3.
Execute       set_default_model inference_Pipeline_loop_kh_3_loop_kw_3_loop_ic_3 
Execute       bind -model inference_Pipeline_loop_kh_3_loop_kw_3_loop_ic_3 
INFO: [BIND 205-100] Starting micro-architecture generation ...
INFO: [BIND 205-101] Performing variable lifetime analysis.
INFO: [BIND 205-101] Exploring resource sharing.
INFO: [BIND 205-101] Binding ...
INFO: [BIND 205-100] Finished micro-architecture generation.
Command       bind done; 0.226 sec.
INFO: [HLS 200-111] Finished Binding: CPU user time: 0 seconds. CPU system time: 0 seconds. Elapsed time: 0.341 seconds; current allocated memory: 279.613 MB.
Execute       syn_report -verbosereport -o C:/Nam_3_HK2_2025_2026/Do_an_1/c_inter_to_hls/denoiser/solution1/.autopilot/db/inference_Pipeline_loop_kh_3_loop_kw_3_loop_ic_3.verbose.bind.rpt 
Execute         AP::get_flow_target_display_name
Command       syn_report done; 0.276 sec.
Execute       db_write -o C:/Nam_3_HK2_2025_2026/Do_an_1/c_inter_to_hls/denoiser/solution1/.autopilot/db/inference_Pipeline_loop_kh_3_loop_kw_3_loop_ic_3.bind.adb -f 
INFO-FLOW: Finish binding inference_Pipeline_loop_kh_3_loop_kw_3_loop_ic_3.
INFO: [HLS 200-10] ----------------------------------------------------------------
INFO: [HLS 200-42] -- Implementing module 'inference_Pipeline_loop_kh_out_loop_kw_out_loop_ic_out' 
INFO: [HLS 200-10] ----------------------------------------------------------------
Execute       set_default_model inference_Pipeline_loop_kh_out_loop_kw_out_loop_ic_out 
Execute       schedule -model inference_Pipeline_loop_kh_out_loop_kw_out_loop_ic_out 
INFO: [SCHED 204-11] Starting scheduling ...
INFO: [HLS 200-486] Changing DSP latency (root=mul_ln1347_1) to 3 in order to utilize available DSP registers.
INFO: [HLS 200-486] Changing DSP latency (root=mul_ln1347) to 3 in order to utilize available DSP registers.
INFO: [SCHED 204-61] Pipelining loop 'loop_kh_out_loop_kw_out_loop_ic_out'.
WARNING: [HLS 200-880] The II Violation in module 'inference_Pipeline_loop_kh_out_loop_kw_out_loop_ic_out' (loop 'loop_kh_out_loop_kw_out_loop_ic_out'): Unable to enforce a carried dependence constraint (II = 1, distance = 1, offset = 0) between 'store' operation ('lhs_write_ln157', ../denoiser_c_to_hls/denoiser.cpp:157) of variable 's_V' on local variable 'lhs' and 'load' operation ('lhs_load_2') on local variable 'lhs'.
INFO: [HLS 200-1470] Pipelining result : Target II = NA, Final II = 2, Depth = 6, loop 'loop_kh_out_loop_kw_out_loop_ic_out'
INFO: [SCHED 204-11] Finished scheduling.
Command       schedule done; 0.338 sec.
INFO: [HLS 200-111] Finished Scheduling: CPU user time: 1 seconds. CPU system time: 0 seconds. Elapsed time: 0.758 seconds; current allocated memory: 280.719 MB.
Execute       syn_report -verbosereport -o C:/Nam_3_HK2_2025_2026/Do_an_1/c_inter_to_hls/denoiser/solution1/.autopilot/db/inference_Pipeline_loop_kh_out_loop_kw_out_loop_ic_out.verbose.sched.rpt 
Execute         AP::get_flow_target_display_name
Execute       db_write -o C:/Nam_3_HK2_2025_2026/Do_an_1/c_inter_to_hls/denoiser/solution1/.autopilot/db/inference_Pipeline_loop_kh_out_loop_kw_out_loop_ic_out.sched.adb -f 
INFO-FLOW: Finish scheduling inference_Pipeline_loop_kh_out_loop_kw_out_loop_ic_out.
Execute       set_default_model inference_Pipeline_loop_kh_out_loop_kw_out_loop_ic_out 
Execute       bind -model inference_Pipeline_loop_kh_out_loop_kw_out_loop_ic_out 
INFO: [BIND 205-100] Starting micro-architecture generation ...
INFO: [BIND 205-101] Performing variable lifetime analysis.
INFO: [BIND 205-101] Exploring resource sharing.
INFO: [BIND 205-101] Binding ...
INFO: [BIND 205-100] Finished micro-architecture generation.
Command       bind done; 0.214 sec.
INFO: [HLS 200-111] Finished Binding: CPU user time: 0 seconds. CPU system time: 0 seconds. Elapsed time: 0.315 seconds; current allocated memory: 280.797 MB.
Execute       syn_report -verbosereport -o C:/Nam_3_HK2_2025_2026/Do_an_1/c_inter_to_hls/denoiser/solution1/.autopilot/db/inference_Pipeline_loop_kh_out_loop_kw_out_loop_ic_out.verbose.bind.rpt 
Execute         AP::get_flow_target_display_name
Command       syn_report done; 0.277 sec.
Execute       db_write -o C:/Nam_3_HK2_2025_2026/Do_an_1/c_inter_to_hls/denoiser/solution1/.autopilot/db/inference_Pipeline_loop_kh_out_loop_kw_out_loop_ic_out.bind.adb -f 
INFO-FLOW: Finish binding inference_Pipeline_loop_kh_out_loop_kw_out_loop_ic_out.
INFO: [HLS 200-10] ----------------------------------------------------------------
INFO: [HLS 200-42] -- Implementing module 'inference' 
INFO: [HLS 200-10] ----------------------------------------------------------------
Execute       set_default_model inference 
Execute       schedule -model inference 
INFO: [SCHED 204-11] Starting scheduling ...
INFO: [SCHED 204-11] Finished scheduling.
Command       schedule done; 0.39 sec.
INFO: [HLS 200-111] Finished Scheduling: CPU user time: 1 seconds. CPU system time: 0 seconds. Elapsed time: 0.794 seconds; current allocated memory: 282.410 MB.
Execute       syn_report -verbosereport -o C:/Nam_3_HK2_2025_2026/Do_an_1/c_inter_to_hls/denoiser/solution1/.autopilot/db/inference.verbose.sched.rpt 
Execute         AP::get_flow_target_display_name
Command       syn_report done; 0.279 sec.
Execute       db_write -o C:/Nam_3_HK2_2025_2026/Do_an_1/c_inter_to_hls/denoiser/solution1/.autopilot/db/inference.sched.adb -f 
INFO-FLOW: Finish scheduling inference.
Execute       set_default_model inference 
Execute       bind -model inference 
INFO: [BIND 205-100] Starting micro-architecture generation ...
INFO: [BIND 205-101] Performing variable lifetime analysis.
INFO: [BIND 205-101] Exploring resource sharing.
INFO: [BIND 205-101] Binding ...
INFO: [BIND 205-100] Finished micro-architecture generation.
Command       bind done; 0.644 sec.
INFO: [HLS 200-111] Finished Binding: CPU user time: 1 seconds. CPU system time: 0 seconds. Elapsed time: 0.993 seconds; current allocated memory: 283.902 MB.
Execute       syn_report -verbosereport -o C:/Nam_3_HK2_2025_2026/Do_an_1/c_inter_to_hls/denoiser/solution1/.autopilot/db/inference.verbose.bind.rpt 
Execute         AP::get_flow_target_display_name
Command       syn_report done; 1.221 sec.
Execute       db_write -o C:/Nam_3_HK2_2025_2026/Do_an_1/c_inter_to_hls/denoiser/solution1/.autopilot/db/inference.bind.adb -f 
INFO-FLOW: Finish binding inference.
INFO: [HLS 200-10] ----------------------------------------------------------------
INFO: [HLS 200-42] -- Implementing module 'denoiser_top_Pipeline_VITIS_LOOP_25_2' 
INFO: [HLS 200-10] ----------------------------------------------------------------
Execute       set_default_model denoiser_top_Pipeline_VITIS_LOOP_25_2 
Execute       schedule -model denoiser_top_Pipeline_VITIS_LOOP_25_2 
INFO: [SCHED 204-11] Starting scheduling ...
INFO: [SCHED 204-61] Pipelining loop 'VITIS_LOOP_25_2'.
INFO: [HLS 200-1470] Pipelining result : Target II = 1, Final II = 1, Depth = 3, loop 'VITIS_LOOP_25_2'
INFO: [SCHED 204-11] Finished scheduling.
Command       schedule done; 0.128 sec.
INFO: [HLS 200-111] Finished Scheduling: CPU user time: 1 seconds. CPU system time: 0 seconds. Elapsed time: 1.51 seconds; current allocated memory: 284.652 MB.
Execute       syn_report -verbosereport -o C:/Nam_3_HK2_2025_2026/Do_an_1/c_inter_to_hls/denoiser/solution1/.autopilot/db/denoiser_top_Pipeline_VITIS_LOOP_25_2.verbose.sched.rpt 
Execute         AP::get_flow_target_display_name
Execute       db_write -o C:/Nam_3_HK2_2025_2026/Do_an_1/c_inter_to_hls/denoiser/solution1/.autopilot/db/denoiser_top_Pipeline_VITIS_LOOP_25_2.sched.adb -f 
INFO-FLOW: Finish scheduling denoiser_top_Pipeline_VITIS_LOOP_25_2.
Execute       set_default_model denoiser_top_Pipeline_VITIS_LOOP_25_2 
Execute       bind -model denoiser_top_Pipeline_VITIS_LOOP_25_2 
INFO: [BIND 205-100] Starting micro-architecture generation ...
INFO: [BIND 205-101] Performing variable lifetime analysis.
INFO: [BIND 205-101] Exploring resource sharing.
INFO: [BIND 205-101] Binding ...
INFO: [BIND 205-100] Finished micro-architecture generation.
Command       bind done; 0.158 sec.
INFO: [HLS 200-111] Finished Binding: CPU user time: 0 seconds. CPU system time: 0 seconds. Elapsed time: 0.181 seconds; current allocated memory: 284.652 MB.
Execute       syn_report -verbosereport -o C:/Nam_3_HK2_2025_2026/Do_an_1/c_inter_to_hls/denoiser/solution1/.autopilot/db/denoiser_top_Pipeline_VITIS_LOOP_25_2.verbose.bind.rpt 
Execute         AP::get_flow_target_display_name
Execute       db_write -o C:/Nam_3_HK2_2025_2026/Do_an_1/c_inter_to_hls/denoiser/solution1/.autopilot/db/denoiser_top_Pipeline_VITIS_LOOP_25_2.bind.adb -f 
INFO-FLOW: Finish binding denoiser_top_Pipeline_VITIS_LOOP_25_2.
INFO: [HLS 200-10] ----------------------------------------------------------------
INFO: [HLS 200-42] -- Implementing module 'denoiser_top' 
INFO: [HLS 200-10] ----------------------------------------------------------------
Execute       set_default_model denoiser_top 
Execute       schedule -model denoiser_top 
INFO: [SCHED 204-11] Starting scheduling ...
INFO: [SCHED 204-11] Finished scheduling.
Command       schedule done; 0.121 sec.
INFO: [HLS 200-111] Finished Scheduling: CPU user time: 1 seconds. CPU system time: 0 seconds. Elapsed time: 0.251 seconds; current allocated memory: 284.652 MB.
Execute       syn_report -verbosereport -o C:/Nam_3_HK2_2025_2026/Do_an_1/c_inter_to_hls/denoiser/solution1/.autopilot/db/denoiser_top.verbose.sched.rpt 
Execute         AP::get_flow_target_display_name
Execute       db_write -o C:/Nam_3_HK2_2025_2026/Do_an_1/c_inter_to_hls/denoiser/solution1/.autopilot/db/denoiser_top.sched.adb -f 
INFO-FLOW: Finish scheduling denoiser_top.
Execute       set_default_model denoiser_top 
Execute       bind -model denoiser_top 
INFO: [BIND 205-100] Starting micro-architecture generation ...
INFO: [BIND 205-101] Performing variable lifetime analysis.
INFO: [BIND 205-101] Exploring resource sharing.
INFO: [BIND 205-101] Binding ...
INFO: [BIND 205-100] Finished micro-architecture generation.
Command       bind done; 0.624 sec.
INFO: [HLS 200-111] Finished Binding: CPU user time: 0 seconds. CPU system time: 0 seconds. Elapsed time: 0.684 seconds; current allocated memory: 284.656 MB.
Execute       syn_report -verbosereport -o C:/Nam_3_HK2_2025_2026/Do_an_1/c_inter_to_hls/denoiser/solution1/.autopilot/db/denoiser_top.verbose.bind.rpt 
Execute         AP::get_flow_target_display_name
Command       syn_report done; 1.231 sec.
Execute       db_write -o C:/Nam_3_HK2_2025_2026/Do_an_1/c_inter_to_hls/denoiser/solution1/.autopilot/db/denoiser_top.bind.adb -f 
INFO-FLOW: Finish binding denoiser_top.
Execute       get_model_list denoiser_top -filter all-wo-channel 
INFO-FLOW: Preprocessing for RTLGen ...
Execute       rtl_gen_preprocess denoiser_top_Pipeline_VITIS_LOOP_18_1 
Execute       rtl_gen_preprocess inference_Pipeline_loop_kw_1 
Execute       rtl_gen_preprocess inference_Pipeline_VITIS_LOOP_45_1_VITIS_LOOP_46_2_VITIS_LOOP_47_3 
Execute       rtl_gen_preprocess inference_Pipeline_loop_kh_2_loop_kw_2_loop_ic_2 
Execute       rtl_gen_preprocess inference_Pipeline_VITIS_LOOP_97_1_VITIS_LOOP_98_2_VITIS_LOOP_99_3 
Execute       rtl_gen_preprocess inference_Pipeline_loop_kh_3_loop_kw_3_loop_ic_3 
Execute       rtl_gen_preprocess inference_Pipeline_loop_kh_out_loop_kw_out_loop_ic_out 
Execute       rtl_gen_preprocess inference 
Execute       rtl_gen_preprocess denoiser_top_Pipeline_VITIS_LOOP_25_2 
Execute       rtl_gen_preprocess denoiser_top 
INFO-FLOW: Model list for RTL generation: denoiser_top_Pipeline_VITIS_LOOP_18_1 inference_Pipeline_loop_kw_1 inference_Pipeline_VITIS_LOOP_45_1_VITIS_LOOP_46_2_VITIS_LOOP_47_3 inference_Pipeline_loop_kh_2_loop_kw_2_loop_ic_2 inference_Pipeline_VITIS_LOOP_97_1_VITIS_LOOP_98_2_VITIS_LOOP_99_3 inference_Pipeline_loop_kh_3_loop_kw_3_loop_ic_3 inference_Pipeline_loop_kh_out_loop_kw_out_loop_ic_out inference denoiser_top_Pipeline_VITIS_LOOP_25_2 denoiser_top
INFO: [HLS 200-10] ----------------------------------------------------------------
INFO: [HLS 200-10] -- Generating RTL for module 'denoiser_top_Pipeline_VITIS_LOOP_18_1' 
INFO: [HLS 200-10] ----------------------------------------------------------------
Execute       create_rtl_model denoiser_top_Pipeline_VITIS_LOOP_18_1 -top_prefix denoiser_top_ -sub_prefix denoiser_top_ -mg_file C:/Nam_3_HK2_2025_2026/Do_an_1/c_inter_to_hls/denoiser/solution1/.autopilot/db/denoiser_top_Pipeline_VITIS_LOOP_18_1.compgen.tcl 
INFO: [HLS 200-1030] Apply Unified Pipeline Control on module 'denoiser_top_Pipeline_VITIS_LOOP_18_1' pipeline 'VITIS_LOOP_18_1' pipeline type 'loop pipeline'
WARNING: [RTGEN 206-101] Setting dangling out port 'denoiser_top_Pipeline_VITIS_LOOP_18_1/m_axi_gmem0_ARVALID' to 0.
WARNING: [RTGEN 206-101] Setting dangling out port 'denoiser_top_Pipeline_VITIS_LOOP_18_1/m_axi_gmem0_ARADDR' to 0.
WARNING: [RTGEN 206-101] Setting dangling out port 'denoiser_top_Pipeline_VITIS_LOOP_18_1/m_axi_gmem0_ARID' to 0.
WARNING: [RTGEN 206-101] Setting dangling out port 'denoiser_top_Pipeline_VITIS_LOOP_18_1/m_axi_gmem0_ARLEN' to 0.
WARNING: [RTGEN 206-101] Setting dangling out port 'denoiser_top_Pipeline_VITIS_LOOP_18_1/m_axi_gmem0_ARSIZE' to 0.
WARNING: [RTGEN 206-101] Setting dangling out port 'denoiser_top_Pipeline_VITIS_LOOP_18_1/m_axi_gmem0_ARBURST' to 0.
WARNING: [RTGEN 206-101] Setting dangling out port 'denoiser_top_Pipeline_VITIS_LOOP_18_1/m_axi_gmem0_ARLOCK' to 0.
WARNING: [RTGEN 206-101] Setting dangling out port 'denoiser_top_Pipeline_VITIS_LOOP_18_1/m_axi_gmem0_ARCACHE' to 0.
WARNING: [RTGEN 206-101] Setting dangling out port 'denoiser_top_Pipeline_VITIS_LOOP_18_1/m_axi_gmem0_ARPROT' to 0.
WARNING: [RTGEN 206-101] Setting dangling out port 'denoiser_top_Pipeline_VITIS_LOOP_18_1/m_axi_gmem0_ARQOS' to 0.
WARNING: [RTGEN 206-101] Setting dangling out port 'denoiser_top_Pipeline_VITIS_LOOP_18_1/m_axi_gmem0_ARREGION' to 0.
WARNING: [RTGEN 206-101] Setting dangling out port 'denoiser_top_Pipeline_VITIS_LOOP_18_1/m_axi_gmem0_ARUSER' to 0.
INFO: [RTGEN 206-100] Finished creating RTL model for 'denoiser_top_Pipeline_VITIS_LOOP_18_1'.
Command       create_rtl_model done; 0.489 sec.
INFO: [HLS 200-111] Finished Creating RTL model: CPU user time: 2 seconds. CPU system time: 0 seconds. Elapsed time: 1.871 seconds; current allocated memory: 287.617 MB.
Execute       source C:/Nam_3_HK2_2025_2026/Do_an_1/c_inter_to_hls/denoiser/solution1/.autopilot/db/denoiser_top.rtl_wrap.cfg.tcl 
Execute       gen_rtl denoiser_top_Pipeline_VITIS_LOOP_18_1 -style xilinx -f -lang vhdl -o C:/Nam_3_HK2_2025_2026/Do_an_1/c_inter_to_hls/denoiser/solution1/syn/vhdl/denoiser_top_denoiser_top_Pipeline_VITIS_LOOP_18_1 
Execute       gen_rtl denoiser_top_Pipeline_VITIS_LOOP_18_1 -style xilinx -f -lang vlog -o C:/Nam_3_HK2_2025_2026/Do_an_1/c_inter_to_hls/denoiser/solution1/syn/verilog/denoiser_top_denoiser_top_Pipeline_VITIS_LOOP_18_1 
Execute       syn_report -csynth -model denoiser_top_Pipeline_VITIS_LOOP_18_1 -o C:/Nam_3_HK2_2025_2026/Do_an_1/c_inter_to_hls/denoiser/solution1/syn/report/denoiser_top_Pipeline_VITIS_LOOP_18_1_csynth.rpt 
Execute         AP::get_flow_target_display_name
Execute       syn_report -rtlxml -model denoiser_top_Pipeline_VITIS_LOOP_18_1 -o C:/Nam_3_HK2_2025_2026/Do_an_1/c_inter_to_hls/denoiser/solution1/syn/report/denoiser_top_Pipeline_VITIS_LOOP_18_1_csynth.xml 
Execute       syn_report -verbosereport -model denoiser_top_Pipeline_VITIS_LOOP_18_1 -o C:/Nam_3_HK2_2025_2026/Do_an_1/c_inter_to_hls/denoiser/solution1/.autopilot/db/denoiser_top_Pipeline_VITIS_LOOP_18_1.verbose.rpt 
Execute         AP::get_flow_target_display_name
Execute       db_write -model denoiser_top_Pipeline_VITIS_LOOP_18_1 -f -o C:/Nam_3_HK2_2025_2026/Do_an_1/c_inter_to_hls/denoiser/solution1/.autopilot/db/denoiser_top_Pipeline_VITIS_LOOP_18_1.adb 
Execute       db_write -model denoiser_top_Pipeline_VITIS_LOOP_18_1 -bindview -o C:/Nam_3_HK2_2025_2026/Do_an_1/c_inter_to_hls/denoiser/solution1/.autopilot/db/design.bindinfo.xml 
Execute       gen_tb_info denoiser_top_Pipeline_VITIS_LOOP_18_1 -p C:/Nam_3_HK2_2025_2026/Do_an_1/c_inter_to_hls/denoiser/solution1/.autopilot/db -o C:/Nam_3_HK2_2025_2026/Do_an_1/c_inter_to_hls/denoiser/solution1/.autopilot/db/denoiser_top_Pipeline_VITIS_LOOP_18_1 
INFO: [HLS 200-10] ----------------------------------------------------------------
INFO: [HLS 200-10] -- Generating RTL for module 'inference_Pipeline_loop_kw_1' 
INFO: [HLS 200-10] ----------------------------------------------------------------
Execute       create_rtl_model inference_Pipeline_loop_kw_1 -top_prefix denoiser_top_ -sub_prefix denoiser_top_ -mg_file C:/Nam_3_HK2_2025_2026/Do_an_1/c_inter_to_hls/denoiser/solution1/.autopilot/db/inference_Pipeline_loop_kw_1.compgen.tcl 
INFO: [RTGEN 206-100] Generating core module 'mac_muladd_10s_16s_26ns_26_4_1': 2 instance(s).
INFO: [RTGEN 206-100] Finished creating RTL model for 'inference_Pipeline_loop_kw_1'.
INFO: [RTMG 210-279] Implementing memory 'denoiser_top_inference_Pipeline_loop_kw_1_conv1_kernel_V_ROM_AUTO_1R' using auto ROMs.
Command       create_rtl_model done; 0.103 sec.
INFO: [HLS 200-111] Finished Creating RTL model: CPU user time: 0 seconds. CPU system time: 0 seconds. Elapsed time: 0.355 seconds; current allocated memory: 289.781 MB.
Execute       source C:/Nam_3_HK2_2025_2026/Do_an_1/c_inter_to_hls/denoiser/solution1/.autopilot/db/denoiser_top.rtl_wrap.cfg.tcl 
Execute       gen_rtl inference_Pipeline_loop_kw_1 -style xilinx -f -lang vhdl -o C:/Nam_3_HK2_2025_2026/Do_an_1/c_inter_to_hls/denoiser/solution1/syn/vhdl/denoiser_top_inference_Pipeline_loop_kw_1 
Execute       gen_rtl inference_Pipeline_loop_kw_1 -style xilinx -f -lang vlog -o C:/Nam_3_HK2_2025_2026/Do_an_1/c_inter_to_hls/denoiser/solution1/syn/verilog/denoiser_top_inference_Pipeline_loop_kw_1 
Execute       syn_report -csynth -model inference_Pipeline_loop_kw_1 -o C:/Nam_3_HK2_2025_2026/Do_an_1/c_inter_to_hls/denoiser/solution1/syn/report/inference_Pipeline_loop_kw_1_csynth.rpt 
Execute         AP::get_flow_target_display_name
Execute       syn_report -rtlxml -model inference_Pipeline_loop_kw_1 -o C:/Nam_3_HK2_2025_2026/Do_an_1/c_inter_to_hls/denoiser/solution1/syn/report/inference_Pipeline_loop_kw_1_csynth.xml 
Execute       syn_report -verbosereport -model inference_Pipeline_loop_kw_1 -o C:/Nam_3_HK2_2025_2026/Do_an_1/c_inter_to_hls/denoiser/solution1/.autopilot/db/inference_Pipeline_loop_kw_1.verbose.rpt 
Execute         AP::get_flow_target_display_name
Execute       db_write -model inference_Pipeline_loop_kw_1 -f -o C:/Nam_3_HK2_2025_2026/Do_an_1/c_inter_to_hls/denoiser/solution1/.autopilot/db/inference_Pipeline_loop_kw_1.adb 
Execute       db_write -model inference_Pipeline_loop_kw_1 -bindview -o C:/Nam_3_HK2_2025_2026/Do_an_1/c_inter_to_hls/denoiser/solution1/.autopilot/db/design.bindinfo.xml 
Execute       gen_tb_info inference_Pipeline_loop_kw_1 -p C:/Nam_3_HK2_2025_2026/Do_an_1/c_inter_to_hls/denoiser/solution1/.autopilot/db -o C:/Nam_3_HK2_2025_2026/Do_an_1/c_inter_to_hls/denoiser/solution1/.autopilot/db/inference_Pipeline_loop_kw_1 
INFO: [HLS 200-10] ----------------------------------------------------------------
INFO: [HLS 200-10] -- Generating RTL for module 'inference_Pipeline_VITIS_LOOP_45_1_VITIS_LOOP_46_2_VITIS_LOOP_47_3' 
INFO: [HLS 200-10] ----------------------------------------------------------------
Execute       create_rtl_model inference_Pipeline_VITIS_LOOP_45_1_VITIS_LOOP_46_2_VITIS_LOOP_47_3 -top_prefix denoiser_top_ -sub_prefix denoiser_top_ -mg_file C:/Nam_3_HK2_2025_2026/Do_an_1/c_inter_to_hls/denoiser/solution1/.autopilot/db/inference_Pipeline_VITIS_LOOP_45_1_VITIS_LOOP_46_2_VITIS_LOOP_47_3.compgen.tcl 
INFO: [RTGEN 206-100] Finished creating RTL model for 'inference_Pipeline_VITIS_LOOP_45_1_VITIS_LOOP_46_2_VITIS_LOOP_47_3'.
INFO: [HLS 200-111] Finished Creating RTL model: CPU user time: 1 seconds. CPU system time: 0 seconds. Elapsed time: 0.492 seconds; current allocated memory: 291.234 MB.
Execute       source C:/Nam_3_HK2_2025_2026/Do_an_1/c_inter_to_hls/denoiser/solution1/.autopilot/db/denoiser_top.rtl_wrap.cfg.tcl 
Execute       gen_rtl inference_Pipeline_VITIS_LOOP_45_1_VITIS_LOOP_46_2_VITIS_LOOP_47_3 -style xilinx -f -lang vhdl -o C:/Nam_3_HK2_2025_2026/Do_an_1/c_inter_to_hls/denoiser/solution1/syn/vhdl/denoiser_top_inference_Pipeline_VITIS_LOOP_45_1_VITIS_LOOP_46_2_VITIS_LOOP_47_3 
Execute       gen_rtl inference_Pipeline_VITIS_LOOP_45_1_VITIS_LOOP_46_2_VITIS_LOOP_47_3 -style xilinx -f -lang vlog -o C:/Nam_3_HK2_2025_2026/Do_an_1/c_inter_to_hls/denoiser/solution1/syn/verilog/denoiser_top_inference_Pipeline_VITIS_LOOP_45_1_VITIS_LOOP_46_2_VITIS_LOOP_47_3 
Execute       syn_report -csynth -model inference_Pipeline_VITIS_LOOP_45_1_VITIS_LOOP_46_2_VITIS_LOOP_47_3 -o C:/Nam_3_HK2_2025_2026/Do_an_1/c_inter_to_hls/denoiser/solution1/syn/report/inference_Pipeline_VITIS_LOOP_45_1_VITIS_LOOP_46_2_VITIS_LOOP_47_3_csynth.rpt 
Execute         AP::get_flow_target_display_name
Execute       syn_report -rtlxml -model inference_Pipeline_VITIS_LOOP_45_1_VITIS_LOOP_46_2_VITIS_LOOP_47_3 -o C:/Nam_3_HK2_2025_2026/Do_an_1/c_inter_to_hls/denoiser/solution1/syn/report/inference_Pipeline_VITIS_LOOP_45_1_VITIS_LOOP_46_2_VITIS_LOOP_47_3_csynth.xml 
Execute       syn_report -verbosereport -model inference_Pipeline_VITIS_LOOP_45_1_VITIS_LOOP_46_2_VITIS_LOOP_47_3 -o C:/Nam_3_HK2_2025_2026/Do_an_1/c_inter_to_hls/denoiser/solution1/.autopilot/db/inference_Pipeline_VITIS_LOOP_45_1_VITIS_LOOP_46_2_VITIS_LOOP_47_3.verbose.rpt 
Execute         AP::get_flow_target_display_name
Command       syn_report done; 0.146 sec.
Execute       db_write -model inference_Pipeline_VITIS_LOOP_45_1_VITIS_LOOP_46_2_VITIS_LOOP_47_3 -f -o C:/Nam_3_HK2_2025_2026/Do_an_1/c_inter_to_hls/denoiser/solution1/.autopilot/db/inference_Pipeline_VITIS_LOOP_45_1_VITIS_LOOP_46_2_VITIS_LOOP_47_3.adb 
Execute       db_write -model inference_Pipeline_VITIS_LOOP_45_1_VITIS_LOOP_46_2_VITIS_LOOP_47_3 -bindview -o C:/Nam_3_HK2_2025_2026/Do_an_1/c_inter_to_hls/denoiser/solution1/.autopilot/db/design.bindinfo.xml 
Execute       gen_tb_info inference_Pipeline_VITIS_LOOP_45_1_VITIS_LOOP_46_2_VITIS_LOOP_47_3 -p C:/Nam_3_HK2_2025_2026/Do_an_1/c_inter_to_hls/denoiser/solution1/.autopilot/db -o C:/Nam_3_HK2_2025_2026/Do_an_1/c_inter_to_hls/denoiser/solution1/.autopilot/db/inference_Pipeline_VITIS_LOOP_45_1_VITIS_LOOP_46_2_VITIS_LOOP_47_3 
INFO: [HLS 200-10] ----------------------------------------------------------------
INFO: [HLS 200-10] -- Generating RTL for module 'inference_Pipeline_loop_kh_2_loop_kw_2_loop_ic_2' 
INFO: [HLS 200-10] ----------------------------------------------------------------
Execute       create_rtl_model inference_Pipeline_loop_kh_2_loop_kw_2_loop_ic_2 -top_prefix denoiser_top_ -sub_prefix denoiser_top_ -mg_file C:/Nam_3_HK2_2025_2026/Do_an_1/c_inter_to_hls/denoiser/solution1/.autopilot/db/inference_Pipeline_loop_kh_2_loop_kw_2_loop_ic_2.compgen.tcl 
INFO: [HLS 200-1030] Apply Unified Pipeline Control on module 'inference_Pipeline_loop_kh_2_loop_kw_2_loop_ic_2' pipeline 'loop_kh_2_loop_kw_2_loop_ic_2' pipeline type 'loop pipeline'
INFO: [RTGEN 206-100] Generating core module 'mac_muladd_11s_16s_26ns_26_4_1': 2 instance(s).
INFO: [RTGEN 206-100] Finished creating RTL model for 'inference_Pipeline_loop_kh_2_loop_kw_2_loop_ic_2'.
INFO: [RTMG 210-279] Implementing memory 'denoiser_top_inference_Pipeline_loop_kh_2_loop_kw_2_loop_ic_2_conv2_kernel_V_ROM_AUTO_1R' using auto ROMs.
Command       create_rtl_model done; 0.197 sec.
INFO: [HLS 200-111] Finished Creating RTL model: CPU user time: 0 seconds. CPU system time: 1 seconds. Elapsed time: 0.83 seconds; current allocated memory: 295.309 MB.
Execute       source C:/Nam_3_HK2_2025_2026/Do_an_1/c_inter_to_hls/denoiser/solution1/.autopilot/db/denoiser_top.rtl_wrap.cfg.tcl 
Execute       gen_rtl inference_Pipeline_loop_kh_2_loop_kw_2_loop_ic_2 -style xilinx -f -lang vhdl -o C:/Nam_3_HK2_2025_2026/Do_an_1/c_inter_to_hls/denoiser/solution1/syn/vhdl/denoiser_top_inference_Pipeline_loop_kh_2_loop_kw_2_loop_ic_2 
Execute       gen_rtl inference_Pipeline_loop_kh_2_loop_kw_2_loop_ic_2 -style xilinx -f -lang vlog -o C:/Nam_3_HK2_2025_2026/Do_an_1/c_inter_to_hls/denoiser/solution1/syn/verilog/denoiser_top_inference_Pipeline_loop_kh_2_loop_kw_2_loop_ic_2 
Execute       syn_report -csynth -model inference_Pipeline_loop_kh_2_loop_kw_2_loop_ic_2 -o C:/Nam_3_HK2_2025_2026/Do_an_1/c_inter_to_hls/denoiser/solution1/syn/report/inference_Pipeline_loop_kh_2_loop_kw_2_loop_ic_2_csynth.rpt 
Execute         AP::get_flow_target_display_name
Command       syn_report done; 0.131 sec.
Execute       syn_report -rtlxml -model inference_Pipeline_loop_kh_2_loop_kw_2_loop_ic_2 -o C:/Nam_3_HK2_2025_2026/Do_an_1/c_inter_to_hls/denoiser/solution1/syn/report/inference_Pipeline_loop_kh_2_loop_kw_2_loop_ic_2_csynth.xml 
Execute       syn_report -verbosereport -model inference_Pipeline_loop_kh_2_loop_kw_2_loop_ic_2 -o C:/Nam_3_HK2_2025_2026/Do_an_1/c_inter_to_hls/denoiser/solution1/.autopilot/db/inference_Pipeline_loop_kh_2_loop_kw_2_loop_ic_2.verbose.rpt 
Execute         AP::get_flow_target_display_name
Command       syn_report done; 0.276 sec.
Execute       db_write -model inference_Pipeline_loop_kh_2_loop_kw_2_loop_ic_2 -f -o C:/Nam_3_HK2_2025_2026/Do_an_1/c_inter_to_hls/denoiser/solution1/.autopilot/db/inference_Pipeline_loop_kh_2_loop_kw_2_loop_ic_2.adb 
Command       db_write done; 0.111 sec.
Execute       db_write -model inference_Pipeline_loop_kh_2_loop_kw_2_loop_ic_2 -bindview -o C:/Nam_3_HK2_2025_2026/Do_an_1/c_inter_to_hls/denoiser/solution1/.autopilot/db/design.bindinfo.xml 
Execute       gen_tb_info inference_Pipeline_loop_kh_2_loop_kw_2_loop_ic_2 -p C:/Nam_3_HK2_2025_2026/Do_an_1/c_inter_to_hls/denoiser/solution1/.autopilot/db -o C:/Nam_3_HK2_2025_2026/Do_an_1/c_inter_to_hls/denoiser/solution1/.autopilot/db/inference_Pipeline_loop_kh_2_loop_kw_2_loop_ic_2 
INFO: [HLS 200-10] ----------------------------------------------------------------
INFO: [HLS 200-10] -- Generating RTL for module 'inference_Pipeline_VITIS_LOOP_97_1_VITIS_LOOP_98_2_VITIS_LOOP_99_3' 
INFO: [HLS 200-10] ----------------------------------------------------------------
Execute       create_rtl_model inference_Pipeline_VITIS_LOOP_97_1_VITIS_LOOP_98_2_VITIS_LOOP_99_3 -top_prefix denoiser_top_ -sub_prefix denoiser_top_ -mg_file C:/Nam_3_HK2_2025_2026/Do_an_1/c_inter_to_hls/denoiser/solution1/.autopilot/db/inference_Pipeline_VITIS_LOOP_97_1_VITIS_LOOP_98_2_VITIS_LOOP_99_3.compgen.tcl 
INFO: [RTGEN 206-100] Finished creating RTL model for 'inference_Pipeline_VITIS_LOOP_97_1_VITIS_LOOP_98_2_VITIS_LOOP_99_3'.
INFO: [HLS 200-111] Finished Creating RTL model: CPU user time: 1 seconds. CPU system time: 0 seconds. Elapsed time: 1.129 seconds; current allocated memory: 296.715 MB.
Execute       source C:/Nam_3_HK2_2025_2026/Do_an_1/c_inter_to_hls/denoiser/solution1/.autopilot/db/denoiser_top.rtl_wrap.cfg.tcl 
Execute       gen_rtl inference_Pipeline_VITIS_LOOP_97_1_VITIS_LOOP_98_2_VITIS_LOOP_99_3 -style xilinx -f -lang vhdl -o C:/Nam_3_HK2_2025_2026/Do_an_1/c_inter_to_hls/denoiser/solution1/syn/vhdl/denoiser_top_inference_Pipeline_VITIS_LOOP_97_1_VITIS_LOOP_98_2_VITIS_LOOP_99_3 
Execute       gen_rtl inference_Pipeline_VITIS_LOOP_97_1_VITIS_LOOP_98_2_VITIS_LOOP_99_3 -style xilinx -f -lang vlog -o C:/Nam_3_HK2_2025_2026/Do_an_1/c_inter_to_hls/denoiser/solution1/syn/verilog/denoiser_top_inference_Pipeline_VITIS_LOOP_97_1_VITIS_LOOP_98_2_VITIS_LOOP_99_3 
Execute       syn_report -csynth -model inference_Pipeline_VITIS_LOOP_97_1_VITIS_LOOP_98_2_VITIS_LOOP_99_3 -o C:/Nam_3_HK2_2025_2026/Do_an_1/c_inter_to_hls/denoiser/solution1/syn/report/inference_Pipeline_VITIS_LOOP_97_1_VITIS_LOOP_98_2_VITIS_LOOP_99_3_csynth.rpt 
Execute         AP::get_flow_target_display_name
Execute       syn_report -rtlxml -model inference_Pipeline_VITIS_LOOP_97_1_VITIS_LOOP_98_2_VITIS_LOOP_99_3 -o C:/Nam_3_HK2_2025_2026/Do_an_1/c_inter_to_hls/denoiser/solution1/syn/report/inference_Pipeline_VITIS_LOOP_97_1_VITIS_LOOP_98_2_VITIS_LOOP_99_3_csynth.xml 
Execute       syn_report -verbosereport -model inference_Pipeline_VITIS_LOOP_97_1_VITIS_LOOP_98_2_VITIS_LOOP_99_3 -o C:/Nam_3_HK2_2025_2026/Do_an_1/c_inter_to_hls/denoiser/solution1/.autopilot/db/inference_Pipeline_VITIS_LOOP_97_1_VITIS_LOOP_98_2_VITIS_LOOP_99_3.verbose.rpt 
Execute         AP::get_flow_target_display_name
Command       syn_report done; 0.153 sec.
Execute       db_write -model inference_Pipeline_VITIS_LOOP_97_1_VITIS_LOOP_98_2_VITIS_LOOP_99_3 -f -o C:/Nam_3_HK2_2025_2026/Do_an_1/c_inter_to_hls/denoiser/solution1/.autopilot/db/inference_Pipeline_VITIS_LOOP_97_1_VITIS_LOOP_98_2_VITIS_LOOP_99_3.adb 
Execute       db_write -model inference_Pipeline_VITIS_LOOP_97_1_VITIS_LOOP_98_2_VITIS_LOOP_99_3 -bindview -o C:/Nam_3_HK2_2025_2026/Do_an_1/c_inter_to_hls/denoiser/solution1/.autopilot/db/design.bindinfo.xml 
Execute       gen_tb_info inference_Pipeline_VITIS_LOOP_97_1_VITIS_LOOP_98_2_VITIS_LOOP_99_3 -p C:/Nam_3_HK2_2025_2026/Do_an_1/c_inter_to_hls/denoiser/solution1/.autopilot/db -o C:/Nam_3_HK2_2025_2026/Do_an_1/c_inter_to_hls/denoiser/solution1/.autopilot/db/inference_Pipeline_VITIS_LOOP_97_1_VITIS_LOOP_98_2_VITIS_LOOP_99_3 
INFO: [HLS 200-10] ----------------------------------------------------------------
INFO: [HLS 200-10] -- Generating RTL for module 'inference_Pipeline_loop_kh_3_loop_kw_3_loop_ic_3' 
INFO: [HLS 200-10] ----------------------------------------------------------------
Execute       create_rtl_model inference_Pipeline_loop_kh_3_loop_kw_3_loop_ic_3 -top_prefix denoiser_top_ -sub_prefix denoiser_top_ -mg_file C:/Nam_3_HK2_2025_2026/Do_an_1/c_inter_to_hls/denoiser/solution1/.autopilot/db/inference_Pipeline_loop_kh_3_loop_kw_3_loop_ic_3.compgen.tcl 
INFO: [HLS 200-1030] Apply Unified Pipeline Control on module 'inference_Pipeline_loop_kh_3_loop_kw_3_loop_ic_3' pipeline 'loop_kh_3_loop_kw_3_loop_ic_3' pipeline type 'loop pipeline'
INFO: [RTGEN 206-100] Generating core module 'mac_muladd_12s_16s_26ns_26_4_1': 2 instance(s).
INFO: [RTGEN 206-100] Finished creating RTL model for 'inference_Pipeline_loop_kh_3_loop_kw_3_loop_ic_3'.
INFO: [RTMG 210-279] Implementing memory 'denoiser_top_inference_Pipeline_loop_kh_3_loop_kw_3_loop_ic_3_conv3_kernel_V_ROM_AUTO_1R' using auto ROMs.
Command       create_rtl_model done; 0.146 sec.
INFO: [HLS 200-111] Finished Creating RTL model: CPU user time: 1 seconds. CPU system time: 0 seconds. Elapsed time: 0.89 seconds; current allocated memory: 300.887 MB.
Execute       source C:/Nam_3_HK2_2025_2026/Do_an_1/c_inter_to_hls/denoiser/solution1/.autopilot/db/denoiser_top.rtl_wrap.cfg.tcl 
Execute       gen_rtl inference_Pipeline_loop_kh_3_loop_kw_3_loop_ic_3 -style xilinx -f -lang vhdl -o C:/Nam_3_HK2_2025_2026/Do_an_1/c_inter_to_hls/denoiser/solution1/syn/vhdl/denoiser_top_inference_Pipeline_loop_kh_3_loop_kw_3_loop_ic_3 
Execute       gen_rtl inference_Pipeline_loop_kh_3_loop_kw_3_loop_ic_3 -style xilinx -f -lang vlog -o C:/Nam_3_HK2_2025_2026/Do_an_1/c_inter_to_hls/denoiser/solution1/syn/verilog/denoiser_top_inference_Pipeline_loop_kh_3_loop_kw_3_loop_ic_3 
Execute       syn_report -csynth -model inference_Pipeline_loop_kh_3_loop_kw_3_loop_ic_3 -o C:/Nam_3_HK2_2025_2026/Do_an_1/c_inter_to_hls/denoiser/solution1/syn/report/inference_Pipeline_loop_kh_3_loop_kw_3_loop_ic_3_csynth.rpt 
Execute         AP::get_flow_target_display_name
Command       syn_report done; 0.145 sec.
Execute       syn_report -rtlxml -model inference_Pipeline_loop_kh_3_loop_kw_3_loop_ic_3 -o C:/Nam_3_HK2_2025_2026/Do_an_1/c_inter_to_hls/denoiser/solution1/syn/report/inference_Pipeline_loop_kh_3_loop_kw_3_loop_ic_3_csynth.xml 
Execute       syn_report -verbosereport -model inference_Pipeline_loop_kh_3_loop_kw_3_loop_ic_3 -o C:/Nam_3_HK2_2025_2026/Do_an_1/c_inter_to_hls/denoiser/solution1/.autopilot/db/inference_Pipeline_loop_kh_3_loop_kw_3_loop_ic_3.verbose.rpt 
Execute         AP::get_flow_target_display_name
Command       syn_report done; 0.256 sec.
Execute       db_write -model inference_Pipeline_loop_kh_3_loop_kw_3_loop_ic_3 -f -o C:/Nam_3_HK2_2025_2026/Do_an_1/c_inter_to_hls/denoiser/solution1/.autopilot/db/inference_Pipeline_loop_kh_3_loop_kw_3_loop_ic_3.adb 
Execute       db_write -model inference_Pipeline_loop_kh_3_loop_kw_3_loop_ic_3 -bindview -o C:/Nam_3_HK2_2025_2026/Do_an_1/c_inter_to_hls/denoiser/solution1/.autopilot/db/design.bindinfo.xml 
Execute       gen_tb_info inference_Pipeline_loop_kh_3_loop_kw_3_loop_ic_3 -p C:/Nam_3_HK2_2025_2026/Do_an_1/c_inter_to_hls/denoiser/solution1/.autopilot/db -o C:/Nam_3_HK2_2025_2026/Do_an_1/c_inter_to_hls/denoiser/solution1/.autopilot/db/inference_Pipeline_loop_kh_3_loop_kw_3_loop_ic_3 
INFO: [HLS 200-10] ----------------------------------------------------------------
INFO: [HLS 200-10] -- Generating RTL for module 'inference_Pipeline_loop_kh_out_loop_kw_out_loop_ic_out' 
INFO: [HLS 200-10] ----------------------------------------------------------------
Execute       create_rtl_model inference_Pipeline_loop_kh_out_loop_kw_out_loop_ic_out -top_prefix denoiser_top_ -sub_prefix denoiser_top_ -mg_file C:/Nam_3_HK2_2025_2026/Do_an_1/c_inter_to_hls/denoiser/solution1/.autopilot/db/inference_Pipeline_loop_kh_out_loop_kw_out_loop_ic_out.compgen.tcl 
INFO: [SYN 201-210] Renamed object name 'inference_Pipeline_loop_kh_out_loop_kw_out_loop_ic_out_conv_out_kernel_V_ROM_AUTO_1R' to 'inference_Pipeline_loop_kh_out_loop_kw_out_loop_ic_out_conv_out_kernel_V_ROM_bkb' due to the length limit 80
INFO: [HLS 200-1030] Apply Unified Pipeline Control on module 'inference_Pipeline_loop_kh_out_loop_kw_out_loop_ic_out' pipeline 'loop_kh_out_loop_kw_out_loop_ic_out' pipeline type 'loop pipeline'
INFO: [RTGEN 206-100] Generating core module 'mac_muladd_11s_16s_26ns_26_4_1': 2 instance(s).
INFO: [RTGEN 206-100] Finished creating RTL model for 'inference_Pipeline_loop_kh_out_loop_kw_out_loop_ic_out'.
INFO: [RTMG 210-279] Implementing memory 'denoiser_top_inference_Pipeline_loop_kh_out_loop_kw_out_loop_ic_out_conv_out_kernel_V_ROM_bkb' using auto ROMs.
Command       create_rtl_model done; 0.214 sec.
INFO: [HLS 200-111] Finished Creating RTL model: CPU user time: 1 seconds. CPU system time: 1 seconds. Elapsed time: 1.191 seconds; current allocated memory: 304.602 MB.
Execute       source C:/Nam_3_HK2_2025_2026/Do_an_1/c_inter_to_hls/denoiser/solution1/.autopilot/db/denoiser_top.rtl_wrap.cfg.tcl 
Execute       gen_rtl inference_Pipeline_loop_kh_out_loop_kw_out_loop_ic_out -style xilinx -f -lang vhdl -o C:/Nam_3_HK2_2025_2026/Do_an_1/c_inter_to_hls/denoiser/solution1/syn/vhdl/denoiser_top_inference_Pipeline_loop_kh_out_loop_kw_out_loop_ic_out 
Execute       gen_rtl inference_Pipeline_loop_kh_out_loop_kw_out_loop_ic_out -style xilinx -f -lang vlog -o C:/Nam_3_HK2_2025_2026/Do_an_1/c_inter_to_hls/denoiser/solution1/syn/verilog/denoiser_top_inference_Pipeline_loop_kh_out_loop_kw_out_loop_ic_out 
Execute       syn_report -csynth -model inference_Pipeline_loop_kh_out_loop_kw_out_loop_ic_out -o C:/Nam_3_HK2_2025_2026/Do_an_1/c_inter_to_hls/denoiser/solution1/syn/report/inference_Pipeline_loop_kh_out_loop_kw_out_loop_ic_out_csynth.rpt 
Execute         AP::get_flow_target_display_name
Command       syn_report done; 0.176 sec.
Execute       syn_report -rtlxml -model inference_Pipeline_loop_kh_out_loop_kw_out_loop_ic_out -o C:/Nam_3_HK2_2025_2026/Do_an_1/c_inter_to_hls/denoiser/solution1/syn/report/inference_Pipeline_loop_kh_out_loop_kw_out_loop_ic_out_csynth.xml 
Execute       syn_report -verbosereport -model inference_Pipeline_loop_kh_out_loop_kw_out_loop_ic_out -o C:/Nam_3_HK2_2025_2026/Do_an_1/c_inter_to_hls/denoiser/solution1/.autopilot/db/inference_Pipeline_loop_kh_out_loop_kw_out_loop_ic_out.verbose.rpt 
Execute         AP::get_flow_target_display_name
Command       syn_report done; 0.237 sec.
Execute       db_write -model inference_Pipeline_loop_kh_out_loop_kw_out_loop_ic_out -f -o C:/Nam_3_HK2_2025_2026/Do_an_1/c_inter_to_hls/denoiser/solution1/.autopilot/db/inference_Pipeline_loop_kh_out_loop_kw_out_loop_ic_out.adb 
Execute       db_write -model inference_Pipeline_loop_kh_out_loop_kw_out_loop_ic_out -bindview -o C:/Nam_3_HK2_2025_2026/Do_an_1/c_inter_to_hls/denoiser/solution1/.autopilot/db/design.bindinfo.xml 
Execute       gen_tb_info inference_Pipeline_loop_kh_out_loop_kw_out_loop_ic_out -p C:/Nam_3_HK2_2025_2026/Do_an_1/c_inter_to_hls/denoiser/solution1/.autopilot/db -o C:/Nam_3_HK2_2025_2026/Do_an_1/c_inter_to_hls/denoiser/solution1/.autopilot/db/inference_Pipeline_loop_kh_out_loop_kw_out_loop_ic_out 
INFO: [HLS 200-10] ----------------------------------------------------------------
INFO: [HLS 200-10] -- Generating RTL for module 'inference' 
INFO: [HLS 200-10] ----------------------------------------------------------------
Execute       create_rtl_model inference -top_prefix denoiser_top_ -sub_prefix denoiser_top_ -mg_file C:/Nam_3_HK2_2025_2026/Do_an_1/c_inter_to_hls/denoiser/solution1/.autopilot/db/inference.compgen.tcl 
INFO: [RTGEN 206-100] Generating core module 'mul_50ns_50ns_100_1_1': 1 instance(s).
INFO: [RTGEN 206-100] Generating core module 'mux_42_16_1_1': 4 instance(s).
INFO: [RTGEN 206-100] Generating core module 'sdiv_34ns_33s_34_38_seq_1': 1 instance(s).
INFO: [RTGEN 206-100] Finished creating RTL model for 'inference'.
INFO: [RTMG 210-279] Implementing memory 'denoiser_top_inference_conv2_bias_V_ROM_AUTO_1R' using auto ROMs.
INFO: [RTMG 210-279] Implementing memory 'denoiser_top_inference_f_x_msb_2_table_V_ROM_AUTO_1R' using auto ROMs.
INFO: [RTMG 210-279] Implementing memory 'denoiser_top_inference_exp_x_msb_1_table_V_ROM_AUTO_1R' using auto ROMs.
Command       create_rtl_model done; 0.263 sec.
INFO: [HLS 200-111] Finished Creating RTL model: CPU user time: 1 seconds. CPU system time: 0 seconds. Elapsed time: 1.301 seconds; current allocated memory: 309.801 MB.
Execute       source C:/Nam_3_HK2_2025_2026/Do_an_1/c_inter_to_hls/denoiser/solution1/.autopilot/db/denoiser_top.rtl_wrap.cfg.tcl 
Execute       gen_rtl inference -style xilinx -f -lang vhdl -o C:/Nam_3_HK2_2025_2026/Do_an_1/c_inter_to_hls/denoiser/solution1/syn/vhdl/denoiser_top_inference 
Execute       gen_rtl inference -style xilinx -f -lang vlog -o C:/Nam_3_HK2_2025_2026/Do_an_1/c_inter_to_hls/denoiser/solution1/syn/verilog/denoiser_top_inference 
Execute       syn_report -csynth -model inference -o C:/Nam_3_HK2_2025_2026/Do_an_1/c_inter_to_hls/denoiser/solution1/syn/report/inference_csynth.rpt 
Execute         AP::get_flow_target_display_name
Command       syn_report done; 0.19 sec.
Execute       syn_report -rtlxml -model inference -o C:/Nam_3_HK2_2025_2026/Do_an_1/c_inter_to_hls/denoiser/solution1/syn/report/inference_csynth.xml 
Command       syn_report done; 0.14 sec.
Execute       syn_report -verbosereport -model inference -o C:/Nam_3_HK2_2025_2026/Do_an_1/c_inter_to_hls/denoiser/solution1/.autopilot/db/inference.verbose.rpt 
Execute         AP::get_flow_target_display_name
Command       syn_report done; 1.49 sec.
Execute       db_write -model inference -f -o C:/Nam_3_HK2_2025_2026/Do_an_1/c_inter_to_hls/denoiser/solution1/.autopilot/db/inference.adb 
Command       db_write done; 0.202 sec.
Execute       db_write -model inference -bindview -o C:/Nam_3_HK2_2025_2026/Do_an_1/c_inter_to_hls/denoiser/solution1/.autopilot/db/design.bindinfo.xml 
Execute       gen_tb_info inference -p C:/Nam_3_HK2_2025_2026/Do_an_1/c_inter_to_hls/denoiser/solution1/.autopilot/db -o C:/Nam_3_HK2_2025_2026/Do_an_1/c_inter_to_hls/denoiser/solution1/.autopilot/db/inference 
INFO: [HLS 200-10] ----------------------------------------------------------------
INFO: [HLS 200-10] -- Generating RTL for module 'denoiser_top_Pipeline_VITIS_LOOP_25_2' 
INFO: [HLS 200-10] ----------------------------------------------------------------
Execute       create_rtl_model denoiser_top_Pipeline_VITIS_LOOP_25_2 -top_prefix denoiser_top_ -sub_prefix denoiser_top_ -mg_file C:/Nam_3_HK2_2025_2026/Do_an_1/c_inter_to_hls/denoiser/solution1/.autopilot/db/denoiser_top_Pipeline_VITIS_LOOP_25_2.compgen.tcl 
INFO: [HLS 200-1030] Apply Unified Pipeline Control on module 'denoiser_top_Pipeline_VITIS_LOOP_25_2' pipeline 'VITIS_LOOP_25_2' pipeline type 'loop pipeline'
WARNING: [RTGEN 206-101] Setting dangling out port 'denoiser_top_Pipeline_VITIS_LOOP_25_2/m_axi_gmem1_AWVALID' to 0.
WARNING: [RTGEN 206-101] Setting dangling out port 'denoiser_top_Pipeline_VITIS_LOOP_25_2/m_axi_gmem1_AWADDR' to 0.
WARNING: [RTGEN 206-101] Setting dangling out port 'denoiser_top_Pipeline_VITIS_LOOP_25_2/m_axi_gmem1_AWID' to 0.
WARNING: [RTGEN 206-101] Setting dangling out port 'denoiser_top_Pipeline_VITIS_LOOP_25_2/m_axi_gmem1_AWLEN' to 0.
WARNING: [RTGEN 206-101] Setting dangling out port 'denoiser_top_Pipeline_VITIS_LOOP_25_2/m_axi_gmem1_AWSIZE' to 0.
WARNING: [RTGEN 206-101] Setting dangling out port 'denoiser_top_Pipeline_VITIS_LOOP_25_2/m_axi_gmem1_AWBURST' to 0.
WARNING: [RTGEN 206-101] Setting dangling out port 'denoiser_top_Pipeline_VITIS_LOOP_25_2/m_axi_gmem1_AWLOCK' to 0.
WARNING: [RTGEN 206-101] Setting dangling out port 'denoiser_top_Pipeline_VITIS_LOOP_25_2/m_axi_gmem1_AWCACHE' to 0.
WARNING: [RTGEN 206-101] Setting dangling out port 'denoiser_top_Pipeline_VITIS_LOOP_25_2/m_axi_gmem1_AWPROT' to 0.
WARNING: [RTGEN 206-101] Setting dangling out port 'denoiser_top_Pipeline_VITIS_LOOP_25_2/m_axi_gmem1_AWQOS' to 0.
WARNING: [RTGEN 206-101] Setting dangling out port 'denoiser_top_Pipeline_VITIS_LOOP_25_2/m_axi_gmem1_AWREGION' to 0.
WARNING: [RTGEN 206-101] Setting dangling out port 'denoiser_top_Pipeline_VITIS_LOOP_25_2/m_axi_gmem1_AWUSER' to 0.
WARNING: [RTGEN 206-101] Setting dangling out port 'denoiser_top_Pipeline_VITIS_LOOP_25_2/m_axi_gmem1_BREADY' to 0.
INFO: [RTGEN 206-100] Finished creating RTL model for 'denoiser_top_Pipeline_VITIS_LOOP_25_2'.
Command       create_rtl_model done; 0.565 sec.
INFO: [HLS 200-111] Finished Creating RTL model: CPU user time: 2 seconds. CPU system time: 1 seconds. Elapsed time: 3.443 seconds; current allocated memory: 316.383 MB.
Execute       source C:/Nam_3_HK2_2025_2026/Do_an_1/c_inter_to_hls/denoiser/solution1/.autopilot/db/denoiser_top.rtl_wrap.cfg.tcl 
Execute       gen_rtl denoiser_top_Pipeline_VITIS_LOOP_25_2 -style xilinx -f -lang vhdl -o C:/Nam_3_HK2_2025_2026/Do_an_1/c_inter_to_hls/denoiser/solution1/syn/vhdl/denoiser_top_denoiser_top_Pipeline_VITIS_LOOP_25_2 
Execute       gen_rtl denoiser_top_Pipeline_VITIS_LOOP_25_2 -style xilinx -f -lang vlog -o C:/Nam_3_HK2_2025_2026/Do_an_1/c_inter_to_hls/denoiser/solution1/syn/verilog/denoiser_top_denoiser_top_Pipeline_VITIS_LOOP_25_2 
Execute       syn_report -csynth -model denoiser_top_Pipeline_VITIS_LOOP_25_2 -o C:/Nam_3_HK2_2025_2026/Do_an_1/c_inter_to_hls/denoiser/solution1/syn/report/denoiser_top_Pipeline_VITIS_LOOP_25_2_csynth.rpt 
Execute         AP::get_flow_target_display_name
Execute       syn_report -rtlxml -model denoiser_top_Pipeline_VITIS_LOOP_25_2 -o C:/Nam_3_HK2_2025_2026/Do_an_1/c_inter_to_hls/denoiser/solution1/syn/report/denoiser_top_Pipeline_VITIS_LOOP_25_2_csynth.xml 
Execute       syn_report -verbosereport -model denoiser_top_Pipeline_VITIS_LOOP_25_2 -o C:/Nam_3_HK2_2025_2026/Do_an_1/c_inter_to_hls/denoiser/solution1/.autopilot/db/denoiser_top_Pipeline_VITIS_LOOP_25_2.verbose.rpt 
Execute         AP::get_flow_target_display_name
Execute       db_write -model denoiser_top_Pipeline_VITIS_LOOP_25_2 -f -o C:/Nam_3_HK2_2025_2026/Do_an_1/c_inter_to_hls/denoiser/solution1/.autopilot/db/denoiser_top_Pipeline_VITIS_LOOP_25_2.adb 
Execute       db_write -model denoiser_top_Pipeline_VITIS_LOOP_25_2 -bindview -o C:/Nam_3_HK2_2025_2026/Do_an_1/c_inter_to_hls/denoiser/solution1/.autopilot/db/design.bindinfo.xml 
Execute       gen_tb_info denoiser_top_Pipeline_VITIS_LOOP_25_2 -p C:/Nam_3_HK2_2025_2026/Do_an_1/c_inter_to_hls/denoiser/solution1/.autopilot/db -o C:/Nam_3_HK2_2025_2026/Do_an_1/c_inter_to_hls/denoiser/solution1/.autopilot/db/denoiser_top_Pipeline_VITIS_LOOP_25_2 
INFO: [HLS 200-10] ----------------------------------------------------------------
INFO: [HLS 200-10] -- Generating RTL for module 'denoiser_top' 
INFO: [HLS 200-10] ----------------------------------------------------------------
Execute       create_rtl_model denoiser_top -top_prefix  -sub_prefix denoiser_top_ -mg_file C:/Nam_3_HK2_2025_2026/Do_an_1/c_inter_to_hls/denoiser/solution1/.autopilot/db/denoiser_top.compgen.tcl 
WARNING: [RTGEN 206-101] Design contains AXI ports. Reset is fixed to synchronous and active low.
INFO: [RTGEN 206-500] Setting interface mode on port 'denoiser_top/gmem0' to 'm_axi'.
INFO: [RTGEN 206-500] Setting interface mode on port 'denoiser_top/gmem1' to 'm_axi'.
INFO: [RTGEN 206-500] Setting interface mode on port 'denoiser_top/input_r' to 's_axilite & ap_none'.
INFO: [RTGEN 206-500] Setting interface mode on port 'denoiser_top/output_r' to 's_axilite & ap_none'.
INFO: [RTGEN 206-500] Setting interface mode on function 'denoiser_top' to 's_axilite & ap_ctrl_hs'.
INFO: [RTGEN 206-100] Bundling port 'input_r', 'output_r' and 'return' to AXI-Lite port control.
INFO: [RTGEN 206-100] Finished creating RTL model for 'denoiser_top'.
INFO: [RTMG 210-278] Implementing memory 'denoiser_top_d_RAM_AUTO_1R1W' using auto RAMs.
INFO: [RTMG 210-278] Implementing memory 'denoiser_top_in_buf_V_RAM_AUTO_1R1W' using auto RAMs.
INFO: [RTMG 210-278] Implementing memory 'denoiser_top_out_buf8_RAM_AUTO_1R1W' using auto RAMs.
Command       create_rtl_model done; 0.404 sec.
INFO: [HLS 200-111] Finished Creating RTL model: CPU user time: 1 seconds. CPU system time: 0 seconds. Elapsed time: 0.603 seconds; current allocated memory: 318.691 MB.
Execute       source C:/Nam_3_HK2_2025_2026/Do_an_1/c_inter_to_hls/denoiser/solution1/.autopilot/db/denoiser_top.rtl_wrap.cfg.tcl 
Execute       gen_rtl denoiser_top -istop -style xilinx -f -lang vhdl -o C:/Nam_3_HK2_2025_2026/Do_an_1/c_inter_to_hls/denoiser/solution1/syn/vhdl/denoiser_top 
Execute       gen_rtl denoiser_top -istop -style xilinx -f -lang vlog -o C:/Nam_3_HK2_2025_2026/Do_an_1/c_inter_to_hls/denoiser/solution1/syn/verilog/denoiser_top 
Execute       syn_report -csynth -model denoiser_top -o C:/Nam_3_HK2_2025_2026/Do_an_1/c_inter_to_hls/denoiser/solution1/syn/report/denoiser_top_csynth.rpt 
Execute         AP::get_flow_target_display_name
Execute       syn_report -rtlxml -model denoiser_top -o C:/Nam_3_HK2_2025_2026/Do_an_1/c_inter_to_hls/denoiser/solution1/syn/report/denoiser_top_csynth.xml 
Execute       syn_report -verbosereport -model denoiser_top -o C:/Nam_3_HK2_2025_2026/Do_an_1/c_inter_to_hls/denoiser/solution1/.autopilot/db/denoiser_top.verbose.rpt 
Execute         AP::get_flow_target_display_name
Command       syn_report done; 1.077 sec.
Execute       db_write -model denoiser_top -f -o C:/Nam_3_HK2_2025_2026/Do_an_1/c_inter_to_hls/denoiser/solution1/.autopilot/db/denoiser_top.adb 
Execute       db_write -model denoiser_top -bindview -o C:/Nam_3_HK2_2025_2026/Do_an_1/c_inter_to_hls/denoiser/solution1/.autopilot/db/design.bindinfo.xml 
Execute       gen_tb_info denoiser_top -p C:/Nam_3_HK2_2025_2026/Do_an_1/c_inter_to_hls/denoiser/solution1/.autopilot/db -o C:/Nam_3_HK2_2025_2026/Do_an_1/c_inter_to_hls/denoiser/solution1/.autopilot/db/denoiser_top 
Execute       export_constraint_db -f -tool general -o C:/Nam_3_HK2_2025_2026/Do_an_1/c_inter_to_hls/denoiser/solution1/.autopilot/db/denoiser_top.constraint.tcl 
Execute       syn_report -designview -model denoiser_top -o C:/Nam_3_HK2_2025_2026/Do_an_1/c_inter_to_hls/denoiser/solution1/.autopilot/db/denoiser_top.design.xml 
Command       syn_report done; 0.911 sec.
Execute       syn_report -csynthDesign -model denoiser_top -o C:/Nam_3_HK2_2025_2026/Do_an_1/c_inter_to_hls/denoiser/solution1/syn/report/csynth.rpt 
Execute         AP::get_flow_target_display_name
Execute       syn_report -wcfg -model denoiser_top -o C:/Nam_3_HK2_2025_2026/Do_an_1/c_inter_to_hls/denoiser/solution1/.autopilot/db/denoiser_top_dataflow_ana.wcfg 
Execute       syn_report -protoinst -model denoiser_top -o C:/Nam_3_HK2_2025_2026/Do_an_1/c_inter_to_hls/denoiser/solution1/.autopilot/db/denoiser_top.protoinst 
Execute       sc_get_clocks denoiser_top 
Execute       sc_get_portdomain denoiser_top 
INFO-FLOW: Model list for RTL component generation: denoiser_top_Pipeline_VITIS_LOOP_18_1 inference_Pipeline_loop_kw_1 inference_Pipeline_VITIS_LOOP_45_1_VITIS_LOOP_46_2_VITIS_LOOP_47_3 inference_Pipeline_loop_kh_2_loop_kw_2_loop_ic_2 inference_Pipeline_VITIS_LOOP_97_1_VITIS_LOOP_98_2_VITIS_LOOP_99_3 inference_Pipeline_loop_kh_3_loop_kw_3_loop_ic_3 inference_Pipeline_loop_kh_out_loop_kw_out_loop_ic_out inference denoiser_top_Pipeline_VITIS_LOOP_25_2 denoiser_top
INFO-FLOW: Handling components in module [denoiser_top_Pipeline_VITIS_LOOP_18_1] ... 
Execute       source C:/Nam_3_HK2_2025_2026/Do_an_1/c_inter_to_hls/denoiser/solution1/.autopilot/db/denoiser_top_Pipeline_VITIS_LOOP_18_1.compgen.tcl 
INFO-FLOW: Found component denoiser_top_flow_control_loop_pipe_sequential_init.
INFO-FLOW: Append model denoiser_top_flow_control_loop_pipe_sequential_init
INFO-FLOW: Handling components in module [inference_Pipeline_loop_kw_1] ... 
Execute       source C:/Nam_3_HK2_2025_2026/Do_an_1/c_inter_to_hls/denoiser/solution1/.autopilot/db/inference_Pipeline_loop_kw_1.compgen.tcl 
INFO-FLOW: Found component denoiser_top_mac_muladd_10s_16s_26ns_26_4_1.
INFO-FLOW: Append model denoiser_top_mac_muladd_10s_16s_26ns_26_4_1
INFO-FLOW: Found component denoiser_top_inference_Pipeline_loop_kw_1_conv1_kernel_V_ROM_AUTO_1R.
INFO-FLOW: Append model denoiser_top_inference_Pipeline_loop_kw_1_conv1_kernel_V_ROM_AUTO_1R
INFO-FLOW: Handling components in module [inference_Pipeline_VITIS_LOOP_45_1_VITIS_LOOP_46_2_VITIS_LOOP_47_3] ... 
Execute       source C:/Nam_3_HK2_2025_2026/Do_an_1/c_inter_to_hls/denoiser/solution1/.autopilot/db/inference_Pipeline_VITIS_LOOP_45_1_VITIS_LOOP_46_2_VITIS_LOOP_47_3.compgen.tcl 
INFO-FLOW: Found component denoiser_top_flow_control_loop_pipe_sequential_init.
INFO-FLOW: Append model denoiser_top_flow_control_loop_pipe_sequential_init
INFO-FLOW: Handling components in module [inference_Pipeline_loop_kh_2_loop_kw_2_loop_ic_2] ... 
Execute       source C:/Nam_3_HK2_2025_2026/Do_an_1/c_inter_to_hls/denoiser/solution1/.autopilot/db/inference_Pipeline_loop_kh_2_loop_kw_2_loop_ic_2.compgen.tcl 
INFO-FLOW: Found component denoiser_top_mac_muladd_11s_16s_26ns_26_4_1.
INFO-FLOW: Append model denoiser_top_mac_muladd_11s_16s_26ns_26_4_1
INFO-FLOW: Found component denoiser_top_inference_Pipeline_loop_kh_2_loop_kw_2_loop_ic_2_conv2_kernel_V_ROM_AUTO_1R.
INFO-FLOW: Append model denoiser_top_inference_Pipeline_loop_kh_2_loop_kw_2_loop_ic_2_conv2_kernel_V_ROM_AUTO_1R
INFO-FLOW: Found component denoiser_top_flow_control_loop_pipe_sequential_init.
INFO-FLOW: Append model denoiser_top_flow_control_loop_pipe_sequential_init
INFO-FLOW: Handling components in module [inference_Pipeline_VITIS_LOOP_97_1_VITIS_LOOP_98_2_VITIS_LOOP_99_3] ... 
Execute       source C:/Nam_3_HK2_2025_2026/Do_an_1/c_inter_to_hls/denoiser/solution1/.autopilot/db/inference_Pipeline_VITIS_LOOP_97_1_VITIS_LOOP_98_2_VITIS_LOOP_99_3.compgen.tcl 
INFO-FLOW: Found component denoiser_top_flow_control_loop_pipe_sequential_init.
INFO-FLOW: Append model denoiser_top_flow_control_loop_pipe_sequential_init
INFO-FLOW: Handling components in module [inference_Pipeline_loop_kh_3_loop_kw_3_loop_ic_3] ... 
Execute       source C:/Nam_3_HK2_2025_2026/Do_an_1/c_inter_to_hls/denoiser/solution1/.autopilot/db/inference_Pipeline_loop_kh_3_loop_kw_3_loop_ic_3.compgen.tcl 
INFO-FLOW: Found component denoiser_top_mac_muladd_12s_16s_26ns_26_4_1.
INFO-FLOW: Append model denoiser_top_mac_muladd_12s_16s_26ns_26_4_1
INFO-FLOW: Found component denoiser_top_inference_Pipeline_loop_kh_3_loop_kw_3_loop_ic_3_conv3_kernel_V_ROM_AUTO_1R.
INFO-FLOW: Append model denoiser_top_inference_Pipeline_loop_kh_3_loop_kw_3_loop_ic_3_conv3_kernel_V_ROM_AUTO_1R
INFO-FLOW: Found component denoiser_top_flow_control_loop_pipe_sequential_init.
INFO-FLOW: Append model denoiser_top_flow_control_loop_pipe_sequential_init
INFO-FLOW: Handling components in module [inference_Pipeline_loop_kh_out_loop_kw_out_loop_ic_out] ... 
Execute       source C:/Nam_3_HK2_2025_2026/Do_an_1/c_inter_to_hls/denoiser/solution1/.autopilot/db/inference_Pipeline_loop_kh_out_loop_kw_out_loop_ic_out.compgen.tcl 
INFO-FLOW: Found component denoiser_top_inference_Pipeline_loop_kh_out_loop_kw_out_loop_ic_out_conv_out_kernel_V_ROM_bkb.
INFO-FLOW: Append model denoiser_top_inference_Pipeline_loop_kh_out_loop_kw_out_loop_ic_out_conv_out_kernel_V_ROM_bkb
INFO-FLOW: Found component denoiser_top_flow_control_loop_pipe_sequential_init.
INFO-FLOW: Append model denoiser_top_flow_control_loop_pipe_sequential_init
INFO-FLOW: Handling components in module [inference] ... 
Execute       source C:/Nam_3_HK2_2025_2026/Do_an_1/c_inter_to_hls/denoiser/solution1/.autopilot/db/inference.compgen.tcl 
INFO-FLOW: Found component denoiser_top_mux_42_16_1_1.
INFO-FLOW: Append model denoiser_top_mux_42_16_1_1
INFO-FLOW: Found component denoiser_top_mux_42_16_1_1.
INFO-FLOW: Append model denoiser_top_mux_42_16_1_1
INFO-FLOW: Found component denoiser_top_mul_50ns_50ns_100_1_1.
INFO-FLOW: Append model denoiser_top_mul_50ns_50ns_100_1_1
INFO-FLOW: Found component denoiser_top_sdiv_34ns_33s_34_38_seq_1.
INFO-FLOW: Append model denoiser_top_sdiv_34ns_33s_34_38_seq_1
INFO-FLOW: Found component denoiser_top_inference_conv2_bias_V_ROM_AUTO_1R.
INFO-FLOW: Append model denoiser_top_inference_conv2_bias_V_ROM_AUTO_1R
INFO-FLOW: Found component denoiser_top_inference_f_x_msb_2_table_V_ROM_AUTO_1R.
INFO-FLOW: Append model denoiser_top_inference_f_x_msb_2_table_V_ROM_AUTO_1R
INFO-FLOW: Found component denoiser_top_inference_exp_x_msb_1_table_V_ROM_AUTO_1R.
INFO-FLOW: Append model denoiser_top_inference_exp_x_msb_1_table_V_ROM_AUTO_1R
INFO-FLOW: Handling components in module [denoiser_top_Pipeline_VITIS_LOOP_25_2] ... 
Execute       source C:/Nam_3_HK2_2025_2026/Do_an_1/c_inter_to_hls/denoiser/solution1/.autopilot/db/denoiser_top_Pipeline_VITIS_LOOP_25_2.compgen.tcl 
INFO-FLOW: Found component denoiser_top_flow_control_loop_pipe_sequential_init.
INFO-FLOW: Append model denoiser_top_flow_control_loop_pipe_sequential_init
INFO-FLOW: Handling components in module [denoiser_top] ... 
Execute       source C:/Nam_3_HK2_2025_2026/Do_an_1/c_inter_to_hls/denoiser/solution1/.autopilot/db/denoiser_top.compgen.tcl 
INFO-FLOW: Found component denoiser_top_d_RAM_AUTO_1R1W.
INFO-FLOW: Append model denoiser_top_d_RAM_AUTO_1R1W
INFO-FLOW: Found component denoiser_top_in_buf_V_RAM_AUTO_1R1W.
INFO-FLOW: Append model denoiser_top_in_buf_V_RAM_AUTO_1R1W
INFO-FLOW: Found component denoiser_top_out_buf8_RAM_AUTO_1R1W.
INFO-FLOW: Append model denoiser_top_out_buf8_RAM_AUTO_1R1W
INFO-FLOW: Found component denoiser_top_gmem0_m_axi.
INFO-FLOW: Append model denoiser_top_gmem0_m_axi
INFO-FLOW: Found component denoiser_top_gmem1_m_axi.
INFO-FLOW: Append model denoiser_top_gmem1_m_axi
INFO-FLOW: Found component denoiser_top_control_s_axi.
INFO-FLOW: Append model denoiser_top_control_s_axi
INFO-FLOW: Append model denoiser_top_Pipeline_VITIS_LOOP_18_1
INFO-FLOW: Append model inference_Pipeline_loop_kw_1
INFO-FLOW: Append model inference_Pipeline_VITIS_LOOP_45_1_VITIS_LOOP_46_2_VITIS_LOOP_47_3
INFO-FLOW: Append model inference_Pipeline_loop_kh_2_loop_kw_2_loop_ic_2
INFO-FLOW: Append model inference_Pipeline_VITIS_LOOP_97_1_VITIS_LOOP_98_2_VITIS_LOOP_99_3
INFO-FLOW: Append model inference_Pipeline_loop_kh_3_loop_kw_3_loop_ic_3
INFO-FLOW: Append model inference_Pipeline_loop_kh_out_loop_kw_out_loop_ic_out
INFO-FLOW: Append model inference
INFO-FLOW: Append model denoiser_top_Pipeline_VITIS_LOOP_25_2
INFO-FLOW: Append model denoiser_top
INFO-FLOW: Generating RTL model list ...
INFO-FLOW: All models in this session: denoiser_top_flow_control_loop_pipe_sequential_init denoiser_top_mac_muladd_10s_16s_26ns_26_4_1 denoiser_top_inference_Pipeline_loop_kw_1_conv1_kernel_V_ROM_AUTO_1R denoiser_top_flow_control_loop_pipe_sequential_init denoiser_top_mac_muladd_11s_16s_26ns_26_4_1 denoiser_top_inference_Pipeline_loop_kh_2_loop_kw_2_loop_ic_2_conv2_kernel_V_ROM_AUTO_1R denoiser_top_flow_control_loop_pipe_sequential_init denoiser_top_flow_control_loop_pipe_sequential_init denoiser_top_mac_muladd_12s_16s_26ns_26_4_1 denoiser_top_inference_Pipeline_loop_kh_3_loop_kw_3_loop_ic_3_conv3_kernel_V_ROM_AUTO_1R denoiser_top_flow_control_loop_pipe_sequential_init denoiser_top_inference_Pipeline_loop_kh_out_loop_kw_out_loop_ic_out_conv_out_kernel_V_ROM_bkb denoiser_top_flow_control_loop_pipe_sequential_init denoiser_top_mux_42_16_1_1 denoiser_top_mux_42_16_1_1 denoiser_top_mul_50ns_50ns_100_1_1 denoiser_top_sdiv_34ns_33s_34_38_seq_1 denoiser_top_inference_conv2_bias_V_ROM_AUTO_1R denoiser_top_inference_f_x_msb_2_table_V_ROM_AUTO_1R denoiser_top_inference_exp_x_msb_1_table_V_ROM_AUTO_1R denoiser_top_flow_control_loop_pipe_sequential_init denoiser_top_d_RAM_AUTO_1R1W denoiser_top_in_buf_V_RAM_AUTO_1R1W denoiser_top_out_buf8_RAM_AUTO_1R1W denoiser_top_gmem0_m_axi denoiser_top_gmem1_m_axi denoiser_top_control_s_axi denoiser_top_Pipeline_VITIS_LOOP_18_1 inference_Pipeline_loop_kw_1 inference_Pipeline_VITIS_LOOP_45_1_VITIS_LOOP_46_2_VITIS_LOOP_47_3 inference_Pipeline_loop_kh_2_loop_kw_2_loop_ic_2 inference_Pipeline_VITIS_LOOP_97_1_VITIS_LOOP_98_2_VITIS_LOOP_99_3 inference_Pipeline_loop_kh_3_loop_kw_3_loop_ic_3 inference_Pipeline_loop_kh_out_loop_kw_out_loop_ic_out inference denoiser_top_Pipeline_VITIS_LOOP_25_2 denoiser_top
INFO-FLOW: Generating C:/Nam_3_HK2_2025_2026/Do_an_1/c_inter_to_hls/denoiser/solution1/.autopilot/db/autopilot.rtl.models.txt file...
INFO-FLOW: To file: write model denoiser_top_flow_control_loop_pipe_sequential_init
INFO-FLOW: To file: write model denoiser_top_mac_muladd_10s_16s_26ns_26_4_1
INFO-FLOW: To file: write model denoiser_top_inference_Pipeline_loop_kw_1_conv1_kernel_V_ROM_AUTO_1R
INFO-FLOW: To file: write model denoiser_top_flow_control_loop_pipe_sequential_init
INFO-FLOW: To file: write model denoiser_top_mac_muladd_11s_16s_26ns_26_4_1
INFO-FLOW: To file: write model denoiser_top_inference_Pipeline_loop_kh_2_loop_kw_2_loop_ic_2_conv2_kernel_V_ROM_AUTO_1R
INFO-FLOW: To file: write model denoiser_top_flow_control_loop_pipe_sequential_init
INFO-FLOW: To file: write model denoiser_top_flow_control_loop_pipe_sequential_init
INFO-FLOW: To file: write model denoiser_top_mac_muladd_12s_16s_26ns_26_4_1
INFO-FLOW: To file: write model denoiser_top_inference_Pipeline_loop_kh_3_loop_kw_3_loop_ic_3_conv3_kernel_V_ROM_AUTO_1R
INFO-FLOW: To file: write model denoiser_top_flow_control_loop_pipe_sequential_init
INFO-FLOW: To file: write model denoiser_top_inference_Pipeline_loop_kh_out_loop_kw_out_loop_ic_out_conv_out_kernel_V_ROM_bkb
INFO-FLOW: To file: write model denoiser_top_flow_control_loop_pipe_sequential_init
INFO-FLOW: To file: write model denoiser_top_mux_42_16_1_1
INFO-FLOW: To file: write model denoiser_top_mux_42_16_1_1
INFO-FLOW: To file: write model denoiser_top_mul_50ns_50ns_100_1_1
INFO-FLOW: To file: write model denoiser_top_sdiv_34ns_33s_34_38_seq_1
INFO-FLOW: To file: write model denoiser_top_inference_conv2_bias_V_ROM_AUTO_1R
INFO-FLOW: To file: write model denoiser_top_inference_f_x_msb_2_table_V_ROM_AUTO_1R
INFO-FLOW: To file: write model denoiser_top_inference_exp_x_msb_1_table_V_ROM_AUTO_1R
INFO-FLOW: To file: write model denoiser_top_flow_control_loop_pipe_sequential_init
INFO-FLOW: To file: write model denoiser_top_d_RAM_AUTO_1R1W
INFO-FLOW: To file: write model denoiser_top_in_buf_V_RAM_AUTO_1R1W
INFO-FLOW: To file: write model denoiser_top_out_buf8_RAM_AUTO_1R1W
INFO-FLOW: To file: write model denoiser_top_gmem0_m_axi
INFO-FLOW: To file: write model denoiser_top_gmem1_m_axi
INFO-FLOW: To file: write model denoiser_top_control_s_axi
INFO-FLOW: To file: write model denoiser_top_Pipeline_VITIS_LOOP_18_1
INFO-FLOW: To file: write model inference_Pipeline_loop_kw_1
INFO-FLOW: To file: write model inference_Pipeline_VITIS_LOOP_45_1_VITIS_LOOP_46_2_VITIS_LOOP_47_3
INFO-FLOW: To file: write model inference_Pipeline_loop_kh_2_loop_kw_2_loop_ic_2
INFO-FLOW: To file: write model inference_Pipeline_VITIS_LOOP_97_1_VITIS_LOOP_98_2_VITIS_LOOP_99_3
INFO-FLOW: To file: write model inference_Pipeline_loop_kh_3_loop_kw_3_loop_ic_3
INFO-FLOW: To file: write model inference_Pipeline_loop_kh_out_loop_kw_out_loop_ic_out
INFO-FLOW: To file: write model inference
INFO-FLOW: To file: write model denoiser_top_Pipeline_VITIS_LOOP_25_2
INFO-FLOW: To file: write model denoiser_top
INFO-FLOW: Generating C:/Nam_3_HK2_2025_2026/Do_an_1/c_inter_to_hls/denoiser/solution1/.autopilot/db/autopilot.rtl.models.tcl file...
INFO-FLOW: Finished generating RTL model list.


INFO-FLOW: RTL Generation done.
INFO-FLOW: CAS Generation done.
INFO-FLOW: CBC Generation done.
INFO-FLOW: DBG:PROC: ::AESL_AUTOMG::auto_generate_csynth_design
INFO-FLOW: DBG:PUTS: read_platform_lib C:/Nam_3_HK2_2025_2026/Do_an_1/c_inter_to_hls/denoiser/solution1/.autopilot/db/global.setting.tcl
Execute       source C:/Xilinx/Vitis_HLS/2022.2/common/technology/generic/autopilot/common.gen 
Execute         source C:/Xilinx/Vitis_HLS/2022.2/common/technology/generic/autopilot/APCoreGen.gen 
Execute       source C:/Xilinx/Vitis_HLS/2022.2/common/technology/generic/autopilot/op.gen 
Execute       source C:/Xilinx/Vitis_HLS/2022.2/common/technology/generic/autopilot/op_simcore.gen 
Execute       source C:/Xilinx/Vitis_HLS/2022.2/common/technology/generic/autopilot/interface.gen 
Execute       source C:/Nam_3_HK2_2025_2026/Do_an_1/c_inter_to_hls/denoiser/solution1/.autopilot/db/global.setting.tcl 
Execute       source C:/Xilinx/Vitis_HLS/2022.2/common/technology/xilinx/common/xilinx.gen 
Execute         source C:/Xilinx/Vitis_HLS/2022.2/common/technology/xilinx/interface/plb46.gen 
Execute         source C:/Xilinx/Vitis_HLS/2022.2/common/technology/xilinx/interface/axi4.gen 
Execute         source C:/Xilinx/Vitis_HLS/2022.2/common/technology/xilinx/interface/nativeAXI4.gen 
Execute           source C:/Xilinx/Vitis_HLS/2022.2/common/technology/xilinx/interface/saxilite.gen 
Execute         source C:/Xilinx/Vitis_HLS/2022.2/common/technology/xilinx/scripts/xilinxcoregen.gen 
Execute         source C:/Xilinx/Vitis_HLS/2022.2/common/technology/xilinx/interface/XilEDKCoreGen.gen 
Execute         source C:/Xilinx/Vitis_HLS/2022.2/common/technology/xilinx/ip/dds_compiler.gen 
Execute         source C:/Xilinx/Vitis_HLS/2022.2/common/technology/xilinx/ip/util.gen 
Execute         source C:/Xilinx/Vitis_HLS/2022.2/common/technology/xilinx/ip/xfft.gen 
Command         ap_source done; 0.131 sec.
Execute         source C:/Xilinx/Vitis_HLS/2022.2/common/technology/xilinx/ip/xfir.gen 
Execute         source C:/Xilinx/Vitis_HLS/2022.2/common/technology/xilinx/DSP48/dsp48.gen 
Command       ap_source done; 0.191 sec.
INFO-FLOW: DBG:PUTS:   using AESL_AUTOCG::g_clock_period=10.000 (was NA)
INFO-FLOW: DBG:PROC: ::AESL_AUTOMG::generate_ip_cores gen_sim_model='1' gen_fp_models='0' gen_for_export='0' dstSCDir='' dstVhdlDir='C:/Nam_3_HK2_2025_2026/Do_an_1/c_inter_to_hls/denoiser/solution1/.autopilot/db/vhdl' dstVlogDir='C:/Nam_3_HK2_2025_2026/Do_an_1/c_inter_to_hls/denoiser/solution1/.autopilot/db/vlog' tclDir='C:/Nam_3_HK2_2025_2026/Do_an_1/c_inter_to_hls/denoiser/solution1/.autopilot/db' modelList='denoiser_top_flow_control_loop_pipe_sequential_init
denoiser_top_mac_muladd_10s_16s_26ns_26_4_1
denoiser_top_inference_Pipeline_loop_kw_1_conv1_kernel_V_ROM_AUTO_1R
denoiser_top_flow_control_loop_pipe_sequential_init
denoiser_top_mac_muladd_11s_16s_26ns_26_4_1
denoiser_top_inference_Pipeline_loop_kh_2_loop_kw_2_loop_ic_2_conv2_kernel_V_ROM_AUTO_1R
denoiser_top_flow_control_loop_pipe_sequential_init
denoiser_top_flow_control_loop_pipe_sequential_init
denoiser_top_mac_muladd_12s_16s_26ns_26_4_1
denoiser_top_inference_Pipeline_loop_kh_3_loop_kw_3_loop_ic_3_conv3_kernel_V_ROM_AUTO_1R
denoiser_top_flow_control_loop_pipe_sequential_init
denoiser_top_inference_Pipeline_loop_kh_out_loop_kw_out_loop_ic_out_conv_out_kernel_V_ROM_bkb
denoiser_top_flow_control_loop_pipe_sequential_init
denoiser_top_mux_42_16_1_1
denoiser_top_mux_42_16_1_1
denoiser_top_mul_50ns_50ns_100_1_1
denoiser_top_sdiv_34ns_33s_34_38_seq_1
denoiser_top_inference_conv2_bias_V_ROM_AUTO_1R
denoiser_top_inference_f_x_msb_2_table_V_ROM_AUTO_1R
denoiser_top_inference_exp_x_msb_1_table_V_ROM_AUTO_1R
denoiser_top_flow_control_loop_pipe_sequential_init
denoiser_top_d_RAM_AUTO_1R1W
denoiser_top_in_buf_V_RAM_AUTO_1R1W
denoiser_top_out_buf8_RAM_AUTO_1R1W
denoiser_top_gmem0_m_axi
denoiser_top_gmem1_m_axi
denoiser_top_control_s_axi
denoiser_top_Pipeline_VITIS_LOOP_18_1
inference_Pipeline_loop_kw_1
inference_Pipeline_VITIS_LOOP_45_1_VITIS_LOOP_46_2_VITIS_LOOP_47_3
inference_Pipeline_loop_kh_2_loop_kw_2_loop_ic_2
inference_Pipeline_VITIS_LOOP_97_1_VITIS_LOOP_98_2_VITIS_LOOP_99_3
inference_Pipeline_loop_kh_3_loop_kw_3_loop_ic_3
inference_Pipeline_loop_kh_out_loop_kw_out_loop_ic_out
inference
denoiser_top_Pipeline_VITIS_LOOP_25_2
denoiser_top
' expOnly='0'
Execute       source C:/Nam_3_HK2_2025_2026/Do_an_1/c_inter_to_hls/denoiser/solution1/.autopilot/db/global.setting.tcl 
Execute       ap_part_info -name xck26-sfvc784-2LV-c -data names -quiet 
Execute       ap_part_info -name xck26-sfvc784-2LV-c -data info -quiet 
Execute       source C:/Nam_3_HK2_2025_2026/Do_an_1/c_inter_to_hls/denoiser/solution1/.autopilot/db/global.setting.tcl 
Execute       source C:/Nam_3_HK2_2025_2026/Do_an_1/c_inter_to_hls/denoiser/solution1/.autopilot/db/global.setting.tcl 
Execute       source C:/Nam_3_HK2_2025_2026/Do_an_1/c_inter_to_hls/denoiser/solution1/.autopilot/db/denoiser_top_Pipeline_VITIS_LOOP_18_1.compgen.tcl 
Execute       source C:/Nam_3_HK2_2025_2026/Do_an_1/c_inter_to_hls/denoiser/solution1/.autopilot/db/inference_Pipeline_loop_kw_1.compgen.tcl 
Execute         ap_part_info -name xck26-sfvc784-2LV-c -data names -quiet 
Execute         ap_part_info -name xck26-sfvc784-2LV-c -data info -quiet 
Execute         ap_part_info -name xck26-sfvc784-2LV-c -data info 
Execute       source C:/Nam_3_HK2_2025_2026/Do_an_1/c_inter_to_hls/denoiser/solution1/.autopilot/db/inference_Pipeline_VITIS_LOOP_45_1_VITIS_LOOP_46_2_VITIS_LOOP_47_3.compgen.tcl 
Execute       source C:/Nam_3_HK2_2025_2026/Do_an_1/c_inter_to_hls/denoiser/solution1/.autopilot/db/inference_Pipeline_loop_kh_2_loop_kw_2_loop_ic_2.compgen.tcl 
Execute         ap_part_info -name xck26-sfvc784-2LV-c -data names -quiet 
Execute         ap_part_info -name xck26-sfvc784-2LV-c -data info -quiet 
Execute         ap_part_info -name xck26-sfvc784-2LV-c -data info 
Execute       source C:/Nam_3_HK2_2025_2026/Do_an_1/c_inter_to_hls/denoiser/solution1/.autopilot/db/inference_Pipeline_VITIS_LOOP_97_1_VITIS_LOOP_98_2_VITIS_LOOP_99_3.compgen.tcl 
Execute       source C:/Nam_3_HK2_2025_2026/Do_an_1/c_inter_to_hls/denoiser/solution1/.autopilot/db/inference_Pipeline_loop_kh_3_loop_kw_3_loop_ic_3.compgen.tcl 
Execute         ap_part_info -name xck26-sfvc784-2LV-c -data names -quiet 
Execute         ap_part_info -name xck26-sfvc784-2LV-c -data info -quiet 
Execute         ap_part_info -name xck26-sfvc784-2LV-c -data info 
Execute       source C:/Nam_3_HK2_2025_2026/Do_an_1/c_inter_to_hls/denoiser/solution1/.autopilot/db/inference_Pipeline_loop_kh_out_loop_kw_out_loop_ic_out.compgen.tcl 
Execute       source C:/Nam_3_HK2_2025_2026/Do_an_1/c_inter_to_hls/denoiser/solution1/.autopilot/db/inference.compgen.tcl 
Execute         ap_part_info -name xck26-sfvc784-2LV-c -data names -quiet 
Execute         ap_part_info -name xck26-sfvc784-2LV-c -data info -quiet 
Execute         ap_part_info -name xck26-sfvc784-2LV-c -data names -quiet 
Execute         ap_part_info -name xck26-sfvc784-2LV-c -data info -quiet 
Execute       source C:/Nam_3_HK2_2025_2026/Do_an_1/c_inter_to_hls/denoiser/solution1/.autopilot/db/denoiser_top_Pipeline_VITIS_LOOP_25_2.compgen.tcl 
Execute       source C:/Nam_3_HK2_2025_2026/Do_an_1/c_inter_to_hls/denoiser/solution1/.autopilot/db/denoiser_top.compgen.tcl 
Execute         source ./control.slave.tcl 
INFO: [HLS 200-111] Finished Generating all RTL models: CPU user time: 2 seconds. CPU system time: 0 seconds. Elapsed time: 3.196 seconds; current allocated memory: 336.469 MB.
INFO-FLOW: DBG:PROC: ::HLSREPORTS::create_csynth_xml bind_info_var='bind_info' RtlSubPrefix='denoiser_top_' outfile=''
INFO-FLOW: Running: create_csynth_xml read xml data
INFO-FLOW: Done: create_csynth_xml read xml data time: 0 seconds per iteration
INFO-FLOW: Running: create_csynth_xml bind info
INFO-FLOW: Done: create_csynth_xml bind info time: 0 seconds per iteration
INFO-FLOW: Running: create_csynth_xml config info
INFO-FLOW: Done: create_csynth_xml config info time: 0.3 seconds per iteration
INFO-FLOW: Running: create_csynth_xml write xml
INFO-FLOW: Done: create_csynth_xml write xml time: 0 seconds per iteration
INFO-FLOW: DBG:PUTS:      create_csynth_xml wrote csynth_xml=C:/Nam_3_HK2_2025_2026/Do_an_1/c_inter_to_hls/denoiser/solution1/syn/report/csynth.xml
INFO-FLOW: DBG:PROC: ::AP::DESIGN_DATA::generate_json generate_bd_files='0' generate_xo_files='0' modelList='denoiser_top_flow_control_loop_pipe_sequential_init
denoiser_top_mac_muladd_10s_16s_26ns_26_4_1
denoiser_top_inference_Pipeline_loop_kw_1_conv1_kernel_V_ROM_AUTO_1R
denoiser_top_flow_control_loop_pipe_sequential_init
denoiser_top_mac_muladd_11s_16s_26ns_26_4_1
denoiser_top_inference_Pipeline_loop_kh_2_loop_kw_2_loop_ic_2_conv2_kernel_V_ROM_AUTO_1R
denoiser_top_flow_control_loop_pipe_sequential_init
denoiser_top_flow_control_loop_pipe_sequential_init
denoiser_top_mac_muladd_12s_16s_26ns_26_4_1
denoiser_top_inference_Pipeline_loop_kh_3_loop_kw_3_loop_ic_3_conv3_kernel_V_ROM_AUTO_1R
denoiser_top_flow_control_loop_pipe_sequential_init
denoiser_top_inference_Pipeline_loop_kh_out_loop_kw_out_loop_ic_out_conv_out_kernel_V_ROM_bkb
denoiser_top_flow_control_loop_pipe_sequential_init
denoiser_top_mux_42_16_1_1
denoiser_top_mux_42_16_1_1
denoiser_top_mul_50ns_50ns_100_1_1
denoiser_top_sdiv_34ns_33s_34_38_seq_1
denoiser_top_inference_conv2_bias_V_ROM_AUTO_1R
denoiser_top_inference_f_x_msb_2_table_V_ROM_AUTO_1R
denoiser_top_inference_exp_x_msb_1_table_V_ROM_AUTO_1R
denoiser_top_flow_control_loop_pipe_sequential_init
denoiser_top_d_RAM_AUTO_1R1W
denoiser_top_in_buf_V_RAM_AUTO_1R1W
denoiser_top_out_buf8_RAM_AUTO_1R1W
denoiser_top_gmem0_m_axi
denoiser_top_gmem1_m_axi
denoiser_top_control_s_axi
denoiser_top_Pipeline_VITIS_LOOP_18_1
inference_Pipeline_loop_kw_1
inference_Pipeline_VITIS_LOOP_45_1_VITIS_LOOP_46_2_VITIS_LOOP_47_3
inference_Pipeline_loop_kh_2_loop_kw_2_loop_ic_2
inference_Pipeline_VITIS_LOOP_97_1_VITIS_LOOP_98_2_VITIS_LOOP_99_3
inference_Pipeline_loop_kh_3_loop_kw_3_loop_ic_3
inference_Pipeline_loop_kh_out_loop_kw_out_loop_ic_out
inference
denoiser_top_Pipeline_VITIS_LOOP_25_2
denoiser_top
' rtl_lang='both' bootstrap_tcl='false' outdir='' outfilename=''
Execute       source C:/Nam_3_HK2_2025_2026/Do_an_1/c_inter_to_hls/denoiser/solution1/.autopilot/db/global.setting.tcl 
Execute       source C:/Nam_3_HK2_2025_2026/Do_an_1/c_inter_to_hls/denoiser/solution1/.autopilot/db/global.setting.tcl 
Execute       source C:/Nam_3_HK2_2025_2026/Do_an_1/c_inter_to_hls/denoiser/solution1/.autopilot/db/top-io-be.tcl 
Execute       source C:/Nam_3_HK2_2025_2026/Do_an_1/c_inter_to_hls/denoiser/solution1/.autopilot/db/denoiser_top.tbgen.tcl 
Execute       source C:/Nam_3_HK2_2025_2026/Do_an_1/c_inter_to_hls/denoiser/solution1/.autopilot/db/denoiser_top.compgen.dataonly.tcl 
Execute       source C:/Nam_3_HK2_2025_2026/Do_an_1/c_inter_to_hls/denoiser/solution1/.autopilot/db/denoiser_top.compgen.dataonly.tcl 
Execute       source C:/Nam_3_HK2_2025_2026/Do_an_1/c_inter_to_hls/denoiser/solution1/.autopilot/db/denoiser_top.rtl_wrap.cfg.tcl 
Execute       source C:/Nam_3_HK2_2025_2026/Do_an_1/c_inter_to_hls/denoiser/solution1/.autopilot/db/denoiser_top.compgen.dataonly.tcl 
Execute       source C:/Nam_3_HK2_2025_2026/Do_an_1/c_inter_to_hls/denoiser/solution1/.autopilot/db/denoiser_top_Pipeline_VITIS_LOOP_18_1.tbgen.tcl 
Execute       source C:/Nam_3_HK2_2025_2026/Do_an_1/c_inter_to_hls/denoiser/solution1/.autopilot/db/inference_Pipeline_loop_kw_1.tbgen.tcl 
Execute       source C:/Nam_3_HK2_2025_2026/Do_an_1/c_inter_to_hls/denoiser/solution1/.autopilot/db/inference_Pipeline_VITIS_LOOP_45_1_VITIS_LOOP_46_2_VITIS_LOOP_47_3.tbgen.tcl 
Execute       source C:/Nam_3_HK2_2025_2026/Do_an_1/c_inter_to_hls/denoiser/solution1/.autopilot/db/inference_Pipeline_loop_kh_2_loop_kw_2_loop_ic_2.tbgen.tcl 
Execute       source C:/Nam_3_HK2_2025_2026/Do_an_1/c_inter_to_hls/denoiser/solution1/.autopilot/db/inference_Pipeline_VITIS_LOOP_97_1_VITIS_LOOP_98_2_VITIS_LOOP_99_3.tbgen.tcl 
Execute       source C:/Nam_3_HK2_2025_2026/Do_an_1/c_inter_to_hls/denoiser/solution1/.autopilot/db/inference_Pipeline_loop_kh_3_loop_kw_3_loop_ic_3.tbgen.tcl 
Execute       source C:/Nam_3_HK2_2025_2026/Do_an_1/c_inter_to_hls/denoiser/solution1/.autopilot/db/inference_Pipeline_loop_kh_out_loop_kw_out_loop_ic_out.tbgen.tcl 
Execute       source C:/Nam_3_HK2_2025_2026/Do_an_1/c_inter_to_hls/denoiser/solution1/.autopilot/db/inference.tbgen.tcl 
Execute       source C:/Nam_3_HK2_2025_2026/Do_an_1/c_inter_to_hls/denoiser/solution1/.autopilot/db/denoiser_top_Pipeline_VITIS_LOOP_25_2.tbgen.tcl 
Execute       source C:/Nam_3_HK2_2025_2026/Do_an_1/c_inter_to_hls/denoiser/solution1/.autopilot/db/denoiser_top.tbgen.tcl 
Execute       source C:/Nam_3_HK2_2025_2026/Do_an_1/c_inter_to_hls/denoiser/solution1/.autopilot/db/global.setting.tcl 
Execute       ap_part_info -name xck26-sfvc784-2LV-c -data names -quiet 
Execute       ap_part_info -name xck26-sfvc784-2LV-c -data info -quiet 
Execute       source C:/Nam_3_HK2_2025_2026/Do_an_1/c_inter_to_hls/denoiser/solution1/.autopilot/db/denoiser_top.constraint.tcl 
Execute       sc_get_clocks denoiser_top 
Execute       source C:/Nam_3_HK2_2025_2026/Do_an_1/c_inter_to_hls/denoiser/solution1/.autopilot/db/global.setting.tcl 
INFO-FLOW: DBG:PROC: ::HLSREPORTS::add_csynth_report_sections bind_info_dict='adapter_nodes {{BINDTYPE adapter DISPLAY {bind_adapter axilite} ID {} IMPL {} LATENCY {} OPTYPE {} PRAGMA yes RTLNAME control_s_axi_U SOURCE {} VARIABLE {} MODULE denoiser_top LOOP {} BUNDLEDNAME control DSP 0 BRAM 0 URAM 0} {BINDTYPE adapter DISPLAY {bind_adapter axi_master} ID {} IMPL {} LATENCY {} OPTYPE {} PRAGMA yes RTLNAME gmem0_m_axi_U SOURCE {} VARIABLE {} MODULE denoiser_top LOOP {} BUNDLEDNAME gmem0 DSP 0 BRAM 0 URAM 0} {BINDTYPE adapter DISPLAY {bind_adapter axi_master} ID {} IMPL {} LATENCY {} OPTYPE {} PRAGMA yes RTLNAME gmem1_m_axi_U SOURCE {} VARIABLE {} MODULE denoiser_top LOOP {} BUNDLEDNAME gmem1 DSP 0 BRAM 0 URAM 0}} report_dict {TOPINST denoiser_top MODULE2INSTS {denoiser_top denoiser_top denoiser_top_Pipeline_VITIS_LOOP_18_1 grp_denoiser_top_Pipeline_VITIS_LOOP_18_1_fu_123 inference grp_inference_fu_131 inference_Pipeline_VITIS_LOOP_45_1_VITIS_LOOP_46_2_VITIS_LOOP_47_3 grp_inference_Pipeline_VITIS_LOOP_45_1_VITIS_LOOP_46_2_VITIS_LOOP_47_3_fu_475 inference_Pipeline_loop_kw_1 grp_inference_Pipeline_loop_kw_1_fu_481 inference_Pipeline_VITIS_LOOP_97_1_VITIS_LOOP_98_2_VITIS_LOOP_99_3 grp_inference_Pipeline_VITIS_LOOP_97_1_VITIS_LOOP_98_2_VITIS_LOOP_99_3_fu_498 inference_Pipeline_loop_kh_2_loop_kw_2_loop_ic_2 grp_inference_Pipeline_loop_kh_2_loop_kw_2_loop_ic_2_fu_504 inference_Pipeline_loop_kh_3_loop_kw_3_loop_ic_3 grp_inference_Pipeline_loop_kh_3_loop_kw_3_loop_ic_3_fu_521 inference_Pipeline_loop_kh_out_loop_kw_out_loop_ic_out grp_inference_Pipeline_loop_kh_out_loop_kw_out_loop_ic_out_fu_537 denoiser_top_Pipeline_VITIS_LOOP_25_2 grp_denoiser_top_Pipeline_VITIS_LOOP_25_2_fu_152} INST2MODULE {denoiser_top denoiser_top grp_denoiser_top_Pipeline_VITIS_LOOP_18_1_fu_123 denoiser_top_Pipeline_VITIS_LOOP_18_1 grp_inference_fu_131 inference grp_inference_Pipeline_VITIS_LOOP_45_1_VITIS_LOOP_46_2_VITIS_LOOP_47_3_fu_475 inference_Pipeline_VITIS_LOOP_45_1_VITIS_LOOP_46_2_VITIS_LOOP_47_3 grp_inference_Pipeline_loop_kw_1_fu_481 inference_Pipeline_loop_kw_1 grp_inference_Pipeline_VITIS_LOOP_97_1_VITIS_LOOP_98_2_VITIS_LOOP_99_3_fu_498 inference_Pipeline_VITIS_LOOP_97_1_VITIS_LOOP_98_2_VITIS_LOOP_99_3 grp_inference_Pipeline_loop_kh_2_loop_kw_2_loop_ic_2_fu_504 inference_Pipeline_loop_kh_2_loop_kw_2_loop_ic_2 grp_inference_Pipeline_loop_kh_3_loop_kw_3_loop_ic_3_fu_521 inference_Pipeline_loop_kh_3_loop_kw_3_loop_ic_3 grp_inference_Pipeline_loop_kh_out_loop_kw_out_loop_ic_out_fu_537 inference_Pipeline_loop_kh_out_loop_kw_out_loop_ic_out grp_denoiser_top_Pipeline_VITIS_LOOP_25_2_fu_152 denoiser_top_Pipeline_VITIS_LOOP_25_2} INSTDATA {denoiser_top {DEPTH 1 CHILDREN {grp_denoiser_top_Pipeline_VITIS_LOOP_18_1_fu_123 grp_inference_fu_131 grp_denoiser_top_Pipeline_VITIS_LOOP_25_2_fu_152}} grp_denoiser_top_Pipeline_VITIS_LOOP_18_1_fu_123 {DEPTH 2 CHILDREN {}} grp_inference_fu_131 {DEPTH 2 CHILDREN {grp_inference_Pipeline_VITIS_LOOP_45_1_VITIS_LOOP_46_2_VITIS_LOOP_47_3_fu_475 grp_inference_Pipeline_loop_kw_1_fu_481 grp_inference_Pipeline_VITIS_LOOP_97_1_VITIS_LOOP_98_2_VITIS_LOOP_99_3_fu_498 grp_inference_Pipeline_loop_kh_2_loop_kw_2_loop_ic_2_fu_504 grp_inference_Pipeline_loop_kh_3_loop_kw_3_loop_ic_3_fu_521 grp_inference_Pipeline_loop_kh_out_loop_kw_out_loop_ic_out_fu_537}} grp_inference_Pipeline_VITIS_LOOP_45_1_VITIS_LOOP_46_2_VITIS_LOOP_47_3_fu_475 {DEPTH 3 CHILDREN {}} grp_inference_Pipeline_loop_kw_1_fu_481 {DEPTH 3 CHILDREN {}} grp_inference_Pipeline_VITIS_LOOP_97_1_VITIS_LOOP_98_2_VITIS_LOOP_99_3_fu_498 {DEPTH 3 CHILDREN {}} grp_inference_Pipeline_loop_kh_2_loop_kw_2_loop_ic_2_fu_504 {DEPTH 3 CHILDREN {}} grp_inference_Pipeline_loop_kh_3_loop_kw_3_loop_ic_3_fu_521 {DEPTH 3 CHILDREN {}} grp_inference_Pipeline_loop_kh_out_loop_kw_out_loop_ic_out_fu_537 {DEPTH 3 CHILDREN {}} grp_denoiser_top_Pipeline_VITIS_LOOP_25_2_fu_152 {DEPTH 2 CHILDREN {}}} MODULEDATA {denoiser_top_Pipeline_VITIS_LOOP_18_1 {BINDINFO {{BINDTYPE op ID {} IMPL fabric LATENCY 0 OPTYPE add PRAGMA {} RTLNAME add_ln18_fu_102_p2 SOURCE ../denoiser_c_to_hls/top.cpp:18 VARIABLE add_ln18 LOOP VITIS_LOOP_18_1 BUNDLEDNAME {} DSP 0 BRAM 0 URAM 0 DISPNAME {bind_op add}}} AREA {DSP 0 BRAM 0 URAM 0}} inference_Pipeline_loop_kw_1 {BINDINFO {{BINDTYPE op ID {} IMPL fabric LATENCY 0 OPTYPE add PRAGMA {} RTLNAME add_ln30_1_fu_233_p2 SOURCE ../denoiser_c_to_hls/denoiser.cpp:30 VARIABLE add_ln30_1 LOOP loop_kw_1 BUNDLEDNAME {} DSP 0 BRAM 0 URAM 0 DISPNAME {bind_op add}} {BINDTYPE op ID {} IMPL fabric LATENCY 0 OPTYPE add PRAGMA {} RTLNAME add_ln32_fu_242_p2 SOURCE ../denoiser_c_to_hls/denoiser.cpp:32 VARIABLE add_ln32 LOOP loop_kw_1 BUNDLEDNAME {} DSP 0 BRAM 0 URAM 0 DISPNAME {bind_op add}} {BINDTYPE op ID {} IMPL fabric LATENCY 0 OPTYPE add PRAGMA {} RTLNAME add_ln31_1_fu_252_p2 SOURCE ../denoiser_c_to_hls/denoiser.cpp:31 VARIABLE add_ln31_1 LOOP loop_kw_1 BUNDLEDNAME {} DSP 0 BRAM 0 URAM 0 DISPNAME {bind_op add}} {BINDTYPE op ID {} IMPL fabric LATENCY 0 OPTYPE add PRAGMA {} RTLNAME add_ln31_fu_262_p2 SOURCE ../denoiser_c_to_hls/denoiser.cpp:31 VARIABLE add_ln31 LOOP loop_kw_1 BUNDLEDNAME {} DSP 0 BRAM 0 URAM 0 DISPNAME {bind_op add}} {BINDTYPE op ID {} IMPL fabric LATENCY 0 OPTYPE add PRAGMA {} RTLNAME add_ln33_fu_273_p2 SOURCE ../denoiser_c_to_hls/denoiser.cpp:33 VARIABLE add_ln33 LOOP loop_kw_1 BUNDLEDNAME {} DSP 0 BRAM 0 URAM 0 DISPNAME {bind_op add}} {BINDTYPE op ID {} IMPL dsp48 LATENCY 3 OPTYPE mul PRAGMA {} RTLNAME mac_muladd_10s_16s_26ns_26_4_1_U4 SOURCE {C:/Xilinx/Vitis_HLS/2022.2/common/technology/autopilot\ap_fixed_base.h:813} VARIABLE r_V_1 LOOP loop_kw_1 BUNDLEDNAME {} DSP 1 BRAM 0 URAM 0 DISPNAME {bind_op mul}} {BINDTYPE op ID {} IMPL dsp48 LATENCY 3 OPTYPE add PRAGMA {} RTLNAME mac_muladd_10s_16s_26ns_26_4_1_U4 SOURCE {C:/Xilinx/Vitis_HLS/2022.2/common/technology/autopilot\ap_fixed_base.h:1347} VARIABLE ret_V LOOP loop_kw_1 BUNDLEDNAME {} DSP 1 BRAM 0 URAM 0 DISPNAME {bind_op add}} {BINDTYPE op ID {} IMPL fabric LATENCY 0 OPTYPE add PRAGMA {} RTLNAME add_ln30_2_fu_299_p2 SOURCE ../denoiser_c_to_hls/denoiser.cpp:30 VARIABLE add_ln30_2 LOOP loop_kw_1 BUNDLEDNAME {} DSP 0 BRAM 0 URAM 0 DISPNAME {bind_op add}} {BINDTYPE op ID {} IMPL fabric LATENCY 0 OPTYPE add PRAGMA {} RTLNAME add_ln32_1_fu_308_p2 SOURCE ../denoiser_c_to_hls/denoiser.cpp:32 VARIABLE add_ln32_1 LOOP loop_kw_1 BUNDLEDNAME {} DSP 0 BRAM 0 URAM 0 DISPNAME {bind_op add}} {BINDTYPE op ID {} IMPL fabric LATENCY 0 OPTYPE add PRAGMA {} RTLNAME add_ln33_1_fu_324_p2 SOURCE ../denoiser_c_to_hls/denoiser.cpp:33 VARIABLE add_ln33_1 LOOP loop_kw_1 BUNDLEDNAME {} DSP 0 BRAM 0 URAM 0 DISPNAME {bind_op add}} {BINDTYPE op ID {} IMPL dsp48 LATENCY 3 OPTYPE mul PRAGMA {} RTLNAME mac_muladd_10s_16s_26ns_26_4_1_U5 SOURCE {C:/Xilinx/Vitis_HLS/2022.2/common/technology/autopilot\ap_fixed_base.h:813} VARIABLE r_V_3 LOOP loop_kw_1 BUNDLEDNAME {} DSP 1 BRAM 0 URAM 0 DISPNAME {bind_op mul}} {BINDTYPE op ID {} IMPL dsp48 LATENCY 3 OPTYPE add PRAGMA {} RTLNAME mac_muladd_10s_16s_26ns_26_4_1_U5 SOURCE {C:/Xilinx/Vitis_HLS/2022.2/common/technology/autopilot\ap_fixed_base.h:1347} VARIABLE ret_V_1 LOOP loop_kw_1 BUNDLEDNAME {} DSP 1 BRAM 0 URAM 0 DISPNAME {bind_op add}} {BINDTYPE op ID {} IMPL fabric LATENCY 0 OPTYPE add PRAGMA {} RTLNAME add_ln27_fu_329_p2 SOURCE ../denoiser_c_to_hls/denoiser.cpp:27 VARIABLE add_ln27 LOOP loop_kw_1 BUNDLEDNAME {} DSP 0 BRAM 0 URAM 0 DISPNAME {bind_op add}} {BINDTYPE storage ID {} IMPL auto LATENCY 1 OPTYPE rom_1p PRAGMA {} RTLNAME conv1_kernel_V_U SOURCE {} VARIABLE conv1_kernel_V LOOP {} BUNDLEDNAME {} DSP 0 BRAM 0 URAM 0 DISPNAME {bind_storage rom_1p}}} AREA {DSP 2 BRAM 0 URAM 0}} inference_Pipeline_VITIS_LOOP_45_1_VITIS_LOOP_46_2_VITIS_LOOP_47_3 {BINDINFO {{BINDTYPE op ID {} IMPL fabric LATENCY 0 OPTYPE sub PRAGMA {} RTLNAME sub_ln49_fu_218_p2 SOURCE ../denoiser_c_to_hls/denoiser.cpp:49 VARIABLE sub_ln49 LOOP VITIS_LOOP_45_1_VITIS_LOOP_46_2_VITIS_LOOP_47_3 BUNDLEDNAME {} DSP 0 BRAM 0 URAM 0 DISPNAME {bind_op sub}} {BINDTYPE op ID {} IMPL fabric LATENCY 0 OPTYPE sub PRAGMA {} RTLNAME sub_ln56_fu_248_p2 SOURCE ../denoiser_c_to_hls/denoiser.cpp:56 VARIABLE sub_ln56 LOOP VITIS_LOOP_45_1_VITIS_LOOP_46_2_VITIS_LOOP_47_3 BUNDLEDNAME {} DSP 0 BRAM 0 URAM 0 DISPNAME {bind_op sub}} {BINDTYPE op ID {} IMPL fabric LATENCY 0 OPTYPE add PRAGMA {} RTLNAME add_ln56_fu_280_p2 SOURCE ../denoiser_c_to_hls/denoiser.cpp:56 VARIABLE add_ln56 LOOP VITIS_LOOP_45_1_VITIS_LOOP_46_2_VITIS_LOOP_47_3 BUNDLEDNAME {} DSP 0 BRAM 0 URAM 0 DISPNAME {bind_op add}} {BINDTYPE op ID {} IMPL fabric LATENCY 0 OPTYPE add PRAGMA {} RTLNAME add_ln45_2_fu_292_p2 SOURCE ../denoiser_c_to_hls/denoiser.cpp:45 VARIABLE add_ln45_2 LOOP VITIS_LOOP_45_1_VITIS_LOOP_46_2_VITIS_LOOP_47_3 BUNDLEDNAME {} DSP 0 BRAM 0 URAM 0 DISPNAME {bind_op add}} {BINDTYPE op ID {} IMPL fabric LATENCY 0 OPTYPE add PRAGMA {} RTLNAME add_ln45_fu_304_p2 SOURCE ../denoiser_c_to_hls/denoiser.cpp:45 VARIABLE add_ln45 LOOP VITIS_LOOP_45_1_VITIS_LOOP_46_2_VITIS_LOOP_47_3 BUNDLEDNAME {} DSP 0 BRAM 0 URAM 0 DISPNAME {bind_op add}} {BINDTYPE op ID {} IMPL fabric LATENCY 0 OPTYPE sub PRAGMA {} RTLNAME sub_ln49_1_fu_348_p2 SOURCE ../denoiser_c_to_hls/denoiser.cpp:49 VARIABLE sub_ln49_1 LOOP VITIS_LOOP_45_1_VITIS_LOOP_46_2_VITIS_LOOP_47_3 BUNDLEDNAME {} DSP 0 BRAM 0 URAM 0 DISPNAME {bind_op sub}} {BINDTYPE op ID {} IMPL fabric LATENCY 0 OPTYPE add PRAGMA {} RTLNAME add_ln45_1_fu_362_p2 SOURCE ../denoiser_c_to_hls/denoiser.cpp:45 VARIABLE add_ln45_1 LOOP VITIS_LOOP_45_1_VITIS_LOOP_46_2_VITIS_LOOP_47_3 BUNDLEDNAME {} DSP 0 BRAM 0 URAM 0 DISPNAME {bind_op add}} {BINDTYPE op ID {} IMPL fabric LATENCY 0 OPTYPE sub PRAGMA {} RTLNAME sub_ln56_1_fu_392_p2 SOURCE ../denoiser_c_to_hls/denoiser.cpp:56 VARIABLE sub_ln56_1 LOOP VITIS_LOOP_45_1_VITIS_LOOP_46_2_VITIS_LOOP_47_3 BUNDLEDNAME {} DSP 0 BRAM 0 URAM 0 DISPNAME {bind_op sub}} {BINDTYPE op ID {} IMPL fabric LATENCY 0 OPTYPE add PRAGMA {} RTLNAME add_ln46_fu_456_p2 SOURCE ../denoiser_c_to_hls/denoiser.cpp:46 VARIABLE add_ln46 LOOP VITIS_LOOP_45_1_VITIS_LOOP_46_2_VITIS_LOOP_47_3 BUNDLEDNAME {} DSP 0 BRAM 0 URAM 0 DISPNAME {bind_op add}} {BINDTYPE op ID {} IMPL fabric LATENCY 0 OPTYPE add PRAGMA {} RTLNAME add_ln56_2_fu_526_p2 SOURCE ../denoiser_c_to_hls/denoiser.cpp:56 VARIABLE add_ln56_2 LOOP VITIS_LOOP_45_1_VITIS_LOOP_46_2_VITIS_LOOP_47_3 BUNDLEDNAME {} DSP 0 BRAM 0 URAM 0 DISPNAME {bind_op add}} {BINDTYPE op ID {} IMPL fabric LATENCY 0 OPTYPE add PRAGMA {} RTLNAME add_ln49_fu_576_p2 SOURCE ../denoiser_c_to_hls/denoiser.cpp:49 VARIABLE add_ln49 LOOP VITIS_LOOP_45_1_VITIS_LOOP_46_2_VITIS_LOOP_47_3 BUNDLEDNAME {} DSP 0 BRAM 0 URAM 0 DISPNAME {bind_op add}} {BINDTYPE op ID {} IMPL fabric LATENCY 0 OPTYPE add PRAGMA {} RTLNAME add_ln50_fu_601_p2 SOURCE ../denoiser_c_to_hls/denoiser.cpp:50 VARIABLE add_ln50 LOOP VITIS_LOOP_45_1_VITIS_LOOP_46_2_VITIS_LOOP_47_3 BUNDLEDNAME {} DSP 0 BRAM 0 URAM 0 DISPNAME {bind_op add}} {BINDTYPE op ID {} IMPL fabric LATENCY 0 OPTYPE add PRAGMA {} RTLNAME add_ln52_fu_646_p2 SOURCE ../denoiser_c_to_hls/denoiser.cpp:52 VARIABLE add_ln52 LOOP VITIS_LOOP_45_1_VITIS_LOOP_46_2_VITIS_LOOP_47_3 BUNDLEDNAME {} DSP 0 BRAM 0 URAM 0 DISPNAME {bind_op add}} {BINDTYPE op ID {} IMPL fabric LATENCY 0 OPTYPE add PRAGMA {} RTLNAME add_ln54_fu_662_p2 SOURCE ../denoiser_c_to_hls/denoiser.cpp:54 VARIABLE add_ln54 LOOP VITIS_LOOP_45_1_VITIS_LOOP_46_2_VITIS_LOOP_47_3 BUNDLEDNAME {} DSP 0 BRAM 0 URAM 0 DISPNAME {bind_op add}} {BINDTYPE op ID {} IMPL fabric LATENCY 0 OPTYPE add PRAGMA {} RTLNAME add_ln56_1_fu_692_p2 SOURCE ../denoiser_c_to_hls/denoiser.cpp:56 VARIABLE add_ln56_1 LOOP VITIS_LOOP_45_1_VITIS_LOOP_46_2_VITIS_LOOP_47_3 BUNDLEDNAME {} DSP 0 BRAM 0 URAM 0 DISPNAME {bind_op add}} {BINDTYPE op ID {} IMPL fabric LATENCY 0 OPTYPE add PRAGMA {} RTLNAME add_ln47_fu_708_p2 SOURCE ../denoiser_c_to_hls/denoiser.cpp:47 VARIABLE add_ln47 LOOP VITIS_LOOP_45_1_VITIS_LOOP_46_2_VITIS_LOOP_47_3 BUNDLEDNAME {} DSP 0 BRAM 0 URAM 0 DISPNAME {bind_op add}} {BINDTYPE op ID {} IMPL fabric LATENCY 0 OPTYPE add PRAGMA {} RTLNAME add_ln46_1_fu_714_p2 SOURCE ../denoiser_c_to_hls/denoiser.cpp:46 VARIABLE add_ln46_1 LOOP VITIS_LOOP_45_1_VITIS_LOOP_46_2_VITIS_LOOP_47_3 BUNDLEDNAME {} DSP 0 BRAM 0 URAM 0 DISPNAME {bind_op add}}} AREA {DSP 0 BRAM 0 URAM 0}} inference_Pipeline_loop_kh_2_loop_kw_2_loop_ic_2 {BINDINFO {{BINDTYPE op ID {} IMPL fabric LATENCY 0 OPTYPE add PRAGMA {} RTLNAME empty_fu_310_p2 SOURCE ../denoiser_c_to_hls/denoiser.cpp:74 VARIABLE empty LOOP loop_kh_2_loop_kw_2_loop_ic_2 BUNDLEDNAME {} DSP 0 BRAM 0 URAM 0 DISPNAME {bind_op add}} {BINDTYPE op ID {} IMPL fabric LATENCY 0 OPTYPE add PRAGMA {} RTLNAME empty_74_fu_320_p2 SOURCE ../denoiser_c_to_hls/denoiser.cpp:74 VARIABLE empty_74 LOOP loop_kh_2_loop_kw_2_loop_ic_2 BUNDLEDNAME {} DSP 0 BRAM 0 URAM 0 DISPNAME {bind_op add}} {BINDTYPE op ID {} IMPL fabric LATENCY 0 OPTYPE sub PRAGMA {} RTLNAME empty_75_fu_338_p2 SOURCE ../denoiser_c_to_hls/denoiser.cpp:74 VARIABLE empty_75 LOOP loop_kh_2_loop_kw_2_loop_ic_2 BUNDLEDNAME {} DSP 0 BRAM 0 URAM 0 DISPNAME {bind_op sub}} {BINDTYPE op ID {} IMPL fabric LATENCY 0 OPTYPE sub PRAGMA {} RTLNAME sub_ln83_fu_376_p2 SOURCE ../denoiser_c_to_hls/denoiser.cpp:83 VARIABLE sub_ln83 LOOP loop_kh_2_loop_kw_2_loop_ic_2 BUNDLEDNAME {} DSP 0 BRAM 0 URAM 0 DISPNAME {bind_op sub}} {BINDTYPE op ID {} IMPL fabric LATENCY 0 OPTYPE add PRAGMA {} RTLNAME empty_76_fu_390_p2 SOURCE ../denoiser_c_to_hls/denoiser.cpp:76 VARIABLE empty_76 LOOP loop_kh_2_loop_kw_2_loop_ic_2 BUNDLEDNAME {} DSP 0 BRAM 0 URAM 0 DISPNAME {bind_op add}} {BINDTYPE op ID {} IMPL fabric LATENCY 0 OPTYPE add PRAGMA {} RTLNAME empty_77_fu_400_p2 SOURCE ../denoiser_c_to_hls/denoiser.cpp:76 VARIABLE empty_77 LOOP loop_kh_2_loop_kw_2_loop_ic_2 BUNDLEDNAME {} DSP 0 BRAM 0 URAM 0 DISPNAME {bind_op add}} {BINDTYPE op ID {} IMPL fabric LATENCY 0 OPTYPE add PRAGMA {} RTLNAME add_ln83_fu_448_p2 SOURCE ../denoiser_c_to_hls/denoiser.cpp:83 VARIABLE add_ln83 LOOP loop_kh_2_loop_kw_2_loop_ic_2 BUNDLEDNAME {} DSP 0 BRAM 0 URAM 0 DISPNAME {bind_op add}} {BINDTYPE op ID {} IMPL fabric LATENCY 0 OPTYPE add PRAGMA {} RTLNAME add_ln83_1_fu_458_p2 SOURCE ../denoiser_c_to_hls/denoiser.cpp:83 VARIABLE add_ln83_1 LOOP loop_kh_2_loop_kw_2_loop_ic_2 BUNDLEDNAME {} DSP 0 BRAM 0 URAM 0 DISPNAME {bind_op add}} {BINDTYPE op ID {} IMPL fabric LATENCY 0 OPTYPE add PRAGMA {} RTLNAME add_ln74_2_fu_470_p2 SOURCE ../denoiser_c_to_hls/denoiser.cpp:74 VARIABLE add_ln74_2 LOOP loop_kh_2_loop_kw_2_loop_ic_2 BUNDLEDNAME {} DSP 0 BRAM 0 URAM 0 DISPNAME {bind_op add}} {BINDTYPE op ID {} IMPL fabric LATENCY 0 OPTYPE add PRAGMA {} RTLNAME add_ln74_fu_482_p2 SOURCE ../denoiser_c_to_hls/denoiser.cpp:74 VARIABLE add_ln74 LOOP loop_kh_2_loop_kw_2_loop_ic_2 BUNDLEDNAME {} DSP 0 BRAM 0 URAM 0 DISPNAME {bind_op add}} {BINDTYPE op ID {} IMPL fabric LATENCY 0 OPTYPE add PRAGMA {} RTLNAME p_mid195_fu_518_p2 SOURCE ../denoiser_c_to_hls/denoiser.cpp:74 VARIABLE p_mid195 LOOP loop_kh_2_loop_kw_2_loop_ic_2 BUNDLEDNAME {} DSP 0 BRAM 0 URAM 0 DISPNAME {bind_op add}} {BINDTYPE op ID {} IMPL fabric LATENCY 0 OPTYPE add PRAGMA {} RTLNAME p_mid197_fu_528_p2 SOURCE ../denoiser_c_to_hls/denoiser.cpp:74 VARIABLE p_mid197 LOOP loop_kh_2_loop_kw_2_loop_ic_2 BUNDLEDNAME {} DSP 0 BRAM 0 URAM 0 DISPNAME {bind_op add}} {BINDTYPE op ID {} IMPL fabric LATENCY 0 OPTYPE sub PRAGMA {} RTLNAME p_mid199_fu_546_p2 SOURCE ../denoiser_c_to_hls/denoiser.cpp:74 VARIABLE p_mid199 LOOP loop_kh_2_loop_kw_2_loop_ic_2 BUNDLEDNAME {} DSP 0 BRAM 0 URAM 0 DISPNAME {bind_op sub}} {BINDTYPE op ID {} IMPL fabric LATENCY 0 OPTYPE sub PRAGMA {} RTLNAME sub_ln83_1_fu_600_p2 SOURCE ../denoiser_c_to_hls/denoiser.cpp:83 VARIABLE sub_ln83_1 LOOP loop_kh_2_loop_kw_2_loop_ic_2 BUNDLEDNAME {} DSP 0 BRAM 0 URAM 0 DISPNAME {bind_op sub}} {BINDTYPE op ID {} IMPL fabric LATENCY 0 OPTYPE add PRAGMA {} RTLNAME add_ln74_1_fu_634_p2 SOURCE ../denoiser_c_to_hls/denoiser.cpp:74 VARIABLE add_ln74_1 LOOP loop_kh_2_loop_kw_2_loop_ic_2 BUNDLEDNAME {} DSP 0 BRAM 0 URAM 0 DISPNAME {bind_op add}} {BINDTYPE op ID {} IMPL fabric LATENCY 0 OPTYPE add PRAGMA {} RTLNAME add_ln83_2_fu_666_p2 SOURCE ../denoiser_c_to_hls/denoiser.cpp:83 VARIABLE add_ln83_2 LOOP loop_kh_2_loop_kw_2_loop_ic_2 BUNDLEDNAME {} DSP 0 BRAM 0 URAM 0 DISPNAME {bind_op add}} {BINDTYPE op ID {} IMPL fabric LATENCY 0 OPTYPE add PRAGMA {} RTLNAME add_ln76_fu_700_p2 SOURCE ../denoiser_c_to_hls/denoiser.cpp:76 VARIABLE add_ln76 LOOP loop_kh_2_loop_kw_2_loop_ic_2 BUNDLEDNAME {} DSP 0 BRAM 0 URAM 0 DISPNAME {bind_op add}} {BINDTYPE op ID {} IMPL fabric LATENCY 0 OPTYPE add PRAGMA {} RTLNAME p_mid173_fu_734_p2 SOURCE ../denoiser_c_to_hls/denoiser.cpp:76 VARIABLE p_mid173 LOOP loop_kh_2_loop_kw_2_loop_ic_2 BUNDLEDNAME {} DSP 0 BRAM 0 URAM 0 DISPNAME {bind_op add}} {BINDTYPE op ID {} IMPL fabric LATENCY 0 OPTYPE add PRAGMA {} RTLNAME p_mid175_fu_744_p2 SOURCE ../denoiser_c_to_hls/denoiser.cpp:76 VARIABLE p_mid175 LOOP loop_kh_2_loop_kw_2_loop_ic_2 BUNDLEDNAME {} DSP 0 BRAM 0 URAM 0 DISPNAME {bind_op add}} {BINDTYPE op ID {} IMPL fabric LATENCY 0 OPTYPE add PRAGMA {} RTLNAME add_ln83_3_fu_800_p2 SOURCE ../denoiser_c_to_hls/denoiser.cpp:83 VARIABLE add_ln83_3 LOOP loop_kh_2_loop_kw_2_loop_ic_2 BUNDLEDNAME {} DSP 0 BRAM 0 URAM 0 DISPNAME {bind_op add}} {BINDTYPE op ID {} IMPL fabric LATENCY 0 OPTYPE add PRAGMA {} RTLNAME add_ln83_4_fu_810_p2 SOURCE ../denoiser_c_to_hls/denoiser.cpp:83 VARIABLE add_ln83_4 LOOP loop_kh_2_loop_kw_2_loop_ic_2 BUNDLEDNAME {} DSP 0 BRAM 0 URAM 0 DISPNAME {bind_op add}} {BINDTYPE op ID {} IMPL fabric LATENCY 0 OPTYPE add PRAGMA {} RTLNAME add_ln84_fu_893_p2 SOURCE ../denoiser_c_to_hls/denoiser.cpp:84 VARIABLE add_ln84 LOOP loop_kh_2_loop_kw_2_loop_ic_2 BUNDLEDNAME {} DSP 0 BRAM 0 URAM 0 DISPNAME {bind_op add}} {BINDTYPE op ID {} IMPL fabric LATENCY 0 OPTYPE add PRAGMA {} RTLNAME add_ln84_1_fu_903_p2 SOURCE ../denoiser_c_to_hls/denoiser.cpp:84 VARIABLE add_ln84_1 LOOP loop_kh_2_loop_kw_2_loop_ic_2 BUNDLEDNAME {} DSP 0 BRAM 0 URAM 0 DISPNAME {bind_op add}} {BINDTYPE op ID {} IMPL dsp48 LATENCY 3 OPTYPE mul PRAGMA {} RTLNAME mac_muladd_11s_16s_26ns_26_4_1_U18 SOURCE {C:/Xilinx/Vitis_HLS/2022.2/common/technology/autopilot\ap_fixed_base.h:1347} VARIABLE mul_ln1347 LOOP loop_kh_2_loop_kw_2_loop_ic_2 BUNDLEDNAME {} DSP 1 BRAM 0 URAM 0 DISPNAME {bind_op mul}} {BINDTYPE op ID {} IMPL dsp48 LATENCY 3 OPTYPE add PRAGMA {} RTLNAME mac_muladd_11s_16s_26ns_26_4_1_U18 SOURCE {C:/Xilinx/Vitis_HLS/2022.2/common/technology/autopilot\ap_fixed_base.h:1347} VARIABLE ret_V LOOP loop_kh_2_loop_kw_2_loop_ic_2 BUNDLEDNAME {} DSP 1 BRAM 0 URAM 0 DISPNAME {bind_op add}} {BINDTYPE op ID {} IMPL fabric LATENCY 0 OPTYPE add PRAGMA {} RTLNAME add_ln84_2_fu_957_p2 SOURCE ../denoiser_c_to_hls/denoiser.cpp:84 VARIABLE add_ln84_2 LOOP loop_kh_2_loop_kw_2_loop_ic_2 BUNDLEDNAME {} DSP 0 BRAM 0 URAM 0 DISPNAME {bind_op add}} {BINDTYPE op ID {} IMPL fabric LATENCY 0 OPTYPE add PRAGMA {} RTLNAME add_ln84_3_fu_967_p2 SOURCE ../denoiser_c_to_hls/denoiser.cpp:84 VARIABLE add_ln84_3 LOOP loop_kh_2_loop_kw_2_loop_ic_2 BUNDLEDNAME {} DSP 0 BRAM 0 URAM 0 DISPNAME {bind_op add}} {BINDTYPE op ID {} IMPL dsp48 LATENCY 3 OPTYPE mul PRAGMA {} RTLNAME mac_muladd_11s_16s_26ns_26_4_1_U19 SOURCE {C:/Xilinx/Vitis_HLS/2022.2/common/technology/autopilot\ap_fixed_base.h:1347} VARIABLE mul_ln1347_1 LOOP loop_kh_2_loop_kw_2_loop_ic_2 BUNDLEDNAME {} DSP 1 BRAM 0 URAM 0 DISPNAME {bind_op mul}} {BINDTYPE op ID {} IMPL dsp48 LATENCY 3 OPTYPE add PRAGMA {} RTLNAME mac_muladd_11s_16s_26ns_26_4_1_U19 SOURCE {C:/Xilinx/Vitis_HLS/2022.2/common/technology/autopilot\ap_fixed_base.h:1347} VARIABLE ret_V_4 LOOP loop_kh_2_loop_kw_2_loop_ic_2 BUNDLEDNAME {} DSP 1 BRAM 0 URAM 0 DISPNAME {bind_op add}} {BINDTYPE op ID {} IMPL fabric LATENCY 0 OPTYPE add PRAGMA {} RTLNAME add_ln78_fu_973_p2 SOURCE ../denoiser_c_to_hls/denoiser.cpp:78 VARIABLE add_ln78 LOOP loop_kh_2_loop_kw_2_loop_ic_2 BUNDLEDNAME {} DSP 0 BRAM 0 URAM 0 DISPNAME {bind_op add}} {BINDTYPE op ID {} IMPL fabric LATENCY 0 OPTYPE add PRAGMA {} RTLNAME add_ln76_1_fu_979_p2 SOURCE ../denoiser_c_to_hls/denoiser.cpp:76 VARIABLE add_ln76_1 LOOP loop_kh_2_loop_kw_2_loop_ic_2 BUNDLEDNAME {} DSP 0 BRAM 0 URAM 0 DISPNAME {bind_op add}} {BINDTYPE storage ID {} IMPL auto LATENCY 1 OPTYPE rom_1p PRAGMA {} RTLNAME conv2_kernel_V_U SOURCE {} VARIABLE conv2_kernel_V LOOP {} BUNDLEDNAME {} DSP 0 BRAM 1 URAM 0 DISPNAME {bind_storage rom_1p}}} AREA {DSP 2 BRAM 1 URAM 0}} inference_Pipeline_VITIS_LOOP_97_1_VITIS_LOOP_98_2_VITIS_LOOP_99_3 {BINDINFO {{BINDTYPE op ID {} IMPL fabric LATENCY 0 OPTYPE sub PRAGMA {} RTLNAME sub_ln105_fu_215_p2 SOURCE ../denoiser_c_to_hls/denoiser.cpp:105 VARIABLE sub_ln105 LOOP VITIS_LOOP_97_1_VITIS_LOOP_98_2_VITIS_LOOP_99_3 BUNDLEDNAME {} DSP 0 BRAM 0 URAM 0 DISPNAME {bind_op sub}} {BINDTYPE op ID {} IMPL fabric LATENCY 0 OPTYPE sub PRAGMA {} RTLNAME sub_ln102_fu_245_p2 SOURCE ../denoiser_c_to_hls/denoiser.cpp:102 VARIABLE sub_ln102 LOOP VITIS_LOOP_97_1_VITIS_LOOP_98_2_VITIS_LOOP_99_3 BUNDLEDNAME {} DSP 0 BRAM 0 URAM 0 DISPNAME {bind_op sub}} {BINDTYPE op ID {} IMPL fabric LATENCY 0 OPTYPE add PRAGMA {} RTLNAME add_ln97_3_fu_279_p2 SOURCE ../denoiser_c_to_hls/denoiser.cpp:97 VARIABLE add_ln97_3 LOOP VITIS_LOOP_97_1_VITIS_LOOP_98_2_VITIS_LOOP_99_3 BUNDLEDNAME {} DSP 0 BRAM 0 URAM 0 DISPNAME {bind_op add}} {BINDTYPE op ID {} IMPL fabric LATENCY 0 OPTYPE add PRAGMA {} RTLNAME add_ln97_fu_291_p2 SOURCE ../denoiser_c_to_hls/denoiser.cpp:97 VARIABLE add_ln97 LOOP VITIS_LOOP_97_1_VITIS_LOOP_98_2_VITIS_LOOP_99_3 BUNDLEDNAME {} DSP 0 BRAM 0 URAM 0 DISPNAME {bind_op add}} {BINDTYPE op ID {} IMPL fabric LATENCY 0 OPTYPE sub PRAGMA {} RTLNAME sub_ln105_1_fu_335_p2 SOURCE ../denoiser_c_to_hls/denoiser.cpp:105 VARIABLE sub_ln105_1 LOOP VITIS_LOOP_97_1_VITIS_LOOP_98_2_VITIS_LOOP_99_3 BUNDLEDNAME {} DSP 0 BRAM 0 URAM 0 DISPNAME {bind_op sub}} {BINDTYPE op ID {} IMPL fabric LATENCY 0 OPTYPE sub PRAGMA {} RTLNAME sub_ln102_1_fu_365_p2 SOURCE ../denoiser_c_to_hls/denoiser.cpp:102 VARIABLE sub_ln102_1 LOOP VITIS_LOOP_97_1_VITIS_LOOP_98_2_VITIS_LOOP_99_3 BUNDLEDNAME {} DSP 0 BRAM 0 URAM 0 DISPNAME {bind_op sub}} {BINDTYPE op ID {} IMPL fabric LATENCY 0 OPTYPE add PRAGMA {} RTLNAME add_ln97_1_fu_619_p2 SOURCE ../denoiser_c_to_hls/denoiser.cpp:97 VARIABLE add_ln97_1 LOOP VITIS_LOOP_97_1_VITIS_LOOP_98_2_VITIS_LOOP_99_3 BUNDLEDNAME {} DSP 0 BRAM 0 URAM 0 DISPNAME {bind_op add}} {BINDTYPE op ID {} IMPL fabric LATENCY 0 OPTYPE add PRAGMA {} RTLNAME add_ln97_2_fu_624_p2 SOURCE ../denoiser_c_to_hls/denoiser.cpp:97 VARIABLE add_ln97_2 LOOP VITIS_LOOP_97_1_VITIS_LOOP_98_2_VITIS_LOOP_99_3 BUNDLEDNAME {} DSP 0 BRAM 0 URAM 0 DISPNAME {bind_op add}} {BINDTYPE op ID {} IMPL fabric LATENCY 0 OPTYPE add PRAGMA {} RTLNAME add_ln98_fu_429_p2 SOURCE ../denoiser_c_to_hls/denoiser.cpp:98 VARIABLE add_ln98 LOOP VITIS_LOOP_97_1_VITIS_LOOP_98_2_VITIS_LOOP_99_3 BUNDLEDNAME {} DSP 0 BRAM 0 URAM 0 DISPNAME {bind_op add}} {BINDTYPE op ID {} IMPL fabric LATENCY 0 OPTYPE add PRAGMA {} RTLNAME add_ln105_fu_549_p2 SOURCE ../denoiser_c_to_hls/denoiser.cpp:105 VARIABLE add_ln105 LOOP VITIS_LOOP_97_1_VITIS_LOOP_98_2_VITIS_LOOP_99_3 BUNDLEDNAME {} DSP 0 BRAM 0 URAM 0 DISPNAME {bind_op add}} {BINDTYPE op ID {} IMPL fabric LATENCY 0 OPTYPE add PRAGMA {} RTLNAME add_ln102_fu_654_p2 SOURCE ../denoiser_c_to_hls/denoiser.cpp:102 VARIABLE add_ln102 LOOP VITIS_LOOP_97_1_VITIS_LOOP_98_2_VITIS_LOOP_99_3 BUNDLEDNAME {} DSP 0 BRAM 0 URAM 0 DISPNAME {bind_op add}} {BINDTYPE op ID {} IMPL fabric LATENCY 0 OPTYPE add PRAGMA {} RTLNAME add_ln103_fu_675_p2 SOURCE ../denoiser_c_to_hls/denoiser.cpp:103 VARIABLE add_ln103 LOOP VITIS_LOOP_97_1_VITIS_LOOP_98_2_VITIS_LOOP_99_3 BUNDLEDNAME {} DSP 0 BRAM 0 URAM 0 DISPNAME {bind_op add}} {BINDTYPE op ID {} IMPL fabric LATENCY 0 OPTYPE add PRAGMA {} RTLNAME add_ln104_fu_710_p2 SOURCE ../denoiser_c_to_hls/denoiser.cpp:104 VARIABLE add_ln104 LOOP VITIS_LOOP_97_1_VITIS_LOOP_98_2_VITIS_LOOP_99_3 BUNDLEDNAME {} DSP 0 BRAM 0 URAM 0 DISPNAME {bind_op add}} {BINDTYPE op ID {} IMPL fabric LATENCY 0 OPTYPE add PRAGMA {} RTLNAME add_ln105_1_fu_726_p2 SOURCE ../denoiser_c_to_hls/denoiser.cpp:105 VARIABLE add_ln105_1 LOOP VITIS_LOOP_97_1_VITIS_LOOP_98_2_VITIS_LOOP_99_3 BUNDLEDNAME {} DSP 0 BRAM 0 URAM 0 DISPNAME {bind_op add}} {BINDTYPE op ID {} IMPL fabric LATENCY 0 OPTYPE add PRAGMA {} RTLNAME add_ln99_fu_574_p2 SOURCE ../denoiser_c_to_hls/denoiser.cpp:99 VARIABLE add_ln99 LOOP VITIS_LOOP_97_1_VITIS_LOOP_98_2_VITIS_LOOP_99_3 BUNDLEDNAME {} DSP 0 BRAM 0 URAM 0 DISPNAME {bind_op add}} {BINDTYPE op ID {} IMPL fabric LATENCY 0 OPTYPE add PRAGMA {} RTLNAME add_ln98_1_fu_580_p2 SOURCE ../denoiser_c_to_hls/denoiser.cpp:98 VARIABLE add_ln98_1 LOOP VITIS_LOOP_97_1_VITIS_LOOP_98_2_VITIS_LOOP_99_3 BUNDLEDNAME {} DSP 0 BRAM 0 URAM 0 DISPNAME {bind_op add}}} AREA {DSP 0 BRAM 0 URAM 0}} inference_Pipeline_loop_kh_3_loop_kw_3_loop_ic_3 {BINDINFO {{BINDTYPE op ID {} IMPL fabric LATENCY 0 OPTYPE add PRAGMA {} RTLNAME empty_fu_306_p2 SOURCE ../denoiser_c_to_hls/denoiser.cpp:123 VARIABLE empty LOOP loop_kh_3_loop_kw_3_loop_ic_3 BUNDLEDNAME {} DSP 0 BRAM 0 URAM 0 DISPNAME {bind_op add}} {BINDTYPE op ID {} IMPL fabric LATENCY 0 OPTYPE add PRAGMA {} RTLNAME empty_69_fu_316_p2 SOURCE ../denoiser_c_to_hls/denoiser.cpp:123 VARIABLE empty_69 LOOP loop_kh_3_loop_kw_3_loop_ic_3 BUNDLEDNAME {} DSP 0 BRAM 0 URAM 0 DISPNAME {bind_op add}} {BINDTYPE op ID {} IMPL fabric LATENCY 0 OPTYPE sub PRAGMA {} RTLNAME empty_70_fu_334_p2 SOURCE ../denoiser_c_to_hls/denoiser.cpp:123 VARIABLE empty_70 LOOP loop_kh_3_loop_kw_3_loop_ic_3 BUNDLEDNAME {} DSP 0 BRAM 0 URAM 0 DISPNAME {bind_op sub}} {BINDTYPE op ID {} IMPL fabric LATENCY 0 OPTYPE sub PRAGMA {} RTLNAME sub_ln132_fu_372_p2 SOURCE ../denoiser_c_to_hls/denoiser.cpp:132 VARIABLE sub_ln132 LOOP loop_kh_3_loop_kw_3_loop_ic_3 BUNDLEDNAME {} DSP 0 BRAM 0 URAM 0 DISPNAME {bind_op sub}} {BINDTYPE op ID {} IMPL fabric LATENCY 0 OPTYPE add PRAGMA {} RTLNAME empty_71_fu_382_p2 SOURCE ../denoiser_c_to_hls/denoiser.cpp:125 VARIABLE empty_71 LOOP loop_kh_3_loop_kw_3_loop_ic_3 BUNDLEDNAME {} DSP 0 BRAM 0 URAM 0 DISPNAME {bind_op add}} {BINDTYPE op ID {} IMPL fabric LATENCY 0 OPTYPE add PRAGMA {} RTLNAME empty_72_fu_392_p2 SOURCE ../denoiser_c_to_hls/denoiser.cpp:125 VARIABLE empty_72 LOOP loop_kh_3_loop_kw_3_loop_ic_3 BUNDLEDNAME {} DSP 0 BRAM 0 URAM 0 DISPNAME {bind_op add}} {BINDTYPE op ID {} IMPL fabric LATENCY 0 OPTYPE add PRAGMA {} RTLNAME add_ln132_fu_440_p2 SOURCE ../denoiser_c_to_hls/denoiser.cpp:132 VARIABLE add_ln132 LOOP loop_kh_3_loop_kw_3_loop_ic_3 BUNDLEDNAME {} DSP 0 BRAM 0 URAM 0 DISPNAME {bind_op add}} {BINDTYPE op ID {} IMPL fabric LATENCY 0 OPTYPE add PRAGMA {} RTLNAME add_ln132_1_fu_454_p2 SOURCE ../denoiser_c_to_hls/denoiser.cpp:132 VARIABLE add_ln132_1 LOOP loop_kh_3_loop_kw_3_loop_ic_3 BUNDLEDNAME {} DSP 0 BRAM 0 URAM 0 DISPNAME {bind_op add}} {BINDTYPE op ID {} IMPL fabric LATENCY 0 OPTYPE add PRAGMA {} RTLNAME add_ln123_2_fu_466_p2 SOURCE ../denoiser_c_to_hls/denoiser.cpp:123 VARIABLE add_ln123_2 LOOP loop_kh_3_loop_kw_3_loop_ic_3 BUNDLEDNAME {} DSP 0 BRAM 0 URAM 0 DISPNAME {bind_op add}} {BINDTYPE op ID {} IMPL fabric LATENCY 0 OPTYPE add PRAGMA {} RTLNAME add_ln123_fu_478_p2 SOURCE ../denoiser_c_to_hls/denoiser.cpp:123 VARIABLE add_ln123 LOOP loop_kh_3_loop_kw_3_loop_ic_3 BUNDLEDNAME {} DSP 0 BRAM 0 URAM 0 DISPNAME {bind_op add}} {BINDTYPE op ID {} IMPL fabric LATENCY 0 OPTYPE add PRAGMA {} RTLNAME p_mid1240_fu_510_p2 SOURCE ../denoiser_c_to_hls/denoiser.cpp:123 VARIABLE p_mid1240 LOOP loop_kh_3_loop_kw_3_loop_ic_3 BUNDLEDNAME {} DSP 0 BRAM 0 URAM 0 DISPNAME {bind_op add}} {BINDTYPE op ID {} IMPL fabric LATENCY 0 OPTYPE add PRAGMA {} RTLNAME p_mid1242_fu_520_p2 SOURCE ../denoiser_c_to_hls/denoiser.cpp:123 VARIABLE p_mid1242 LOOP loop_kh_3_loop_kw_3_loop_ic_3 BUNDLEDNAME {} DSP 0 BRAM 0 URAM 0 DISPNAME {bind_op add}} {BINDTYPE op ID {} IMPL fabric LATENCY 0 OPTYPE sub PRAGMA {} RTLNAME p_mid1244_fu_538_p2 SOURCE ../denoiser_c_to_hls/denoiser.cpp:123 VARIABLE p_mid1244 LOOP loop_kh_3_loop_kw_3_loop_ic_3 BUNDLEDNAME {} DSP 0 BRAM 0 URAM 0 DISPNAME {bind_op sub}} {BINDTYPE op ID {} IMPL fabric LATENCY 0 OPTYPE sub PRAGMA {} RTLNAME sub_ln132_1_fu_592_p2 SOURCE ../denoiser_c_to_hls/denoiser.cpp:132 VARIABLE sub_ln132_1 LOOP loop_kh_3_loop_kw_3_loop_ic_3 BUNDLEDNAME {} DSP 0 BRAM 0 URAM 0 DISPNAME {bind_op sub}} {BINDTYPE op ID {} IMPL fabric LATENCY 0 OPTYPE add PRAGMA {} RTLNAME add_ln123_1_fu_618_p2 SOURCE ../denoiser_c_to_hls/denoiser.cpp:123 VARIABLE add_ln123_1 LOOP loop_kh_3_loop_kw_3_loop_ic_3 BUNDLEDNAME {} DSP 0 BRAM 0 URAM 0 DISPNAME {bind_op add}} {BINDTYPE op ID {} IMPL fabric LATENCY 0 OPTYPE add PRAGMA {} RTLNAME add_ln132_2_fu_650_p2 SOURCE ../denoiser_c_to_hls/denoiser.cpp:132 VARIABLE add_ln132_2 LOOP loop_kh_3_loop_kw_3_loop_ic_3 BUNDLEDNAME {} DSP 0 BRAM 0 URAM 0 DISPNAME {bind_op add}} {BINDTYPE op ID {} IMPL fabric LATENCY 0 OPTYPE add PRAGMA {} RTLNAME add_ln125_fu_684_p2 SOURCE ../denoiser_c_to_hls/denoiser.cpp:125 VARIABLE add_ln125 LOOP loop_kh_3_loop_kw_3_loop_ic_3 BUNDLEDNAME {} DSP 0 BRAM 0 URAM 0 DISPNAME {bind_op add}} {BINDTYPE op ID {} IMPL fabric LATENCY 0 OPTYPE add PRAGMA {} RTLNAME p_mid1218_fu_714_p2 SOURCE ../denoiser_c_to_hls/denoiser.cpp:125 VARIABLE p_mid1218 LOOP loop_kh_3_loop_kw_3_loop_ic_3 BUNDLEDNAME {} DSP 0 BRAM 0 URAM 0 DISPNAME {bind_op add}} {BINDTYPE op ID {} IMPL fabric LATENCY 0 OPTYPE add PRAGMA {} RTLNAME p_mid1220_fu_724_p2 SOURCE ../denoiser_c_to_hls/denoiser.cpp:125 VARIABLE p_mid1220 LOOP loop_kh_3_loop_kw_3_loop_ic_3 BUNDLEDNAME {} DSP 0 BRAM 0 URAM 0 DISPNAME {bind_op add}} {BINDTYPE op ID {} IMPL fabric LATENCY 0 OPTYPE add PRAGMA {} RTLNAME add_ln132_3_fu_780_p2 SOURCE ../denoiser_c_to_hls/denoiser.cpp:132 VARIABLE add_ln132_3 LOOP loop_kh_3_loop_kw_3_loop_ic_3 BUNDLEDNAME {} DSP 0 BRAM 0 URAM 0 DISPNAME {bind_op add}} {BINDTYPE op ID {} IMPL fabric LATENCY 0 OPTYPE add PRAGMA {} RTLNAME add_ln132_4_fu_794_p2 SOURCE ../denoiser_c_to_hls/denoiser.cpp:132 VARIABLE add_ln132_4 LOOP loop_kh_3_loop_kw_3_loop_ic_3 BUNDLEDNAME {} DSP 0 BRAM 0 URAM 0 DISPNAME {bind_op add}} {BINDTYPE op ID {} IMPL fabric LATENCY 0 OPTYPE add PRAGMA {} RTLNAME add_ln133_fu_891_p2 SOURCE ../denoiser_c_to_hls/denoiser.cpp:133 VARIABLE add_ln133 LOOP loop_kh_3_loop_kw_3_loop_ic_3 BUNDLEDNAME {} DSP 0 BRAM 0 URAM 0 DISPNAME {bind_op add}} {BINDTYPE op ID {} IMPL fabric LATENCY 0 OPTYPE add PRAGMA {} RTLNAME add_ln133_1_fu_901_p2 SOURCE ../denoiser_c_to_hls/denoiser.cpp:133 VARIABLE add_ln133_1 LOOP loop_kh_3_loop_kw_3_loop_ic_3 BUNDLEDNAME {} DSP 0 BRAM 0 URAM 0 DISPNAME {bind_op add}} {BINDTYPE op ID {} IMPL dsp48 LATENCY 3 OPTYPE mul PRAGMA {} RTLNAME mac_muladd_12s_16s_26ns_26_4_1_U32 SOURCE {C:/Xilinx/Vitis_HLS/2022.2/common/technology/autopilot\ap_fixed_base.h:1347} VARIABLE mul_ln1347 LOOP loop_kh_3_loop_kw_3_loop_ic_3 BUNDLEDNAME {} DSP 1 BRAM 0 URAM 0 DISPNAME {bind_op mul}} {BINDTYPE op ID {} IMPL dsp48 LATENCY 3 OPTYPE add PRAGMA {} RTLNAME mac_muladd_12s_16s_26ns_26_4_1_U32 SOURCE {C:/Xilinx/Vitis_HLS/2022.2/common/technology/autopilot\ap_fixed_base.h:1347} VARIABLE ret_V LOOP loop_kh_3_loop_kw_3_loop_ic_3 BUNDLEDNAME {} DSP 1 BRAM 0 URAM 0 DISPNAME {bind_op add}} {BINDTYPE op ID {} IMPL fabric LATENCY 0 OPTYPE add PRAGMA {} RTLNAME add_ln133_4_fu_957_p2 SOURCE ../denoiser_c_to_hls/denoiser.cpp:133 VARIABLE add_ln133_4 LOOP loop_kh_3_loop_kw_3_loop_ic_3 BUNDLEDNAME {} DSP 0 BRAM 0 URAM 0 DISPNAME {bind_op add}} {BINDTYPE op ID {} IMPL dsp48 LATENCY 3 OPTYPE mul PRAGMA {} RTLNAME mac_muladd_12s_16s_26ns_26_4_1_U33 SOURCE {C:/Xilinx/Vitis_HLS/2022.2/common/technology/autopilot\ap_fixed_base.h:1347} VARIABLE mul_ln1347_2 LOOP loop_kh_3_loop_kw_3_loop_ic_3 BUNDLEDNAME {} DSP 1 BRAM 0 URAM 0 DISPNAME {bind_op mul}} {BINDTYPE op ID {} IMPL dsp48 LATENCY 3 OPTYPE add PRAGMA {} RTLNAME mac_muladd_12s_16s_26ns_26_4_1_U33 SOURCE {C:/Xilinx/Vitis_HLS/2022.2/common/technology/autopilot\ap_fixed_base.h:1347} VARIABLE ret_V_3 LOOP loop_kh_3_loop_kw_3_loop_ic_3 BUNDLEDNAME {} DSP 1 BRAM 0 URAM 0 DISPNAME {bind_op add}} {BINDTYPE op ID {} IMPL fabric LATENCY 0 OPTYPE add PRAGMA {} RTLNAME add_ln127_fu_963_p2 SOURCE ../denoiser_c_to_hls/denoiser.cpp:127 VARIABLE add_ln127 LOOP loop_kh_3_loop_kw_3_loop_ic_3 BUNDLEDNAME {} DSP 0 BRAM 0 URAM 0 DISPNAME {bind_op add}} {BINDTYPE op ID {} IMPL fabric LATENCY 0 OPTYPE add PRAGMA {} RTLNAME add_ln125_1_fu_969_p2 SOURCE ../denoiser_c_to_hls/denoiser.cpp:125 VARIABLE add_ln125_1 LOOP loop_kh_3_loop_kw_3_loop_ic_3 BUNDLEDNAME {} DSP 0 BRAM 0 URAM 0 DISPNAME {bind_op add}} {BINDTYPE storage ID {} IMPL auto LATENCY 1 OPTYPE rom_1p PRAGMA {} RTLNAME conv3_kernel_V_U SOURCE {} VARIABLE conv3_kernel_V LOOP {} BUNDLEDNAME {} DSP 0 BRAM 1 URAM 0 DISPNAME {bind_storage rom_1p}}} AREA {DSP 2 BRAM 1 URAM 0}} inference_Pipeline_loop_kh_out_loop_kw_out_loop_ic_out {BINDINFO {{BINDTYPE op ID {} IMPL fabric LATENCY 0 OPTYPE add PRAGMA {} RTLNAME empty_fu_278_p2 SOURCE ../denoiser_c_to_hls/denoiser.cpp:153 VARIABLE empty LOOP loop_kh_out_loop_kw_out_loop_ic_out BUNDLEDNAME {} DSP 0 BRAM 0 URAM 0 DISPNAME {bind_op add}} {BINDTYPE op ID {} IMPL fabric LATENCY 0 OPTYPE add PRAGMA {} RTLNAME empty_64_fu_288_p2 SOURCE ../denoiser_c_to_hls/denoiser.cpp:153 VARIABLE empty_64 LOOP loop_kh_out_loop_kw_out_loop_ic_out BUNDLEDNAME {} DSP 0 BRAM 0 URAM 0 DISPNAME {bind_op add}} {BINDTYPE op ID {} IMPL fabric LATENCY 0 OPTYPE sub PRAGMA {} RTLNAME empty_65_fu_306_p2 SOURCE ../denoiser_c_to_hls/denoiser.cpp:153 VARIABLE empty_65 LOOP loop_kh_out_loop_kw_out_loop_ic_out BUNDLEDNAME {} DSP 0 BRAM 0 URAM 0 DISPNAME {bind_op sub}} {BINDTYPE op ID {} IMPL fabric LATENCY 0 OPTYPE sub PRAGMA {} RTLNAME sub_ln162_fu_344_p2 SOURCE ../denoiser_c_to_hls/denoiser.cpp:162 VARIABLE sub_ln162 LOOP loop_kh_out_loop_kw_out_loop_ic_out BUNDLEDNAME {} DSP 0 BRAM 0 URAM 0 DISPNAME {bind_op sub}} {BINDTYPE op ID {} IMPL fabric LATENCY 0 OPTYPE add PRAGMA {} RTLNAME empty_66_fu_354_p2 SOURCE ../denoiser_c_to_hls/denoiser.cpp:155 VARIABLE empty_66 LOOP loop_kh_out_loop_kw_out_loop_ic_out BUNDLEDNAME {} DSP 0 BRAM 0 URAM 0 DISPNAME {bind_op add}} {BINDTYPE op ID {} IMPL fabric LATENCY 0 OPTYPE add PRAGMA {} RTLNAME empty_67_fu_364_p2 SOURCE ../denoiser_c_to_hls/denoiser.cpp:155 VARIABLE empty_67 LOOP loop_kh_out_loop_kw_out_loop_ic_out BUNDLEDNAME {} DSP 0 BRAM 0 URAM 0 DISPNAME {bind_op add}} {BINDTYPE op ID {} IMPL fabric LATENCY 0 OPTYPE add PRAGMA {} RTLNAME add_ln162_fu_412_p2 SOURCE ../denoiser_c_to_hls/denoiser.cpp:162 VARIABLE add_ln162 LOOP loop_kh_out_loop_kw_out_loop_ic_out BUNDLEDNAME {} DSP 0 BRAM 0 URAM 0 DISPNAME {bind_op add}} {BINDTYPE op ID {} IMPL fabric LATENCY 0 OPTYPE add PRAGMA {} RTLNAME add_ln163_2_fu_418_p2 SOURCE ../denoiser_c_to_hls/denoiser.cpp:163 VARIABLE add_ln163_2 LOOP loop_kh_out_loop_kw_out_loop_ic_out BUNDLEDNAME {} DSP 0 BRAM 0 URAM 0 DISPNAME {bind_op add}} {BINDTYPE op ID {} IMPL fabric LATENCY 0 OPTYPE add PRAGMA {} RTLNAME add_ln153_1_fu_430_p2 SOURCE ../denoiser_c_to_hls/denoiser.cpp:153 VARIABLE add_ln153_1 LOOP loop_kh_out_loop_kw_out_loop_ic_out BUNDLEDNAME {} DSP 0 BRAM 0 URAM 0 DISPNAME {bind_op add}} {BINDTYPE op ID {} IMPL fabric LATENCY 0 OPTYPE add PRAGMA {} RTLNAME add_ln153_fu_442_p2 SOURCE ../denoiser_c_to_hls/denoiser.cpp:153 VARIABLE add_ln153 LOOP loop_kh_out_loop_kw_out_loop_ic_out BUNDLEDNAME {} DSP 0 BRAM 0 URAM 0 DISPNAME {bind_op add}} {BINDTYPE op ID {} IMPL fabric LATENCY 0 OPTYPE add PRAGMA {} RTLNAME p_mid1346_fu_474_p2 SOURCE ../denoiser_c_to_hls/denoiser.cpp:153 VARIABLE p_mid1346 LOOP loop_kh_out_loop_kw_out_loop_ic_out BUNDLEDNAME {} DSP 0 BRAM 0 URAM 0 DISPNAME {bind_op add}} {BINDTYPE op ID {} IMPL fabric LATENCY 0 OPTYPE add PRAGMA {} RTLNAME p_mid1348_fu_484_p2 SOURCE ../denoiser_c_to_hls/denoiser.cpp:153 VARIABLE p_mid1348 LOOP loop_kh_out_loop_kw_out_loop_ic_out BUNDLEDNAME {} DSP 0 BRAM 0 URAM 0 DISPNAME {bind_op add}} {BINDTYPE op ID {} IMPL fabric LATENCY 0 OPTYPE sub PRAGMA {} RTLNAME p_mid1350_fu_502_p2 SOURCE ../denoiser_c_to_hls/denoiser.cpp:153 VARIABLE p_mid1350 LOOP loop_kh_out_loop_kw_out_loop_ic_out BUNDLEDNAME {} DSP 0 BRAM 0 URAM 0 DISPNAME {bind_op sub}} {BINDTYPE op ID {} IMPL fabric LATENCY 0 OPTYPE sub PRAGMA {} RTLNAME sub_ln162_1_fu_568_p2 SOURCE ../denoiser_c_to_hls/denoiser.cpp:162 VARIABLE sub_ln162_1 LOOP loop_kh_out_loop_kw_out_loop_ic_out BUNDLEDNAME {} DSP 0 BRAM 0 URAM 0 DISPNAME {bind_op sub}} {BINDTYPE op ID {} IMPL fabric LATENCY 0 OPTYPE add PRAGMA {} RTLNAME add_ln162_1_fu_608_p2 SOURCE ../denoiser_c_to_hls/denoiser.cpp:162 VARIABLE add_ln162_1 LOOP loop_kh_out_loop_kw_out_loop_ic_out BUNDLEDNAME {} DSP 0 BRAM 0 URAM 0 DISPNAME {bind_op add}} {BINDTYPE op ID {} IMPL fabric LATENCY 0 OPTYPE add PRAGMA {} RTLNAME add_ln155_fu_650_p2 SOURCE ../denoiser_c_to_hls/denoiser.cpp:155 VARIABLE add_ln155 LOOP loop_kh_out_loop_kw_out_loop_ic_out BUNDLEDNAME {} DSP 0 BRAM 0 URAM 0 DISPNAME {bind_op add}} {BINDTYPE op ID {} IMPL fabric LATENCY 0 OPTYPE add PRAGMA {} RTLNAME p_mid1324_fu_680_p2 SOURCE ../denoiser_c_to_hls/denoiser.cpp:155 VARIABLE p_mid1324 LOOP loop_kh_out_loop_kw_out_loop_ic_out BUNDLEDNAME {} DSP 0 BRAM 0 URAM 0 DISPNAME {bind_op add}} {BINDTYPE op ID {} IMPL fabric LATENCY 0 OPTYPE add PRAGMA {} RTLNAME p_mid1326_fu_690_p2 SOURCE ../denoiser_c_to_hls/denoiser.cpp:155 VARIABLE p_mid1326 LOOP loop_kh_out_loop_kw_out_loop_ic_out BUNDLEDNAME {} DSP 0 BRAM 0 URAM 0 DISPNAME {bind_op add}} {BINDTYPE op ID {} IMPL fabric LATENCY 0 OPTYPE add PRAGMA {} RTLNAME add_ln162_2_fu_746_p2 SOURCE ../denoiser_c_to_hls/denoiser.cpp:162 VARIABLE add_ln162_2 LOOP loop_kh_out_loop_kw_out_loop_ic_out BUNDLEDNAME {} DSP 0 BRAM 0 URAM 0 DISPNAME {bind_op add}} {BINDTYPE op ID {} IMPL fabric LATENCY 0 OPTYPE add PRAGMA {} RTLNAME add_ln163_4_fu_752_p2 SOURCE ../denoiser_c_to_hls/denoiser.cpp:163 VARIABLE add_ln163_4 LOOP loop_kh_out_loop_kw_out_loop_ic_out BUNDLEDNAME {} DSP 0 BRAM 0 URAM 0 DISPNAME {bind_op add}} {BINDTYPE op ID {} IMPL dsp48 LATENCY 3 OPTYPE mul PRAGMA {} RTLNAME mac_muladd_11s_16s_26ns_26_4_1_U45 SOURCE {C:/Xilinx/Vitis_HLS/2022.2/common/technology/autopilot\ap_fixed_base.h:1347} VARIABLE mul_ln1347 LOOP loop_kh_out_loop_kw_out_loop_ic_out BUNDLEDNAME {} DSP 1 BRAM 0 URAM 0 DISPNAME {bind_op mul}} {BINDTYPE op ID {} IMPL dsp48 LATENCY 3 OPTYPE add PRAGMA {} RTLNAME mac_muladd_11s_16s_26ns_26_4_1_U45 SOURCE {C:/Xilinx/Vitis_HLS/2022.2/common/technology/autopilot\ap_fixed_base.h:1347} VARIABLE ret_V LOOP loop_kh_out_loop_kw_out_loop_ic_out BUNDLEDNAME {} DSP 1 BRAM 0 URAM 0 DISPNAME {bind_op add}} {BINDTYPE op ID {} IMPL fabric LATENCY 0 OPTYPE add PRAGMA {} RTLNAME add_ln163_3_fu_919_p2 SOURCE ../denoiser_c_to_hls/denoiser.cpp:163 VARIABLE add_ln163_3 LOOP loop_kh_out_loop_kw_out_loop_ic_out BUNDLEDNAME {} DSP 0 BRAM 0 URAM 0 DISPNAME {bind_op add}} {BINDTYPE op ID {} IMPL dsp48 LATENCY 3 OPTYPE mul PRAGMA {} RTLNAME mac_muladd_11s_16s_26ns_26_4_1_U46 SOURCE {C:/Xilinx/Vitis_HLS/2022.2/common/technology/autopilot\ap_fixed_base.h:1347} VARIABLE mul_ln1347_1 LOOP loop_kh_out_loop_kw_out_loop_ic_out BUNDLEDNAME {} DSP 1 BRAM 0 URAM 0 DISPNAME {bind_op mul}} {BINDTYPE op ID {} IMPL dsp48 LATENCY 3 OPTYPE add PRAGMA {} RTLNAME mac_muladd_11s_16s_26ns_26_4_1_U46 SOURCE {C:/Xilinx/Vitis_HLS/2022.2/common/technology/autopilot\ap_fixed_base.h:1347} VARIABLE ret_V_2 LOOP loop_kh_out_loop_kw_out_loop_ic_out BUNDLEDNAME {} DSP 1 BRAM 0 URAM 0 DISPNAME {bind_op add}} {BINDTYPE op ID {} IMPL fabric LATENCY 0 OPTYPE add PRAGMA {} RTLNAME add_ln157_fu_925_p2 SOURCE ../denoiser_c_to_hls/denoiser.cpp:157 VARIABLE add_ln157 LOOP loop_kh_out_loop_kw_out_loop_ic_out BUNDLEDNAME {} DSP 0 BRAM 0 URAM 0 DISPNAME {bind_op add}} {BINDTYPE op ID {} IMPL fabric LATENCY 0 OPTYPE add PRAGMA {} RTLNAME add_ln155_1_fu_931_p2 SOURCE ../denoiser_c_to_hls/denoiser.cpp:155 VARIABLE add_ln155_1 LOOP loop_kh_out_loop_kw_out_loop_ic_out BUNDLEDNAME {} DSP 0 BRAM 0 URAM 0 DISPNAME {bind_op add}} {BINDTYPE storage ID {} IMPL auto LATENCY 1 OPTYPE rom_1p PRAGMA {} RTLNAME conv_out_kernel_V_U SOURCE {} VARIABLE conv_out_kernel_V LOOP {} BUNDLEDNAME {} DSP 0 BRAM 0 URAM 0 DISPNAME {bind_storage rom_1p}}} AREA {DSP 2 BRAM 0 URAM 0}} inference {BINDINFO {{BINDTYPE op ID {} IMPL fabric LATENCY 0 OPTYPE sub PRAGMA {} RTLNAME sub_ln36_fu_630_p2 SOURCE ../denoiser_c_to_hls/denoiser.cpp:36 VARIABLE sub_ln36 LOOP loop_oc_1_loop_h_1_loop_w_1 BUNDLEDNAME {} DSP 0 BRAM 0 URAM 0 DISPNAME {bind_op sub}} {BINDTYPE op ID {} IMPL fabric LATENCY 0 OPTYPE add PRAGMA {} RTLNAME add_ln17_1_fu_642_p2 SOURCE ../denoiser_c_to_hls/denoiser.cpp:17 VARIABLE add_ln17_1 LOOP loop_oc_1_loop_h_1_loop_w_1 BUNDLEDNAME {} DSP 0 BRAM 0 URAM 0 DISPNAME {bind_op add}} {BINDTYPE op ID {} IMPL fabric LATENCY 0 OPTYPE add PRAGMA {} RTLNAME add_ln17_fu_651_p2 SOURCE ../denoiser_c_to_hls/denoiser.cpp:17 VARIABLE add_ln17 LOOP loop_oc_1_loop_h_1_loop_w_1 BUNDLEDNAME {} DSP 0 BRAM 0 URAM 0 DISPNAME {bind_op add}} {BINDTYPE op ID {} IMPL fabric LATENCY 0 OPTYPE add PRAGMA {} RTLNAME add_ln19_fu_751_p2 SOURCE ../denoiser_c_to_hls/denoiser.cpp:19 VARIABLE add_ln19 LOOP loop_oc_1_loop_h_1_loop_w_1 BUNDLEDNAME {} DSP 0 BRAM 0 URAM 0 DISPNAME {bind_op add}} {BINDTYPE op ID {} IMPL fabric LATENCY 0 OPTYPE sub PRAGMA {} RTLNAME sub_ln36_1_fu_795_p2 SOURCE ../denoiser_c_to_hls/denoiser.cpp:36 VARIABLE sub_ln36_1 LOOP loop_oc_1_loop_h_1_loop_w_1 BUNDLEDNAME {} DSP 0 BRAM 0 URAM 0 DISPNAME {bind_op sub}} {BINDTYPE op ID {} IMPL fabric LATENCY 0 OPTYPE add PRAGMA {} RTLNAME add_ln30_fu_821_p2 SOURCE ../denoiser_c_to_hls/denoiser.cpp:30 VARIABLE add_ln30 LOOP loop_oc_1_loop_h_1_loop_w_1 BUNDLEDNAME {} DSP 0 BRAM 0 URAM 0 DISPNAME {bind_op add}} {BINDTYPE op ID {} IMPL fabric LATENCY 0 OPTYPE add PRAGMA {} RTLNAME add_ln25_fu_858_p2 SOURCE ../denoiser_c_to_hls/denoiser.cpp:25 VARIABLE add_ln25 LOOP loop_kh_1 BUNDLEDNAME {} DSP 0 BRAM 0 URAM 0 DISPNAME {bind_op add}} {BINDTYPE op ID {} IMPL fabric LATENCY 0 OPTYPE add PRAGMA {} RTLNAME empty_82_fu_868_p2 SOURCE ../denoiser_c_to_hls/denoiser.cpp:25 VARIABLE empty_82 LOOP loop_kh_1 BUNDLEDNAME {} DSP 0 BRAM 0 URAM 0 DISPNAME {bind_op add}} {BINDTYPE op ID {} IMPL fabric LATENCY 0 OPTYPE add PRAGMA {} RTLNAME empty_83_fu_877_p2 SOURCE ../denoiser_c_to_hls/denoiser.cpp:25 VARIABLE empty_83 LOOP loop_kh_1 BUNDLEDNAME {} DSP 0 BRAM 0 URAM 0 DISPNAME {bind_op add}} {BINDTYPE op ID {} IMPL fabric LATENCY 0 OPTYPE sub PRAGMA {} RTLNAME sub_ln32_fu_907_p2 SOURCE ../denoiser_c_to_hls/denoiser.cpp:32 VARIABLE sub_ln32 LOOP loop_kh_1 BUNDLEDNAME {} DSP 0 BRAM 0 URAM 0 DISPNAME {bind_op sub}} {BINDTYPE op ID {} IMPL fabric LATENCY 0 OPTYPE add PRAGMA {} RTLNAME empty_85_fu_941_p2 SOURCE ../denoiser_c_to_hls/denoiser.cpp:17 VARIABLE empty_85 LOOP loop_kh_1 BUNDLEDNAME {} DSP 0 BRAM 0 URAM 0 DISPNAME {bind_op add}} {BINDTYPE op ID {} IMPL fabric LATENCY 0 OPTYPE add PRAGMA {} RTLNAME add_ln36_fu_1001_p2 SOURCE ../denoiser_c_to_hls/denoiser.cpp:36 VARIABLE add_ln36 LOOP loop_oc_1_loop_h_1_loop_w_1 BUNDLEDNAME {} DSP 0 BRAM 0 URAM 0 DISPNAME {bind_op add}} {BINDTYPE op ID {} IMPL fabric LATENCY 0 OPTYPE add PRAGMA {} RTLNAME add_ln21_fu_1025_p2 SOURCE ../denoiser_c_to_hls/denoiser.cpp:21 VARIABLE add_ln21 LOOP loop_oc_1_loop_h_1_loop_w_1 BUNDLEDNAME {} DSP 0 BRAM 0 URAM 0 DISPNAME {bind_op add}} {BINDTYPE op ID {} IMPL fabric LATENCY 0 OPTYPE add PRAGMA {} RTLNAME add_ln19_1_fu_1030_p2 SOURCE ../denoiser_c_to_hls/denoiser.cpp:19 VARIABLE add_ln19_1 LOOP loop_oc_1_loop_h_1_loop_w_1 BUNDLEDNAME {} DSP 0 BRAM 0 URAM 0 DISPNAME {bind_op add}} {BINDTYPE op ID {} IMPL fabric LATENCY 0 OPTYPE sub PRAGMA {} RTLNAME sub_ln88_fu_1125_p2 SOURCE ../denoiser_c_to_hls/denoiser.cpp:88 VARIABLE sub_ln88 LOOP loop_oc_2_loop_h_2_loop_w_2 BUNDLEDNAME {} DSP 0 BRAM 0 URAM 0 DISPNAME {bind_op sub}} {BINDTYPE op ID {} IMPL fabric LATENCY 0 OPTYPE add PRAGMA {} RTLNAME add_ln66_1_fu_1137_p2 SOURCE ../denoiser_c_to_hls/denoiser.cpp:66 VARIABLE add_ln66_1 LOOP loop_oc_2_loop_h_2_loop_w_2 BUNDLEDNAME {} DSP 0 BRAM 0 URAM 0 DISPNAME {bind_op add}} {BINDTYPE op ID {} IMPL fabric LATENCY 0 OPTYPE add PRAGMA {} RTLNAME add_ln66_fu_1149_p2 SOURCE ../denoiser_c_to_hls/denoiser.cpp:66 VARIABLE add_ln66 LOOP loop_oc_2_loop_h_2_loop_w_2 BUNDLEDNAME {} DSP 0 BRAM 0 URAM 0 DISPNAME {bind_op add}} {BINDTYPE op ID {} IMPL fabric LATENCY 0 OPTYPE add PRAGMA {} RTLNAME add_ln68_fu_1234_p2 SOURCE ../denoiser_c_to_hls/denoiser.cpp:68 VARIABLE add_ln68 LOOP loop_oc_2_loop_h_2_loop_w_2 BUNDLEDNAME {} DSP 0 BRAM 0 URAM 0 DISPNAME {bind_op add}} {BINDTYPE op ID {} IMPL fabric LATENCY 0 OPTYPE sub PRAGMA {} RTLNAME sub_ln88_1_fu_1278_p2 SOURCE ../denoiser_c_to_hls/denoiser.cpp:88 VARIABLE sub_ln88_1 LOOP loop_oc_2_loop_h_2_loop_w_2 BUNDLEDNAME {} DSP 0 BRAM 0 URAM 0 DISPNAME {bind_op sub}} {BINDTYPE op ID {} IMPL fabric LATENCY 0 OPTYPE add PRAGMA {} RTLNAME p_mid1111_fu_1403_p2 SOURCE ../denoiser_c_to_hls/denoiser.cpp:68 VARIABLE p_mid1111 LOOP loop_oc_2_loop_h_2_loop_w_2 BUNDLEDNAME {} DSP 0 BRAM 0 URAM 0 DISPNAME {bind_op add}} {BINDTYPE op ID {} IMPL fabric LATENCY 0 OPTYPE add PRAGMA {} RTLNAME add_ln83_2_fu_1434_p2 SOURCE ../denoiser_c_to_hls/denoiser.cpp:83 VARIABLE add_ln83_2 LOOP loop_oc_2_loop_h_2_loop_w_2 BUNDLEDNAME {} DSP 0 BRAM 0 URAM 0 DISPNAME {bind_op add}} {BINDTYPE op ID {} IMPL fabric LATENCY 0 OPTYPE add PRAGMA {} RTLNAME add_ln88_fu_1314_p2 SOURCE ../denoiser_c_to_hls/denoiser.cpp:88 VARIABLE add_ln88 LOOP loop_oc_2_loop_h_2_loop_w_2 BUNDLEDNAME {} DSP 0 BRAM 0 URAM 0 DISPNAME {bind_op add}} {BINDTYPE op ID {} IMPL fabric LATENCY 0 OPTYPE add PRAGMA {} RTLNAME add_ln70_fu_1330_p2 SOURCE ../denoiser_c_to_hls/denoiser.cpp:70 VARIABLE add_ln70 LOOP loop_oc_2_loop_h_2_loop_w_2 BUNDLEDNAME {} DSP 0 BRAM 0 URAM 0 DISPNAME {bind_op add}} {BINDTYPE op ID {} IMPL fabric LATENCY 0 OPTYPE add PRAGMA {} RTLNAME add_ln68_1_fu_1336_p2 SOURCE ../denoiser_c_to_hls/denoiser.cpp:68 VARIABLE add_ln68_1 LOOP loop_oc_2_loop_h_2_loop_w_2 BUNDLEDNAME {} DSP 0 BRAM 0 URAM 0 DISPNAME {bind_op add}} {BINDTYPE op ID {} IMPL fabric LATENCY 0 OPTYPE sub PRAGMA {} RTLNAME sub_ln137_fu_1538_p2 SOURCE ../denoiser_c_to_hls/denoiser.cpp:137 VARIABLE sub_ln137 LOOP loop_oc_3_loop_h_3_loop_w_3 BUNDLEDNAME {} DSP 0 BRAM 0 URAM 0 DISPNAME {bind_op sub}} {BINDTYPE op ID {} IMPL fabric LATENCY 0 OPTYPE add PRAGMA {} RTLNAME add_ln115_1_fu_1550_p2 SOURCE ../denoiser_c_to_hls/denoiser.cpp:115 VARIABLE add_ln115_1 LOOP loop_oc_3_loop_h_3_loop_w_3 BUNDLEDNAME {} DSP 0 BRAM 0 URAM 0 DISPNAME {bind_op add}} {BINDTYPE op ID {} IMPL fabric LATENCY 0 OPTYPE add PRAGMA {} RTLNAME add_ln115_fu_1562_p2 SOURCE ../denoiser_c_to_hls/denoiser.cpp:115 VARIABLE add_ln115 LOOP loop_oc_3_loop_h_3_loop_w_3 BUNDLEDNAME {} DSP 0 BRAM 0 URAM 0 DISPNAME {bind_op add}} {BINDTYPE op ID {} IMPL fabric LATENCY 0 OPTYPE add PRAGMA {} RTLNAME add_ln117_fu_1666_p2 SOURCE ../denoiser_c_to_hls/denoiser.cpp:117 VARIABLE add_ln117 LOOP loop_oc_3_loop_h_3_loop_w_3 BUNDLEDNAME {} DSP 0 BRAM 0 URAM 0 DISPNAME {bind_op add}} {BINDTYPE op ID {} IMPL fabric LATENCY 0 OPTYPE sub PRAGMA {} RTLNAME sub_ln137_1_fu_1710_p2 SOURCE ../denoiser_c_to_hls/denoiser.cpp:137 VARIABLE sub_ln137_1 LOOP loop_oc_3_loop_h_3_loop_w_3 BUNDLEDNAME {} DSP 0 BRAM 0 URAM 0 DISPNAME {bind_op sub}} {BINDTYPE op ID {} IMPL fabric LATENCY 0 OPTYPE add PRAGMA {} RTLNAME p_mid1254_fu_1825_p2 SOURCE ../denoiser_c_to_hls/denoiser.cpp:117 VARIABLE p_mid1254 LOOP loop_oc_3_loop_h_3_loop_w_3 BUNDLEDNAME {} DSP 0 BRAM 0 URAM 0 DISPNAME {bind_op add}} {BINDTYPE op ID {} IMPL fabric LATENCY 0 OPTYPE add PRAGMA {} RTLNAME add_ln132_2_fu_1856_p2 SOURCE ../denoiser_c_to_hls/denoiser.cpp:132 VARIABLE add_ln132_2 LOOP loop_oc_3_loop_h_3_loop_w_3 BUNDLEDNAME {} DSP 0 BRAM 0 URAM 0 DISPNAME {bind_op add}} {BINDTYPE op ID {} IMPL fabric LATENCY 0 OPTYPE add PRAGMA {} RTLNAME add_ln137_fu_1746_p2 SOURCE ../denoiser_c_to_hls/denoiser.cpp:137 VARIABLE add_ln137 LOOP loop_oc_3_loop_h_3_loop_w_3 BUNDLEDNAME {} DSP 0 BRAM 0 URAM 0 DISPNAME {bind_op add}} {BINDTYPE op ID {} IMPL fabric LATENCY 0 OPTYPE add PRAGMA {} RTLNAME add_ln119_fu_1762_p2 SOURCE ../denoiser_c_to_hls/denoiser.cpp:119 VARIABLE add_ln119 LOOP loop_oc_3_loop_h_3_loop_w_3 BUNDLEDNAME {} DSP 0 BRAM 0 URAM 0 DISPNAME {bind_op add}} {BINDTYPE op ID {} IMPL fabric LATENCY 0 OPTYPE add PRAGMA {} RTLNAME add_ln117_1_fu_1768_p2 SOURCE ../denoiser_c_to_hls/denoiser.cpp:117 VARIABLE add_ln117_1 LOOP loop_oc_3_loop_h_3_loop_w_3 BUNDLEDNAME {} DSP 0 BRAM 0 URAM 0 DISPNAME {bind_op add}} {BINDTYPE op ID {} IMPL fabric LATENCY 0 OPTYPE add PRAGMA {} RTLNAME add_ln147_1_fu_1906_p2 SOURCE ../denoiser_c_to_hls/denoiser.cpp:147 VARIABLE add_ln147_1 LOOP loop_h_out_loop_w_out BUNDLEDNAME {} DSP 0 BRAM 0 URAM 0 DISPNAME {bind_op add}} {BINDTYPE op ID {} IMPL fabric LATENCY 0 OPTYPE add PRAGMA {} RTLNAME add_ln147_fu_1948_p2 SOURCE ../denoiser_c_to_hls/denoiser.cpp:147 VARIABLE add_ln147 LOOP loop_h_out_loop_w_out BUNDLEDNAME {} DSP 0 BRAM 0 URAM 0 DISPNAME {bind_op add}} {BINDTYPE op ID {} IMPL fabric LATENCY 0 OPTYPE add PRAGMA {} RTLNAME p_mid1360_fu_1965_p2 SOURCE ../denoiser_c_to_hls/denoiser.cpp:147 VARIABLE p_mid1360 LOOP loop_h_out_loop_w_out BUNDLEDNAME {} DSP 0 BRAM 0 URAM 0 DISPNAME {bind_op add}} {BINDTYPE op ID {} IMPL fabric LATENCY 0 OPTYPE sub PRAGMA {} RTLNAME r_V_fu_2047_p2 SOURCE {C:/Xilinx/Vitis_HLS/2022.2/common/technology/autopilot\ap_fixed_base.h:1408} VARIABLE r_V LOOP loop_h_out_loop_w_out BUNDLEDNAME {} DSP 0 BRAM 0 URAM 0 DISPNAME {bind_op sub}} {BINDTYPE op ID {} IMPL fabric LATENCY 0 OPTYPE add PRAGMA {} RTLNAME ret_V_6_fu_2116_p2 SOURCE {C:/Xilinx/Vitis_HLS/2022.2/common/technology/autopilot\ap_fixed_base.h:1347} VARIABLE ret_V_6 LOOP loop_h_out_loop_w_out BUNDLEDNAME {} DSP 0 BRAM 0 URAM 0 DISPNAME {bind_op add}} {BINDTYPE op ID {} IMPL fabric LATENCY 0 OPTYPE add PRAGMA {} RTLNAME ret_V_fu_2136_p2 SOURCE {C:/Xilinx/Vitis_HLS/2022.2/common/technology/autopilot\ap_fixed_base.h:1347} VARIABLE ret_V LOOP loop_h_out_loop_w_out BUNDLEDNAME {} DSP 0 BRAM 0 URAM 0 DISPNAME {bind_op add}} {BINDTYPE op ID {} IMPL auto LATENCY 0 OPTYPE mul PRAGMA {} RTLNAME mul_50ns_50ns_100_1_1_U59 SOURCE {C:/Xilinx/Vitis_HLS/2022.2/common/technology/autopilot\ap_fixed_base.h:1273} VARIABLE r_V_10 LOOP loop_h_out_loop_w_out BUNDLEDNAME {} DSP 8 BRAM 0 URAM 0 DISPNAME {bind_op mul}} {BINDTYPE op ID {} IMPL fabric LATENCY 0 OPTYPE add PRAGMA {} RTLNAME y_l_V_fu_2179_p2 SOURCE {C:/Xilinx/Vitis_HLS/2022.2/common/technology/autopilot\ap_fixed_base.h:813} VARIABLE y_l_V LOOP loop_h_out_loop_w_out BUNDLEDNAME {} DSP 0 BRAM 0 URAM 0 DISPNAME {bind_op add}} {BINDTYPE op ID {} IMPL fabric LATENCY 0 OPTYPE add PRAGMA {} RTLNAME ret_V_5_fu_2272_p2 SOURCE {C:/Xilinx/Vitis_HLS/2022.2/common/technology/autopilot\ap_fixed_base.h:1347} VARIABLE ret_V_5 LOOP loop_h_out_loop_w_out BUNDLEDNAME {} DSP 0 BRAM 0 URAM 0 DISPNAME {bind_op add}} {BINDTYPE op ID {} IMPL fabric LATENCY 0 OPTYPE add PRAGMA {} RTLNAME add_ln149_fu_1929_p2 SOURCE ../denoiser_c_to_hls/denoiser.cpp:149 VARIABLE add_ln149 LOOP loop_h_out_loop_w_out BUNDLEDNAME {} DSP 0 BRAM 0 URAM 0 DISPNAME {bind_op add}} {BINDTYPE storage ID {} IMPL auto LATENCY 1 OPTYPE rom_1p PRAGMA {} RTLNAME conv2_bias_V_U SOURCE {} VARIABLE conv2_bias_V LOOP {} BUNDLEDNAME {} DSP 0 BRAM 0 URAM 0 DISPNAME {bind_storage rom_1p}} {BINDTYPE storage ID {} IMPL auto LATENCY 1 OPTYPE rom_1p PRAGMA {} RTLNAME f_x_msb_2_table_V_U SOURCE {} VARIABLE f_x_msb_2_table_V LOOP {} BUNDLEDNAME {} DSP 0 BRAM 2 URAM 0 DISPNAME {bind_storage rom_1p}} {BINDTYPE storage ID {} IMPL auto LATENCY 1 OPTYPE rom_1p PRAGMA {} RTLNAME exp_x_msb_1_table_V_U SOURCE {} VARIABLE exp_x_msb_1_table_V LOOP {} BUNDLEDNAME {} DSP 0 BRAM 2 URAM 0 DISPNAME {bind_storage rom_1p}}} AREA {DSP 16 BRAM 6 URAM 0}} denoiser_top_Pipeline_VITIS_LOOP_25_2 {BINDINFO {{BINDTYPE op ID {} IMPL fabric LATENCY 0 OPTYPE add PRAGMA {} RTLNAME add_ln25_fu_107_p2 SOURCE ../denoiser_c_to_hls/top.cpp:25 VARIABLE add_ln25 LOOP VITIS_LOOP_25_2 BUNDLEDNAME {} DSP 0 BRAM 0 URAM 0 DISPNAME {bind_op add}}} AREA {DSP 0 BRAM 0 URAM 0}} denoiser_top {BINDINFO {{BINDTYPE storage ID {} IMPL auto LATENCY 1 OPTYPE ram_s2p PRAGMA {} RTLNAME d_U SOURCE {} VARIABLE d LOOP {} BUNDLEDNAME {} DSP 0 BRAM 16 URAM 0 DISPNAME {bind_storage ram_s2p}} {BINDTYPE storage ID {} IMPL auto LATENCY 1 OPTYPE ram_s2p PRAGMA {} RTLNAME in_buf_V_U SOURCE ../denoiser_c_to_hls/top.cpp:13 VARIABLE in_buf_V LOOP {} BUNDLEDNAME {} DSP 0 BRAM 1 URAM 0 DISPNAME {bind_storage ram_s2p}} {BINDTYPE storage ID {} IMPL auto LATENCY 1 OPTYPE ram_1p PRAGMA {} RTLNAME out_buf8_U SOURCE {} VARIABLE out_buf8 LOOP {} BUNDLEDNAME {} DSP 0 BRAM 1 URAM 0 DISPNAME {bind_storage ram_1p}}} AREA {DSP 16 BRAM 24 URAM 0}}}}'
INFO-FLOW: DBG:PUTS:      update_csynth_reports json2rpt_hw_sw_interfaces
Execute       send_msg_by_id INFO @200-1603@%s  and missed bursts 
INFO: [HLS 200-1603] Design has inferred MAXI bursts and missed bursts, see Vitis HLS GUI synthesis summary report for detailed information.
INFO-FLOW: Running: gen_csynth_sec_pragma
INFO-FLOW: Done: gen_csynth_sec_pragma time: 0.6 seconds per iteration
INFO-FLOW: DBG:PUTS:      update_csynth_reports wrote xml
INFO-FLOW: DBG:PUTS:      update_csynth_reports appended to csynth rpt file
INFO: [HLS 200-111] Finished Updating report files: CPU user time: 3 seconds. CPU system time: 1 seconds. Elapsed time: 3.281 seconds; current allocated memory: 347.434 MB.
INFO: [VHDL 208-304] Generating VHDL RTL for denoiser_top.
INFO: [VLOG 209-307] Generating Verilog RTL for denoiser_top.
Execute       syn_report -model denoiser_top -printsummary 
INFO: [HLS 200-790] **** Loop Constraint Status: All loop constraints were NOT satisfied.
INFO: [HLS 200-789] **** Estimated Fmax: 136.99 MHz
Command     autosyn done; 30.01 sec.
Command   csynth_design done; 199.267 sec.
INFO: [HLS 200-111] Finished Command csynth_design CPU user time: 104 seconds. CPU system time: 8 seconds. Elapsed time: 199.267 seconds; current allocated memory: 238.695 MB.
Command ap_source done; 211.137 sec.
Execute cleanup_all 
INFO-FLOW: Workspace C:/Nam_3_HK2_2025_2026/Do_an_1/c_inter_to_hls/denoiser/solution1 opened at Tue Jun 30 22:52:48 +0700 2026
Execute     ap_set_clock -name default -period 10 -default=false 
INFO: [SYN 201-201] Setting up clock 'default' with a period of 10ns.
Execute     set_part xck26-sfvc784-2LV-c 
Execute       create_platform xck26-sfvc784-2LV-c -board  
DBG:HLSDevice: Trying to load device library: C:/Xilinx/Vitis_HLS/2022.2\lib\win64.o\xv_hlsvwrap.dll
DBG:HLSDevice: first parts/arch.xml in RDI_DATADIR: C:/Xilinx/Vivado/2022.2/data/parts/arch.xml
DBG:HLSDevice: init success
INFO: [HLS 200-1611] Setting target device to 'xck26-sfvc784-2LV-c'
Command       create_platform done; 1.882 sec.
Execute       source C:/Xilinx/Vitis_HLS/2022.2/common/technology/xilinx/common/xilinx.gen 
Execute         source C:/Xilinx/Vitis_HLS/2022.2/common/technology/xilinx/interface/plb46.gen 
Execute         source C:/Xilinx/Vitis_HLS/2022.2/common/technology/xilinx/interface/axi4.gen 
Execute         source C:/Xilinx/Vitis_HLS/2022.2/common/technology/xilinx/interface/nativeAXI4.gen 
Execute           source C:/Xilinx/Vitis_HLS/2022.2/common/technology/xilinx/interface/saxilite.gen 
Execute         source C:/Xilinx/Vitis_HLS/2022.2/common/technology/xilinx/scripts/xilinxcoregen.gen 
Execute         source C:/Xilinx/Vitis_HLS/2022.2/common/technology/xilinx/interface/XilEDKCoreGen.gen 
Execute         source C:/Xilinx/Vitis_HLS/2022.2/common/technology/xilinx/ip/dds_compiler.gen 
Execute         source C:/Xilinx/Vitis_HLS/2022.2/common/technology/xilinx/ip/util.gen 
Execute         source C:/Xilinx/Vitis_HLS/2022.2/common/technology/xilinx/ip/xfft.gen 
Command         ap_source done; 0.104 sec.
Execute         source C:/Xilinx/Vitis_HLS/2022.2/common/technology/xilinx/ip/xfir.gen 
Execute         source C:/Xilinx/Vitis_HLS/2022.2/common/technology/xilinx/DSP48/dsp48.gen 
Command       ap_source done; 0.146 sec.
Execute       ap_part_info -name xck26-sfvc784-2LV-c -data info 
Execute       config_compile -quiet -complex-mul-dsp=0 
Command     set_part done; 2.076 sec.
Execute     send_msg_by_id INFO @200-1505@%s%s  vivado 
INFO: [HLS 200-1505] Using flow_target 'vivado'
Execute     send_msg_by_id INFO @200-1464@%s config_export -format=ip_catalog 
INFO: [HLS 200-1464] Running solution command: config_export -format=ip_catalog
Execute     config_export -format=ip_catalog 
Execute     send_msg_by_id INFO @200-1464@%s config_export -rtl=verilog 
INFO: [HLS 200-1464] Running solution command: config_export -rtl=verilog
Execute     config_export -rtl=verilog 
Command   open_solution done; 2.21 sec.
Execute   set_part xck26-sfvc784-2LV-c 
INFO: [HLS 200-1510] Running: set_part xck26-sfvc784-2LV-c 
Execute     create_platform xck26-sfvc784-2LV-c -board  
Execute     source C:/Xilinx/Vitis_HLS/2022.2/common/technology/xilinx/common/xilinx.gen 
Execute       source C:/Xilinx/Vitis_HLS/2022.2/common/technology/xilinx/interface/plb46.gen 
Execute       source C:/Xilinx/Vitis_HLS/2022.2/common/technology/xilinx/interface/axi4.gen 
Execute       source C:/Xilinx/Vitis_HLS/2022.2/common/technology/xilinx/interface/nativeAXI4.gen 
Execute         source C:/Xilinx/Vitis_HLS/2022.2/common/technology/xilinx/interface/saxilite.gen 
Execute       source C:/Xilinx/Vitis_HLS/2022.2/common/technology/xilinx/scripts/xilinxcoregen.gen 
Execute       source C:/Xilinx/Vitis_HLS/2022.2/common/technology/xilinx/interface/XilEDKCoreGen.gen 
Execute       source C:/Xilinx/Vitis_HLS/2022.2/common/technology/xilinx/ip/dds_compiler.gen 
Execute       source C:/Xilinx/Vitis_HLS/2022.2/common/technology/xilinx/ip/util.gen 
Execute       source C:/Xilinx/Vitis_HLS/2022.2/common/technology/xilinx/ip/xfft.gen 
Execute       source C:/Xilinx/Vitis_HLS/2022.2/common/technology/xilinx/ip/xfir.gen 
Execute       source C:/Xilinx/Vitis_HLS/2022.2/common/technology/xilinx/DSP48/dsp48.gen 
Command     ap_source done; 0.13 sec.
Execute     ap_part_info -name xck26-sfvc784-2LV-c -data info 
Execute     config_compile -quiet -complex-mul-dsp=0 
Command   set_part done; 0.179 sec.
Execute   create_clock -period 10 -name default 
INFO: [HLS 200-1510] Running: create_clock -period 10 -name default 
Execute   config_export -format ip_catalog -rtl verilog 
INFO: [HLS 200-1510] Running: config_export -format ip_catalog -rtl verilog 
Execute   source ./denoiser/solution1/directives.tcl 
INFO: [HLS 200-1510] Running: source ./denoiser/solution1/directives.tcl
Execute     set_directive_top -name denoiser_top denoiser_top 
INFO: [HLS 200-1510] Running: set_directive_top -name denoiser_top denoiser_top 
Execute   cosim_design -wave_debug -trace_level all 
INFO: [HLS 200-1510] Running: cosim_design -wave_debug -trace_level all 
Execute     source C:/Nam_3_HK2_2025_2026/Do_an_1/c_inter_to_hls/denoiser/solution1/.autopilot/db/global.setting.tcl 
Execute     source C:/Nam_3_HK2_2025_2026/Do_an_1/c_inter_to_hls/denoiser/solution1/.autopilot/db/global.setting.tcl 
Execute     source C:/Nam_3_HK2_2025_2026/Do_an_1/c_inter_to_hls/denoiser/solution1/.autopilot/db/global.setting.tcl 
INFO-FLOW: DBG:PUTS: read_platform_lib C:/Nam_3_HK2_2025_2026/Do_an_1/c_inter_to_hls/denoiser/solution1/.autopilot/db/global.setting.tcl
Execute     source C:/Xilinx/Vitis_HLS/2022.2/common/technology/generic/autopilot/common.gen 
Execute       source C:/Xilinx/Vitis_HLS/2022.2/common/technology/generic/autopilot/APCoreGen.gen 
Execute     source C:/Xilinx/Vitis_HLS/2022.2/common/technology/generic/autopilot/op.gen 
Execute     source C:/Xilinx/Vitis_HLS/2022.2/common/technology/generic/autopilot/op_simcore.gen 
Execute     source C:/Xilinx/Vitis_HLS/2022.2/common/technology/generic/autopilot/interface.gen 
Execute     source C:/Nam_3_HK2_2025_2026/Do_an_1/c_inter_to_hls/denoiser/solution1/.autopilot/db/global.setting.tcl 
Execute     source C:/Xilinx/Vitis_HLS/2022.2/common/technology/xilinx/common/xilinx.gen 
Execute       source C:/Xilinx/Vitis_HLS/2022.2/common/technology/xilinx/interface/plb46.gen 
Execute       source C:/Xilinx/Vitis_HLS/2022.2/common/technology/xilinx/interface/axi4.gen 
Execute       source C:/Xilinx/Vitis_HLS/2022.2/common/technology/xilinx/interface/nativeAXI4.gen 
Execute         source C:/Xilinx/Vitis_HLS/2022.2/common/technology/xilinx/interface/saxilite.gen 
Execute       source C:/Xilinx/Vitis_HLS/2022.2/common/technology/xilinx/scripts/xilinxcoregen.gen 
Execute       source C:/Xilinx/Vitis_HLS/2022.2/common/technology/xilinx/interface/XilEDKCoreGen.gen 
Execute       source C:/Xilinx/Vitis_HLS/2022.2/common/technology/xilinx/ip/dds_compiler.gen 
Execute       source C:/Xilinx/Vitis_HLS/2022.2/common/technology/xilinx/ip/util.gen 
Execute       source C:/Xilinx/Vitis_HLS/2022.2/common/technology/xilinx/ip/xfft.gen 
Execute       source C:/Xilinx/Vitis_HLS/2022.2/common/technology/xilinx/ip/xfir.gen 
Execute       source C:/Xilinx/Vitis_HLS/2022.2/common/technology/xilinx/DSP48/dsp48.gen 
INFO-FLOW: DBG:PUTS:   using AESL_AUTOCG::g_clock_period=10.000 (was NA)
Execute     ap_part_info -name xck26-sfvc784-2LV-c -data names -quiet 
Execute     ap_part_info -name xck26-sfvc784-2LV-c -data info -quiet 
Execute     source C:/Nam_3_HK2_2025_2026/Do_an_1/c_inter_to_hls/denoiser/solution1/.autopilot/db/global.setting.tcl 
Execute     source C:/Nam_3_HK2_2025_2026/Do_an_1/c_inter_to_hls/denoiser/solution1/.autopilot/db/denoiser_top.rtl_wrap.cfg.tcl 
Execute     source C:/Nam_3_HK2_2025_2026/Do_an_1/c_inter_to_hls/denoiser/solution1/.autopilot/db/denoiser_top.tbgen.tcl 
Execute     source C:/Nam_3_HK2_2025_2026/Do_an_1/c_inter_to_hls/denoiser/solution1/.autopilot/db/denoiser_top.tbgen.tcl 
Execute     source C:/Nam_3_HK2_2025_2026/Do_an_1/c_inter_to_hls/denoiser/solution1/.autopilot/db/denoiser_top.tbgen.tcl 
Execute     source C:/Nam_3_HK2_2025_2026/Do_an_1/c_inter_to_hls/denoiser/solution1/.autopilot/db/denoiser_top.tbgen.tcl 
INFO: [COSIM 212-47] Using XSIM for RTL simulation.
INFO: [COSIM 212-14] Instrumenting C test bench ...
Execute     ap_part_info -name xck26-sfvc784-2LV-c -data info 
INFO-FLOW: TB processing: C:/Nam_3_HK2_2025_2026/Do_an_1/denoiser_c_to_hls/main.cpp C:/Nam_3_HK2_2025_2026/Do_an_1/c_inter_to_hls/denoiser/solution1/./sim/autowrap/testbench/main.cpp_pre.cpp
Execute     clang_tidy xilinx-tb-process -desc tb-process C:/Nam_3_HK2_2025_2026/Do_an_1/c_inter_to_hls/denoiser/solution1/./sim/autowrap/testbench/main.cpp_pre.cpp.tb.cpp std=c++14 
INFO-FLOW: exec C:/Xilinx/Vitis_HLS/2022.2/win64/tools/clang-3.9-csynth/bin/clang-tidy -header-filter=.* --checks=-*,xilinx-tb-process -fix-errors C:/Nam_3_HK2_2025_2026/Do_an_1/c_inter_to_hls/denoiser/solution1/./sim/autowrap/testbench/main.cpp_pre.cpp.tb.cpp -- -std=c++14 -fhls -ferror-limit=0
Command     clang_tidy done; 16.339 sec.
Execute     ap_part_info -name xck26-sfvc784-2LV-c -data info 
INFO-FLOW: TB processing: C:/Nam_3_HK2_2025_2026/Do_an_1/denoiser_c_to_hls/top.cpp C:/Nam_3_HK2_2025_2026/Do_an_1/c_inter_to_hls/denoiser/solution1/./sim/autowrap/testbench/top.cpp_pre.cpp
Execute     clang_tidy xilinx-tb-process -desc tb-process C:/Nam_3_HK2_2025_2026/Do_an_1/c_inter_to_hls/denoiser/solution1/./sim/autowrap/testbench/top.cpp_pre.cpp.tb.cpp std=c++14 
INFO-FLOW: exec C:/Xilinx/Vitis_HLS/2022.2/win64/tools/clang-3.9-csynth/bin/clang-tidy -header-filter=.* --checks=-*,xilinx-tb-process -fix-errors C:/Nam_3_HK2_2025_2026/Do_an_1/c_inter_to_hls/denoiser/solution1/./sim/autowrap/testbench/top.cpp_pre.cpp.tb.cpp -- -std=c++14 -fhls -ferror-limit=0
Command     clang_tidy done; 15.899 sec.
Execute     ap_part_info -name xck26-sfvc784-2LV-c -data info 
INFO-FLOW: TB processing: C:/Nam_3_HK2_2025_2026/Do_an_1/denoiser_c_to_hls/denoiser.cpp C:/Nam_3_HK2_2025_2026/Do_an_1/c_inter_to_hls/denoiser/solution1/./sim/autowrap/testbench/denoiser.cpp_pre.cpp
Execute     clang_tidy xilinx-tb-process -desc tb-process C:/Nam_3_HK2_2025_2026/Do_an_1/c_inter_to_hls/denoiser/solution1/./sim/autowrap/testbench/denoiser.cpp_pre.cpp.tb.cpp std=c++14 
INFO-FLOW: exec C:/Xilinx/Vitis_HLS/2022.2/win64/tools/clang-3.9-csynth/bin/clang-tidy -header-filter=.* --checks=-*,xilinx-tb-process -fix-errors C:/Nam_3_HK2_2025_2026/Do_an_1/c_inter_to_hls/denoiser/solution1/./sim/autowrap/testbench/denoiser.cpp_pre.cpp.tb.cpp -- -std=c++14 -fhls -ferror-limit=0
Command     clang_tidy done; 14.526 sec.
Execute     source C:/Nam_3_HK2_2025_2026/Do_an_1/c_inter_to_hls/denoiser/solution1/.autopilot/db/global.setting.tcl 
Execute     source C:/Nam_3_HK2_2025_2026/Do_an_1/c_inter_to_hls/denoiser/solution1/.autopilot/db/denoiser_top.rtl_wrap.cfg.tcl 
Execute     source C:/Nam_3_HK2_2025_2026/Do_an_1/c_inter_to_hls/denoiser/solution1/.autopilot/db/denoiser_top.rtl_wrap.cfg.tcl 
Execute     source C:/Nam_3_HK2_2025_2026/Do_an_1/c_inter_to_hls/denoiser/solution1/.autopilot/db/denoiser_top.rtl_wrap.cfg.tcl 
Execute     source C:/Nam_3_HK2_2025_2026/Do_an_1/c_inter_to_hls/denoiser/solution1/.autopilot/db/denoiser_top.tbgen.tcl 
Execute     source C:/Nam_3_HK2_2025_2026/Do_an_1/c_inter_to_hls/denoiser/solution1/.autopilot/db/denoiser_top.tbgen.tcl 
Execute     ap_part_info -name xck26-sfvc784-2LV-c -data info 
Execute     source .run_sim.tcl 
INFO: [COSIM 212-302] Starting C TB testing ... 
Command     ap_source done; 1.85 sec.
INFO: [COSIM 212-333] Generating C post check test bench ...
INFO: [COSIM 212-12] Generating RTL test bench ...
Execute     source ../tv/cdatafile/ref.tcl 
Execute     source C:/Nam_3_HK2_2025_2026/Do_an_1/c_inter_to_hls/denoiser/solution1/.autopilot/db/denoiser_top.tbgen.tcl 
Execute     source C:/Nam_3_HK2_2025_2026/Do_an_1/c_inter_to_hls/denoiser/solution1/.autopilot/db/denoiser_top.tbgen.tcl 
Execute     source C:/Nam_3_HK2_2025_2026/Do_an_1/c_inter_to_hls/denoiser/solution1/.autopilot/db/denoiser_top.tbgen.tcl 
Execute     source C:/Nam_3_HK2_2025_2026/Do_an_1/c_inter_to_hls/denoiser/solution1/.autopilot/db/denoiser_top.tbgen.tcl 
Execute     source ../tv/cdatafile/ref.tcl 
Execute     source C:/Nam_3_HK2_2025_2026/Do_an_1/c_inter_to_hls/denoiser/solution1/.autopilot/db/denoiser_top.tbgen.tcl 
Execute     source C:/Nam_3_HK2_2025_2026/Do_an_1/c_inter_to_hls/denoiser/solution1/.autopilot/db/denoiser_top.tbgen.tcl 
Execute     source C:/Nam_3_HK2_2025_2026/Do_an_1/c_inter_to_hls/denoiser/solution1/.autopilot/db/denoiser_top.tbgen.tcl 
Execute     source C:/Nam_3_HK2_2025_2026/Do_an_1/c_inter_to_hls/denoiser/solution1/.autopilot/db/denoiser_top.tbgen.tcl 
Execute     source C:/Nam_3_HK2_2025_2026/Do_an_1/c_inter_to_hls/denoiser/solution1/.autopilot/db/denoiser_top.tbgen.tcl 
Execute     source C:/Nam_3_HK2_2025_2026/Do_an_1/c_inter_to_hls/denoiser/solution1/.autopilot/db/denoiser_top.tbgen.tcl 
Execute     source C:/Nam_3_HK2_2025_2026/Do_an_1/c_inter_to_hls/denoiser/solution1/.autopilot/db/denoiser_top.tbgen.tcl 
Execute     source C:/Nam_3_HK2_2025_2026/Do_an_1/c_inter_to_hls/denoiser/solution1/.autopilot/db/denoiser_top.tbgen.tcl 
Execute     source C:/Nam_3_HK2_2025_2026/Do_an_1/c_inter_to_hls/denoiser/solution1/.autopilot/db/denoiser_top.tbgen.tcl 
Execute     source C:/Nam_3_HK2_2025_2026/Do_an_1/c_inter_to_hls/denoiser/solution1/.autopilot/db/denoiser_top.tbgen.tcl 
Execute     source C:/Nam_3_HK2_2025_2026/Do_an_1/c_inter_to_hls/denoiser/solution1/.autopilot/db/denoiser_top.tbgen.tcl 
Execute     source C:/Nam_3_HK2_2025_2026/Do_an_1/c_inter_to_hls/denoiser/solution1/.autopilot/db/denoiser_top.tbgen.tcl 
Execute     source C:/Nam_3_HK2_2025_2026/Do_an_1/c_inter_to_hls/denoiser/solution1/.autopilot/db/denoiser_top.tbgen.tcl 
INFO: [COSIM 212-1] *** C/RTL co-simulation file generation completed. ***
Execute     source .run_sim.tcl 
Execute       source check_sim.tcl 
Execute       source dataflow_monitor_API.tcl 
Execute       source .sim.status.tcl 
INFO: [COSIM 212-323] Starting verilog simulation. 
INFO: [COSIM 212-15] Starting XSIM ...
INFO: [COSIM 212-316] Starting C post checking ...
Command     ap_source done; 1273.28 sec.
INFO: [COSIM 212-1000] *** C/RTL co-simulation finished: PASS ***
Command   cosim_design done; 1458.14 sec.
INFO: [HLS 200-111] Finished Command cosim_design CPU user time: 3 seconds. CPU system time: 1 seconds. Elapsed time: 1458.14 seconds; current allocated memory: 12.730 MB.
Command ap_source done; 1470.77 sec.
Execute cleanup_all 
