

================================================================
== Vitis HLS Report for 'inference'
================================================================
* Date:           Tue Jun 30 22:18:48 2026

* Version:        2022.2 (Build 3670227 on Oct 13 2022)
* Project:        denoiser
* Solution:       solution1 (Vivado IP Flow Target)
* Product family: zynquplus
* Target device:  xck26-sfvc784-2LV-c


================================================================
== Performance Estimates
================================================================
+ Timing: 
    * Summary: 
    +--------+----------+----------+------------+
    |  Clock |  Target  | Estimated| Uncertainty|
    +--------+----------+----------+------------+
    |ap_clk  |  10.00 ns|  6.998 ns|     2.70 ns|
    +--------+----------+----------+------------+

+ Latency: 
    * Summary: 
    +---------+---------+----------+----------+--------+--------+---------+
    |  Latency (cycles) |  Latency (absolute) |     Interval    | Pipeline|
    |   min   |   max   |    min   |    max   |   min  |   max  |   Type  |
    +---------+---------+----------+----------+--------+--------+---------+
    |   510394|   538618|  5.104 ms|  5.386 ms|  510394|  538618|       no|
    +---------+---------+----------+----------+--------+--------+---------+

    + Detail: 
        * Instance: 
        +-------------------------------------------------------------------------------+--------------------------------------------------------------------+---------+---------+-----------+-----------+------+------+---------+
        |                                                                               |                                                                    |  Latency (cycles) |   Latency (absolute)  |   Interval  | Pipeline|
        |                                    Instance                                   |                               Module                               |   min   |   max   |    min    |    max    |  min |  max |   Type  |
        +-------------------------------------------------------------------------------+--------------------------------------------------------------------+---------+---------+-----------+-----------+------+------+---------+
        |grp_inference_Pipeline_VITIS_LOOP_45_1_VITIS_LOOP_46_2_VITIS_LOOP_47_3_fu_475  |inference_Pipeline_VITIS_LOOP_45_1_VITIS_LOOP_46_2_VITIS_LOOP_47_3  |     2354|     2354|  23.540 us|  23.540 us|  2354|  2354|       no|
        |grp_inference_Pipeline_loop_kw_1_fu_481                                        |inference_Pipeline_loop_kw_1                                        |        8|       11|  80.000 ns|   0.110 us|     8|    11|       no|
        |grp_inference_Pipeline_VITIS_LOOP_97_1_VITIS_LOOP_98_2_VITIS_LOOP_99_3_fu_498  |inference_Pipeline_VITIS_LOOP_97_1_VITIS_LOOP_98_2_VITIS_LOOP_99_3  |     7842|     7842|  78.420 us|  78.420 us|  7842|  7842|       no|
        |grp_inference_Pipeline_loop_kh_2_loop_kw_2_loop_ic_2_fu_504                    |inference_Pipeline_loop_kh_2_loop_kw_2_loop_ic_2                    |       41|       41|   0.410 us|   0.410 us|    41|    41|       no|
        |grp_inference_Pipeline_loop_kh_3_loop_kw_3_loop_ic_3_fu_521                    |inference_Pipeline_loop_kh_3_loop_kw_3_loop_ic_3                    |       77|       77|   0.770 us|   0.770 us|    77|    77|       no|
        |grp_inference_Pipeline_loop_kh_out_loop_kw_out_loop_ic_out_fu_537              |inference_Pipeline_loop_kh_out_loop_kw_out_loop_ic_out              |       41|       41|   0.410 us|   0.410 us|    41|    41|       no|
        +-------------------------------------------------------------------------------+--------------------------------------------------------------------+---------+---------+-----------+-----------+------+------+---------+

        * Loop: 
        +-------------------------------+---------+---------+----------+-----------+-----------+------+----------+
        |                               |  Latency (cycles) | Iteration|  Initiation Interval  | Trip |          |
        |           Loop Name           |   min   |   max   |  Latency |  achieved |   target  | Count| Pipelined|
        +-------------------------------+---------+---------+----------+-----------+-----------+------+----------+
        |- loop_oc_1_loop_h_1_loop_w_1  |   109760|   137984|   35 ~ 44|          -|          -|  3136|        no|
        | + loop_kh_1                   |       33|       42|   11 ~ 14|          -|          -|     3|        no|
        |- loop_oc_2_loop_h_2_loop_w_2  |    70560|    70560|        45|          -|          -|  1568|        no|
        |- loop_oc_3_loop_h_3_loop_w_3  |   254016|   254016|        81|          -|          -|  3136|        no|
        |- loop_h_out_loop_w_out        |    65856|    65856|        84|          -|          -|   784|        no|
        +-------------------------------+---------+---------+----------+-----------+-----------+------+----------+



================================================================
== Utilization Estimates
================================================================
* Summary: 
+-----------------+---------+------+--------+--------+-----+
|       Name      | BRAM_18K|  DSP |   FF   |   LUT  | URAM|
+-----------------+---------+------+--------+--------+-----+
|DSP              |        -|     -|       -|       -|    -|
|Expression       |        -|     -|       0|    1496|    -|
|FIFO             |        -|     -|       -|       -|    -|
|Instance         |        2|    16|    1062|    4417|    -|
|Memory           |        4|     -|      10|       2|    -|
|Multiplexer      |        -|     -|       -|     625|    -|
|Register         |        -|     -|     527|       -|    -|
+-----------------+---------+------+--------+--------+-----+
|Total            |        6|    16|    1599|    6540|    0|
+-----------------+---------+------+--------+--------+-----+
|Available        |      288|  1248|  234240|  117120|   64|
+-----------------+---------+------+--------+--------+-----+
|Utilization (%)  |        2|     1|      ~0|       5|    0|
+-----------------+---------+------+--------+--------+-----+

+ Detail: 
    * Instance: 
    +-------------------------------------------------------------------------------+--------------------------------------------------------------------+---------+----+-----+-----+-----+
    |                                    Instance                                   |                               Module                               | BRAM_18K| DSP|  FF | LUT | URAM|
    +-------------------------------------------------------------------------------+--------------------------------------------------------------------+---------+----+-----+-----+-----+
    |grp_inference_Pipeline_VITIS_LOOP_45_1_VITIS_LOOP_46_2_VITIS_LOOP_47_3_fu_475  |inference_Pipeline_VITIS_LOOP_45_1_VITIS_LOOP_46_2_VITIS_LOOP_47_3  |        0|   0|   87|  711|    0|
    |grp_inference_Pipeline_VITIS_LOOP_97_1_VITIS_LOOP_98_2_VITIS_LOOP_99_3_fu_498  |inference_Pipeline_VITIS_LOOP_97_1_VITIS_LOOP_98_2_VITIS_LOOP_99_3  |        0|   0|  114|  644|    0|
    |grp_inference_Pipeline_loop_kh_2_loop_kw_2_loop_ic_2_fu_504                    |inference_Pipeline_loop_kh_2_loop_kw_2_loop_ic_2                    |        1|   2|   67|  763|    0|
    |grp_inference_Pipeline_loop_kh_3_loop_kw_3_loop_ic_3_fu_521                    |inference_Pipeline_loop_kh_3_loop_kw_3_loop_ic_3                    |        1|   2|   70|  808|    0|
    |grp_inference_Pipeline_loop_kh_out_loop_kw_out_loop_ic_out_fu_537              |inference_Pipeline_loop_kh_out_loop_kw_out_loop_ic_out              |        0|   2|   75|  745|    0|
    |grp_inference_Pipeline_loop_kw_1_fu_481                                        |inference_Pipeline_loop_kw_1                                        |        0|   2|  231|  393|    0|
    |mul_50ns_50ns_100_1_1_U59                                                      |mul_50ns_50ns_100_1_1                                               |        0|   8|    0|   21|    0|
    |mux_42_16_1_1_U55                                                              |mux_42_16_1_1                                                       |        0|   0|    0|   20|    0|
    |mux_42_16_1_1_U56                                                              |mux_42_16_1_1                                                       |        0|   0|    0|   20|    0|
    |mux_42_16_1_1_U57                                                              |mux_42_16_1_1                                                       |        0|   0|    0|   20|    0|
    |mux_42_16_1_1_U58                                                              |mux_42_16_1_1                                                       |        0|   0|    0|   20|    0|
    |sdiv_34ns_33s_34_38_seq_1_U60                                                  |sdiv_34ns_33s_34_38_seq_1                                           |        0|   0|  418|  252|    0|
    +-------------------------------------------------------------------------------+--------------------------------------------------------------------+---------+----+-----+-----+-----+
    |Total                                                                          |                                                                    |        2|  16| 1062| 4417|    0|
    +-------------------------------------------------------------------------------+--------------------------------------------------------------------+---------+----+-----+-----+-----+

    * DSP: 
    N/A

    * Memory: 
    +-----------------------+-------------------------------------------+---------+----+----+-----+------+-----+------+-------------+
    |         Memory        |                   Module                  | BRAM_18K| FF | LUT| URAM| Words| Bits| Banks| W*Bits*Banks|
    +-----------------------+-------------------------------------------+---------+----+----+-----+------+-----+------+-------------+
    |conv2_bias_V_U         |inference_conv2_bias_V_ROM_AUTO_1R         |        0|  10|   2|    0|     8|   10|     1|           80|
    |exp_x_msb_1_table_V_U  |inference_exp_x_msb_1_table_V_ROM_AUTO_1R  |        2|   0|   0|    0|   256|   50|     1|        12800|
    |f_x_msb_2_table_V_U    |inference_f_x_msb_2_table_V_ROM_AUTO_1R    |        2|   0|   0|    0|   256|   46|     1|        11776|
    +-----------------------+-------------------------------------------+---------+----+----+-----+------+-----+------+-------------+
    |Total                  |                                           |        4|  10|   2|    0|   520|  106|     3|        24656|
    +-----------------------+-------------------------------------------+---------+----+----+-----+------+-----+------+-------------+

    * FIFO: 
    N/A

    * Expression: 
    +-----------------------------------+----------+----+---+----+------------+------------+
    |           Variable Name           | Operation| DSP| FF| LUT| Bitwidth P0| Bitwidth P1|
    +-----------------------------------+----------+----+---+----+------------+------------+
    |add_ln115_1_fu_1550_p2             |         +|   0|  0|  19|          12|           1|
    |add_ln115_fu_1562_p2               |         +|   0|  0|  10|           3|           1|
    |add_ln117_1_fu_1768_p2             |         +|   0|  0|  17|          10|           1|
    |add_ln117_fu_1666_p2               |         +|   0|  0|  12|           5|           1|
    |add_ln119_fu_1762_p2               |         +|   0|  0|  12|           5|           1|
    |add_ln132_2_fu_1856_p2             |         +|   0|  0|  20|          13|          13|
    |add_ln137_fu_1746_p2               |         +|   0|  0|  21|          14|          14|
    |add_ln147_1_fu_1906_p2             |         +|   0|  0|  17|          10|           1|
    |add_ln147_fu_1948_p2               |         +|   0|  0|  12|           5|           1|
    |add_ln149_fu_1929_p2               |         +|   0|  0|  12|           5|           1|
    |add_ln167_fu_2315_p2               |         +|   0|  0|  18|          10|          10|
    |add_ln17_1_fu_642_p2               |         +|   0|  0|  19|          12|           1|
    |add_ln17_fu_651_p2                 |         +|   0|  0|  10|           3|           1|
    |add_ln19_1_fu_1030_p2              |         +|   0|  0|  17|          10|           1|
    |add_ln19_fu_751_p2                 |         +|   0|  0|  12|           5|           1|
    |add_ln21_fu_1025_p2                |         +|   0|  0|  12|           5|           1|
    |add_ln25_fu_858_p2                 |         +|   0|  0|   9|           2|           1|
    |add_ln30_fu_821_p2                 |         +|   0|  0|  13|           6|           2|
    |add_ln36_fu_1001_p2                |         +|   0|  0|  21|          14|          14|
    |add_ln66_1_fu_1137_p2              |         +|   0|  0|  18|          11|           1|
    |add_ln66_fu_1149_p2                |         +|   0|  0|  12|           4|           1|
    |add_ln68_1_fu_1336_p2              |         +|   0|  0|  15|           8|           1|
    |add_ln68_fu_1234_p2                |         +|   0|  0|  12|           4|           1|
    |add_ln70_fu_1330_p2                |         +|   0|  0|  12|           4|           1|
    |add_ln83_2_fu_1434_p2              |         +|   0|  0|  20|          13|          13|
    |add_ln88_fu_1314_p2                |         +|   0|  0|  20|          13|          13|
    |empty_82_fu_868_p2                 |         +|   0|  0|  12|           5|           5|
    |empty_83_fu_877_p2                 |         +|   0|  0|  13|           6|           2|
    |empty_85_fu_941_p2                 |         +|   0|  0|  13|           6|           6|
    |p_mid1111_fu_1403_p2               |         +|   0|  0|  12|           5|           2|
    |p_mid1254_fu_1825_p2               |         +|   0|  0|  13|           6|           2|
    |p_mid1360_fu_1965_p2               |         +|   0|  0|  13|           6|           2|
    |ret_V_5_fu_2272_p2                 |         +|   0|  0|  40|          33|          17|
    |ret_V_6_fu_2116_p2                 |         +|   0|  0|  16|           9|           9|
    |ret_V_fu_2136_p2                   |         +|   0|  0|  63|          56|           1|
    |tmp3_fu_932_p2                     |         +|   0|  0|  10|           5|           5|
    |y_l_V_fu_2179_p2                   |         +|   0|  0|  57|          50|          50|
    |empty_84_fu_926_p2                 |         -|   0|  0|  10|           5|           5|
    |r_V_fu_2047_p2                     |         -|   0|  0|  27|           1|          20|
    |sub_ln137_1_fu_1710_p2             |         -|   0|  0|  21|          14|          14|
    |sub_ln137_fu_1538_p2               |         -|   0|  0|  21|          14|          14|
    |sub_ln167_fu_2306_p2               |         -|   0|  0|  18|          10|          10|
    |sub_ln32_fu_907_p2                 |         -|   0|  0|  17|          10|          10|
    |sub_ln36_1_fu_795_p2               |         -|   0|  0|  21|          14|          14|
    |sub_ln36_fu_630_p2                 |         -|   0|  0|  21|          14|          14|
    |sub_ln88_1_fu_1278_p2              |         -|   0|  0|  20|          13|          13|
    |sub_ln88_fu_1125_p2                |         -|   0|  0|  20|          13|          13|
    |and_ln115_fu_1660_p2               |       and|   0|  0|   2|           1|           1|
    |and_ln17_fu_745_p2                 |       and|   0|  0|   2|           1|           1|
    |and_ln66_fu_1228_p2                |       and|   0|  0|   2|           1|           1|
    |brmerge_not_fu_959_p2              |       and|   0|  0|   2|           1|           1|
    |cmp23_i72_not_mid1364_fu_1971_p2   |      icmp|   0|  0|   9|           5|           1|
    |cmp25_i74_not_mid1366_fu_1977_p2   |      icmp|   0|  0|  10|           6|           5|
    |cmp27_i431_not_mid1258_fu_1831_p2  |      icmp|   0|  0|   9|           5|           1|
    |cmp27_i_not_mid1115_fu_1409_p2     |      icmp|   0|  0|   9|           4|           1|
    |cmp29_i433_not_mid1260_fu_1837_p2  |      icmp|   0|  0|  10|           6|           5|
    |cmp29_i_not_mid1117_fu_1415_p2     |      icmp|   0|  0|   9|           5|           4|
    |icmp_ln115_fu_1544_p2              |      icmp|   0|  0|  12|          12|          11|
    |icmp_ln117_fu_1568_p2              |      icmp|   0|  0|  11|          10|           9|
    |icmp_ln119_fu_1654_p2              |      icmp|   0|  0|   9|           5|           4|
    |icmp_ln147_fu_1900_p2              |      icmp|   0|  0|  11|          10|           9|
    |icmp_ln149_fu_1915_p2              |      icmp|   0|  0|   9|           5|           4|
    |icmp_ln1649_3_fu_970_p2            |      icmp|   0|  0|  13|          16|           1|
    |icmp_ln1649_4_fu_1870_p2           |      icmp|   0|  0|  13|          16|           1|
    |icmp_ln1649_5_fu_2001_p2           |      icmp|   0|  0|  13|          16|          13|
    |icmp_ln1649_fu_1448_p2             |      icmp|   0|  0|  13|          16|           1|
    |icmp_ln1650_fu_2007_p2             |      icmp|   0|  0|  13|          16|          14|
    |icmp_ln17_fu_636_p2                |      icmp|   0|  0|  12|          12|          11|
    |icmp_ln19_fu_657_p2                |      icmp|   0|  0|  11|          10|           9|
    |icmp_ln21_fu_739_p2                |      icmp|   0|  0|   9|           5|           4|
    |icmp_ln25_fu_852_p2                |      icmp|   0|  0|   8|           2|           2|
    |icmp_ln533_fu_2238_p2              |      icmp|   0|  0|   8|           3|           1|
    |icmp_ln66_fu_1131_p2               |      icmp|   0|  0|  11|          11|          10|
    |icmp_ln68_fu_1155_p2               |      icmp|   0|  0|  11|           8|           7|
    |icmp_ln70_fu_1222_p2               |      icmp|   0|  0|   9|           4|           3|
    |notlhs_fu_947_p2                   |      icmp|   0|  0|   9|           5|           1|
    |notrhs_fu_953_p2                   |      icmp|   0|  0|  10|           6|           5|
    |overf_fu_2194_p2                   |      icmp|   0|  0|   8|           2|           1|
    |or_ln117_fu_1672_p2                |        or|   0|  0|   2|           1|           1|
    |or_ln19_fu_757_p2                  |        or|   0|  0|   2|           1|           1|
    |or_ln533_1_fu_2222_p2              |        or|   0|  0|   2|           1|           1|
    |or_ln533_fu_2216_p2                |        or|   0|  0|   2|           1|           1|
    |or_ln68_fu_1240_p2                 |        or|   0|  0|   2|           1|           1|
    |or_ln69_fu_2013_p2                 |        or|   0|  0|   2|           1|           1|
    |overf_1_fu_2244_p2                 |        or|   0|  0|   2|           1|           1|
    |exp_val_fu_2260_p3                 |    select|   0|  0|  32|           1|           2|
    |s_V_3_fu_1071_p3                   |    select|   0|  0|  16|           1|          16|
    |select_ln115_1_fu_1598_p3          |    select|   0|  0|   8|           1|           8|
    |select_ln115_2_fu_1620_p3          |    select|   0|  0|  16|           1|          16|
    |select_ln115_3_fu_1628_p3          |    select|   0|  0|   3|           1|           3|
    |select_ln115_4_fu_1640_p3          |    select|   0|  0|  14|           1|           1|
    |select_ln115_fu_1574_p3            |    select|   0|  0|   5|           1|           1|
    |select_ln117_1_fu_1716_p3          |    select|   0|  0|  14|           1|          14|
    |select_ln117_2_fu_1724_p3          |    select|   0|  0|   5|           1|           5|
    |select_ln117_3_fu_1774_p3          |    select|   0|  0|  10|           1|           1|
    |select_ln117_fu_1678_p3            |    select|   0|  0|   5|           1|           1|
    |select_ln147_1_fu_1954_p3          |    select|   0|  0|   5|           1|           5|
    |select_ln147_fu_1921_p3            |    select|   0|  0|   5|           1|           1|
    |select_ln17_1_fu_671_p3            |    select|   0|  0|   3|           1|           3|
    |select_ln17_2_fu_717_p3            |    select|   0|  0|  16|           1|          16|
    |select_ln17_3_fu_725_p3            |    select|   0|  0|  14|           1|           1|
    |select_ln17_fu_663_p3              |    select|   0|  0|   5|           1|           1|
    |select_ln19_1_fu_801_p3            |    select|   0|  0|  14|           1|          14|
    |select_ln19_2_fu_809_p3            |    select|   0|  0|   5|           1|           5|
    |select_ln19_3_fu_1036_p3           |    select|   0|  0|  10|           1|           1|
    |select_ln19_fu_763_p3              |    select|   0|  0|   5|           1|           1|
    |select_ln65_1_fu_1454_p3           |    select|   0|  0|  15|           1|          15|
    |select_ln65_2_fu_1876_p3           |    select|   0|  0|  15|           1|          15|
    |select_ln65_fu_976_p3              |    select|   0|  0|  15|           1|          15|
    |select_ln66_1_fu_1183_p3           |    select|   0|  0|   8|           1|           8|
    |select_ln66_2_fu_1191_p3           |    select|   0|  0|   4|           1|           4|
    |select_ln66_3_fu_1208_p3           |    select|   0|  0|  12|           1|           1|
    |select_ln66_fu_1161_p3             |    select|   0|  0|   4|           1|           1|
    |select_ln68_1_fu_1284_p3           |    select|   0|  0|  12|           1|          13|
    |select_ln68_2_fu_1292_p3           |    select|   0|  0|   4|           1|           4|
    |select_ln68_3_fu_1342_p3           |    select|   0|  0|   8|           1|           1|
    |select_ln68_fu_1246_p3             |    select|   0|  0|   4|           1|           1|
    |select_ln69_1_fu_2031_p3           |    select|   0|  0|  14|           1|          14|
    |select_ln69_fu_2019_p3             |    select|   0|  0|  14|           1|          13|
    |xor_ln115_fu_1648_p2               |       xor|   0|  0|   2|           1|           2|
    |xor_ln17_fu_733_p2                 |       xor|   0|  0|   2|           1|           2|
    |xor_ln66_fu_1216_p2                |       xor|   0|  0|   2|           1|           2|
    +-----------------------------------+----------+----+---+----+------------+------------+
    |Total                              |          |   0|  0|1496|         770|         702|
    +-----------------------------------+----------+----+---+----+------------+------------+

    * Multiplexer: 
    +--------------------------+-----+-----------+-----+-----------+
    |           Name           | LUT | Input Size| Bits| Total Bits|
    +--------------------------+-----+-----------+-----+-----------+
    |ap_NS_fsm                 |  256|         59|    1|         59|
    |d_address0                |   49|          9|   14|        126|
    |d_address1                |   26|          5|   14|         70|
    |d_ce0                     |   37|          7|    1|          7|
    |d_ce1                     |   26|          5|    1|          5|
    |d_d0                      |   31|          6|   16|         96|
    |d_we0                     |   20|          4|    2|          8|
    |i_reg_454                 |    9|          2|    2|          4|
    |indvar_flatten144_fu_332  |    9|          2|    8|         16|
    |indvar_flatten171_fu_340  |    9|          2|   11|         22|
    |indvar_flatten25_fu_300   |    9|          2|   12|         24|
    |indvar_flatten289_fu_352  |    9|          2|   10|         20|
    |indvar_flatten315_fu_360  |    9|          2|   12|         24|
    |indvar_flatten393_fu_372  |    9|          2|   10|         20|
    |indvar_flatten_fu_292     |    9|          2|   10|         20|
    |n_1_fu_336                |    9|          2|    4|          8|
    |n_2_fu_356                |    9|          2|    3|          6|
    |n_fu_296                  |    9|          2|    3|          6|
    |s_V_1_reg_465             |    9|          2|   16|         32|
    |x_1_fu_328                |    9|          2|    4|          8|
    |x_2_fu_368                |    9|          2|    5|         10|
    |x_3_fu_348                |    9|          2|    5|         10|
    |x_fu_288                  |    9|          2|    5|         10|
    |y_1_fu_324                |    9|          2|    4|          8|
    |y_2_fu_364                |    9|          2|    5|         10|
    |y_3_fu_344                |    9|          2|    5|         10|
    |y_fu_284                  |    9|          2|    5|         10|
    +--------------------------+-----+-----------+-----+-----------+
    |Total                     |  625|        135|  188|        649|
    +--------------------------+-----+-----------+-----+-----------+

    * Register: 
    +--------------------------------------------------------------------------------------------+----+----+-----+-----------+
    |                                            Name                                            | FF | LUT| Bits| Const Bits|
    +--------------------------------------------------------------------------------------------+----+----+-----+-----------+
    |add_ln132_2_reg_2677                                                                        |   9|   0|   13|          4|
    |add_ln17_1_reg_2405                                                                         |  12|   0|   12|          0|
    |add_ln25_reg_2501                                                                           |   2|   0|    2|          0|
    |add_ln30_reg_2458                                                                           |   6|   0|    6|          0|
    |add_ln83_2_reg_2611                                                                         |  10|   0|   13|          3|
    |ap_CS_fsm                                                                                   |  58|   0|   58|          0|
    |brmerge_not_reg_2516                                                                        |   1|   0|    1|          0|
    |cmp23_i72_not_mid1364_reg_2705                                                              |   1|   0|    1|          0|
    |cmp25_i74_not_mid1366_reg_2710                                                              |   1|   0|    1|          0|
    |cmp27_i431_not_mid1258_reg_2667                                                             |   1|   0|    1|          0|
    |cmp27_i_not_mid1115_reg_2601                                                                |   1|   0|    1|          0|
    |cmp29_i433_not_mid1260_reg_2672                                                             |   1|   0|    1|          0|
    |cmp29_i_not_mid1117_reg_2606                                                                |   1|   0|    1|          0|
    |conv2_bias_V_load_reg_2596                                                                  |  10|   0|   10|          0|
    |empty_85_reg_2511                                                                           |   6|   0|    6|          0|
    |exp_x_msb_1_V_reg_2735                                                                      |  50|   0|   50|          0|
    |grp_inference_Pipeline_VITIS_LOOP_45_1_VITIS_LOOP_46_2_VITIS_LOOP_47_3_fu_475_ap_start_reg  |   1|   0|    1|          0|
    |grp_inference_Pipeline_VITIS_LOOP_97_1_VITIS_LOOP_98_2_VITIS_LOOP_99_3_fu_498_ap_start_reg  |   1|   0|    1|          0|
    |grp_inference_Pipeline_loop_kh_2_loop_kw_2_loop_ic_2_fu_504_ap_start_reg                    |   1|   0|    1|          0|
    |grp_inference_Pipeline_loop_kh_3_loop_kw_3_loop_ic_3_fu_521_ap_start_reg                    |   1|   0|    1|          0|
    |grp_inference_Pipeline_loop_kh_out_loop_kw_out_loop_ic_out_fu_537_ap_start_reg              |   1|   0|    1|          0|
    |grp_inference_Pipeline_loop_kw_1_fu_481_ap_start_reg                                        |   1|   0|    1|          0|
    |i_reg_454                                                                                   |   2|   0|    2|          0|
    |icmp_ln149_reg_2685                                                                         |   1|   0|    1|          0|
    |icmp_ln19_reg_2410                                                                          |   1|   0|    1|          0|
    |indvar_flatten144_fu_332                                                                    |   8|   0|    8|          0|
    |indvar_flatten171_fu_340                                                                    |  11|   0|   11|          0|
    |indvar_flatten25_fu_300                                                                     |  12|   0|   12|          0|
    |indvar_flatten289_fu_352                                                                    |  10|   0|   10|          0|
    |indvar_flatten315_fu_360                                                                    |  12|   0|   12|          0|
    |indvar_flatten393_fu_372                                                                    |  10|   0|   10|          0|
    |indvar_flatten_fu_292                                                                       |  10|   0|   10|          0|
    |n_1_fu_336                                                                                  |   4|   0|    4|          0|
    |n_2_fu_356                                                                                  |   3|   0|    3|          0|
    |n_fu_296                                                                                    |   3|   0|    3|          0|
    |s_V_13_loc_fu_320                                                                           |  16|   0|   16|          0|
    |s_V_14_loc_fu_316                                                                           |  16|   0|   16|          0|
    |s_V_1_reg_465                                                                               |  16|   0|   16|          0|
    |select_ln115_1_reg_2619                                                                     |   4|   0|    8|          4|
    |select_ln115_2_reg_2624                                                                     |  16|   0|   16|          0|
    |select_ln117_2_reg_2636                                                                     |   5|   0|    5|          0|
    |select_ln117_reg_2629                                                                       |   5|   0|    5|          0|
    |select_ln147_1_reg_2698                                                                     |   5|   0|    5|          0|
    |select_ln147_reg_2690                                                                       |   5|   0|    5|          0|
    |select_ln17_1_reg_2415                                                                      |   3|   0|    3|          0|
    |select_ln19_1_reg_2447                                                                      |   9|   0|   14|          5|
    |select_ln19_2_reg_2452                                                                      |   5|   0|    5|          0|
    |select_ln19_reg_2440                                                                        |   5|   0|    5|          0|
    |select_ln66_1_reg_2534                                                                      |   6|   0|    8|          2|
    |select_ln68_2_reg_2551                                                                      |   4|   0|    4|          0|
    |select_ln68_reg_2544                                                                        |   4|   0|    4|          0|
    |shl_ln162_mid_reg_2715                                                                      |   6|   0|    9|          3|
    |sub_ln32_reg_2506                                                                           |   8|   0|   10|          2|
    |targetBlock_reg_2521                                                                        |   1|   0|    1|          0|
    |tmp_15_reg_2720                                                                             |   7|   0|    8|          1|
    |trunc_ln17_reg_2425                                                                         |   2|   0|    2|          0|
    |trunc_ln7_reg_2556                                                                          |  12|   0|   12|          0|
    |trunc_ln813_1_reg_2740                                                                      |  48|   0|   48|          0|
    |trunc_ln8_reg_2641                                                                          |  13|   0|   13|          0|
    |x_1_fu_328                                                                                  |   4|   0|    4|          0|
    |x_2_fu_368                                                                                  |   5|   0|    5|          0|
    |x_3_fu_348                                                                                  |   5|   0|    5|          0|
    |x_fu_288                                                                                    |   5|   0|    5|          0|
    |y_1_fu_324                                                                                  |   4|   0|    4|          0|
    |y_2_fu_364                                                                                  |   5|   0|    5|          0|
    |y_3_fu_344                                                                                  |   5|   0|    5|          0|
    |y_fu_284                                                                                    |   5|   0|    5|          0|
    |zext_ln17_1_reg_2430                                                                        |   2|   0|    6|          4|
    |zext_ln17_reg_2420                                                                          |   3|   0|    5|          2|
    +--------------------------------------------------------------------------------------------+----+----+-----+-----------+
    |Total                                                                                       | 527|   0|  557|         30|
    +--------------------------------------------------------------------------------------------+----+----+-----+-----------+



================================================================
== Interface
================================================================
* Summary: 
+-------------------+-----+-----+------------+--------------+--------------+
|     RTL Ports     | Dir | Bits|  Protocol  | Source Object|    C Type    |
+-------------------+-----+-----+------------+--------------+--------------+
|ap_clk             |   in|    1|  ap_ctrl_hs|     inference|  return value|
|ap_rst             |   in|    1|  ap_ctrl_hs|     inference|  return value|
|ap_start           |   in|    1|  ap_ctrl_hs|     inference|  return value|
|ap_done            |  out|    1|  ap_ctrl_hs|     inference|  return value|
|ap_idle            |  out|    1|  ap_ctrl_hs|     inference|  return value|
|ap_ready           |  out|    1|  ap_ctrl_hs|     inference|  return value|
|d_address0         |  out|   14|   ap_memory|             d|         array|
|d_ce0              |  out|    1|   ap_memory|             d|         array|
|d_we0              |  out|    2|   ap_memory|             d|         array|
|d_d0               |  out|   16|   ap_memory|             d|         array|
|d_q0               |   in|   16|   ap_memory|             d|         array|
|d_address1         |  out|   14|   ap_memory|             d|         array|
|d_ce1              |  out|    1|   ap_memory|             d|         array|
|d_q1               |   in|   16|   ap_memory|             d|         array|
|input_r_address0   |  out|   10|   ap_memory|       input_r|         array|
|input_r_ce0        |  out|    1|   ap_memory|       input_r|         array|
|input_r_q0         |   in|   16|   ap_memory|       input_r|         array|
|input_r_address1   |  out|   10|   ap_memory|       input_r|         array|
|input_r_ce1        |  out|    1|   ap_memory|       input_r|         array|
|input_r_q1         |   in|   16|   ap_memory|       input_r|         array|
|output_r_address0  |  out|   10|   ap_memory|      output_r|         array|
|output_r_ce0       |  out|    1|   ap_memory|      output_r|         array|
|output_r_we0       |  out|    1|   ap_memory|      output_r|         array|
|output_r_d0        |  out|   16|   ap_memory|      output_r|         array|
+-------------------+-----+-----+------------+--------------+--------------+

============================================================
+ Verbose Summary: Synthesis Manager
============================================================
InlineROM: 1
ExposeGlobal: 0
============================================================
+ Verbose Summary: CDFG Model
============================================================
IsTopModel: 0
ResetActiveHigh: 1
IsCombinational: 2
IsDatapathOnly: 2
HasWiredReturn: 1
HasMFsm: 0
HasVarLatency: 1
IsPipeline: 0
IsRtlPipelined: 0
IsInstanceOverlapped: 0
IsDontTouch: 0
HasImplIP: 0
IsGatedGlobalClock: 0


============================================================
+ Verbose Summary: Schedule
============================================================
* Number of FSM states : 58
* Pipeline : 0
* Dataflow Pipeline: 0

* FSM state transitions: 
1 --> 2 
2 --> 6 3 
3 --> 4 2 
4 --> 5 
5 --> 3 
6 --> 7 
7 --> 8 11 
8 --> 9 
9 --> 10 
10 --> 7 
11 --> 12 
12 --> 13 16 
13 --> 14 
14 --> 15 
15 --> 12 
16 --> 17 
17 --> 18 
18 --> 19 
19 --> 20 
20 --> 21 
21 --> 22 
22 --> 23 
23 --> 24 
24 --> 25 
25 --> 26 
26 --> 27 
27 --> 28 
28 --> 29 
29 --> 30 
30 --> 31 
31 --> 32 
32 --> 33 
33 --> 34 
34 --> 35 
35 --> 36 
36 --> 37 
37 --> 38 
38 --> 39 
39 --> 40 
40 --> 41 
41 --> 42 
42 --> 43 
43 --> 44 
44 --> 45 
45 --> 46 
46 --> 47 
47 --> 48 
48 --> 49 
49 --> 50 
50 --> 51 
51 --> 52 
52 --> 53 
53 --> 54 
54 --> 55 
55 --> 56 
56 --> 57 
57 --> 58 
58 --> 16 

* FSM state operations: 

State 1 <SV = 0> <Delay = 0.42>
ST_1 : Operation 59 [1/1] (0.00ns)   --->   "%y = alloca i32 1"   --->   Operation 59 'alloca' 'y' <Predicate = true> <Delay = 0.00>
ST_1 : Operation 60 [1/1] (0.00ns)   --->   "%x = alloca i32 1"   --->   Operation 60 'alloca' 'x' <Predicate = true> <Delay = 0.00>
ST_1 : Operation 61 [1/1] (0.00ns)   --->   "%indvar_flatten = alloca i32 1"   --->   Operation 61 'alloca' 'indvar_flatten' <Predicate = true> <Delay = 0.00>
ST_1 : Operation 62 [1/1] (0.00ns)   --->   "%n = alloca i32 1"   --->   Operation 62 'alloca' 'n' <Predicate = true> <Delay = 0.00>
ST_1 : Operation 63 [1/1] (0.00ns)   --->   "%indvar_flatten25 = alloca i32 1"   --->   Operation 63 'alloca' 'indvar_flatten25' <Predicate = true> <Delay = 0.00>
ST_1 : Operation 64 [1/1] (0.00ns)   --->   "%s_V_18_loc = alloca i64 1"   --->   Operation 64 'alloca' 's_V_18_loc' <Predicate = true> <Delay = 0.00>
ST_1 : Operation 65 [1/1] (0.00ns)   --->   "%s_V_16_loc = alloca i64 1"   --->   Operation 65 'alloca' 's_V_16_loc' <Predicate = true> <Delay = 0.00>
ST_1 : Operation 66 [1/1] (0.00ns)   --->   "%s_V_15_loc = alloca i64 1"   --->   Operation 66 'alloca' 's_V_15_loc' <Predicate = true> <Delay = 0.00>
ST_1 : Operation 67 [1/1] (0.00ns)   --->   "%s_V_14_loc = alloca i64 1"   --->   Operation 67 'alloca' 's_V_14_loc' <Predicate = true> <Delay = 0.00>
ST_1 : Operation 68 [1/1] (0.00ns)   --->   "%s_V_13_loc = alloca i64 1"   --->   Operation 68 'alloca' 's_V_13_loc' <Predicate = true> <Delay = 0.00>
ST_1 : Operation 69 [1/1] (0.00ns)   --->   "%specbramwithbyteenable_ln0 = specbramwithbyteenable void @_ssdm_op_SpecBRAMWithByteEnable, i16 %d"   --->   Operation 69 'specbramwithbyteenable' 'specbramwithbyteenable_ln0' <Predicate = true> <Delay = 0.00>
ST_1 : Operation 70 [1/1] (0.42ns)   --->   "%store_ln17 = store i12 0, i12 %indvar_flatten25" [../denoiser_c_to_hls/denoiser.cpp:17]   --->   Operation 70 'store' 'store_ln17' <Predicate = true> <Delay = 0.42>
ST_1 : Operation 71 [1/1] (0.42ns)   --->   "%store_ln17 = store i3 0, i3 %n" [../denoiser_c_to_hls/denoiser.cpp:17]   --->   Operation 71 'store' 'store_ln17' <Predicate = true> <Delay = 0.42>
ST_1 : Operation 72 [1/1] (0.42ns)   --->   "%store_ln17 = store i10 0, i10 %indvar_flatten" [../denoiser_c_to_hls/denoiser.cpp:17]   --->   Operation 72 'store' 'store_ln17' <Predicate = true> <Delay = 0.42>
ST_1 : Operation 73 [1/1] (0.42ns)   --->   "%store_ln17 = store i5 0, i5 %x" [../denoiser_c_to_hls/denoiser.cpp:17]   --->   Operation 73 'store' 'store_ln17' <Predicate = true> <Delay = 0.42>
ST_1 : Operation 74 [1/1] (0.42ns)   --->   "%store_ln17 = store i5 0, i5 %y" [../denoiser_c_to_hls/denoiser.cpp:17]   --->   Operation 74 'store' 'store_ln17' <Predicate = true> <Delay = 0.42>
ST_1 : Operation 75 [1/1] (0.00ns)   --->   "%br_ln17 = br void %for.body9.i" [../denoiser_c_to_hls/denoiser.cpp:17]   --->   Operation 75 'br' 'br_ln17' <Predicate = true> <Delay = 0.00>

State 2 <SV = 1> <Delay = 3.16>
ST_2 : Operation 76 [1/1] (0.00ns)   --->   "%x_4 = load i5 %x" [../denoiser_c_to_hls/denoiser.cpp:36]   --->   Operation 76 'load' 'x_4' <Predicate = true> <Delay = 0.00>
ST_2 : Operation 77 [1/1] (0.00ns)   --->   "%n_3 = load i3 %n"   --->   Operation 77 'load' 'n_3' <Predicate = true> <Delay = 0.00>
ST_2 : Operation 78 [1/1] (0.00ns)   --->   "%indvar_flatten25_load = load i12 %indvar_flatten25" [../denoiser_c_to_hls/denoiser.cpp:17]   --->   Operation 78 'load' 'indvar_flatten25_load' <Predicate = true> <Delay = 0.00>
ST_2 : Operation 79 [1/1] (0.00ns)   --->   "%empty_80 = trunc i3 %n_3"   --->   Operation 79 'trunc' 'empty_80' <Predicate = true> <Delay = 0.00>
ST_2 : Operation 80 [1/1] (0.52ns)   --->   "%s_V = mux i16 @_ssdm_op_Mux.ap_auto.4i16.i2, i16 761, i16 211, i16 65364, i16 64954, i2 %empty_80"   --->   Operation 80 'mux' 's_V' <Predicate = true> <Delay = 0.52> <CoreInst = "Multiplexer">   --->   Core 76 'Multiplexer' <Latency = 0> <II = 1> <Delay = 0.52> <FuncUnit> <Opcode : 'mux'> <InPorts = 2> <OutPorts = 1>
ST_2 : Operation 81 [1/1] (0.00ns)   --->   "%shl_ln36_1 = bitconcatenate i13 @_ssdm_op_BitConcatenate.i13.i5.i8, i5 %x_4, i8 0" [../denoiser_c_to_hls/denoiser.cpp:36]   --->   Operation 81 'bitconcatenate' 'shl_ln36_1' <Predicate = true> <Delay = 0.00>
ST_2 : Operation 82 [1/1] (0.00ns)   --->   "%zext_ln36 = zext i13 %shl_ln36_1" [../denoiser_c_to_hls/denoiser.cpp:36]   --->   Operation 82 'zext' 'zext_ln36' <Predicate = true> <Delay = 0.00>
ST_2 : Operation 83 [1/1] (0.00ns)   --->   "%shl_ln36_2 = bitconcatenate i10 @_ssdm_op_BitConcatenate.i10.i5.i5, i5 %x_4, i5 0" [../denoiser_c_to_hls/denoiser.cpp:36]   --->   Operation 83 'bitconcatenate' 'shl_ln36_2' <Predicate = true> <Delay = 0.00>
ST_2 : Operation 84 [1/1] (0.00ns)   --->   "%zext_ln36_1 = zext i10 %shl_ln36_2" [../denoiser_c_to_hls/denoiser.cpp:36]   --->   Operation 84 'zext' 'zext_ln36_1' <Predicate = true> <Delay = 0.00>
ST_2 : Operation 85 [1/1] (0.82ns)   --->   "%sub_ln36 = sub i14 %zext_ln36, i14 %zext_ln36_1" [../denoiser_c_to_hls/denoiser.cpp:36]   --->   Operation 85 'sub' 'sub_ln36' <Predicate = true> <Delay = 0.82> <CoreInst = "Adder">   --->   Core 1 'Adder' <Latency = 0> <II = 1> <Delay = 0.83> <FuncUnit> <Opcode : 'add' 'sub'> <InPorts = 2> <OutPorts = 1>
ST_2 : Operation 86 [1/1] (0.97ns)   --->   "%icmp_ln17 = icmp_eq  i12 %indvar_flatten25_load, i12 3136" [../denoiser_c_to_hls/denoiser.cpp:17]   --->   Operation 86 'icmp' 'icmp_ln17' <Predicate = true> <Delay = 0.97> <CoreInst = "Cmp">   --->   Core 9 'Cmp' <Latency = 0> <II = 1> <Delay = 0.97> <FuncUnit> <Opcode : 'icmp'> <InPorts = 2> <OutPorts = 1>
ST_2 : Operation 87 [1/1] (0.80ns)   --->   "%add_ln17_1 = add i12 %indvar_flatten25_load, i12 1" [../denoiser_c_to_hls/denoiser.cpp:17]   --->   Operation 87 'add' 'add_ln17_1' <Predicate = true> <Delay = 0.80> <CoreInst = "Adder">   --->   Core 1 'Adder' <Latency = 0> <II = 1> <Delay = 0.80> <FuncUnit> <Opcode : 'add' 'sub'> <InPorts = 2> <OutPorts = 1>
ST_2 : Operation 88 [1/1] (0.00ns)   --->   "%br_ln17 = br i1 %icmp_ln17, void %for.cond.cleanup4.i, void %for.body9.i26.preheader" [../denoiser_c_to_hls/denoiser.cpp:17]   --->   Operation 88 'br' 'br_ln17' <Predicate = true> <Delay = 0.00>
ST_2 : Operation 89 [1/1] (0.00ns)   --->   "%y_load = load i5 %y" [../denoiser_c_to_hls/denoiser.cpp:21]   --->   Operation 89 'load' 'y_load' <Predicate = (!icmp_ln17)> <Delay = 0.00>
ST_2 : Operation 90 [1/1] (0.00ns)   --->   "%indvar_flatten_load_1 = load i10 %indvar_flatten" [../denoiser_c_to_hls/denoiser.cpp:19]   --->   Operation 90 'load' 'indvar_flatten_load_1' <Predicate = (!icmp_ln17)> <Delay = 0.00>
ST_2 : Operation 91 [1/1] (0.67ns)   --->   "%add_ln17 = add i3 %n_3, i3 1" [../denoiser_c_to_hls/denoiser.cpp:17]   --->   Operation 91 'add' 'add_ln17' <Predicate = (!icmp_ln17)> <Delay = 0.67> <CoreInst = "Adder">   --->   Core 1 'Adder' <Latency = 0> <II = 1> <Delay = 0.67> <FuncUnit> <Opcode : 'add' 'sub'> <InPorts = 2> <OutPorts = 1>
ST_2 : Operation 92 [1/1] (0.00ns)   --->   "%specloopname_ln0 = specloopname void @_ssdm_op_SpecLoopName, void @loop_oc_1_loop_h_1_loop_w_1_str"   --->   Operation 92 'specloopname' 'specloopname_ln0' <Predicate = (!icmp_ln17)> <Delay = 0.00>
ST_2 : Operation 93 [1/1] (0.00ns)   --->   "%empty = speclooptripcount i32 @_ssdm_op_SpecLoopTripCount, i64 3136, i64 3136, i64 3136"   --->   Operation 93 'speclooptripcount' 'empty' <Predicate = (!icmp_ln17)> <Delay = 0.00>
ST_2 : Operation 94 [1/1] (0.91ns)   --->   "%icmp_ln19 = icmp_eq  i10 %indvar_flatten_load_1, i10 784" [../denoiser_c_to_hls/denoiser.cpp:19]   --->   Operation 94 'icmp' 'icmp_ln19' <Predicate = (!icmp_ln17)> <Delay = 0.91> <CoreInst = "Cmp">   --->   Core 9 'Cmp' <Latency = 0> <II = 1> <Delay = 0.91> <FuncUnit> <Opcode : 'icmp'> <InPorts = 2> <OutPorts = 1>
ST_2 : Operation 95 [1/1] (0.41ns)   --->   "%select_ln17 = select i1 %icmp_ln19, i5 0, i5 %x_4" [../denoiser_c_to_hls/denoiser.cpp:17]   --->   Operation 95 'select' 'select_ln17' <Predicate = (!icmp_ln17)> <Delay = 0.41> <CoreInst = "Sel">   --->   Core 73 'Sel' <Latency = 0> <II = 1> <Delay = 0.41> <FuncUnit> <Opcode : 'select'> <InPorts = 3> <OutPorts = 1>
ST_2 : Operation 96 [1/1] (0.20ns)   --->   "%select_ln17_1 = select i1 %icmp_ln19, i3 %add_ln17, i3 %n_3" [../denoiser_c_to_hls/denoiser.cpp:17]   --->   Operation 96 'select' 'select_ln17_1' <Predicate = (!icmp_ln17)> <Delay = 0.20> <CoreInst = "Sel">   --->   Core 73 'Sel' <Latency = 0> <II = 1> <Delay = 0.20> <FuncUnit> <Opcode : 'select'> <InPorts = 3> <OutPorts = 1>
ST_2 : Operation 97 [1/1] (0.00ns)   --->   "%zext_ln17 = zext i3 %select_ln17_1" [../denoiser_c_to_hls/denoiser.cpp:17]   --->   Operation 97 'zext' 'zext_ln17' <Predicate = (!icmp_ln17)> <Delay = 0.00>
ST_2 : Operation 98 [1/1] (0.00ns) (grouped into LUT with out node select_ln17_2)   --->   "%empty_79 = trunc i3 %add_ln17" [../denoiser_c_to_hls/denoiser.cpp:17]   --->   Operation 98 'trunc' 'empty_79' <Predicate = (!icmp_ln17)> <Delay = 0.00>
ST_2 : Operation 99 [1/1] (0.00ns)   --->   "%trunc_ln17 = trunc i3 %select_ln17_1" [../denoiser_c_to_hls/denoiser.cpp:17]   --->   Operation 99 'trunc' 'trunc_ln17' <Predicate = (!icmp_ln17)> <Delay = 0.00>
ST_2 : Operation 100 [1/1] (0.00ns)   --->   "%p_shl_cast_mid2_v = bitconcatenate i5 @_ssdm_op_BitConcatenate.i5.i2.i3, i2 %trunc_ln17, i3 0" [../denoiser_c_to_hls/denoiser.cpp:17]   --->   Operation 100 'bitconcatenate' 'p_shl_cast_mid2_v' <Predicate = (!icmp_ln17)> <Delay = 0.00>
ST_2 : Operation 101 [1/1] (0.00ns)   --->   "%zext_ln17_1 = zext i5 %p_shl_cast_mid2_v" [../denoiser_c_to_hls/denoiser.cpp:17]   --->   Operation 101 'zext' 'zext_ln17_1' <Predicate = (!icmp_ln17)> <Delay = 0.00>
ST_2 : Operation 102 [1/1] (0.00ns) (grouped into LUT with out node select_ln17_2)   --->   "%s_V_mid1 = mux i16 @_ssdm_op_Mux.ap_auto.4i16.i2, i16 761, i16 211, i16 65364, i16 64954, i2 %empty_79" [../denoiser_c_to_hls/denoiser.cpp:17]   --->   Operation 102 'mux' 's_V_mid1' <Predicate = (!icmp_ln17)> <Delay = 0.00> <CoreInst = "Multiplexer">   --->   Core 76 'Multiplexer' <Latency = 0> <II = 1> <Delay = 0.52> <FuncUnit> <Opcode : 'mux'> <InPorts = 2> <OutPorts = 1>
ST_2 : Operation 103 [1/1] (0.52ns) (out node of the LUT)   --->   "%select_ln17_2 = select i1 %icmp_ln19, i16 %s_V_mid1, i16 %s_V" [../denoiser_c_to_hls/denoiser.cpp:17]   --->   Operation 103 'select' 'select_ln17_2' <Predicate = (!icmp_ln17)> <Delay = 0.52> <CoreInst = "Sel">   --->   Core 73 'Sel' <Latency = 0> <II = 1> <Delay = 0.35> <FuncUnit> <Opcode : 'select'> <InPorts = 3> <OutPorts = 1>
ST_2 : Operation 104 [1/1] (0.00ns) (grouped into LUT with out node select_ln19_1)   --->   "%select_ln17_3 = select i1 %icmp_ln19, i14 0, i14 %sub_ln36" [../denoiser_c_to_hls/denoiser.cpp:17]   --->   Operation 104 'select' 'select_ln17_3' <Predicate = (!icmp_ln17)> <Delay = 0.00> <CoreInst = "Sel">   --->   Core 73 'Sel' <Latency = 0> <II = 1> <Delay = 0.23> <FuncUnit> <Opcode : 'select'> <InPorts = 3> <OutPorts = 1>
ST_2 : Operation 105 [1/1] (0.00ns) (grouped into LUT with out node and_ln17)   --->   "%xor_ln17 = xor i1 %icmp_ln19, i1 1" [../denoiser_c_to_hls/denoiser.cpp:17]   --->   Operation 105 'xor' 'xor_ln17' <Predicate = (!icmp_ln17)> <Delay = 0.00> <CoreInst = "LogicGate">   --->   Core 74 'LogicGate' <Latency = 0> <II = 1> <Delay = 0.28> <FuncUnit> <Opcode : 'and' 'or' 'xor'> <InPorts = 2> <OutPorts = 1>
ST_2 : Operation 106 [1/1] (0.75ns)   --->   "%icmp_ln21 = icmp_eq  i5 %y_load, i5 28" [../denoiser_c_to_hls/denoiser.cpp:21]   --->   Operation 106 'icmp' 'icmp_ln21' <Predicate = (!icmp_ln17)> <Delay = 0.75> <CoreInst = "Cmp">   --->   Core 9 'Cmp' <Latency = 0> <II = 1> <Delay = 0.75> <FuncUnit> <Opcode : 'icmp'> <InPorts = 2> <OutPorts = 1>
ST_2 : Operation 107 [1/1] (0.28ns) (out node of the LUT)   --->   "%and_ln17 = and i1 %icmp_ln21, i1 %xor_ln17" [../denoiser_c_to_hls/denoiser.cpp:17]   --->   Operation 107 'and' 'and_ln17' <Predicate = (!icmp_ln17)> <Delay = 0.28> <CoreInst = "LogicGate">   --->   Core 74 'LogicGate' <Latency = 0> <II = 1> <Delay = 0.28> <FuncUnit> <Opcode : 'and' 'or' 'xor'> <InPorts = 2> <OutPorts = 1>
ST_2 : Operation 108 [1/1] (0.78ns)   --->   "%add_ln19 = add i5 %select_ln17, i5 1" [../denoiser_c_to_hls/denoiser.cpp:19]   --->   Operation 108 'add' 'add_ln19' <Predicate = (!icmp_ln17)> <Delay = 0.78> <CoreInst = "Adder">   --->   Core 1 'Adder' <Latency = 0> <II = 1> <Delay = 0.78> <FuncUnit> <Opcode : 'add' 'sub'> <InPorts = 2> <OutPorts = 1>
ST_2 : Operation 109 [1/1] (0.00ns)   --->   "%specloopname_ln0 = specloopname void @_ssdm_op_SpecLoopName, void @loop_h_1_loop_w_1_str"   --->   Operation 109 'specloopname' 'specloopname_ln0' <Predicate = (!icmp_ln17)> <Delay = 0.00>
ST_2 : Operation 110 [1/1] (0.00ns) (grouped into LUT with out node select_ln19)   --->   "%or_ln19 = or i1 %and_ln17, i1 %icmp_ln19" [../denoiser_c_to_hls/denoiser.cpp:19]   --->   Operation 110 'or' 'or_ln19' <Predicate = (!icmp_ln17)> <Delay = 0.00> <CoreInst = "LogicGate">   --->   Core 74 'LogicGate' <Latency = 0> <II = 1> <Delay = 0.28> <FuncUnit> <Opcode : 'and' 'or' 'xor'> <InPorts = 2> <OutPorts = 1>
ST_2 : Operation 111 [1/1] (0.41ns) (out node of the LUT)   --->   "%select_ln19 = select i1 %or_ln19, i5 0, i5 %y_load" [../denoiser_c_to_hls/denoiser.cpp:19]   --->   Operation 111 'select' 'select_ln19' <Predicate = (!icmp_ln17)> <Delay = 0.41> <CoreInst = "Sel">   --->   Core 73 'Sel' <Latency = 0> <II = 1> <Delay = 0.41> <FuncUnit> <Opcode : 'select'> <InPorts = 3> <OutPorts = 1>
ST_2 : Operation 112 [1/1] (0.00ns)   --->   "%shl_ln36_1_mid1 = bitconcatenate i13 @_ssdm_op_BitConcatenate.i13.i5.i8, i5 %add_ln19, i8 0" [../denoiser_c_to_hls/denoiser.cpp:36]   --->   Operation 112 'bitconcatenate' 'shl_ln36_1_mid1' <Predicate = (!icmp_ln17)> <Delay = 0.00>
ST_2 : Operation 113 [1/1] (0.00ns)   --->   "%zext_ln36_4 = zext i13 %shl_ln36_1_mid1" [../denoiser_c_to_hls/denoiser.cpp:36]   --->   Operation 113 'zext' 'zext_ln36_4' <Predicate = (!icmp_ln17)> <Delay = 0.00>
ST_2 : Operation 114 [1/1] (0.00ns)   --->   "%shl_ln36_2_mid1 = bitconcatenate i10 @_ssdm_op_BitConcatenate.i10.i5.i5, i5 %add_ln19, i5 0" [../denoiser_c_to_hls/denoiser.cpp:36]   --->   Operation 114 'bitconcatenate' 'shl_ln36_2_mid1' <Predicate = (!icmp_ln17)> <Delay = 0.00>
ST_2 : Operation 115 [1/1] (0.00ns)   --->   "%zext_ln36_5 = zext i10 %shl_ln36_2_mid1" [../denoiser_c_to_hls/denoiser.cpp:36]   --->   Operation 115 'zext' 'zext_ln36_5' <Predicate = (!icmp_ln17)> <Delay = 0.00>
ST_2 : Operation 116 [1/1] (0.82ns)   --->   "%sub_ln36_1 = sub i14 %zext_ln36_4, i14 %zext_ln36_5" [../denoiser_c_to_hls/denoiser.cpp:36]   --->   Operation 116 'sub' 'sub_ln36_1' <Predicate = (!icmp_ln17)> <Delay = 0.82> <CoreInst = "Adder">   --->   Core 1 'Adder' <Latency = 0> <II = 1> <Delay = 0.83> <FuncUnit> <Opcode : 'add' 'sub'> <InPorts = 2> <OutPorts = 1>
ST_2 : Operation 117 [1/1] (0.23ns) (out node of the LUT)   --->   "%select_ln19_1 = select i1 %and_ln17, i14 %sub_ln36_1, i14 %select_ln17_3" [../denoiser_c_to_hls/denoiser.cpp:19]   --->   Operation 117 'select' 'select_ln19_1' <Predicate = (!icmp_ln17)> <Delay = 0.23> <CoreInst = "Sel">   --->   Core 73 'Sel' <Latency = 0> <II = 1> <Delay = 0.23> <FuncUnit> <Opcode : 'select'> <InPorts = 3> <OutPorts = 1>
ST_2 : Operation 118 [1/1] (0.41ns)   --->   "%select_ln19_2 = select i1 %and_ln17, i5 %add_ln19, i5 %select_ln17" [../denoiser_c_to_hls/denoiser.cpp:19]   --->   Operation 118 'select' 'select_ln19_2' <Predicate = (!icmp_ln17)> <Delay = 0.41> <CoreInst = "Sel">   --->   Core 73 'Sel' <Latency = 0> <II = 1> <Delay = 0.41> <FuncUnit> <Opcode : 'select'> <InPorts = 3> <OutPorts = 1>
ST_2 : Operation 119 [1/1] (0.00ns)   --->   "%zext_ln21 = zext i5 %select_ln19" [../denoiser_c_to_hls/denoiser.cpp:21]   --->   Operation 119 'zext' 'zext_ln21' <Predicate = (!icmp_ln17)> <Delay = 0.00>
ST_2 : Operation 120 [1/1] (0.00ns)   --->   "%specloopname_ln21 = specloopname void @_ssdm_op_SpecLoopName, void @empty_6" [../denoiser_c_to_hls/denoiser.cpp:21]   --->   Operation 120 'specloopname' 'specloopname_ln21' <Predicate = (!icmp_ln17)> <Delay = 0.00>
ST_2 : Operation 121 [1/1] (0.78ns)   --->   "%add_ln30 = add i6 %zext_ln21, i6 63" [../denoiser_c_to_hls/denoiser.cpp:30]   --->   Operation 121 'add' 'add_ln30' <Predicate = (!icmp_ln17)> <Delay = 0.78> <CoreInst = "Adder">   --->   Core 1 'Adder' <Latency = 0> <II = 1> <Delay = 0.78> <FuncUnit> <Opcode : 'add' 'sub'> <InPorts = 2> <OutPorts = 1>
ST_2 : Operation 122 [1/1] (0.42ns)   --->   "%br_ln25 = br void %for.body13.i" [../denoiser_c_to_hls/denoiser.cpp:25]   --->   Operation 122 'br' 'br_ln25' <Predicate = (!icmp_ln17)> <Delay = 0.42>
ST_2 : Operation 123 [1/1] (0.00ns)   --->   "%y_1 = alloca i32 1"   --->   Operation 123 'alloca' 'y_1' <Predicate = (icmp_ln17)> <Delay = 0.00>
ST_2 : Operation 124 [1/1] (0.00ns)   --->   "%x_1 = alloca i32 1"   --->   Operation 124 'alloca' 'x_1' <Predicate = (icmp_ln17)> <Delay = 0.00>
ST_2 : Operation 125 [1/1] (0.00ns)   --->   "%indvar_flatten144 = alloca i32 1"   --->   Operation 125 'alloca' 'indvar_flatten144' <Predicate = (icmp_ln17)> <Delay = 0.00>
ST_2 : Operation 126 [1/1] (0.00ns)   --->   "%n_1 = alloca i32 1"   --->   Operation 126 'alloca' 'n_1' <Predicate = (icmp_ln17)> <Delay = 0.00>
ST_2 : Operation 127 [1/1] (0.00ns)   --->   "%indvar_flatten171 = alloca i32 1"   --->   Operation 127 'alloca' 'indvar_flatten171' <Predicate = (icmp_ln17)> <Delay = 0.00>
ST_2 : Operation 128 [2/2] (0.00ns)   --->   "%call_ln0 = call void @inference_Pipeline_VITIS_LOOP_45_1_VITIS_LOOP_46_2_VITIS_LOOP_47_3, i16 %d"   --->   Operation 128 'call' 'call_ln0' <Predicate = (icmp_ln17)> <Delay = 0.00> <CoreType = "Generic">   --->   Core 0 '' <Latency = 0> <II = 1> <Delay = 1.00> <Generic> <Opcode : >
ST_2 : Operation 129 [1/1] (0.42ns)   --->   "%store_ln66 = store i11 0, i11 %indvar_flatten171" [../denoiser_c_to_hls/denoiser.cpp:66]   --->   Operation 129 'store' 'store_ln66' <Predicate = (icmp_ln17)> <Delay = 0.42>
ST_2 : Operation 130 [1/1] (0.42ns)   --->   "%store_ln66 = store i4 0, i4 %n_1" [../denoiser_c_to_hls/denoiser.cpp:66]   --->   Operation 130 'store' 'store_ln66' <Predicate = (icmp_ln17)> <Delay = 0.42>
ST_2 : Operation 131 [1/1] (0.42ns)   --->   "%store_ln66 = store i8 0, i8 %indvar_flatten144" [../denoiser_c_to_hls/denoiser.cpp:66]   --->   Operation 131 'store' 'store_ln66' <Predicate = (icmp_ln17)> <Delay = 0.42>
ST_2 : Operation 132 [1/1] (0.42ns)   --->   "%store_ln66 = store i4 0, i4 %x_1" [../denoiser_c_to_hls/denoiser.cpp:66]   --->   Operation 132 'store' 'store_ln66' <Predicate = (icmp_ln17)> <Delay = 0.42>
ST_2 : Operation 133 [1/1] (0.42ns)   --->   "%store_ln66 = store i4 0, i4 %y_1" [../denoiser_c_to_hls/denoiser.cpp:66]   --->   Operation 133 'store' 'store_ln66' <Predicate = (icmp_ln17)> <Delay = 0.42>

State 3 <SV = 2> <Delay = 3.07>
ST_3 : Operation 134 [1/1] (0.00ns)   --->   "%i = phi i2 0, void %for.cond.cleanup4.i, i2 %add_ln25, void %for.body13.i.split" [../denoiser_c_to_hls/denoiser.cpp:25]   --->   Operation 134 'phi' 'i' <Predicate = true> <Delay = 0.00>
ST_3 : Operation 135 [1/1] (0.00ns)   --->   "%s_V_1 = phi i16 %select_ln17_2, void %for.cond.cleanup4.i, i16 %s_V_3, void %for.body13.i.split"   --->   Operation 135 'phi' 's_V_1' <Predicate = true> <Delay = 0.00>
ST_3 : Operation 136 [1/1] (0.44ns)   --->   "%icmp_ln25 = icmp_eq  i2 %i, i2 3" [../denoiser_c_to_hls/denoiser.cpp:25]   --->   Operation 136 'icmp' 'icmp_ln25' <Predicate = true> <Delay = 0.44> <CoreInst = "Cmp">   --->   Core 9 'Cmp' <Latency = 0> <II = 1> <Delay = 0.44> <FuncUnit> <Opcode : 'icmp'> <InPorts = 2> <OutPorts = 1>
ST_3 : Operation 137 [1/1] (0.00ns)   --->   "%empty_81 = speclooptripcount i32 @_ssdm_op_SpecLoopTripCount, i64 3, i64 3, i64 3"   --->   Operation 137 'speclooptripcount' 'empty_81' <Predicate = true> <Delay = 0.00>
ST_3 : Operation 138 [1/1] (0.54ns)   --->   "%add_ln25 = add i2 %i, i2 1" [../denoiser_c_to_hls/denoiser.cpp:25]   --->   Operation 138 'add' 'add_ln25' <Predicate = true> <Delay = 0.54> <CoreInst = "Adder">   --->   Core 1 'Adder' <Latency = 0> <II = 1> <Delay = 0.54> <FuncUnit> <Opcode : 'add' 'sub'> <InPorts = 2> <OutPorts = 1>
ST_3 : Operation 139 [1/1] (0.00ns)   --->   "%br_ln25 = br i1 %icmp_ln25, void %for.body13.i.split, void %for.cond.cleanup12.i" [../denoiser_c_to_hls/denoiser.cpp:25]   --->   Operation 139 'br' 'br_ln25' <Predicate = true> <Delay = 0.00>
ST_3 : Operation 140 [1/1] (0.00ns)   --->   "%zext_ln25 = zext i2 %i" [../denoiser_c_to_hls/denoiser.cpp:25]   --->   Operation 140 'zext' 'zext_ln25' <Predicate = (!icmp_ln25)> <Delay = 0.00>
ST_3 : Operation 141 [1/1] (0.78ns)   --->   "%empty_82 = add i5 %zext_ln25, i5 %select_ln19_2" [../denoiser_c_to_hls/denoiser.cpp:25]   --->   Operation 141 'add' 'empty_82' <Predicate = (!icmp_ln25)> <Delay = 0.78> <CoreInst = "Adder">   --->   Core 1 'Adder' <Latency = 0> <II = 1> <Delay = 0.78> <FuncUnit> <Opcode : 'add' 'sub'> <InPorts = 2> <OutPorts = 1>
ST_3 : Operation 142 [1/1] (0.00ns)   --->   "%p_cast78 = zext i5 %empty_82" [../denoiser_c_to_hls/denoiser.cpp:25]   --->   Operation 142 'zext' 'p_cast78' <Predicate = (!icmp_ln25)> <Delay = 0.00>
ST_3 : Operation 143 [1/1] (0.78ns)   --->   "%empty_83 = add i6 %p_cast78, i6 63" [../denoiser_c_to_hls/denoiser.cpp:25]   --->   Operation 143 'add' 'empty_83' <Predicate = (!icmp_ln25)> <Delay = 0.78> <CoreInst = "Adder">   --->   Core 1 'Adder' <Latency = 0> <II = 1> <Delay = 0.78> <FuncUnit> <Opcode : 'add' 'sub'> <InPorts = 2> <OutPorts = 1>
ST_3 : Operation 144 [1/1] (0.00ns)   --->   "%trunc_ln32 = trunc i6 %empty_83" [../denoiser_c_to_hls/denoiser.cpp:32]   --->   Operation 144 'trunc' 'trunc_ln32' <Predicate = (!icmp_ln25)> <Delay = 0.00>
ST_3 : Operation 145 [1/1] (0.00ns)   --->   "%tmp_12 = bitconcatenate i10 @_ssdm_op_BitConcatenate.i10.i5.i5, i5 %trunc_ln32, i5 0" [../denoiser_c_to_hls/denoiser.cpp:32]   --->   Operation 145 'bitconcatenate' 'tmp_12' <Predicate = (!icmp_ln25)> <Delay = 0.00>
ST_3 : Operation 146 [1/1] (0.00ns)   --->   "%tmp_13 = bitconcatenate i8 @_ssdm_op_BitConcatenate.i8.i6.i2, i6 %empty_83, i2 0" [../denoiser_c_to_hls/denoiser.cpp:32]   --->   Operation 146 'bitconcatenate' 'tmp_13' <Predicate = (!icmp_ln25)> <Delay = 0.00>
ST_3 : Operation 147 [1/1] (0.00ns)   --->   "%zext_ln32 = zext i8 %tmp_13" [../denoiser_c_to_hls/denoiser.cpp:32]   --->   Operation 147 'zext' 'zext_ln32' <Predicate = (!icmp_ln25)> <Delay = 0.00>
ST_3 : Operation 148 [1/1] (0.78ns)   --->   "%sub_ln32 = sub i10 %tmp_12, i10 %zext_ln32" [../denoiser_c_to_hls/denoiser.cpp:32]   --->   Operation 148 'sub' 'sub_ln32' <Predicate = (!icmp_ln25)> <Delay = 0.78> <CoreInst = "Adder">   --->   Core 1 'Adder' <Latency = 0> <II = 1> <Delay = 0.78> <FuncUnit> <Opcode : 'add' 'sub'> <InPorts = 2> <OutPorts = 1>
ST_3 : Operation 149 [1/1] (0.00ns)   --->   "%p_shl3 = bitconcatenate i4 @_ssdm_op_BitConcatenate.i4.i2.i2, i2 %i, i2 0" [../denoiser_c_to_hls/denoiser.cpp:25]   --->   Operation 149 'bitconcatenate' 'p_shl3' <Predicate = (!icmp_ln25)> <Delay = 0.00>
ST_3 : Operation 150 [1/1] (0.00ns)   --->   "%p_shl3_cast = zext i4 %p_shl3" [../denoiser_c_to_hls/denoiser.cpp:25]   --->   Operation 150 'zext' 'p_shl3_cast' <Predicate = (!icmp_ln25)> <Delay = 0.00>
ST_3 : Operation 151 [1/1] (0.00ns) (grouped into TernaryAdder)   --->   "%empty_84 = sub i5 %p_shl3_cast, i5 %zext_ln25" [../denoiser_c_to_hls/denoiser.cpp:25]   --->   Operation 151 'sub' 'empty_84' <Predicate = (!icmp_ln25)> <Delay = 0.00> <CoreInst = "TAddSub">   --->   Core 10 'TAddSub' <Latency = 0> <II = 1> <Delay = 0.30> <IPBlock> <Opcode : 'add' 'sub'> <InPorts = 3> <OutPorts = 1> <Sync> <CReg>
ST_3 : Operation 152 [1/1] (0.61ns) (root node of TernaryAdder)   --->   "%tmp3 = add i5 %zext_ln17, i5 %empty_84" [../denoiser_c_to_hls/denoiser.cpp:17]   --->   Operation 152 'add' 'tmp3' <Predicate = (!icmp_ln25)> <Delay = 0.61> <CoreInst = "TAddSub">   --->   Core 10 'TAddSub' <Latency = 0> <II = 1> <Delay = 0.30> <IPBlock> <Opcode : 'add' 'sub'> <InPorts = 3> <OutPorts = 1> <Sync> <CReg>
ST_3 : Operation 153 [1/1] (0.00ns)   --->   "%tmp3_cast = sext i5 %tmp3" [../denoiser_c_to_hls/denoiser.cpp:17]   --->   Operation 153 'sext' 'tmp3_cast' <Predicate = (!icmp_ln25)> <Delay = 0.00>
ST_3 : Operation 154 [1/1] (0.78ns)   --->   "%empty_85 = add i6 %tmp3_cast, i6 %zext_ln17_1" [../denoiser_c_to_hls/denoiser.cpp:17]   --->   Operation 154 'add' 'empty_85' <Predicate = (!icmp_ln25)> <Delay = 0.78> <CoreInst = "Adder">   --->   Core 1 'Adder' <Latency = 0> <II = 1> <Delay = 0.78> <FuncUnit> <Opcode : 'add' 'sub'> <InPorts = 2> <OutPorts = 1>
ST_3 : Operation 155 [1/1] (0.75ns)   --->   "%notlhs = icmp_ne  i5 %empty_82, i5 0" [../denoiser_c_to_hls/denoiser.cpp:25]   --->   Operation 155 'icmp' 'notlhs' <Predicate = (!icmp_ln25)> <Delay = 0.75> <CoreInst = "Cmp">   --->   Core 9 'Cmp' <Latency = 0> <II = 1> <Delay = 0.75> <FuncUnit> <Opcode : 'icmp'> <InPorts = 2> <OutPorts = 1>
ST_3 : Operation 156 [1/1] (0.78ns)   --->   "%notrhs = icmp_slt  i6 %empty_83, i6 28" [../denoiser_c_to_hls/denoiser.cpp:25]   --->   Operation 156 'icmp' 'notrhs' <Predicate = (!icmp_ln25)> <Delay = 0.78> <CoreInst = "Cmp">   --->   Core 9 'Cmp' <Latency = 0> <II = 1> <Delay = 0.78> <FuncUnit> <Opcode : 'icmp'> <InPorts = 2> <OutPorts = 1>
ST_3 : Operation 157 [1/1] (0.28ns)   --->   "%brmerge_not = and i1 %notrhs, i1 %notlhs" [../denoiser_c_to_hls/denoiser.cpp:25]   --->   Operation 157 'and' 'brmerge_not' <Predicate = (!icmp_ln25)> <Delay = 0.28> <CoreInst = "LogicGate">   --->   Core 74 'LogicGate' <Latency = 0> <II = 1> <Delay = 0.28> <FuncUnit> <Opcode : 'and' 'or' 'xor'> <InPorts = 2> <OutPorts = 1>
ST_3 : Operation 158 [2/2] (0.42ns)   --->   "%targetBlock = call i1 @inference_Pipeline_loop_kw_1, i16 %s_V_1, i6 %add_ln30, i10 %sub_ln32, i16 %input_r, i1 %brmerge_not, i6 %empty_85, i5 %select_ln19, i16 %s_V_13_loc, i16 %s_V_14_loc, i10 %conv1_kernel_V" [../denoiser_c_to_hls/denoiser.cpp:17]   --->   Operation 158 'call' 'targetBlock' <Predicate = (!icmp_ln25)> <Delay = 0.42> <CoreType = "Generic">   --->   Core 0 '' <Latency = 0> <II = 1> <Delay = 1.00> <Generic> <Opcode : >
ST_3 : Operation 159 [1/1] (0.00ns)   --->   "%indvar_flatten_load = load i10 %indvar_flatten" [../denoiser_c_to_hls/denoiser.cpp:19]   --->   Operation 159 'load' 'indvar_flatten_load' <Predicate = (icmp_ln25 & !icmp_ln19)> <Delay = 0.00>
ST_3 : Operation 160 [1/1] (0.00ns)   --->   "%trunc_ln25 = trunc i16 %s_V_1" [../denoiser_c_to_hls/denoiser.cpp:25]   --->   Operation 160 'trunc' 'trunc_ln25' <Predicate = (icmp_ln25)> <Delay = 0.00>
ST_3 : Operation 161 [1/1] (1.10ns)   --->   "%icmp_ln1649_3 = icmp_sgt  i16 %s_V_1, i16 0"   --->   Operation 161 'icmp' 'icmp_ln1649_3' <Predicate = (icmp_ln25)> <Delay = 1.10> <CoreInst = "Cmp">   --->   Core 9 'Cmp' <Latency = 0> <II = 1> <Delay = 1.10> <FuncUnit> <Opcode : 'icmp'> <InPorts = 2> <OutPorts = 1>
ST_3 : Operation 162 [1/1] (0.29ns)   --->   "%select_ln65 = select i1 %icmp_ln1649_3, i15 %trunc_ln25, i15 0" [../denoiser_c_to_hls/denoiser.h:65]   --->   Operation 162 'select' 'select_ln65' <Predicate = (icmp_ln25)> <Delay = 0.29> <CoreInst = "Sel">   --->   Core 73 'Sel' <Latency = 0> <II = 1> <Delay = 0.29> <FuncUnit> <Opcode : 'select'> <InPorts = 3> <OutPorts = 1>
ST_3 : Operation 163 [1/1] (0.00ns)   --->   "%zext_ln36_2 = zext i15 %select_ln65" [../denoiser_c_to_hls/denoiser.cpp:36]   --->   Operation 163 'zext' 'zext_ln36_2' <Predicate = (icmp_ln25)> <Delay = 0.00>
ST_3 : Operation 164 [1/1] (0.00ns)   --->   "%tmp2 = bitconcatenate i8 @_ssdm_op_BitConcatenate.i8.i5.i2.i1, i5 %select_ln19, i2 %trunc_ln17, i1 0" [../denoiser_c_to_hls/denoiser.cpp:36]   --->   Operation 164 'bitconcatenate' 'tmp2' <Predicate = (icmp_ln25)> <Delay = 0.00>
ST_3 : Operation 165 [1/1] (0.00ns)   --->   "%zext_ln36_3 = zext i8 %tmp2" [../denoiser_c_to_hls/denoiser.cpp:36]   --->   Operation 165 'zext' 'zext_ln36_3' <Predicate = (icmp_ln25)> <Delay = 0.00>
ST_3 : Operation 166 [1/1] (0.83ns)   --->   "%add_ln36 = add i14 %zext_ln36_3, i14 %select_ln19_1" [../denoiser_c_to_hls/denoiser.cpp:36]   --->   Operation 166 'add' 'add_ln36' <Predicate = (icmp_ln25)> <Delay = 0.83> <CoreInst = "Adder">   --->   Core 1 'Adder' <Latency = 0> <II = 1> <Delay = 0.83> <FuncUnit> <Opcode : 'add' 'sub'> <InPorts = 2> <OutPorts = 1>
ST_3 : Operation 167 [1/1] (0.00ns)   --->   "%trunc_ln5 = partselect i13 @_ssdm_op_PartSelect.i13.i14.i32.i32, i14 %add_ln36, i32 1, i32 13" [../denoiser_c_to_hls/denoiser.cpp:36]   --->   Operation 167 'partselect' 'trunc_ln5' <Predicate = (icmp_ln25)> <Delay = 0.00>
ST_3 : Operation 168 [1/1] (0.00ns)   --->   "%sext_ln36 = sext i13 %trunc_ln5" [../denoiser_c_to_hls/denoiser.cpp:36]   --->   Operation 168 'sext' 'sext_ln36' <Predicate = (icmp_ln25)> <Delay = 0.00>
ST_3 : Operation 169 [1/1] (0.00ns)   --->   "%zext_ln36_6 = zext i14 %sext_ln36" [../denoiser_c_to_hls/denoiser.cpp:36]   --->   Operation 169 'zext' 'zext_ln36_6' <Predicate = (icmp_ln25)> <Delay = 0.00>
ST_3 : Operation 170 [1/1] (0.00ns)   --->   "%d_addr_5 = getelementptr i16 %d, i64 0, i64 %zext_ln36_6" [../denoiser_c_to_hls/denoiser.cpp:36]   --->   Operation 170 'getelementptr' 'd_addr_5' <Predicate = (icmp_ln25)> <Delay = 0.00>
ST_3 : Operation 171 [1/1] (1.23ns)   --->   "%store_ln36 = store void @_ssdm_op_Write.bram.i16, i14 %d_addr_5, i16 %zext_ln36_2, i2 3" [../denoiser_c_to_hls/denoiser.cpp:36]   --->   Operation 171 'store' 'store_ln36' <Predicate = (icmp_ln25)> <Delay = 1.23> <CoreInst = "RAM">   --->   Core 83 'RAM' <Latency = 1> <II = 1> <Delay = 1.23> <Storage> <Opcode : 'load' 'store'> <Ports = 2> <Width = 16> <Depth = 12544> <RAM>
ST_3 : Operation 172 [1/1] (0.78ns)   --->   "%add_ln21 = add i5 %select_ln19, i5 1" [../denoiser_c_to_hls/denoiser.cpp:21]   --->   Operation 172 'add' 'add_ln21' <Predicate = (icmp_ln25)> <Delay = 0.78> <CoreInst = "Adder">   --->   Core 1 'Adder' <Latency = 0> <II = 1> <Delay = 0.78> <FuncUnit> <Opcode : 'add' 'sub'> <InPorts = 2> <OutPorts = 1>
ST_3 : Operation 173 [1/1] (0.78ns)   --->   "%add_ln19_1 = add i10 %indvar_flatten_load, i10 1" [../denoiser_c_to_hls/denoiser.cpp:19]   --->   Operation 173 'add' 'add_ln19_1' <Predicate = (icmp_ln25 & !icmp_ln19)> <Delay = 0.78> <CoreInst = "Adder">   --->   Core 1 'Adder' <Latency = 0> <II = 1> <Delay = 0.78> <FuncUnit> <Opcode : 'add' 'sub'> <InPorts = 2> <OutPorts = 1>
ST_3 : Operation 174 [1/1] (0.40ns)   --->   "%select_ln19_3 = select i1 %icmp_ln19, i10 1, i10 %add_ln19_1" [../denoiser_c_to_hls/denoiser.cpp:19]   --->   Operation 174 'select' 'select_ln19_3' <Predicate = (icmp_ln25)> <Delay = 0.40> <CoreInst = "Sel">   --->   Core 73 'Sel' <Latency = 0> <II = 1> <Delay = 0.40> <FuncUnit> <Opcode : 'select'> <InPorts = 3> <OutPorts = 1>
ST_3 : Operation 175 [1/1] (0.42ns)   --->   "%store_ln21 = store i12 %add_ln17_1, i12 %indvar_flatten25" [../denoiser_c_to_hls/denoiser.cpp:21]   --->   Operation 175 'store' 'store_ln21' <Predicate = (icmp_ln25)> <Delay = 0.42>
ST_3 : Operation 176 [1/1] (0.42ns)   --->   "%store_ln21 = store i3 %select_ln17_1, i3 %n" [../denoiser_c_to_hls/denoiser.cpp:21]   --->   Operation 176 'store' 'store_ln21' <Predicate = (icmp_ln25)> <Delay = 0.42>
ST_3 : Operation 177 [1/1] (0.42ns)   --->   "%store_ln21 = store i10 %select_ln19_3, i10 %indvar_flatten" [../denoiser_c_to_hls/denoiser.cpp:21]   --->   Operation 177 'store' 'store_ln21' <Predicate = (icmp_ln25)> <Delay = 0.42>
ST_3 : Operation 178 [1/1] (0.42ns)   --->   "%store_ln21 = store i5 %select_ln19_2, i5 %x" [../denoiser_c_to_hls/denoiser.cpp:21]   --->   Operation 178 'store' 'store_ln21' <Predicate = (icmp_ln25)> <Delay = 0.42>
ST_3 : Operation 179 [1/1] (0.42ns)   --->   "%store_ln21 = store i5 %add_ln21, i5 %y" [../denoiser_c_to_hls/denoiser.cpp:21]   --->   Operation 179 'store' 'store_ln21' <Predicate = (icmp_ln25)> <Delay = 0.42>
ST_3 : Operation 180 [1/1] (0.00ns)   --->   "%br_ln21 = br void %for.body9.i" [../denoiser_c_to_hls/denoiser.cpp:21]   --->   Operation 180 'br' 'br_ln21' <Predicate = (icmp_ln25)> <Delay = 0.00>

State 4 <SV = 3> <Delay = 0.42>
ST_4 : Operation 181 [1/2] (0.42ns)   --->   "%targetBlock = call i1 @inference_Pipeline_loop_kw_1, i16 %s_V_1, i6 %add_ln30, i10 %sub_ln32, i16 %input_r, i1 %brmerge_not, i6 %empty_85, i5 %select_ln19, i16 %s_V_13_loc, i16 %s_V_14_loc, i10 %conv1_kernel_V" [../denoiser_c_to_hls/denoiser.cpp:17]   --->   Operation 181 'call' 'targetBlock' <Predicate = true> <Delay = 0.42> <CoreType = "Generic">   --->   Core 0 '' <Latency = 0> <II = 1> <Delay = 1.00> <Generic> <Opcode : >

State 5 <SV = 4> <Delay = 0.35>
ST_5 : Operation 182 [1/1] (0.00ns)   --->   "%specloopname_ln27 = specloopname void @_ssdm_op_SpecLoopName, void @empty_7" [../denoiser_c_to_hls/denoiser.cpp:27]   --->   Operation 182 'specloopname' 'specloopname_ln27' <Predicate = true> <Delay = 0.00>
ST_5 : Operation 183 [1/1] (0.00ns)   --->   "%s_V_13_loc_load = load i16 %s_V_13_loc"   --->   Operation 183 'load' 's_V_13_loc_load' <Predicate = (targetBlock)> <Delay = 0.00>
ST_5 : Operation 184 [1/1] (0.00ns)   --->   "%s_V_14_loc_load = load i16 %s_V_14_loc"   --->   Operation 184 'load' 's_V_14_loc_load' <Predicate = (!targetBlock)> <Delay = 0.00>
ST_5 : Operation 185 [1/1] (0.35ns)   --->   "%s_V_3 = select i1 %targetBlock, i16 %s_V_13_loc_load, i16 %s_V_14_loc_load" [../denoiser_c_to_hls/denoiser.cpp:27]   --->   Operation 185 'select' 's_V_3' <Predicate = true> <Delay = 0.35> <CoreInst = "Sel">   --->   Core 73 'Sel' <Latency = 0> <II = 1> <Delay = 0.35> <FuncUnit> <Opcode : 'select'> <InPorts = 3> <OutPorts = 1>
ST_5 : Operation 186 [1/1] (0.00ns)   --->   "%br_ln25 = br void %for.body13.i" [../denoiser_c_to_hls/denoiser.cpp:25]   --->   Operation 186 'br' 'br_ln25' <Predicate = true> <Delay = 0.00>

State 6 <SV = 2> <Delay = 0.00>
ST_6 : Operation 187 [1/2] (0.00ns)   --->   "%call_ln0 = call void @inference_Pipeline_VITIS_LOOP_45_1_VITIS_LOOP_46_2_VITIS_LOOP_47_3, i16 %d"   --->   Operation 187 'call' 'call_ln0' <Predicate = true> <Delay = 0.00> <CoreType = "Generic">   --->   Core 0 '' <Latency = 0> <II = 1> <Delay = 1.00> <Generic> <Opcode : >
ST_6 : Operation 188 [1/1] (0.00ns)   --->   "%br_ln66 = br void %for.body9.i214" [../denoiser_c_to_hls/denoiser.cpp:66]   --->   Operation 188 'br' 'br_ln66' <Predicate = true> <Delay = 0.00>

State 7 <SV = 3> <Delay = 3.66>
ST_7 : Operation 189 [1/1] (0.00ns)   --->   "%x_5 = load i4 %x_1" [../denoiser_c_to_hls/denoiser.cpp:88]   --->   Operation 189 'load' 'x_5' <Predicate = true> <Delay = 0.00>
ST_7 : Operation 190 [1/1] (0.00ns)   --->   "%n_4 = load i4 %n_1"   --->   Operation 190 'load' 'n_4' <Predicate = true> <Delay = 0.00>
ST_7 : Operation 191 [1/1] (0.00ns)   --->   "%indvar_flatten171_load = load i11 %indvar_flatten171" [../denoiser_c_to_hls/denoiser.cpp:66]   --->   Operation 191 'load' 'indvar_flatten171_load' <Predicate = true> <Delay = 0.00>
ST_7 : Operation 192 [1/1] (0.00ns)   --->   "%empty_88 = trunc i4 %n_4"   --->   Operation 192 'trunc' 'empty_88' <Predicate = true> <Delay = 0.00>
ST_7 : Operation 193 [1/1] (0.00ns)   --->   "%tmp_5 = bitconcatenate i8 @_ssdm_op_BitConcatenate.i8.i3.i3.i2, i3 %empty_88, i3 %empty_88, i2 0"   --->   Operation 193 'bitconcatenate' 'tmp_5' <Predicate = true> <Delay = 0.00>
ST_7 : Operation 194 [1/1] (0.00ns)   --->   "%shl_ln88_1 = bitconcatenate i12 @_ssdm_op_BitConcatenate.i12.i4.i8, i4 %x_5, i8 0" [../denoiser_c_to_hls/denoiser.cpp:88]   --->   Operation 194 'bitconcatenate' 'shl_ln88_1' <Predicate = true> <Delay = 0.00>
ST_7 : Operation 195 [1/1] (0.00ns)   --->   "%zext_ln88 = zext i12 %shl_ln88_1" [../denoiser_c_to_hls/denoiser.cpp:88]   --->   Operation 195 'zext' 'zext_ln88' <Predicate = true> <Delay = 0.00>
ST_7 : Operation 196 [1/1] (0.00ns)   --->   "%shl_ln88_2 = bitconcatenate i9 @_ssdm_op_BitConcatenate.i9.i4.i5, i4 %x_5, i5 0" [../denoiser_c_to_hls/denoiser.cpp:88]   --->   Operation 196 'bitconcatenate' 'shl_ln88_2' <Predicate = true> <Delay = 0.00>
ST_7 : Operation 197 [1/1] (0.00ns)   --->   "%zext_ln88_1 = zext i9 %shl_ln88_2" [../denoiser_c_to_hls/denoiser.cpp:88]   --->   Operation 197 'zext' 'zext_ln88_1' <Predicate = true> <Delay = 0.00>
ST_7 : Operation 198 [1/1] (0.80ns)   --->   "%sub_ln88 = sub i13 %zext_ln88, i13 %zext_ln88_1" [../denoiser_c_to_hls/denoiser.cpp:88]   --->   Operation 198 'sub' 'sub_ln88' <Predicate = true> <Delay = 0.80> <CoreInst = "Adder">   --->   Core 1 'Adder' <Latency = 0> <II = 1> <Delay = 0.82> <FuncUnit> <Opcode : 'add' 'sub'> <InPorts = 2> <OutPorts = 1>
ST_7 : Operation 199 [1/1] (0.94ns)   --->   "%icmp_ln66 = icmp_eq  i11 %indvar_flatten171_load, i11 1568" [../denoiser_c_to_hls/denoiser.cpp:66]   --->   Operation 199 'icmp' 'icmp_ln66' <Predicate = true> <Delay = 0.94> <CoreInst = "Cmp">   --->   Core 9 'Cmp' <Latency = 0> <II = 1> <Delay = 0.94> <FuncUnit> <Opcode : 'icmp'> <InPorts = 2> <OutPorts = 1>
ST_7 : Operation 200 [1/1] (0.79ns)   --->   "%add_ln66_1 = add i11 %indvar_flatten171_load, i11 1" [../denoiser_c_to_hls/denoiser.cpp:66]   --->   Operation 200 'add' 'add_ln66_1' <Predicate = true> <Delay = 0.79> <CoreInst = "Adder">   --->   Core 1 'Adder' <Latency = 0> <II = 1> <Delay = 0.79> <FuncUnit> <Opcode : 'add' 'sub'> <InPorts = 2> <OutPorts = 1>
ST_7 : Operation 201 [1/1] (0.00ns)   --->   "%br_ln66 = br i1 %icmp_ln66, void %for.cond.cleanup4.i206, void %for.body9.i376.preheader" [../denoiser_c_to_hls/denoiser.cpp:66]   --->   Operation 201 'br' 'br_ln66' <Predicate = true> <Delay = 0.00>
ST_7 : Operation 202 [1/1] (0.00ns)   --->   "%y_1_load = load i4 %y_1" [../denoiser_c_to_hls/denoiser.cpp:70]   --->   Operation 202 'load' 'y_1_load' <Predicate = (!icmp_ln66)> <Delay = 0.00>
ST_7 : Operation 203 [1/1] (0.00ns)   --->   "%indvar_flatten144_load = load i8 %indvar_flatten144" [../denoiser_c_to_hls/denoiser.cpp:68]   --->   Operation 203 'load' 'indvar_flatten144_load' <Predicate = (!icmp_ln66)> <Delay = 0.00>
ST_7 : Operation 204 [1/1] (0.79ns)   --->   "%add_ln66 = add i4 %n_4, i4 1" [../denoiser_c_to_hls/denoiser.cpp:66]   --->   Operation 204 'add' 'add_ln66' <Predicate = (!icmp_ln66)> <Delay = 0.79> <CoreInst = "Adder">   --->   Core 1 'Adder' <Latency = 0> <II = 1> <Delay = 0.79> <FuncUnit> <Opcode : 'add' 'sub'> <InPorts = 2> <OutPorts = 1>
ST_7 : Operation 205 [1/1] (0.84ns)   --->   "%icmp_ln68 = icmp_eq  i8 %indvar_flatten144_load, i8 196" [../denoiser_c_to_hls/denoiser.cpp:68]   --->   Operation 205 'icmp' 'icmp_ln68' <Predicate = (!icmp_ln66)> <Delay = 0.84> <CoreInst = "Cmp">   --->   Core 9 'Cmp' <Latency = 0> <II = 1> <Delay = 0.84> <FuncUnit> <Opcode : 'icmp'> <InPorts = 2> <OutPorts = 1>
ST_7 : Operation 206 [1/1] (0.39ns)   --->   "%select_ln66 = select i1 %icmp_ln68, i4 0, i4 %x_5" [../denoiser_c_to_hls/denoiser.cpp:66]   --->   Operation 206 'select' 'select_ln66' <Predicate = (!icmp_ln66)> <Delay = 0.39> <CoreInst = "Sel">   --->   Core 73 'Sel' <Latency = 0> <II = 1> <Delay = 0.39> <FuncUnit> <Opcode : 'select'> <InPorts = 3> <OutPorts = 1>
ST_7 : Operation 207 [1/1] (0.00ns)   --->   "%empty_87 = trunc i4 %add_ln66" [../denoiser_c_to_hls/denoiser.cpp:66]   --->   Operation 207 'trunc' 'empty_87' <Predicate = (!icmp_ln66)> <Delay = 0.00>
ST_7 : Operation 208 [1/1] (0.00ns)   --->   "%tmp_5_mid1 = bitconcatenate i8 @_ssdm_op_BitConcatenate.i8.i3.i3.i2, i3 %empty_87, i3 %empty_87, i2 0" [../denoiser_c_to_hls/denoiser.cpp:66]   --->   Operation 208 'bitconcatenate' 'tmp_5_mid1' <Predicate = (!icmp_ln66)> <Delay = 0.00>
ST_7 : Operation 209 [1/1] (0.39ns)   --->   "%select_ln66_1 = select i1 %icmp_ln68, i8 %tmp_5_mid1, i8 %tmp_5" [../denoiser_c_to_hls/denoiser.cpp:66]   --->   Operation 209 'select' 'select_ln66_1' <Predicate = (!icmp_ln66)> <Delay = 0.39> <CoreInst = "Sel">   --->   Core 73 'Sel' <Latency = 0> <II = 1> <Delay = 0.39> <FuncUnit> <Opcode : 'select'> <InPorts = 3> <OutPorts = 1>
ST_7 : Operation 210 [1/1] (0.39ns)   --->   "%select_ln66_2 = select i1 %icmp_ln68, i4 %add_ln66, i4 %n_4" [../denoiser_c_to_hls/denoiser.cpp:66]   --->   Operation 210 'select' 'select_ln66_2' <Predicate = (!icmp_ln66)> <Delay = 0.39> <CoreInst = "Sel">   --->   Core 73 'Sel' <Latency = 0> <II = 1> <Delay = 0.39> <FuncUnit> <Opcode : 'select'> <InPorts = 3> <OutPorts = 1>
ST_7 : Operation 211 [1/1] (0.00ns)   --->   "%zext_ln66 = zext i4 %select_ln66_2" [../denoiser_c_to_hls/denoiser.cpp:66]   --->   Operation 211 'zext' 'zext_ln66' <Predicate = (!icmp_ln66)> <Delay = 0.00>
ST_7 : Operation 212 [1/1] (0.00ns)   --->   "%conv2_bias_V_addr = getelementptr i10 %conv2_bias_V, i64 0, i64 %zext_ln66" [../denoiser_c_to_hls/denoiser.cpp:66]   --->   Operation 212 'getelementptr' 'conv2_bias_V_addr' <Predicate = (!icmp_ln66)> <Delay = 0.00>
ST_7 : Operation 213 [2/2] (0.67ns)   --->   "%conv2_bias_V_load = load i3 %conv2_bias_V_addr" [../denoiser_c_to_hls/denoiser.cpp:66]   --->   Operation 213 'load' 'conv2_bias_V_load' <Predicate = (!icmp_ln66)> <Delay = 0.67> <CoreInst = "ROM">   --->   Core 101 'ROM' <Latency = 1> <II = 1> <Delay = 0.67> <Storage> <Opcode : 'load'> <Ports = 0> <Width = 10> <Depth = 8> <ROM>
ST_7 : Operation 214 [1/1] (0.00ns) (grouped into LUT with out node add_ln88)   --->   "%trunc_ln66 = trunc i4 %select_ln66_2" [../denoiser_c_to_hls/denoiser.cpp:66]   --->   Operation 214 'trunc' 'trunc_ln66' <Predicate = (!icmp_ln66)> <Delay = 0.00>
ST_7 : Operation 215 [1/1] (0.00ns) (grouped into LUT with out node add_ln88)   --->   "%select_ln66_3 = select i1 %icmp_ln68, i13 0, i13 %sub_ln88" [../denoiser_c_to_hls/denoiser.cpp:66]   --->   Operation 215 'select' 'select_ln66_3' <Predicate = (!icmp_ln66)> <Delay = 0.00> <CoreInst = "Sel">   --->   Core 73 'Sel' <Latency = 0> <II = 1> <Delay = 0.30> <FuncUnit> <Opcode : 'select'> <InPorts = 3> <OutPorts = 1>
ST_7 : Operation 216 [1/1] (0.00ns) (grouped into LUT with out node and_ln66)   --->   "%xor_ln66 = xor i1 %icmp_ln68, i1 1" [../denoiser_c_to_hls/denoiser.cpp:66]   --->   Operation 216 'xor' 'xor_ln66' <Predicate = (!icmp_ln66)> <Delay = 0.00> <CoreInst = "LogicGate">   --->   Core 74 'LogicGate' <Latency = 0> <II = 1> <Delay = 0.28> <FuncUnit> <Opcode : 'and' 'or' 'xor'> <InPorts = 2> <OutPorts = 1>
ST_7 : Operation 217 [1/1] (0.72ns)   --->   "%icmp_ln70 = icmp_eq  i4 %y_1_load, i4 14" [../denoiser_c_to_hls/denoiser.cpp:70]   --->   Operation 217 'icmp' 'icmp_ln70' <Predicate = (!icmp_ln66)> <Delay = 0.72> <CoreInst = "Cmp">   --->   Core 9 'Cmp' <Latency = 0> <II = 1> <Delay = 0.72> <FuncUnit> <Opcode : 'icmp'> <InPorts = 2> <OutPorts = 1>
ST_7 : Operation 218 [1/1] (0.28ns) (out node of the LUT)   --->   "%and_ln66 = and i1 %icmp_ln70, i1 %xor_ln66" [../denoiser_c_to_hls/denoiser.cpp:66]   --->   Operation 218 'and' 'and_ln66' <Predicate = (!icmp_ln66)> <Delay = 0.28> <CoreInst = "LogicGate">   --->   Core 74 'LogicGate' <Latency = 0> <II = 1> <Delay = 0.28> <FuncUnit> <Opcode : 'and' 'or' 'xor'> <InPorts = 2> <OutPorts = 1>
ST_7 : Operation 219 [1/1] (0.79ns)   --->   "%add_ln68 = add i4 %select_ln66, i4 1" [../denoiser_c_to_hls/denoiser.cpp:68]   --->   Operation 219 'add' 'add_ln68' <Predicate = (!icmp_ln66)> <Delay = 0.79> <CoreInst = "Adder">   --->   Core 1 'Adder' <Latency = 0> <II = 1> <Delay = 0.79> <FuncUnit> <Opcode : 'add' 'sub'> <InPorts = 2> <OutPorts = 1>
ST_7 : Operation 220 [1/1] (0.00ns) (grouped into LUT with out node select_ln68)   --->   "%or_ln68 = or i1 %and_ln66, i1 %icmp_ln68" [../denoiser_c_to_hls/denoiser.cpp:68]   --->   Operation 220 'or' 'or_ln68' <Predicate = (!icmp_ln66)> <Delay = 0.00> <CoreInst = "LogicGate">   --->   Core 74 'LogicGate' <Latency = 0> <II = 1> <Delay = 0.28> <FuncUnit> <Opcode : 'and' 'or' 'xor'> <InPorts = 2> <OutPorts = 1>
ST_7 : Operation 221 [1/1] (0.39ns) (out node of the LUT)   --->   "%select_ln68 = select i1 %or_ln68, i4 0, i4 %y_1_load" [../denoiser_c_to_hls/denoiser.cpp:68]   --->   Operation 221 'select' 'select_ln68' <Predicate = (!icmp_ln66)> <Delay = 0.39> <CoreInst = "Sel">   --->   Core 73 'Sel' <Latency = 0> <II = 1> <Delay = 0.39> <FuncUnit> <Opcode : 'select'> <InPorts = 3> <OutPorts = 1>
ST_7 : Operation 222 [1/1] (0.00ns)   --->   "%shl_ln88_1_mid1 = bitconcatenate i12 @_ssdm_op_BitConcatenate.i12.i4.i8, i4 %add_ln68, i8 0" [../denoiser_c_to_hls/denoiser.cpp:88]   --->   Operation 222 'bitconcatenate' 'shl_ln88_1_mid1' <Predicate = (!icmp_ln66)> <Delay = 0.00>
ST_7 : Operation 223 [1/1] (0.00ns)   --->   "%zext_ln88_4 = zext i12 %shl_ln88_1_mid1" [../denoiser_c_to_hls/denoiser.cpp:88]   --->   Operation 223 'zext' 'zext_ln88_4' <Predicate = (!icmp_ln66)> <Delay = 0.00>
ST_7 : Operation 224 [1/1] (0.00ns)   --->   "%shl_ln88_2_mid1 = bitconcatenate i9 @_ssdm_op_BitConcatenate.i9.i4.i5, i4 %add_ln68, i5 0" [../denoiser_c_to_hls/denoiser.cpp:88]   --->   Operation 224 'bitconcatenate' 'shl_ln88_2_mid1' <Predicate = (!icmp_ln66)> <Delay = 0.00>
ST_7 : Operation 225 [1/1] (0.00ns)   --->   "%zext_ln88_5 = zext i9 %shl_ln88_2_mid1" [../denoiser_c_to_hls/denoiser.cpp:88]   --->   Operation 225 'zext' 'zext_ln88_5' <Predicate = (!icmp_ln66)> <Delay = 0.00>
ST_7 : Operation 226 [1/1] (0.80ns)   --->   "%sub_ln88_1 = sub i13 %zext_ln88_4, i13 %zext_ln88_5" [../denoiser_c_to_hls/denoiser.cpp:88]   --->   Operation 226 'sub' 'sub_ln88_1' <Predicate = (!icmp_ln66)> <Delay = 0.80> <CoreInst = "Adder">   --->   Core 1 'Adder' <Latency = 0> <II = 1> <Delay = 0.82> <FuncUnit> <Opcode : 'add' 'sub'> <InPorts = 2> <OutPorts = 1>
ST_7 : Operation 227 [1/1] (0.00ns) (grouped into LUT with out node add_ln88)   --->   "%select_ln68_1 = select i1 %and_ln66, i13 %sub_ln88_1, i13 %select_ln66_3" [../denoiser_c_to_hls/denoiser.cpp:68]   --->   Operation 227 'select' 'select_ln68_1' <Predicate = (!icmp_ln66)> <Delay = 0.00> <CoreInst = "Sel">   --->   Core 73 'Sel' <Latency = 0> <II = 1> <Delay = 0.30> <FuncUnit> <Opcode : 'select'> <InPorts = 3> <OutPorts = 1>
ST_7 : Operation 228 [1/1] (0.39ns)   --->   "%select_ln68_2 = select i1 %and_ln66, i4 %add_ln68, i4 %select_ln66" [../denoiser_c_to_hls/denoiser.cpp:68]   --->   Operation 228 'select' 'select_ln68_2' <Predicate = (!icmp_ln66)> <Delay = 0.39> <CoreInst = "Sel">   --->   Core 73 'Sel' <Latency = 0> <II = 1> <Delay = 0.39> <FuncUnit> <Opcode : 'select'> <InPorts = 3> <OutPorts = 1>
ST_7 : Operation 229 [1/1] (0.00ns) (grouped into LUT with out node add_ln88)   --->   "%tmp4 = bitconcatenate i8 @_ssdm_op_BitConcatenate.i8.i4.i3.i1, i4 %select_ln68, i3 %trunc_ln66, i1 0" [../denoiser_c_to_hls/denoiser.cpp:88]   --->   Operation 229 'bitconcatenate' 'tmp4' <Predicate = (!icmp_ln66)> <Delay = 0.00>
ST_7 : Operation 230 [1/1] (0.00ns) (grouped into LUT with out node add_ln88)   --->   "%zext_ln88_3 = zext i8 %tmp4" [../denoiser_c_to_hls/denoiser.cpp:88]   --->   Operation 230 'zext' 'zext_ln88_3' <Predicate = (!icmp_ln66)> <Delay = 0.00>
ST_7 : Operation 231 [1/1] (0.82ns) (out node of the LUT)   --->   "%add_ln88 = add i13 %zext_ln88_3, i13 %select_ln68_1" [../denoiser_c_to_hls/denoiser.cpp:88]   --->   Operation 231 'add' 'add_ln88' <Predicate = (!icmp_ln66)> <Delay = 0.82> <CoreInst = "Adder">   --->   Core 1 'Adder' <Latency = 0> <II = 1> <Delay = 0.82> <FuncUnit> <Opcode : 'add' 'sub'> <InPorts = 2> <OutPorts = 1>
ST_7 : Operation 232 [1/1] (0.00ns)   --->   "%trunc_ln7 = partselect i12 @_ssdm_op_PartSelect.i12.i13.i32.i32, i13 %add_ln88, i32 1, i32 12" [../denoiser_c_to_hls/denoiser.cpp:88]   --->   Operation 232 'partselect' 'trunc_ln7' <Predicate = (!icmp_ln66)> <Delay = 0.00>
ST_7 : Operation 233 [1/1] (0.79ns)   --->   "%add_ln70 = add i4 %select_ln68, i4 1" [../denoiser_c_to_hls/denoiser.cpp:70]   --->   Operation 233 'add' 'add_ln70' <Predicate = (!icmp_ln66)> <Delay = 0.79> <CoreInst = "Adder">   --->   Core 1 'Adder' <Latency = 0> <II = 1> <Delay = 0.79> <FuncUnit> <Opcode : 'add' 'sub'> <InPorts = 2> <OutPorts = 1>
ST_7 : Operation 234 [1/1] (0.76ns)   --->   "%add_ln68_1 = add i8 %indvar_flatten144_load, i8 1" [../denoiser_c_to_hls/denoiser.cpp:68]   --->   Operation 234 'add' 'add_ln68_1' <Predicate = (!icmp_ln66)> <Delay = 0.76> <CoreInst = "Adder">   --->   Core 1 'Adder' <Latency = 0> <II = 1> <Delay = 0.76> <FuncUnit> <Opcode : 'add' 'sub'> <InPorts = 2> <OutPorts = 1>
ST_7 : Operation 235 [1/1] (0.39ns)   --->   "%select_ln68_3 = select i1 %icmp_ln68, i8 1, i8 %add_ln68_1" [../denoiser_c_to_hls/denoiser.cpp:68]   --->   Operation 235 'select' 'select_ln68_3' <Predicate = (!icmp_ln66)> <Delay = 0.39> <CoreInst = "Sel">   --->   Core 73 'Sel' <Latency = 0> <II = 1> <Delay = 0.39> <FuncUnit> <Opcode : 'select'> <InPorts = 3> <OutPorts = 1>
ST_7 : Operation 236 [1/1] (0.42ns)   --->   "%store_ln70 = store i11 %add_ln66_1, i11 %indvar_flatten171" [../denoiser_c_to_hls/denoiser.cpp:70]   --->   Operation 236 'store' 'store_ln70' <Predicate = (!icmp_ln66)> <Delay = 0.42>
ST_7 : Operation 237 [1/1] (0.42ns)   --->   "%store_ln70 = store i4 %select_ln66_2, i4 %n_1" [../denoiser_c_to_hls/denoiser.cpp:70]   --->   Operation 237 'store' 'store_ln70' <Predicate = (!icmp_ln66)> <Delay = 0.42>
ST_7 : Operation 238 [1/1] (0.42ns)   --->   "%store_ln70 = store i8 %select_ln68_3, i8 %indvar_flatten144" [../denoiser_c_to_hls/denoiser.cpp:70]   --->   Operation 238 'store' 'store_ln70' <Predicate = (!icmp_ln66)> <Delay = 0.42>
ST_7 : Operation 239 [1/1] (0.42ns)   --->   "%store_ln70 = store i4 %select_ln68_2, i4 %x_1" [../denoiser_c_to_hls/denoiser.cpp:70]   --->   Operation 239 'store' 'store_ln70' <Predicate = (!icmp_ln66)> <Delay = 0.42>
ST_7 : Operation 240 [1/1] (0.42ns)   --->   "%store_ln70 = store i4 %add_ln70, i4 %y_1" [../denoiser_c_to_hls/denoiser.cpp:70]   --->   Operation 240 'store' 'store_ln70' <Predicate = (!icmp_ln66)> <Delay = 0.42>
ST_7 : Operation 241 [1/1] (0.00ns)   --->   "%y_3 = alloca i32 1"   --->   Operation 241 'alloca' 'y_3' <Predicate = (icmp_ln66)> <Delay = 0.00>
ST_7 : Operation 242 [1/1] (0.00ns)   --->   "%x_3 = alloca i32 1"   --->   Operation 242 'alloca' 'x_3' <Predicate = (icmp_ln66)> <Delay = 0.00>
ST_7 : Operation 243 [1/1] (0.00ns)   --->   "%indvar_flatten289 = alloca i32 1"   --->   Operation 243 'alloca' 'indvar_flatten289' <Predicate = (icmp_ln66)> <Delay = 0.00>
ST_7 : Operation 244 [1/1] (0.00ns)   --->   "%n_2 = alloca i32 1"   --->   Operation 244 'alloca' 'n_2' <Predicate = (icmp_ln66)> <Delay = 0.00>
ST_7 : Operation 245 [1/1] (0.00ns)   --->   "%indvar_flatten315 = alloca i32 1"   --->   Operation 245 'alloca' 'indvar_flatten315' <Predicate = (icmp_ln66)> <Delay = 0.00>
ST_7 : Operation 246 [2/2] (0.00ns)   --->   "%call_ln0 = call void @inference_Pipeline_VITIS_LOOP_97_1_VITIS_LOOP_98_2_VITIS_LOOP_99_3, i16 %d"   --->   Operation 246 'call' 'call_ln0' <Predicate = (icmp_ln66)> <Delay = 0.00> <CoreType = "Generic">   --->   Core 0 '' <Latency = 0> <II = 1> <Delay = 1.00> <Generic> <Opcode : >
ST_7 : Operation 247 [1/1] (0.42ns)   --->   "%store_ln115 = store i12 0, i12 %indvar_flatten315" [../denoiser_c_to_hls/denoiser.cpp:115]   --->   Operation 247 'store' 'store_ln115' <Predicate = (icmp_ln66)> <Delay = 0.42>
ST_7 : Operation 248 [1/1] (0.42ns)   --->   "%store_ln115 = store i3 0, i3 %n_2" [../denoiser_c_to_hls/denoiser.cpp:115]   --->   Operation 248 'store' 'store_ln115' <Predicate = (icmp_ln66)> <Delay = 0.42>
ST_7 : Operation 249 [1/1] (0.42ns)   --->   "%store_ln115 = store i10 0, i10 %indvar_flatten289" [../denoiser_c_to_hls/denoiser.cpp:115]   --->   Operation 249 'store' 'store_ln115' <Predicate = (icmp_ln66)> <Delay = 0.42>
ST_7 : Operation 250 [1/1] (0.42ns)   --->   "%store_ln115 = store i5 0, i5 %x_3" [../denoiser_c_to_hls/denoiser.cpp:115]   --->   Operation 250 'store' 'store_ln115' <Predicate = (icmp_ln66)> <Delay = 0.42>
ST_7 : Operation 251 [1/1] (0.42ns)   --->   "%store_ln115 = store i5 0, i5 %y_3" [../denoiser_c_to_hls/denoiser.cpp:115]   --->   Operation 251 'store' 'store_ln115' <Predicate = (icmp_ln66)> <Delay = 0.42>

State 8 <SV = 4> <Delay = 6.47>
ST_8 : Operation 252 [1/2] (0.67ns)   --->   "%conv2_bias_V_load = load i3 %conv2_bias_V_addr" [../denoiser_c_to_hls/denoiser.cpp:66]   --->   Operation 252 'load' 'conv2_bias_V_load' <Predicate = true> <Delay = 0.67> <CoreInst = "ROM">   --->   Core 101 'ROM' <Latency = 1> <II = 1> <Delay = 0.67> <Storage> <Opcode : 'load'> <Ports = 0> <Width = 10> <Depth = 8> <ROM>
ST_8 : Operation 253 [1/1] (0.00ns)   --->   "%p_cast123_mid1109 = zext i4 %select_ln68" [../denoiser_c_to_hls/denoiser.cpp:68]   --->   Operation 253 'zext' 'p_cast123_mid1109' <Predicate = true> <Delay = 0.00>
ST_8 : Operation 254 [1/1] (0.79ns)   --->   "%p_mid1111 = add i5 %p_cast123_mid1109, i5 31" [../denoiser_c_to_hls/denoiser.cpp:68]   --->   Operation 254 'add' 'p_mid1111' <Predicate = true> <Delay = 0.79> <CoreInst = "Adder">   --->   Core 1 'Adder' <Latency = 0> <II = 1> <Delay = 0.78> <FuncUnit> <Opcode : 'add' 'sub'> <InPorts = 2> <OutPorts = 1>
ST_8 : Operation 255 [1/1] (0.72ns)   --->   "%cmp27_i_not_mid1115 = icmp_eq  i4 %select_ln68, i4 0" [../denoiser_c_to_hls/denoiser.cpp:68]   --->   Operation 255 'icmp' 'cmp27_i_not_mid1115' <Predicate = true> <Delay = 0.72> <CoreInst = "Cmp">   --->   Core 9 'Cmp' <Latency = 0> <II = 1> <Delay = 0.72> <FuncUnit> <Opcode : 'icmp'> <InPorts = 2> <OutPorts = 1>
ST_8 : Operation 256 [1/1] (0.75ns)   --->   "%cmp29_i_not_mid1117 = icmp_sgt  i5 %p_mid1111, i5 13" [../denoiser_c_to_hls/denoiser.cpp:68]   --->   Operation 256 'icmp' 'cmp29_i_not_mid1117' <Predicate = true> <Delay = 0.75> <CoreInst = "Cmp">   --->   Core 9 'Cmp' <Latency = 0> <II = 1> <Delay = 0.75> <FuncUnit> <Opcode : 'icmp'> <InPorts = 2> <OutPorts = 1>
ST_8 : Operation 257 [1/1] (0.00ns)   --->   "%shl_ln83_mid = bitconcatenate i8 @_ssdm_op_BitConcatenate.i8.i5.i3, i5 %p_mid1111, i3 0" [../denoiser_c_to_hls/denoiser.cpp:83]   --->   Operation 257 'bitconcatenate' 'shl_ln83_mid' <Predicate = true> <Delay = 0.00>
ST_8 : Operation 258 [1/1] (0.00ns)   --->   "%sext_ln83_3 = sext i8 %shl_ln83_mid" [../denoiser_c_to_hls/denoiser.cpp:83]   --->   Operation 258 'sext' 'sext_ln83_3' <Predicate = true> <Delay = 0.00>
ST_8 : Operation 259 [1/1] (0.82ns)   --->   "%add_ln83_2 = add i13 %sext_ln83_3, i13 4352" [../denoiser_c_to_hls/denoiser.cpp:83]   --->   Operation 259 'add' 'add_ln83_2' <Predicate = true> <Delay = 0.82> <CoreInst = "Adder">   --->   Core 1 'Adder' <Latency = 0> <II = 1> <Delay = 0.82> <FuncUnit> <Opcode : 'add' 'sub'> <InPorts = 2> <OutPorts = 1>
ST_8 : Operation 260 [2/2] (4.86ns)   --->   "%call_ln66 = call void @inference_Pipeline_loop_kh_2_loop_kw_2_loop_ic_2, i10 %conv2_bias_V_load, i4 %select_ln68_2, i4 %select_ln68, i8 %select_ln66_1, i1 %cmp27_i_not_mid1115, i1 %cmp29_i_not_mid1117, i13 %add_ln83_2, i16 %d, i16 %s_V_15_loc, i11 %conv2_kernel_V" [../denoiser_c_to_hls/denoiser.cpp:66]   --->   Operation 260 'call' 'call_ln66' <Predicate = true> <Delay = 4.86> <CoreType = "Generic">   --->   Core 0 '' <Latency = 0> <II = 1> <Delay = 1.00> <Generic> <Opcode : >

State 9 <SV = 5> <Delay = 0.00>
ST_9 : Operation 261 [1/2] (0.00ns)   --->   "%call_ln66 = call void @inference_Pipeline_loop_kh_2_loop_kw_2_loop_ic_2, i10 %conv2_bias_V_load, i4 %select_ln68_2, i4 %select_ln68, i8 %select_ln66_1, i1 %cmp27_i_not_mid1115, i1 %cmp29_i_not_mid1117, i13 %add_ln83_2, i16 %d, i16 %s_V_15_loc, i11 %conv2_kernel_V" [../denoiser_c_to_hls/denoiser.cpp:66]   --->   Operation 261 'call' 'call_ln66' <Predicate = true> <Delay = 0.00> <CoreType = "Generic">   --->   Core 0 '' <Latency = 0> <II = 1> <Delay = 1.00> <Generic> <Opcode : >

State 10 <SV = 6> <Delay = 2.63>
ST_10 : Operation 262 [1/1] (0.00ns)   --->   "%specloopname_ln0 = specloopname void @_ssdm_op_SpecLoopName, void @loop_oc_2_loop_h_2_loop_w_2_str"   --->   Operation 262 'specloopname' 'specloopname_ln0' <Predicate = true> <Delay = 0.00>
ST_10 : Operation 263 [1/1] (0.00ns)   --->   "%empty_86 = speclooptripcount i32 @_ssdm_op_SpecLoopTripCount, i64 1568, i64 1568, i64 1568"   --->   Operation 263 'speclooptripcount' 'empty_86' <Predicate = true> <Delay = 0.00>
ST_10 : Operation 264 [1/1] (0.00ns)   --->   "%specloopname_ln0 = specloopname void @_ssdm_op_SpecLoopName, void @loop_h_2_loop_w_2_str"   --->   Operation 264 'specloopname' 'specloopname_ln0' <Predicate = true> <Delay = 0.00>
ST_10 : Operation 265 [1/1] (0.00ns)   --->   "%specloopname_ln70 = specloopname void @_ssdm_op_SpecLoopName, void @empty_10" [../denoiser_c_to_hls/denoiser.cpp:70]   --->   Operation 265 'specloopname' 'specloopname_ln70' <Predicate = true> <Delay = 0.00>
ST_10 : Operation 266 [1/1] (0.00ns)   --->   "%s_V_15_loc_load = load i16 %s_V_15_loc"   --->   Operation 266 'load' 's_V_15_loc_load' <Predicate = true> <Delay = 0.00>
ST_10 : Operation 267 [1/1] (0.00ns)   --->   "%trunc_ln74 = trunc i16 %s_V_15_loc_load" [../denoiser_c_to_hls/denoiser.cpp:74]   --->   Operation 267 'trunc' 'trunc_ln74' <Predicate = true> <Delay = 0.00>
ST_10 : Operation 268 [1/1] (1.10ns)   --->   "%icmp_ln1649 = icmp_sgt  i16 %s_V_15_loc_load, i16 0"   --->   Operation 268 'icmp' 'icmp_ln1649' <Predicate = true> <Delay = 1.10> <CoreInst = "Cmp">   --->   Core 9 'Cmp' <Latency = 0> <II = 1> <Delay = 1.10> <FuncUnit> <Opcode : 'icmp'> <InPorts = 2> <OutPorts = 1>
ST_10 : Operation 269 [1/1] (0.29ns)   --->   "%select_ln65_1 = select i1 %icmp_ln1649, i15 %trunc_ln74, i15 0" [../denoiser_c_to_hls/denoiser.h:65]   --->   Operation 269 'select' 'select_ln65_1' <Predicate = true> <Delay = 0.29> <CoreInst = "Sel">   --->   Core 73 'Sel' <Latency = 0> <II = 1> <Delay = 0.29> <FuncUnit> <Opcode : 'select'> <InPorts = 3> <OutPorts = 1>
ST_10 : Operation 270 [1/1] (0.00ns)   --->   "%zext_ln88_2 = zext i15 %select_ln65_1" [../denoiser_c_to_hls/denoiser.cpp:88]   --->   Operation 270 'zext' 'zext_ln88_2' <Predicate = true> <Delay = 0.00>
ST_10 : Operation 271 [1/1] (0.00ns)   --->   "%sext_ln88 = sext i12 %trunc_ln7" [../denoiser_c_to_hls/denoiser.cpp:88]   --->   Operation 271 'sext' 'sext_ln88' <Predicate = true> <Delay = 0.00>
ST_10 : Operation 272 [1/1] (0.00ns)   --->   "%zext_ln88_6 = zext i14 %sext_ln88" [../denoiser_c_to_hls/denoiser.cpp:88]   --->   Operation 272 'zext' 'zext_ln88_6' <Predicate = true> <Delay = 0.00>
ST_10 : Operation 273 [1/1] (0.00ns)   --->   "%d_addr = getelementptr i16 %d, i64 0, i64 %zext_ln88_6" [../denoiser_c_to_hls/denoiser.cpp:88]   --->   Operation 273 'getelementptr' 'd_addr' <Predicate = true> <Delay = 0.00>
ST_10 : Operation 274 [1/1] (1.23ns)   --->   "%store_ln88 = store void @_ssdm_op_Write.bram.i16, i14 %d_addr, i16 %zext_ln88_2, i2 3" [../denoiser_c_to_hls/denoiser.cpp:88]   --->   Operation 274 'store' 'store_ln88' <Predicate = true> <Delay = 1.23> <CoreInst = "RAM">   --->   Core 83 'RAM' <Latency = 1> <II = 1> <Delay = 1.23> <Storage> <Opcode : 'load' 'store'> <Ports = 2> <Width = 16> <Depth = 12544> <RAM>
ST_10 : Operation 275 [1/1] (0.00ns)   --->   "%br_ln70 = br void %for.body9.i214" [../denoiser_c_to_hls/denoiser.cpp:70]   --->   Operation 275 'br' 'br_ln70' <Predicate = true> <Delay = 0.00>

State 11 <SV = 4> <Delay = 0.00>
ST_11 : Operation 276 [1/2] (0.00ns)   --->   "%call_ln0 = call void @inference_Pipeline_VITIS_LOOP_97_1_VITIS_LOOP_98_2_VITIS_LOOP_99_3, i16 %d"   --->   Operation 276 'call' 'call_ln0' <Predicate = true> <Delay = 0.00> <CoreType = "Generic">   --->   Core 0 '' <Latency = 0> <II = 1> <Delay = 1.00> <Generic> <Opcode : >
ST_11 : Operation 277 [1/1] (0.00ns)   --->   "%br_ln115 = br void %for.body9.i408" [../denoiser_c_to_hls/denoiser.cpp:115]   --->   Operation 277 'br' 'br_ln115' <Predicate = true> <Delay = 0.00>

State 12 <SV = 5> <Delay = 3.76>
ST_12 : Operation 278 [1/1] (0.00ns)   --->   "%x_6 = load i5 %x_3" [../denoiser_c_to_hls/denoiser.cpp:137]   --->   Operation 278 'load' 'x_6' <Predicate = true> <Delay = 0.00>
ST_12 : Operation 279 [1/1] (0.00ns)   --->   "%n_5 = load i3 %n_2"   --->   Operation 279 'load' 'n_5' <Predicate = true> <Delay = 0.00>
ST_12 : Operation 280 [1/1] (0.00ns)   --->   "%indvar_flatten315_load = load i12 %indvar_flatten315" [../denoiser_c_to_hls/denoiser.cpp:115]   --->   Operation 280 'load' 'indvar_flatten315_load' <Predicate = true> <Delay = 0.00>
ST_12 : Operation 281 [1/1] (0.00ns)   --->   "%empty_91 = trunc i3 %n_5"   --->   Operation 281 'trunc' 'empty_91' <Predicate = true> <Delay = 0.00>
ST_12 : Operation 282 [1/1] (0.00ns)   --->   "%tmp_11 = bitconcatenate i8 @_ssdm_op_BitConcatenate.i8.i2.i1.i2.i3, i2 %empty_91, i1 0, i2 %empty_91, i3 0"   --->   Operation 282 'bitconcatenate' 'tmp_11' <Predicate = true> <Delay = 0.00>
ST_12 : Operation 283 [1/1] (0.52ns)   --->   "%s_V_4 = mux i16 @_ssdm_op_Mux.ap_auto.4i16.i2, i16 140, i16 65514, i16 6, i16 40, i2 %empty_91"   --->   Operation 283 'mux' 's_V_4' <Predicate = true> <Delay = 0.52> <CoreInst = "Multiplexer">   --->   Core 76 'Multiplexer' <Latency = 0> <II = 1> <Delay = 0.52> <FuncUnit> <Opcode : 'mux'> <InPorts = 2> <OutPorts = 1>
ST_12 : Operation 284 [1/1] (0.00ns)   --->   "%shl_ln137_1 = bitconcatenate i13 @_ssdm_op_BitConcatenate.i13.i5.i8, i5 %x_6, i8 0" [../denoiser_c_to_hls/denoiser.cpp:137]   --->   Operation 284 'bitconcatenate' 'shl_ln137_1' <Predicate = true> <Delay = 0.00>
ST_12 : Operation 285 [1/1] (0.00ns)   --->   "%zext_ln137 = zext i13 %shl_ln137_1" [../denoiser_c_to_hls/denoiser.cpp:137]   --->   Operation 285 'zext' 'zext_ln137' <Predicate = true> <Delay = 0.00>
ST_12 : Operation 286 [1/1] (0.00ns)   --->   "%shl_ln137_2 = bitconcatenate i10 @_ssdm_op_BitConcatenate.i10.i5.i5, i5 %x_6, i5 0" [../denoiser_c_to_hls/denoiser.cpp:137]   --->   Operation 286 'bitconcatenate' 'shl_ln137_2' <Predicate = true> <Delay = 0.00>
ST_12 : Operation 287 [1/1] (0.00ns)   --->   "%zext_ln137_1 = zext i10 %shl_ln137_2" [../denoiser_c_to_hls/denoiser.cpp:137]   --->   Operation 287 'zext' 'zext_ln137_1' <Predicate = true> <Delay = 0.00>
ST_12 : Operation 288 [1/1] (0.82ns)   --->   "%sub_ln137 = sub i14 %zext_ln137, i14 %zext_ln137_1" [../denoiser_c_to_hls/denoiser.cpp:137]   --->   Operation 288 'sub' 'sub_ln137' <Predicate = true> <Delay = 0.82> <CoreInst = "Adder">   --->   Core 1 'Adder' <Latency = 0> <II = 1> <Delay = 0.83> <FuncUnit> <Opcode : 'add' 'sub'> <InPorts = 2> <OutPorts = 1>
ST_12 : Operation 289 [1/1] (0.97ns)   --->   "%icmp_ln115 = icmp_eq  i12 %indvar_flatten315_load, i12 3136" [../denoiser_c_to_hls/denoiser.cpp:115]   --->   Operation 289 'icmp' 'icmp_ln115' <Predicate = true> <Delay = 0.97> <CoreInst = "Cmp">   --->   Core 9 'Cmp' <Latency = 0> <II = 1> <Delay = 0.97> <FuncUnit> <Opcode : 'icmp'> <InPorts = 2> <OutPorts = 1>
ST_12 : Operation 290 [1/1] (0.80ns)   --->   "%add_ln115_1 = add i12 %indvar_flatten315_load, i12 1" [../denoiser_c_to_hls/denoiser.cpp:115]   --->   Operation 290 'add' 'add_ln115_1' <Predicate = true> <Delay = 0.80> <CoreInst = "Adder">   --->   Core 1 'Adder' <Latency = 0> <II = 1> <Delay = 0.80> <FuncUnit> <Opcode : 'add' 'sub'> <InPorts = 2> <OutPorts = 1>
ST_12 : Operation 291 [1/1] (0.00ns)   --->   "%br_ln115 = br i1 %icmp_ln115, void %for.cond.cleanup4.i400, void %for.body5.i50.preheader" [../denoiser_c_to_hls/denoiser.cpp:115]   --->   Operation 291 'br' 'br_ln115' <Predicate = true> <Delay = 0.00>
ST_12 : Operation 292 [1/1] (0.00ns)   --->   "%y_3_load = load i5 %y_3" [../denoiser_c_to_hls/denoiser.cpp:119]   --->   Operation 292 'load' 'y_3_load' <Predicate = (!icmp_ln115)> <Delay = 0.00>
ST_12 : Operation 293 [1/1] (0.00ns)   --->   "%indvar_flatten289_load = load i10 %indvar_flatten289" [../denoiser_c_to_hls/denoiser.cpp:117]   --->   Operation 293 'load' 'indvar_flatten289_load' <Predicate = (!icmp_ln115)> <Delay = 0.00>
ST_12 : Operation 294 [1/1] (0.67ns)   --->   "%add_ln115 = add i3 %n_5, i3 1" [../denoiser_c_to_hls/denoiser.cpp:115]   --->   Operation 294 'add' 'add_ln115' <Predicate = (!icmp_ln115)> <Delay = 0.67> <CoreInst = "Adder">   --->   Core 1 'Adder' <Latency = 0> <II = 1> <Delay = 0.67> <FuncUnit> <Opcode : 'add' 'sub'> <InPorts = 2> <OutPorts = 1>
ST_12 : Operation 295 [1/1] (0.91ns)   --->   "%icmp_ln117 = icmp_eq  i10 %indvar_flatten289_load, i10 784" [../denoiser_c_to_hls/denoiser.cpp:117]   --->   Operation 295 'icmp' 'icmp_ln117' <Predicate = (!icmp_ln115)> <Delay = 0.91> <CoreInst = "Cmp">   --->   Core 9 'Cmp' <Latency = 0> <II = 1> <Delay = 0.91> <FuncUnit> <Opcode : 'icmp'> <InPorts = 2> <OutPorts = 1>
ST_12 : Operation 296 [1/1] (0.41ns)   --->   "%select_ln115 = select i1 %icmp_ln117, i5 0, i5 %x_6" [../denoiser_c_to_hls/denoiser.cpp:115]   --->   Operation 296 'select' 'select_ln115' <Predicate = (!icmp_ln115)> <Delay = 0.41> <CoreInst = "Sel">   --->   Core 73 'Sel' <Latency = 0> <II = 1> <Delay = 0.41> <FuncUnit> <Opcode : 'select'> <InPorts = 3> <OutPorts = 1>
ST_12 : Operation 297 [1/1] (0.00ns)   --->   "%empty_90 = trunc i3 %add_ln115" [../denoiser_c_to_hls/denoiser.cpp:115]   --->   Operation 297 'trunc' 'empty_90' <Predicate = (!icmp_ln115)> <Delay = 0.00>
ST_12 : Operation 298 [1/1] (0.00ns)   --->   "%tmp_11_mid1 = bitconcatenate i8 @_ssdm_op_BitConcatenate.i8.i2.i1.i2.i3, i2 %empty_90, i1 0, i2 %empty_90, i3 0" [../denoiser_c_to_hls/denoiser.cpp:115]   --->   Operation 298 'bitconcatenate' 'tmp_11_mid1' <Predicate = (!icmp_ln115)> <Delay = 0.00>
ST_12 : Operation 299 [1/1] (0.39ns)   --->   "%select_ln115_1 = select i1 %icmp_ln117, i8 %tmp_11_mid1, i8 %tmp_11" [../denoiser_c_to_hls/denoiser.cpp:115]   --->   Operation 299 'select' 'select_ln115_1' <Predicate = (!icmp_ln115)> <Delay = 0.39> <CoreInst = "Sel">   --->   Core 73 'Sel' <Latency = 0> <II = 1> <Delay = 0.39> <FuncUnit> <Opcode : 'select'> <InPorts = 3> <OutPorts = 1>
ST_12 : Operation 300 [1/1] (0.00ns) (grouped into LUT with out node select_ln115_2)   --->   "%s_V_8_mid1 = mux i16 @_ssdm_op_Mux.ap_auto.4i16.i2, i16 140, i16 65514, i16 6, i16 40, i2 %empty_90" [../denoiser_c_to_hls/denoiser.cpp:115]   --->   Operation 300 'mux' 's_V_8_mid1' <Predicate = (!icmp_ln115)> <Delay = 0.00> <CoreInst = "Multiplexer">   --->   Core 76 'Multiplexer' <Latency = 0> <II = 1> <Delay = 0.52> <FuncUnit> <Opcode : 'mux'> <InPorts = 2> <OutPorts = 1>
ST_12 : Operation 301 [1/1] (0.52ns) (out node of the LUT)   --->   "%select_ln115_2 = select i1 %icmp_ln117, i16 %s_V_8_mid1, i16 %s_V_4" [../denoiser_c_to_hls/denoiser.cpp:115]   --->   Operation 301 'select' 'select_ln115_2' <Predicate = (!icmp_ln115)> <Delay = 0.52> <CoreInst = "Sel">   --->   Core 73 'Sel' <Latency = 0> <II = 1> <Delay = 0.35> <FuncUnit> <Opcode : 'select'> <InPorts = 3> <OutPorts = 1>
ST_12 : Operation 302 [1/1] (0.20ns)   --->   "%select_ln115_3 = select i1 %icmp_ln117, i3 %add_ln115, i3 %n_5" [../denoiser_c_to_hls/denoiser.cpp:115]   --->   Operation 302 'select' 'select_ln115_3' <Predicate = (!icmp_ln115)> <Delay = 0.20> <CoreInst = "Sel">   --->   Core 73 'Sel' <Latency = 0> <II = 1> <Delay = 0.20> <FuncUnit> <Opcode : 'select'> <InPorts = 3> <OutPorts = 1>
ST_12 : Operation 303 [1/1] (0.00ns) (grouped into LUT with out node add_ln137)   --->   "%trunc_ln115 = trunc i3 %select_ln115_3" [../denoiser_c_to_hls/denoiser.cpp:115]   --->   Operation 303 'trunc' 'trunc_ln115' <Predicate = (!icmp_ln115)> <Delay = 0.00>
ST_12 : Operation 304 [1/1] (0.00ns) (grouped into LUT with out node add_ln137)   --->   "%select_ln115_4 = select i1 %icmp_ln117, i14 0, i14 %sub_ln137" [../denoiser_c_to_hls/denoiser.cpp:115]   --->   Operation 304 'select' 'select_ln115_4' <Predicate = (!icmp_ln115)> <Delay = 0.00> <CoreInst = "Sel">   --->   Core 73 'Sel' <Latency = 0> <II = 1> <Delay = 0.23> <FuncUnit> <Opcode : 'select'> <InPorts = 3> <OutPorts = 1>
ST_12 : Operation 305 [1/1] (0.00ns) (grouped into LUT with out node and_ln115)   --->   "%xor_ln115 = xor i1 %icmp_ln117, i1 1" [../denoiser_c_to_hls/denoiser.cpp:115]   --->   Operation 305 'xor' 'xor_ln115' <Predicate = (!icmp_ln115)> <Delay = 0.00> <CoreInst = "LogicGate">   --->   Core 74 'LogicGate' <Latency = 0> <II = 1> <Delay = 0.28> <FuncUnit> <Opcode : 'and' 'or' 'xor'> <InPorts = 2> <OutPorts = 1>
ST_12 : Operation 306 [1/1] (0.75ns)   --->   "%icmp_ln119 = icmp_eq  i5 %y_3_load, i5 28" [../denoiser_c_to_hls/denoiser.cpp:119]   --->   Operation 306 'icmp' 'icmp_ln119' <Predicate = (!icmp_ln115)> <Delay = 0.75> <CoreInst = "Cmp">   --->   Core 9 'Cmp' <Latency = 0> <II = 1> <Delay = 0.75> <FuncUnit> <Opcode : 'icmp'> <InPorts = 2> <OutPorts = 1>
ST_12 : Operation 307 [1/1] (0.28ns) (out node of the LUT)   --->   "%and_ln115 = and i1 %icmp_ln119, i1 %xor_ln115" [../denoiser_c_to_hls/denoiser.cpp:115]   --->   Operation 307 'and' 'and_ln115' <Predicate = (!icmp_ln115)> <Delay = 0.28> <CoreInst = "LogicGate">   --->   Core 74 'LogicGate' <Latency = 0> <II = 1> <Delay = 0.28> <FuncUnit> <Opcode : 'and' 'or' 'xor'> <InPorts = 2> <OutPorts = 1>
ST_12 : Operation 308 [1/1] (0.78ns)   --->   "%add_ln117 = add i5 %select_ln115, i5 1" [../denoiser_c_to_hls/denoiser.cpp:117]   --->   Operation 308 'add' 'add_ln117' <Predicate = (!icmp_ln115)> <Delay = 0.78> <CoreInst = "Adder">   --->   Core 1 'Adder' <Latency = 0> <II = 1> <Delay = 0.78> <FuncUnit> <Opcode : 'add' 'sub'> <InPorts = 2> <OutPorts = 1>
ST_12 : Operation 309 [1/1] (0.00ns) (grouped into LUT with out node select_ln117)   --->   "%or_ln117 = or i1 %and_ln115, i1 %icmp_ln117" [../denoiser_c_to_hls/denoiser.cpp:117]   --->   Operation 309 'or' 'or_ln117' <Predicate = (!icmp_ln115)> <Delay = 0.00> <CoreInst = "LogicGate">   --->   Core 74 'LogicGate' <Latency = 0> <II = 1> <Delay = 0.28> <FuncUnit> <Opcode : 'and' 'or' 'xor'> <InPorts = 2> <OutPorts = 1>
ST_12 : Operation 310 [1/1] (0.41ns) (out node of the LUT)   --->   "%select_ln117 = select i1 %or_ln117, i5 0, i5 %y_3_load" [../denoiser_c_to_hls/denoiser.cpp:117]   --->   Operation 310 'select' 'select_ln117' <Predicate = (!icmp_ln115)> <Delay = 0.41> <CoreInst = "Sel">   --->   Core 73 'Sel' <Latency = 0> <II = 1> <Delay = 0.41> <FuncUnit> <Opcode : 'select'> <InPorts = 3> <OutPorts = 1>
ST_12 : Operation 311 [1/1] (0.00ns)   --->   "%shl_ln137_1_mid1 = bitconcatenate i13 @_ssdm_op_BitConcatenate.i13.i5.i8, i5 %add_ln117, i8 0" [../denoiser_c_to_hls/denoiser.cpp:137]   --->   Operation 311 'bitconcatenate' 'shl_ln137_1_mid1' <Predicate = (!icmp_ln115)> <Delay = 0.00>
ST_12 : Operation 312 [1/1] (0.00ns)   --->   "%zext_ln137_4 = zext i13 %shl_ln137_1_mid1" [../denoiser_c_to_hls/denoiser.cpp:137]   --->   Operation 312 'zext' 'zext_ln137_4' <Predicate = (!icmp_ln115)> <Delay = 0.00>
ST_12 : Operation 313 [1/1] (0.00ns)   --->   "%shl_ln137_2_mid1 = bitconcatenate i10 @_ssdm_op_BitConcatenate.i10.i5.i5, i5 %add_ln117, i5 0" [../denoiser_c_to_hls/denoiser.cpp:137]   --->   Operation 313 'bitconcatenate' 'shl_ln137_2_mid1' <Predicate = (!icmp_ln115)> <Delay = 0.00>
ST_12 : Operation 314 [1/1] (0.00ns)   --->   "%zext_ln137_5 = zext i10 %shl_ln137_2_mid1" [../denoiser_c_to_hls/denoiser.cpp:137]   --->   Operation 314 'zext' 'zext_ln137_5' <Predicate = (!icmp_ln115)> <Delay = 0.00>
ST_12 : Operation 315 [1/1] (0.82ns)   --->   "%sub_ln137_1 = sub i14 %zext_ln137_4, i14 %zext_ln137_5" [../denoiser_c_to_hls/denoiser.cpp:137]   --->   Operation 315 'sub' 'sub_ln137_1' <Predicate = (!icmp_ln115)> <Delay = 0.82> <CoreInst = "Adder">   --->   Core 1 'Adder' <Latency = 0> <II = 1> <Delay = 0.83> <FuncUnit> <Opcode : 'add' 'sub'> <InPorts = 2> <OutPorts = 1>
ST_12 : Operation 316 [1/1] (0.00ns) (grouped into LUT with out node add_ln137)   --->   "%select_ln117_1 = select i1 %and_ln115, i14 %sub_ln137_1, i14 %select_ln115_4" [../denoiser_c_to_hls/denoiser.cpp:117]   --->   Operation 316 'select' 'select_ln117_1' <Predicate = (!icmp_ln115)> <Delay = 0.00> <CoreInst = "Sel">   --->   Core 73 'Sel' <Latency = 0> <II = 1> <Delay = 0.23> <FuncUnit> <Opcode : 'select'> <InPorts = 3> <OutPorts = 1>
ST_12 : Operation 317 [1/1] (0.41ns)   --->   "%select_ln117_2 = select i1 %and_ln115, i5 %add_ln117, i5 %select_ln115" [../denoiser_c_to_hls/denoiser.cpp:117]   --->   Operation 317 'select' 'select_ln117_2' <Predicate = (!icmp_ln115)> <Delay = 0.41> <CoreInst = "Sel">   --->   Core 73 'Sel' <Latency = 0> <II = 1> <Delay = 0.41> <FuncUnit> <Opcode : 'select'> <InPorts = 3> <OutPorts = 1>
ST_12 : Operation 318 [1/1] (0.00ns) (grouped into LUT with out node add_ln137)   --->   "%tmp5 = bitconcatenate i8 @_ssdm_op_BitConcatenate.i8.i5.i2.i1, i5 %select_ln117, i2 %trunc_ln115, i1 0" [../denoiser_c_to_hls/denoiser.cpp:137]   --->   Operation 318 'bitconcatenate' 'tmp5' <Predicate = (!icmp_ln115)> <Delay = 0.00>
ST_12 : Operation 319 [1/1] (0.00ns) (grouped into LUT with out node add_ln137)   --->   "%zext_ln137_3 = zext i8 %tmp5" [../denoiser_c_to_hls/denoiser.cpp:137]   --->   Operation 319 'zext' 'zext_ln137_3' <Predicate = (!icmp_ln115)> <Delay = 0.00>
ST_12 : Operation 320 [1/1] (0.83ns) (out node of the LUT)   --->   "%add_ln137 = add i14 %zext_ln137_3, i14 %select_ln117_1" [../denoiser_c_to_hls/denoiser.cpp:137]   --->   Operation 320 'add' 'add_ln137' <Predicate = (!icmp_ln115)> <Delay = 0.83> <CoreInst = "Adder">   --->   Core 1 'Adder' <Latency = 0> <II = 1> <Delay = 0.83> <FuncUnit> <Opcode : 'add' 'sub'> <InPorts = 2> <OutPorts = 1>
ST_12 : Operation 321 [1/1] (0.00ns)   --->   "%trunc_ln8 = partselect i13 @_ssdm_op_PartSelect.i13.i14.i32.i32, i14 %add_ln137, i32 1, i32 13" [../denoiser_c_to_hls/denoiser.cpp:137]   --->   Operation 321 'partselect' 'trunc_ln8' <Predicate = (!icmp_ln115)> <Delay = 0.00>
ST_12 : Operation 322 [1/1] (0.78ns)   --->   "%add_ln119 = add i5 %select_ln117, i5 1" [../denoiser_c_to_hls/denoiser.cpp:119]   --->   Operation 322 'add' 'add_ln119' <Predicate = (!icmp_ln115)> <Delay = 0.78> <CoreInst = "Adder">   --->   Core 1 'Adder' <Latency = 0> <II = 1> <Delay = 0.78> <FuncUnit> <Opcode : 'add' 'sub'> <InPorts = 2> <OutPorts = 1>
ST_12 : Operation 323 [1/1] (0.78ns)   --->   "%add_ln117_1 = add i10 %indvar_flatten289_load, i10 1" [../denoiser_c_to_hls/denoiser.cpp:117]   --->   Operation 323 'add' 'add_ln117_1' <Predicate = (!icmp_ln115)> <Delay = 0.78> <CoreInst = "Adder">   --->   Core 1 'Adder' <Latency = 0> <II = 1> <Delay = 0.78> <FuncUnit> <Opcode : 'add' 'sub'> <InPorts = 2> <OutPorts = 1>
ST_12 : Operation 324 [1/1] (0.40ns)   --->   "%select_ln117_3 = select i1 %icmp_ln117, i10 1, i10 %add_ln117_1" [../denoiser_c_to_hls/denoiser.cpp:117]   --->   Operation 324 'select' 'select_ln117_3' <Predicate = (!icmp_ln115)> <Delay = 0.40> <CoreInst = "Sel">   --->   Core 73 'Sel' <Latency = 0> <II = 1> <Delay = 0.40> <FuncUnit> <Opcode : 'select'> <InPorts = 3> <OutPorts = 1>
ST_12 : Operation 325 [1/1] (0.42ns)   --->   "%store_ln119 = store i12 %add_ln115_1, i12 %indvar_flatten315" [../denoiser_c_to_hls/denoiser.cpp:119]   --->   Operation 325 'store' 'store_ln119' <Predicate = (!icmp_ln115)> <Delay = 0.42>
ST_12 : Operation 326 [1/1] (0.42ns)   --->   "%store_ln119 = store i3 %select_ln115_3, i3 %n_2" [../denoiser_c_to_hls/denoiser.cpp:119]   --->   Operation 326 'store' 'store_ln119' <Predicate = (!icmp_ln115)> <Delay = 0.42>
ST_12 : Operation 327 [1/1] (0.42ns)   --->   "%store_ln119 = store i10 %select_ln117_3, i10 %indvar_flatten289" [../denoiser_c_to_hls/denoiser.cpp:119]   --->   Operation 327 'store' 'store_ln119' <Predicate = (!icmp_ln115)> <Delay = 0.42>
ST_12 : Operation 328 [1/1] (0.42ns)   --->   "%store_ln119 = store i5 %select_ln117_2, i5 %x_3" [../denoiser_c_to_hls/denoiser.cpp:119]   --->   Operation 328 'store' 'store_ln119' <Predicate = (!icmp_ln115)> <Delay = 0.42>
ST_12 : Operation 329 [1/1] (0.42ns)   --->   "%store_ln119 = store i5 %add_ln119, i5 %y_3" [../denoiser_c_to_hls/denoiser.cpp:119]   --->   Operation 329 'store' 'store_ln119' <Predicate = (!icmp_ln115)> <Delay = 0.42>
ST_12 : Operation 330 [1/1] (0.00ns)   --->   "%y_2 = alloca i32 1"   --->   Operation 330 'alloca' 'y_2' <Predicate = (icmp_ln115)> <Delay = 0.00>
ST_12 : Operation 331 [1/1] (0.00ns)   --->   "%x_2 = alloca i32 1"   --->   Operation 331 'alloca' 'x_2' <Predicate = (icmp_ln115)> <Delay = 0.00>
ST_12 : Operation 332 [1/1] (0.00ns)   --->   "%indvar_flatten393 = alloca i32 1"   --->   Operation 332 'alloca' 'indvar_flatten393' <Predicate = (icmp_ln115)> <Delay = 0.00>
ST_12 : Operation 333 [1/1] (0.42ns)   --->   "%store_ln147 = store i10 0, i10 %indvar_flatten393" [../denoiser_c_to_hls/denoiser.cpp:147]   --->   Operation 333 'store' 'store_ln147' <Predicate = (icmp_ln115)> <Delay = 0.42>
ST_12 : Operation 334 [1/1] (0.42ns)   --->   "%store_ln147 = store i5 0, i5 %x_2" [../denoiser_c_to_hls/denoiser.cpp:147]   --->   Operation 334 'store' 'store_ln147' <Predicate = (icmp_ln115)> <Delay = 0.42>
ST_12 : Operation 335 [1/1] (0.42ns)   --->   "%store_ln147 = store i5 0, i5 %y_2" [../denoiser_c_to_hls/denoiser.cpp:147]   --->   Operation 335 'store' 'store_ln147' <Predicate = (icmp_ln115)> <Delay = 0.42>
ST_12 : Operation 336 [1/1] (0.00ns)   --->   "%br_ln147 = br void %for.body5.i50" [../denoiser_c_to_hls/denoiser.cpp:147]   --->   Operation 336 'br' 'br_ln147' <Predicate = (icmp_ln115)> <Delay = 0.00>

State 13 <SV = 6> <Delay = 6.49>
ST_13 : Operation 337 [1/1] (0.00ns)   --->   "%p_cast127_mid1252 = zext i5 %select_ln117" [../denoiser_c_to_hls/denoiser.cpp:117]   --->   Operation 337 'zext' 'p_cast127_mid1252' <Predicate = true> <Delay = 0.00>
ST_13 : Operation 338 [1/1] (0.78ns)   --->   "%p_mid1254 = add i6 %p_cast127_mid1252, i6 63" [../denoiser_c_to_hls/denoiser.cpp:117]   --->   Operation 338 'add' 'p_mid1254' <Predicate = true> <Delay = 0.78> <CoreInst = "Adder">   --->   Core 1 'Adder' <Latency = 0> <II = 1> <Delay = 0.78> <FuncUnit> <Opcode : 'add' 'sub'> <InPorts = 2> <OutPorts = 1>
ST_13 : Operation 339 [1/1] (0.75ns)   --->   "%cmp27_i431_not_mid1258 = icmp_eq  i5 %select_ln117, i5 0" [../denoiser_c_to_hls/denoiser.cpp:117]   --->   Operation 339 'icmp' 'cmp27_i431_not_mid1258' <Predicate = true> <Delay = 0.75> <CoreInst = "Cmp">   --->   Core 9 'Cmp' <Latency = 0> <II = 1> <Delay = 0.75> <FuncUnit> <Opcode : 'icmp'> <InPorts = 2> <OutPorts = 1>
ST_13 : Operation 340 [1/1] (0.78ns)   --->   "%cmp29_i433_not_mid1260 = icmp_sgt  i6 %p_mid1254, i6 27" [../denoiser_c_to_hls/denoiser.cpp:117]   --->   Operation 340 'icmp' 'cmp29_i433_not_mid1260' <Predicate = true> <Delay = 0.78> <CoreInst = "Cmp">   --->   Core 9 'Cmp' <Latency = 0> <II = 1> <Delay = 0.78> <FuncUnit> <Opcode : 'icmp'> <InPorts = 2> <OutPorts = 1>
ST_13 : Operation 341 [1/1] (0.00ns)   --->   "%shl_ln132_mid = bitconcatenate i10 @_ssdm_op_BitConcatenate.i10.i6.i4, i6 %p_mid1254, i4 0" [../denoiser_c_to_hls/denoiser.cpp:132]   --->   Operation 341 'bitconcatenate' 'shl_ln132_mid' <Predicate = true> <Delay = 0.00>
ST_13 : Operation 342 [1/1] (0.00ns)   --->   "%sext_ln132_3 = sext i10 %shl_ln132_mid" [../denoiser_c_to_hls/denoiser.cpp:132]   --->   Operation 342 'sext' 'sext_ln132_3' <Predicate = true> <Delay = 0.00>
ST_13 : Operation 343 [1/1] (0.82ns)   --->   "%add_ln132_2 = add i13 %sext_ln132_3, i13 4352" [../denoiser_c_to_hls/denoiser.cpp:132]   --->   Operation 343 'add' 'add_ln132_2' <Predicate = true> <Delay = 0.82> <CoreInst = "Adder">   --->   Core 1 'Adder' <Latency = 0> <II = 1> <Delay = 0.82> <FuncUnit> <Opcode : 'add' 'sub'> <InPorts = 2> <OutPorts = 1>
ST_13 : Operation 344 [2/2] (4.88ns)   --->   "%call_ln115 = call void @inference_Pipeline_loop_kh_3_loop_kw_3_loop_ic_3, i16 %select_ln115_2, i5 %select_ln117_2, i5 %select_ln117, i8 %select_ln115_1, i1 %cmp27_i431_not_mid1258, i1 %cmp29_i433_not_mid1260, i13 %add_ln132_2, i16 %d, i16 %s_V_16_loc, i12 %conv3_kernel_V" [../denoiser_c_to_hls/denoiser.cpp:115]   --->   Operation 344 'call' 'call_ln115' <Predicate = true> <Delay = 4.88> <CoreType = "Generic">   --->   Core 0 '' <Latency = 0> <II = 1> <Delay = 1.00> <Generic> <Opcode : >

State 14 <SV = 7> <Delay = 0.00>
ST_14 : Operation 345 [1/2] (0.00ns)   --->   "%call_ln115 = call void @inference_Pipeline_loop_kh_3_loop_kw_3_loop_ic_3, i16 %select_ln115_2, i5 %select_ln117_2, i5 %select_ln117, i8 %select_ln115_1, i1 %cmp27_i431_not_mid1258, i1 %cmp29_i433_not_mid1260, i13 %add_ln132_2, i16 %d, i16 %s_V_16_loc, i12 %conv3_kernel_V" [../denoiser_c_to_hls/denoiser.cpp:115]   --->   Operation 345 'call' 'call_ln115' <Predicate = true> <Delay = 0.00> <CoreType = "Generic">   --->   Core 0 '' <Latency = 0> <II = 1> <Delay = 1.00> <Generic> <Opcode : >

State 15 <SV = 8> <Delay = 2.63>
ST_15 : Operation 346 [1/1] (0.00ns)   --->   "%specloopname_ln0 = specloopname void @_ssdm_op_SpecLoopName, void @loop_oc_3_loop_h_3_loop_w_3_str"   --->   Operation 346 'specloopname' 'specloopname_ln0' <Predicate = true> <Delay = 0.00>
ST_15 : Operation 347 [1/1] (0.00ns)   --->   "%empty_89 = speclooptripcount i32 @_ssdm_op_SpecLoopTripCount, i64 3136, i64 3136, i64 3136"   --->   Operation 347 'speclooptripcount' 'empty_89' <Predicate = true> <Delay = 0.00>
ST_15 : Operation 348 [1/1] (0.00ns)   --->   "%specloopname_ln0 = specloopname void @_ssdm_op_SpecLoopName, void @loop_h_3_loop_w_3_str"   --->   Operation 348 'specloopname' 'specloopname_ln0' <Predicate = true> <Delay = 0.00>
ST_15 : Operation 349 [1/1] (0.00ns)   --->   "%specloopname_ln119 = specloopname void @_ssdm_op_SpecLoopName, void @empty_21" [../denoiser_c_to_hls/denoiser.cpp:119]   --->   Operation 349 'specloopname' 'specloopname_ln119' <Predicate = true> <Delay = 0.00>
ST_15 : Operation 350 [1/1] (0.00ns)   --->   "%s_V_16_loc_load = load i16 %s_V_16_loc"   --->   Operation 350 'load' 's_V_16_loc_load' <Predicate = true> <Delay = 0.00>
ST_15 : Operation 351 [1/1] (0.00ns)   --->   "%trunc_ln123 = trunc i16 %s_V_16_loc_load" [../denoiser_c_to_hls/denoiser.cpp:123]   --->   Operation 351 'trunc' 'trunc_ln123' <Predicate = true> <Delay = 0.00>
ST_15 : Operation 352 [1/1] (1.10ns)   --->   "%icmp_ln1649_4 = icmp_sgt  i16 %s_V_16_loc_load, i16 0"   --->   Operation 352 'icmp' 'icmp_ln1649_4' <Predicate = true> <Delay = 1.10> <CoreInst = "Cmp">   --->   Core 9 'Cmp' <Latency = 0> <II = 1> <Delay = 1.10> <FuncUnit> <Opcode : 'icmp'> <InPorts = 2> <OutPorts = 1>
ST_15 : Operation 353 [1/1] (0.29ns)   --->   "%select_ln65_2 = select i1 %icmp_ln1649_4, i15 %trunc_ln123, i15 0" [../denoiser_c_to_hls/denoiser.h:65]   --->   Operation 353 'select' 'select_ln65_2' <Predicate = true> <Delay = 0.29> <CoreInst = "Sel">   --->   Core 73 'Sel' <Latency = 0> <II = 1> <Delay = 0.29> <FuncUnit> <Opcode : 'select'> <InPorts = 3> <OutPorts = 1>
ST_15 : Operation 354 [1/1] (0.00ns)   --->   "%zext_ln137_2 = zext i15 %select_ln65_2" [../denoiser_c_to_hls/denoiser.cpp:137]   --->   Operation 354 'zext' 'zext_ln137_2' <Predicate = true> <Delay = 0.00>
ST_15 : Operation 355 [1/1] (0.00ns)   --->   "%sext_ln137 = sext i13 %trunc_ln8" [../denoiser_c_to_hls/denoiser.cpp:137]   --->   Operation 355 'sext' 'sext_ln137' <Predicate = true> <Delay = 0.00>
ST_15 : Operation 356 [1/1] (0.00ns)   --->   "%zext_ln137_6 = zext i14 %sext_ln137" [../denoiser_c_to_hls/denoiser.cpp:137]   --->   Operation 356 'zext' 'zext_ln137_6' <Predicate = true> <Delay = 0.00>
ST_15 : Operation 357 [1/1] (0.00ns)   --->   "%d_addr_8 = getelementptr i16 %d, i64 0, i64 %zext_ln137_6" [../denoiser_c_to_hls/denoiser.cpp:137]   --->   Operation 357 'getelementptr' 'd_addr_8' <Predicate = true> <Delay = 0.00>
ST_15 : Operation 358 [1/1] (1.23ns)   --->   "%store_ln137 = store void @_ssdm_op_Write.bram.i16, i14 %d_addr_8, i16 %zext_ln137_2, i2 3" [../denoiser_c_to_hls/denoiser.cpp:137]   --->   Operation 358 'store' 'store_ln137' <Predicate = true> <Delay = 1.23> <CoreInst = "RAM">   --->   Core 83 'RAM' <Latency = 1> <II = 1> <Delay = 1.23> <Storage> <Opcode : 'load' 'store'> <Ports = 2> <Width = 16> <Depth = 12544> <RAM>
ST_15 : Operation 359 [1/1] (0.00ns)   --->   "%br_ln119 = br void %for.body9.i408" [../denoiser_c_to_hls/denoiser.cpp:119]   --->   Operation 359 'br' 'br_ln119' <Predicate = true> <Delay = 0.00>

State 16 <SV = 6> <Delay = 2.38>
ST_16 : Operation 360 [1/1] (0.00ns)   --->   "%indvar_flatten393_load = load i10 %indvar_flatten393" [../denoiser_c_to_hls/denoiser.cpp:147]   --->   Operation 360 'load' 'indvar_flatten393_load' <Predicate = true> <Delay = 0.00>
ST_16 : Operation 361 [1/1] (0.91ns)   --->   "%icmp_ln147 = icmp_eq  i10 %indvar_flatten393_load, i10 784" [../denoiser_c_to_hls/denoiser.cpp:147]   --->   Operation 361 'icmp' 'icmp_ln147' <Predicate = true> <Delay = 0.91> <CoreInst = "Cmp">   --->   Core 9 'Cmp' <Latency = 0> <II = 1> <Delay = 0.91> <FuncUnit> <Opcode : 'icmp'> <InPorts = 2> <OutPorts = 1>
ST_16 : Operation 362 [1/1] (0.78ns)   --->   "%add_ln147_1 = add i10 %indvar_flatten393_load, i10 1" [../denoiser_c_to_hls/denoiser.cpp:147]   --->   Operation 362 'add' 'add_ln147_1' <Predicate = true> <Delay = 0.78> <CoreInst = "Adder">   --->   Core 1 'Adder' <Latency = 0> <II = 1> <Delay = 0.78> <FuncUnit> <Opcode : 'add' 'sub'> <InPorts = 2> <OutPorts = 1>
ST_16 : Operation 363 [1/1] (0.00ns)   --->   "%br_ln147 = br i1 %icmp_ln147, void %for.cond.cleanup4.i49, void %_ZN8Denoiser10conv2d_outEPA28_A4_K8ap_fixedILi16ELi6EL9ap_q_mode5EL9ap_o_mode3ELi0EEPA28_A1_S3_.exit" [../denoiser_c_to_hls/denoiser.cpp:147]   --->   Operation 363 'br' 'br_ln147' <Predicate = true> <Delay = 0.00>
ST_16 : Operation 364 [1/1] (0.00ns)   --->   "%y_2_load = load i5 %y_2" [../denoiser_c_to_hls/denoiser.cpp:149]   --->   Operation 364 'load' 'y_2_load' <Predicate = (!icmp_ln147)> <Delay = 0.00>
ST_16 : Operation 365 [1/1] (0.75ns)   --->   "%icmp_ln149 = icmp_eq  i5 %y_2_load, i5 28" [../denoiser_c_to_hls/denoiser.cpp:149]   --->   Operation 365 'icmp' 'icmp_ln149' <Predicate = (!icmp_ln147)> <Delay = 0.75> <CoreInst = "Cmp">   --->   Core 9 'Cmp' <Latency = 0> <II = 1> <Delay = 0.75> <FuncUnit> <Opcode : 'icmp'> <InPorts = 2> <OutPorts = 1>
ST_16 : Operation 366 [1/1] (0.41ns)   --->   "%select_ln147 = select i1 %icmp_ln149, i5 0, i5 %y_2_load" [../denoiser_c_to_hls/denoiser.cpp:147]   --->   Operation 366 'select' 'select_ln147' <Predicate = (!icmp_ln147)> <Delay = 0.41> <CoreInst = "Sel">   --->   Core 73 'Sel' <Latency = 0> <II = 1> <Delay = 0.41> <FuncUnit> <Opcode : 'select'> <InPorts = 3> <OutPorts = 1>
ST_16 : Operation 367 [1/1] (0.78ns)   --->   "%add_ln149 = add i5 %select_ln147, i5 1" [../denoiser_c_to_hls/denoiser.cpp:149]   --->   Operation 367 'add' 'add_ln149' <Predicate = (!icmp_ln147)> <Delay = 0.78> <CoreInst = "Adder">   --->   Core 1 'Adder' <Latency = 0> <II = 1> <Delay = 0.78> <FuncUnit> <Opcode : 'add' 'sub'> <InPorts = 2> <OutPorts = 1>
ST_16 : Operation 368 [1/1] (0.42ns)   --->   "%store_ln149 = store i10 %add_ln147_1, i10 %indvar_flatten393" [../denoiser_c_to_hls/denoiser.cpp:149]   --->   Operation 368 'store' 'store_ln149' <Predicate = (!icmp_ln147)> <Delay = 0.42>
ST_16 : Operation 369 [1/1] (0.42ns)   --->   "%store_ln149 = store i5 %add_ln149, i5 %y_2" [../denoiser_c_to_hls/denoiser.cpp:149]   --->   Operation 369 'store' 'store_ln149' <Predicate = (!icmp_ln147)> <Delay = 0.42>
ST_16 : Operation 370 [1/1] (0.00ns)   --->   "%ret_ln196 = ret" [../denoiser_c_to_hls/denoiser.cpp:196]   --->   Operation 370 'ret' 'ret_ln196' <Predicate = (icmp_ln147)> <Delay = 0.00>

State 17 <SV = 7> <Delay = 6.44>
ST_17 : Operation 371 [1/1] (0.00ns)   --->   "%x_2_load = load i5 %x_2" [../denoiser_c_to_hls/denoiser.cpp:147]   --->   Operation 371 'load' 'x_2_load' <Predicate = true> <Delay = 0.00>
ST_17 : Operation 372 [1/1] (0.78ns)   --->   "%add_ln147 = add i5 %x_2_load, i5 1" [../denoiser_c_to_hls/denoiser.cpp:147]   --->   Operation 372 'add' 'add_ln147' <Predicate = (icmp_ln149)> <Delay = 0.78> <CoreInst = "Adder">   --->   Core 1 'Adder' <Latency = 0> <II = 1> <Delay = 0.78> <FuncUnit> <Opcode : 'add' 'sub'> <InPorts = 2> <OutPorts = 1>
ST_17 : Operation 373 [1/1] (0.41ns)   --->   "%select_ln147_1 = select i1 %icmp_ln149, i5 %add_ln147, i5 %x_2_load" [../denoiser_c_to_hls/denoiser.cpp:147]   --->   Operation 373 'select' 'select_ln147_1' <Predicate = true> <Delay = 0.41> <CoreInst = "Sel">   --->   Core 73 'Sel' <Latency = 0> <II = 1> <Delay = 0.41> <FuncUnit> <Opcode : 'select'> <InPorts = 3> <OutPorts = 1>
ST_17 : Operation 374 [1/1] (0.00ns)   --->   "%p_cast125_mid1358 = zext i5 %select_ln147" [../denoiser_c_to_hls/denoiser.cpp:147]   --->   Operation 374 'zext' 'p_cast125_mid1358' <Predicate = true> <Delay = 0.00>
ST_17 : Operation 375 [1/1] (0.78ns)   --->   "%p_mid1360 = add i6 %p_cast125_mid1358, i6 63" [../denoiser_c_to_hls/denoiser.cpp:147]   --->   Operation 375 'add' 'p_mid1360' <Predicate = true> <Delay = 0.78> <CoreInst = "Adder">   --->   Core 1 'Adder' <Latency = 0> <II = 1> <Delay = 0.78> <FuncUnit> <Opcode : 'add' 'sub'> <InPorts = 2> <OutPorts = 1>
ST_17 : Operation 376 [1/1] (0.75ns)   --->   "%cmp23_i72_not_mid1364 = icmp_eq  i5 %select_ln147, i5 0" [../denoiser_c_to_hls/denoiser.cpp:147]   --->   Operation 376 'icmp' 'cmp23_i72_not_mid1364' <Predicate = true> <Delay = 0.75> <CoreInst = "Cmp">   --->   Core 9 'Cmp' <Latency = 0> <II = 1> <Delay = 0.75> <FuncUnit> <Opcode : 'icmp'> <InPorts = 2> <OutPorts = 1>
ST_17 : Operation 377 [1/1] (0.78ns)   --->   "%cmp25_i74_not_mid1366 = icmp_sgt  i6 %p_mid1360, i6 27" [../denoiser_c_to_hls/denoiser.cpp:147]   --->   Operation 377 'icmp' 'cmp25_i74_not_mid1366' <Predicate = true> <Delay = 0.78> <CoreInst = "Cmp">   --->   Core 9 'Cmp' <Latency = 0> <II = 1> <Delay = 0.78> <FuncUnit> <Opcode : 'icmp'> <InPorts = 2> <OutPorts = 1>
ST_17 : Operation 378 [1/1] (0.00ns)   --->   "%shl_ln162_mid = bitconcatenate i9 @_ssdm_op_BitConcatenate.i9.i6.i3, i6 %p_mid1360, i3 0" [../denoiser_c_to_hls/denoiser.cpp:162]   --->   Operation 378 'bitconcatenate' 'shl_ln162_mid' <Predicate = true> <Delay = 0.00>
ST_17 : Operation 379 [2/2] (4.86ns)   --->   "%call_ln147 = call void @inference_Pipeline_loop_kh_out_loop_kw_out_loop_ic_out, i5 %select_ln147_1, i5 %select_ln147, i1 %cmp23_i72_not_mid1364, i1 %cmp25_i74_not_mid1366, i9 %shl_ln162_mid, i16 %d, i16 %s_V_18_loc, i11 %conv_out_kernel_V" [../denoiser_c_to_hls/denoiser.cpp:147]   --->   Operation 379 'call' 'call_ln147' <Predicate = true> <Delay = 4.86> <CoreType = "Generic">   --->   Core 0 '' <Latency = 0> <II = 1> <Delay = 1.00> <Generic> <Opcode : >
ST_17 : Operation 380 [1/1] (0.42ns)   --->   "%store_ln149 = store i5 %select_ln147_1, i5 %x_2" [../denoiser_c_to_hls/denoiser.cpp:149]   --->   Operation 380 'store' 'store_ln149' <Predicate = true> <Delay = 0.42>

State 18 <SV = 8> <Delay = 0.00>
ST_18 : Operation 381 [1/2] (0.00ns)   --->   "%call_ln147 = call void @inference_Pipeline_loop_kh_out_loop_kw_out_loop_ic_out, i5 %select_ln147_1, i5 %select_ln147, i1 %cmp23_i72_not_mid1364, i1 %cmp25_i74_not_mid1366, i9 %shl_ln162_mid, i16 %d, i16 %s_V_18_loc, i11 %conv_out_kernel_V" [../denoiser_c_to_hls/denoiser.cpp:147]   --->   Operation 381 'call' 'call_ln147' <Predicate = true> <Delay = 0.00> <CoreType = "Generic">   --->   Core 0 '' <Latency = 0> <II = 1> <Delay = 1.00> <Generic> <Opcode : >

State 19 <SV = 9> <Delay = 3.23>
ST_19 : Operation 382 [1/1] (0.00ns)   --->   "%s_V_18_loc_load = load i16 %s_V_18_loc"   --->   Operation 382 'load' 's_V_18_loc_load' <Predicate = true> <Delay = 0.00>
ST_19 : Operation 383 [1/1] (1.10ns)   --->   "%icmp_ln1649_5 = icmp_sgt  i16 %s_V_18_loc_load, i16 7168"   --->   Operation 383 'icmp' 'icmp_ln1649_5' <Predicate = true> <Delay = 1.10> <CoreInst = "Cmp">   --->   Core 9 'Cmp' <Latency = 0> <II = 1> <Delay = 1.10> <FuncUnit> <Opcode : 'icmp'> <InPorts = 2> <OutPorts = 1>
ST_19 : Operation 384 [1/1] (1.10ns)   --->   "%icmp_ln1650 = icmp_slt  i16 %s_V_18_loc_load, i16 58368"   --->   Operation 384 'icmp' 'icmp_ln1650' <Predicate = true> <Delay = 1.10> <CoreInst = "Cmp">   --->   Core 9 'Cmp' <Latency = 0> <II = 1> <Delay = 1.10> <FuncUnit> <Opcode : 'icmp'> <InPorts = 2> <OutPorts = 1>
ST_19 : Operation 385 [1/1] (0.00ns) (grouped into LUT with out node r_V)   --->   "%or_ln69 = or i1 %icmp_ln1649_5, i1 %icmp_ln1650" [../denoiser_c_to_hls/denoiser.h:69]   --->   Operation 385 'or' 'or_ln69' <Predicate = true> <Delay = 0.00> <CoreInst = "LogicGate">   --->   Core 74 'LogicGate' <Latency = 0> <II = 1> <Delay = 0.28> <FuncUnit> <Opcode : 'and' 'or' 'xor'> <InPorts = 2> <OutPorts = 1>
ST_19 : Operation 386 [1/1] (0.00ns) (grouped into LUT with out node r_V)   --->   "%select_ln69 = select i1 %icmp_ln1649_5, i14 7168, i14 9216" [../denoiser_c_to_hls/denoiser.h:69]   --->   Operation 386 'select' 'select_ln69' <Predicate = true> <Delay = 0.00> <CoreInst = "Sel">   --->   Core 73 'Sel' <Latency = 0> <II = 1> <Delay = 0.23> <FuncUnit> <Opcode : 'select'> <InPorts = 3> <OutPorts = 1>
ST_19 : Operation 387 [1/1] (0.00ns) (grouped into LUT with out node r_V)   --->   "%trunc_ln838 = trunc i16 %s_V_18_loc_load"   --->   Operation 387 'trunc' 'trunc_ln838' <Predicate = true> <Delay = 0.00>
ST_19 : Operation 388 [1/1] (0.00ns) (grouped into LUT with out node r_V)   --->   "%select_ln69_1 = select i1 %or_ln69, i14 %select_ln69, i14 %trunc_ln838" [../denoiser_c_to_hls/denoiser.h:69]   --->   Operation 388 'select' 'select_ln69_1' <Predicate = true> <Delay = 0.00> <CoreInst = "Sel">   --->   Core 73 'Sel' <Latency = 0> <II = 1> <Delay = 0.23> <FuncUnit> <Opcode : 'select'> <InPorts = 3> <OutPorts = 1>
ST_19 : Operation 389 [1/1] (0.00ns) (grouped into LUT with out node r_V)   --->   "%x_wide = bitconcatenate i20 @_ssdm_op_BitConcatenate.i20.i14.i6, i14 %select_ln69_1, i6 0"   --->   Operation 389 'bitconcatenate' 'x_wide' <Predicate = true> <Delay = 0.00>
ST_19 : Operation 390 [1/1] (0.89ns) (out node of the LUT)   --->   "%r_V = sub i20 0, i20 %x_wide"   --->   Operation 390 'sub' 'r_V' <Predicate = true> <Delay = 0.89> <CoreInst = "Adder">   --->   Core 1 'Adder' <Latency = 0> <II = 1> <Delay = 0.89> <FuncUnit> <Opcode : 'add' 'sub'> <InPorts = 2> <OutPorts = 1>
ST_19 : Operation 391 [1/1] (0.00ns)   --->   "%p_Result_s = bitselect i1 @_ssdm_op_BitSelect.i1.i20.i32, i20 %r_V, i32 19"   --->   Operation 391 'bitselect' 'p_Result_s' <Predicate = true> <Delay = 0.00>
ST_19 : Operation 392 [1/1] (0.00ns)   --->   "%tmp = partselect i7 @_ssdm_op_PartSelect.i7.i20.i32.i32, i20 %r_V, i32 13, i32 19"   --->   Operation 392 'partselect' 'tmp' <Predicate = true> <Delay = 0.00>
ST_19 : Operation 393 [1/1] (0.00ns)   --->   "%p_Result_6 = bitconcatenate i8 @_ssdm_op_BitConcatenate.i8.i1.i7, i1 %p_Result_s, i7 %tmp"   --->   Operation 393 'bitconcatenate' 'p_Result_6' <Predicate = true> <Delay = 0.00>
ST_19 : Operation 394 [1/1] (0.00ns)   --->   "%tmp_15 = partselect i8 @_ssdm_op_PartSelect.i8.i20.i32.i32, i20 %r_V, i32 5, i32 12"   --->   Operation 394 'partselect' 'tmp_15' <Predicate = true> <Delay = 0.00>
ST_19 : Operation 395 [1/1] (0.00ns)   --->   "%zext_ln541 = zext i8 %tmp_15"   --->   Operation 395 'zext' 'zext_ln541' <Predicate = true> <Delay = 0.00>
ST_19 : Operation 396 [1/1] (0.00ns)   --->   "%f_x_msb_2_table_V_addr = getelementptr i46 %f_x_msb_2_table_V, i64 0, i64 %zext_ln541" [C:/Xilinx/Vitis_HLS/2022.2/common/technology/autopilot/hls_exp_apfixed.h:445->C:/Xilinx/Vitis_HLS/2022.2/common/technology/autopilot\hls_math.h:1190]   --->   Operation 396 'getelementptr' 'f_x_msb_2_table_V_addr' <Predicate = true> <Delay = 0.00>
ST_19 : Operation 397 [2/2] (1.23ns)   --->   "%f_x_msb_2_V = load i8 %f_x_msb_2_table_V_addr" [C:/Xilinx/Vitis_HLS/2022.2/common/technology/autopilot/hls_exp_apfixed.h:445->C:/Xilinx/Vitis_HLS/2022.2/common/technology/autopilot\hls_math.h:1190]   --->   Operation 397 'load' 'f_x_msb_2_V' <Predicate = true> <Delay = 1.23> <CoreInst = "ROM">   --->   Core 101 'ROM' <Latency = 1> <II = 1> <Delay = 1.23> <Storage> <Opcode : 'load'> <Ports = 0> <Width = 46> <Depth = 256> <ROM>
ST_19 : Operation 398 [1/1] (0.00ns)   --->   "%zext_ln541_1 = zext i8 %p_Result_6"   --->   Operation 398 'zext' 'zext_ln541_1' <Predicate = true> <Delay = 0.00>
ST_19 : Operation 399 [1/1] (0.00ns)   --->   "%exp_x_msb_1_table_V_addr = getelementptr i50 %exp_x_msb_1_table_V, i64 0, i64 %zext_ln541_1" [C:/Xilinx/Vitis_HLS/2022.2/common/technology/autopilot/hls_exp_apfixed.h:523->C:/Xilinx/Vitis_HLS/2022.2/common/technology/autopilot\hls_math.h:1190]   --->   Operation 399 'getelementptr' 'exp_x_msb_1_table_V_addr' <Predicate = true> <Delay = 0.00>
ST_19 : Operation 400 [2/2] (1.23ns)   --->   "%exp_x_msb_1_V = load i8 %exp_x_msb_1_table_V_addr" [C:/Xilinx/Vitis_HLS/2022.2/common/technology/autopilot/hls_exp_apfixed.h:523->C:/Xilinx/Vitis_HLS/2022.2/common/technology/autopilot\hls_math.h:1190]   --->   Operation 400 'load' 'exp_x_msb_1_V' <Predicate = true> <Delay = 1.23> <CoreInst = "ROM">   --->   Core 101 'ROM' <Latency = 1> <II = 1> <Delay = 1.23> <Storage> <Opcode : 'load'> <Ports = 0> <Width = 50> <Depth = 256> <ROM>

State 20 <SV = 10> <Delay = 6.99>
ST_20 : Operation 401 [1/2] (1.23ns)   --->   "%f_x_msb_2_V = load i8 %f_x_msb_2_table_V_addr" [C:/Xilinx/Vitis_HLS/2022.2/common/technology/autopilot/hls_exp_apfixed.h:445->C:/Xilinx/Vitis_HLS/2022.2/common/technology/autopilot\hls_math.h:1190]   --->   Operation 401 'load' 'f_x_msb_2_V' <Predicate = true> <Delay = 1.23> <CoreInst = "ROM">   --->   Core 101 'ROM' <Latency = 1> <II = 1> <Delay = 1.23> <Storage> <Opcode : 'load'> <Ports = 0> <Width = 46> <Depth = 256> <ROM>
ST_20 : Operation 402 [1/1] (0.00ns)   --->   "%f_x_msb_2_h_V = partselect i5 @_ssdm_op_PartSelect.i5.i46.i32.i32, i46 %f_x_msb_2_V, i32 41, i32 45"   --->   Operation 402 'partselect' 'f_x_msb_2_h_V' <Predicate = true> <Delay = 0.00>
ST_20 : Operation 403 [1/1] (0.00ns)   --->   "%zext_ln813 = zext i5 %f_x_msb_2_h_V"   --->   Operation 403 'zext' 'zext_ln813' <Predicate = true> <Delay = 0.00>
ST_20 : Operation 404 [1/1] (0.00ns)   --->   "%zext_ln813_2 = zext i8 %tmp_15"   --->   Operation 404 'zext' 'zext_ln813_2' <Predicate = true> <Delay = 0.00>
ST_20 : Operation 405 [1/1] (0.76ns)   --->   "%ret_V_6 = add i9 %zext_ln813_2, i9 %zext_ln813"   --->   Operation 405 'add' 'ret_V_6' <Predicate = true> <Delay = 0.76> <CoreInst = "Adder">   --->   Core 1 'Adder' <Latency = 0> <II = 1> <Delay = 0.77> <FuncUnit> <Opcode : 'add' 'sub'> <InPorts = 2> <OutPorts = 1>
ST_20 : Operation 406 [1/1] (0.00ns)   --->   "%trunc_ln594 = trunc i46 %f_x_msb_2_V"   --->   Operation 406 'trunc' 'trunc_ln594' <Predicate = true> <Delay = 0.00>
ST_20 : Operation 407 [1/1] (0.00ns)   --->   "%rhs = bitconcatenate i56 @_ssdm_op_BitConcatenate.i56.i9.i41.i6, i9 %ret_V_6, i41 %trunc_ln594, i6 0"   --->   Operation 407 'bitconcatenate' 'rhs' <Predicate = true> <Delay = 0.00>
ST_20 : Operation 408 [1/1] (1.09ns)   --->   "%ret_V = add i56 %rhs, i56 0"   --->   Operation 408 'add' 'ret_V' <Predicate = true> <Delay = 1.09> <CoreInst = "Adder">   --->   Core 1 'Adder' <Latency = 0> <II = 1> <Delay = 1.09> <FuncUnit> <Opcode : 'add' 'sub'> <InPorts = 2> <OutPorts = 1>
ST_20 : Operation 409 [1/1] (0.00ns)   --->   "%exp_x_msb_2_3_4_lsb_m_1_V = partselect i50 @_ssdm_op_PartSelect.i50.i56.i32.i32, i56 %ret_V, i32 6, i32 55"   --->   Operation 409 'partselect' 'exp_x_msb_2_3_4_lsb_m_1_V' <Predicate = true> <Delay = 0.00>
ST_20 : Operation 410 [1/2] (1.23ns)   --->   "%exp_x_msb_1_V = load i8 %exp_x_msb_1_table_V_addr" [C:/Xilinx/Vitis_HLS/2022.2/common/technology/autopilot/hls_exp_apfixed.h:523->C:/Xilinx/Vitis_HLS/2022.2/common/technology/autopilot\hls_math.h:1190]   --->   Operation 410 'load' 'exp_x_msb_1_V' <Predicate = true> <Delay = 1.23> <CoreInst = "ROM">   --->   Core 101 'ROM' <Latency = 1> <II = 1> <Delay = 1.23> <Storage> <Opcode : 'load'> <Ports = 0> <Width = 50> <Depth = 256> <ROM>
ST_20 : Operation 411 [1/1] (0.00ns)   --->   "%zext_ln1271_2 = zext i50 %exp_x_msb_1_V"   --->   Operation 411 'zext' 'zext_ln1271_2' <Predicate = true> <Delay = 0.00>
ST_20 : Operation 412 [1/1] (0.00ns)   --->   "%zext_ln1273 = zext i50 %exp_x_msb_2_3_4_lsb_m_1_V"   --->   Operation 412 'zext' 'zext_ln1273' <Predicate = true> <Delay = 0.00>
ST_20 : Operation 413 [1/1] (3.90ns)   --->   "%r_V_10 = mul i100 %zext_ln1273, i100 %zext_ln1271_2"   --->   Operation 413 'mul' 'r_V_10' <Predicate = true> <Delay = 3.90> <CoreInst = "Multiplier">   --->   Core 3 'Multiplier' <Latency = 0> <II = 1> <Delay = 3.90> <FuncUnit> <Opcode : 'mul'> <InPorts = 2> <OutPorts = 1>
ST_20 : Operation 414 [1/1] (0.00ns)   --->   "%trunc_ln813_1 = partselect i48 @_ssdm_op_PartSelect.i48.i100.i32.i32, i100 %r_V_10, i32 52, i32 99"   --->   Operation 414 'partselect' 'trunc_ln813_1' <Predicate = true> <Delay = 0.00>

State 21 <SV = 11> <Delay = 4.18>
ST_21 : Operation 415 [1/1] (0.00ns)   --->   "%zext_ln813_1 = zext i48 %trunc_ln813_1"   --->   Operation 415 'zext' 'zext_ln813_1' <Predicate = true> <Delay = 0.00>
ST_21 : Operation 416 [1/1] (1.10ns)   --->   "%y_l_V = add i50 %exp_x_msb_1_V, i50 %zext_ln813_1"   --->   Operation 416 'add' 'y_l_V' <Predicate = true> <Delay = 1.10> <CoreInst = "Adder">   --->   Core 1 'Adder' <Latency = 0> <II = 1> <Delay = 1.10> <FuncUnit> <Opcode : 'add' 'sub'> <InPorts = 2> <OutPorts = 1>
ST_21 : Operation 417 [1/1] (0.00ns)   --->   "%tmp_8 = partselect i2 @_ssdm_op_PartSelect.i2.i50.i32.i32, i50 %y_l_V, i32 48, i32 49" [C:/Xilinx/Vitis_HLS/2022.2/common/technology/autopilot/hls_exp_apfixed.h:533->C:/Xilinx/Vitis_HLS/2022.2/common/technology/autopilot\hls_math.h:1190]   --->   Operation 417 'partselect' 'tmp_8' <Predicate = true> <Delay = 0.00>
ST_21 : Operation 418 [1/1] (0.44ns)   --->   "%overf = icmp_ne  i2 %tmp_8, i2 0" [C:/Xilinx/Vitis_HLS/2022.2/common/technology/autopilot/hls_exp_apfixed.h:533->C:/Xilinx/Vitis_HLS/2022.2/common/technology/autopilot\hls_math.h:1190]   --->   Operation 418 'icmp' 'overf' <Predicate = true> <Delay = 0.44> <CoreInst = "Cmp">   --->   Core 9 'Cmp' <Latency = 0> <II = 1> <Delay = 0.44> <FuncUnit> <Opcode : 'icmp'> <InPorts = 2> <OutPorts = 1>
ST_21 : Operation 419 [1/1] (0.00ns) (grouped into LUT with out node ret_V_5)   --->   "%p_Result_4 = bitselect i1 @_ssdm_op_BitSelect.i1.i50.i32, i50 %y_l_V, i32 47"   --->   Operation 419 'bitselect' 'p_Result_4' <Predicate = true> <Delay = 0.00>
ST_21 : Operation 420 [1/1] (0.00ns) (grouped into LUT with out node ret_V_5)   --->   "%p_Result_5 = bitselect i1 @_ssdm_op_BitSelect.i1.i50.i32, i50 %y_l_V, i32 46"   --->   Operation 420 'bitselect' 'p_Result_5' <Predicate = true> <Delay = 0.00>
ST_21 : Operation 421 [1/1] (0.00ns) (grouped into LUT with out node ret_V_5)   --->   "%or_ln533 = or i1 %overf, i1 %p_Result_5" [C:/Xilinx/Vitis_HLS/2022.2/common/technology/autopilot/hls_exp_apfixed.h:533->C:/Xilinx/Vitis_HLS/2022.2/common/technology/autopilot\hls_math.h:1190]   --->   Operation 421 'or' 'or_ln533' <Predicate = true> <Delay = 0.00> <CoreInst = "LogicGate">   --->   Core 74 'LogicGate' <Latency = 0> <II = 1> <Delay = 0.28> <FuncUnit> <Opcode : 'and' 'or' 'xor'> <InPorts = 2> <OutPorts = 1>
ST_21 : Operation 422 [1/1] (0.00ns) (grouped into LUT with out node ret_V_5)   --->   "%or_ln533_1 = or i1 %or_ln533, i1 %p_Result_4" [C:/Xilinx/Vitis_HLS/2022.2/common/technology/autopilot/hls_exp_apfixed.h:533->C:/Xilinx/Vitis_HLS/2022.2/common/technology/autopilot\hls_math.h:1190]   --->   Operation 422 'or' 'or_ln533_1' <Predicate = true> <Delay = 0.00> <CoreInst = "LogicGate">   --->   Core 74 'LogicGate' <Latency = 0> <II = 1> <Delay = 0.28> <FuncUnit> <Opcode : 'and' 'or' 'xor'> <InPorts = 2> <OutPorts = 1>
ST_21 : Operation 423 [1/1] (0.00ns)   --->   "%tmp_14 = partselect i3 @_ssdm_op_PartSelect.i3.i50.i32.i32, i50 %y_l_V, i32 43, i32 45" [C:/Xilinx/Vitis_HLS/2022.2/common/technology/autopilot/hls_exp_apfixed.h:533->C:/Xilinx/Vitis_HLS/2022.2/common/technology/autopilot\hls_math.h:1190]   --->   Operation 423 'partselect' 'tmp_14' <Predicate = true> <Delay = 0.00>
ST_21 : Operation 424 [1/1] (0.58ns)   --->   "%icmp_ln533 = icmp_ne  i3 %tmp_14, i3 0" [C:/Xilinx/Vitis_HLS/2022.2/common/technology/autopilot/hls_exp_apfixed.h:533->C:/Xilinx/Vitis_HLS/2022.2/common/technology/autopilot\hls_math.h:1190]   --->   Operation 424 'icmp' 'icmp_ln533' <Predicate = true> <Delay = 0.58> <CoreInst = "Cmp">   --->   Core 9 'Cmp' <Latency = 0> <II = 1> <Delay = 0.58> <FuncUnit> <Opcode : 'icmp'> <InPorts = 2> <OutPorts = 1>
ST_21 : Operation 425 [1/1] (0.00ns) (grouped into LUT with out node ret_V_5)   --->   "%overf_1 = or i1 %icmp_ln533, i1 %or_ln533_1" [C:/Xilinx/Vitis_HLS/2022.2/common/technology/autopilot/hls_exp_apfixed.h:533->C:/Xilinx/Vitis_HLS/2022.2/common/technology/autopilot\hls_math.h:1190]   --->   Operation 425 'or' 'overf_1' <Predicate = true> <Delay = 0.00> <CoreInst = "LogicGate">   --->   Core 74 'LogicGate' <Latency = 0> <II = 1> <Delay = 0.28> <FuncUnit> <Opcode : 'and' 'or' 'xor'> <InPorts = 2> <OutPorts = 1>
ST_21 : Operation 426 [1/1] (0.00ns) (grouped into LUT with out node ret_V_5)   --->   "%tmp_20 = partselect i32 @_ssdm_op_PartSelect.i32.i50.i32.i32, i50 %y_l_V, i32 11, i32 42"   --->   Operation 426 'partselect' 'tmp_20' <Predicate = true> <Delay = 0.00>
ST_21 : Operation 427 [1/1] (0.00ns) (grouped into LUT with out node ret_V_5)   --->   "%exp_val = select i1 %overf_1, i32 4294967295, i32 %tmp_20" [C:/Xilinx/Vitis_HLS/2022.2/common/technology/autopilot/hls_exp_apfixed.h:536->C:/Xilinx/Vitis_HLS/2022.2/common/technology/autopilot\hls_math.h:1190]   --->   Operation 427 'select' 'exp_val' <Predicate = true> <Delay = 0.00> <CoreInst = "Sel">   --->   Core 73 'Sel' <Latency = 0> <II = 1> <Delay = 0.44> <FuncUnit> <Opcode : 'select'> <InPorts = 3> <OutPorts = 1>
ST_21 : Operation 428 [1/1] (0.00ns) (grouped into LUT with out node ret_V_5)   --->   "%sext_ln813 = sext i32 %exp_val"   --->   Operation 428 'sext' 'sext_ln813' <Predicate = true> <Delay = 0.00>
ST_21 : Operation 429 [1/1] (1.01ns) (out node of the LUT)   --->   "%ret_V_5 = add i33 %sext_ln813, i33 65536"   --->   Operation 429 'add' 'ret_V_5' <Predicate = true> <Delay = 1.01> <CoreInst = "Adder">   --->   Core 1 'Adder' <Latency = 0> <II = 1> <Delay = 1.01> <FuncUnit> <Opcode : 'add' 'sub'> <InPorts = 2> <OutPorts = 1>
ST_21 : Operation 430 [1/1] (0.00ns)   --->   "%sext_ln1303 = sext i33 %ret_V_5"   --->   Operation 430 'sext' 'sext_ln1303' <Predicate = true> <Delay = 0.00>
ST_21 : Operation 431 [38/38] (1.48ns)   --->   "%sdiv_ln1303 = sdiv i34 4294967296, i34 %sext_ln1303"   --->   Operation 431 'sdiv' 'sdiv_ln1303' <Predicate = true> <Delay = 1.48> <CoreInst = "DivnS_SEQ">   --->   Core 7 'DivnS_SEQ' <Latency = 37> <II = 34> <Delay = 1.48> <FuncUnit> <Opcode : 'sdiv' 'srem' 'udiv' 'urem'> <InPorts = 2> <OutPorts = 1>

State 22 <SV = 12> <Delay = 1.48>
ST_22 : Operation 432 [37/38] (1.48ns)   --->   "%sdiv_ln1303 = sdiv i34 4294967296, i34 %sext_ln1303"   --->   Operation 432 'sdiv' 'sdiv_ln1303' <Predicate = true> <Delay = 1.48> <CoreInst = "DivnS_SEQ">   --->   Core 7 'DivnS_SEQ' <Latency = 37> <II = 34> <Delay = 1.48> <FuncUnit> <Opcode : 'sdiv' 'srem' 'udiv' 'urem'> <InPorts = 2> <OutPorts = 1>

State 23 <SV = 13> <Delay = 1.48>
ST_23 : Operation 433 [36/38] (1.48ns)   --->   "%sdiv_ln1303 = sdiv i34 4294967296, i34 %sext_ln1303"   --->   Operation 433 'sdiv' 'sdiv_ln1303' <Predicate = true> <Delay = 1.48> <CoreInst = "DivnS_SEQ">   --->   Core 7 'DivnS_SEQ' <Latency = 37> <II = 34> <Delay = 1.48> <FuncUnit> <Opcode : 'sdiv' 'srem' 'udiv' 'urem'> <InPorts = 2> <OutPorts = 1>

State 24 <SV = 14> <Delay = 1.48>
ST_24 : Operation 434 [35/38] (1.48ns)   --->   "%sdiv_ln1303 = sdiv i34 4294967296, i34 %sext_ln1303"   --->   Operation 434 'sdiv' 'sdiv_ln1303' <Predicate = true> <Delay = 1.48> <CoreInst = "DivnS_SEQ">   --->   Core 7 'DivnS_SEQ' <Latency = 37> <II = 34> <Delay = 1.48> <FuncUnit> <Opcode : 'sdiv' 'srem' 'udiv' 'urem'> <InPorts = 2> <OutPorts = 1>

State 25 <SV = 15> <Delay = 1.48>
ST_25 : Operation 435 [34/38] (1.48ns)   --->   "%sdiv_ln1303 = sdiv i34 4294967296, i34 %sext_ln1303"   --->   Operation 435 'sdiv' 'sdiv_ln1303' <Predicate = true> <Delay = 1.48> <CoreInst = "DivnS_SEQ">   --->   Core 7 'DivnS_SEQ' <Latency = 37> <II = 34> <Delay = 1.48> <FuncUnit> <Opcode : 'sdiv' 'srem' 'udiv' 'urem'> <InPorts = 2> <OutPorts = 1>

State 26 <SV = 16> <Delay = 1.48>
ST_26 : Operation 436 [33/38] (1.48ns)   --->   "%sdiv_ln1303 = sdiv i34 4294967296, i34 %sext_ln1303"   --->   Operation 436 'sdiv' 'sdiv_ln1303' <Predicate = true> <Delay = 1.48> <CoreInst = "DivnS_SEQ">   --->   Core 7 'DivnS_SEQ' <Latency = 37> <II = 34> <Delay = 1.48> <FuncUnit> <Opcode : 'sdiv' 'srem' 'udiv' 'urem'> <InPorts = 2> <OutPorts = 1>

State 27 <SV = 17> <Delay = 1.48>
ST_27 : Operation 437 [32/38] (1.48ns)   --->   "%sdiv_ln1303 = sdiv i34 4294967296, i34 %sext_ln1303"   --->   Operation 437 'sdiv' 'sdiv_ln1303' <Predicate = true> <Delay = 1.48> <CoreInst = "DivnS_SEQ">   --->   Core 7 'DivnS_SEQ' <Latency = 37> <II = 34> <Delay = 1.48> <FuncUnit> <Opcode : 'sdiv' 'srem' 'udiv' 'urem'> <InPorts = 2> <OutPorts = 1>

State 28 <SV = 18> <Delay = 1.48>
ST_28 : Operation 438 [31/38] (1.48ns)   --->   "%sdiv_ln1303 = sdiv i34 4294967296, i34 %sext_ln1303"   --->   Operation 438 'sdiv' 'sdiv_ln1303' <Predicate = true> <Delay = 1.48> <CoreInst = "DivnS_SEQ">   --->   Core 7 'DivnS_SEQ' <Latency = 37> <II = 34> <Delay = 1.48> <FuncUnit> <Opcode : 'sdiv' 'srem' 'udiv' 'urem'> <InPorts = 2> <OutPorts = 1>

State 29 <SV = 19> <Delay = 1.48>
ST_29 : Operation 439 [30/38] (1.48ns)   --->   "%sdiv_ln1303 = sdiv i34 4294967296, i34 %sext_ln1303"   --->   Operation 439 'sdiv' 'sdiv_ln1303' <Predicate = true> <Delay = 1.48> <CoreInst = "DivnS_SEQ">   --->   Core 7 'DivnS_SEQ' <Latency = 37> <II = 34> <Delay = 1.48> <FuncUnit> <Opcode : 'sdiv' 'srem' 'udiv' 'urem'> <InPorts = 2> <OutPorts = 1>

State 30 <SV = 20> <Delay = 1.48>
ST_30 : Operation 440 [29/38] (1.48ns)   --->   "%sdiv_ln1303 = sdiv i34 4294967296, i34 %sext_ln1303"   --->   Operation 440 'sdiv' 'sdiv_ln1303' <Predicate = true> <Delay = 1.48> <CoreInst = "DivnS_SEQ">   --->   Core 7 'DivnS_SEQ' <Latency = 37> <II = 34> <Delay = 1.48> <FuncUnit> <Opcode : 'sdiv' 'srem' 'udiv' 'urem'> <InPorts = 2> <OutPorts = 1>

State 31 <SV = 21> <Delay = 1.48>
ST_31 : Operation 441 [28/38] (1.48ns)   --->   "%sdiv_ln1303 = sdiv i34 4294967296, i34 %sext_ln1303"   --->   Operation 441 'sdiv' 'sdiv_ln1303' <Predicate = true> <Delay = 1.48> <CoreInst = "DivnS_SEQ">   --->   Core 7 'DivnS_SEQ' <Latency = 37> <II = 34> <Delay = 1.48> <FuncUnit> <Opcode : 'sdiv' 'srem' 'udiv' 'urem'> <InPorts = 2> <OutPorts = 1>

State 32 <SV = 22> <Delay = 1.48>
ST_32 : Operation 442 [27/38] (1.48ns)   --->   "%sdiv_ln1303 = sdiv i34 4294967296, i34 %sext_ln1303"   --->   Operation 442 'sdiv' 'sdiv_ln1303' <Predicate = true> <Delay = 1.48> <CoreInst = "DivnS_SEQ">   --->   Core 7 'DivnS_SEQ' <Latency = 37> <II = 34> <Delay = 1.48> <FuncUnit> <Opcode : 'sdiv' 'srem' 'udiv' 'urem'> <InPorts = 2> <OutPorts = 1>

State 33 <SV = 23> <Delay = 1.48>
ST_33 : Operation 443 [26/38] (1.48ns)   --->   "%sdiv_ln1303 = sdiv i34 4294967296, i34 %sext_ln1303"   --->   Operation 443 'sdiv' 'sdiv_ln1303' <Predicate = true> <Delay = 1.48> <CoreInst = "DivnS_SEQ">   --->   Core 7 'DivnS_SEQ' <Latency = 37> <II = 34> <Delay = 1.48> <FuncUnit> <Opcode : 'sdiv' 'srem' 'udiv' 'urem'> <InPorts = 2> <OutPorts = 1>

State 34 <SV = 24> <Delay = 1.48>
ST_34 : Operation 444 [25/38] (1.48ns)   --->   "%sdiv_ln1303 = sdiv i34 4294967296, i34 %sext_ln1303"   --->   Operation 444 'sdiv' 'sdiv_ln1303' <Predicate = true> <Delay = 1.48> <CoreInst = "DivnS_SEQ">   --->   Core 7 'DivnS_SEQ' <Latency = 37> <II = 34> <Delay = 1.48> <FuncUnit> <Opcode : 'sdiv' 'srem' 'udiv' 'urem'> <InPorts = 2> <OutPorts = 1>

State 35 <SV = 25> <Delay = 1.48>
ST_35 : Operation 445 [24/38] (1.48ns)   --->   "%sdiv_ln1303 = sdiv i34 4294967296, i34 %sext_ln1303"   --->   Operation 445 'sdiv' 'sdiv_ln1303' <Predicate = true> <Delay = 1.48> <CoreInst = "DivnS_SEQ">   --->   Core 7 'DivnS_SEQ' <Latency = 37> <II = 34> <Delay = 1.48> <FuncUnit> <Opcode : 'sdiv' 'srem' 'udiv' 'urem'> <InPorts = 2> <OutPorts = 1>

State 36 <SV = 26> <Delay = 1.48>
ST_36 : Operation 446 [23/38] (1.48ns)   --->   "%sdiv_ln1303 = sdiv i34 4294967296, i34 %sext_ln1303"   --->   Operation 446 'sdiv' 'sdiv_ln1303' <Predicate = true> <Delay = 1.48> <CoreInst = "DivnS_SEQ">   --->   Core 7 'DivnS_SEQ' <Latency = 37> <II = 34> <Delay = 1.48> <FuncUnit> <Opcode : 'sdiv' 'srem' 'udiv' 'urem'> <InPorts = 2> <OutPorts = 1>

State 37 <SV = 27> <Delay = 1.48>
ST_37 : Operation 447 [22/38] (1.48ns)   --->   "%sdiv_ln1303 = sdiv i34 4294967296, i34 %sext_ln1303"   --->   Operation 447 'sdiv' 'sdiv_ln1303' <Predicate = true> <Delay = 1.48> <CoreInst = "DivnS_SEQ">   --->   Core 7 'DivnS_SEQ' <Latency = 37> <II = 34> <Delay = 1.48> <FuncUnit> <Opcode : 'sdiv' 'srem' 'udiv' 'urem'> <InPorts = 2> <OutPorts = 1>

State 38 <SV = 28> <Delay = 1.48>
ST_38 : Operation 448 [21/38] (1.48ns)   --->   "%sdiv_ln1303 = sdiv i34 4294967296, i34 %sext_ln1303"   --->   Operation 448 'sdiv' 'sdiv_ln1303' <Predicate = true> <Delay = 1.48> <CoreInst = "DivnS_SEQ">   --->   Core 7 'DivnS_SEQ' <Latency = 37> <II = 34> <Delay = 1.48> <FuncUnit> <Opcode : 'sdiv' 'srem' 'udiv' 'urem'> <InPorts = 2> <OutPorts = 1>

State 39 <SV = 29> <Delay = 1.48>
ST_39 : Operation 449 [20/38] (1.48ns)   --->   "%sdiv_ln1303 = sdiv i34 4294967296, i34 %sext_ln1303"   --->   Operation 449 'sdiv' 'sdiv_ln1303' <Predicate = true> <Delay = 1.48> <CoreInst = "DivnS_SEQ">   --->   Core 7 'DivnS_SEQ' <Latency = 37> <II = 34> <Delay = 1.48> <FuncUnit> <Opcode : 'sdiv' 'srem' 'udiv' 'urem'> <InPorts = 2> <OutPorts = 1>

State 40 <SV = 30> <Delay = 1.48>
ST_40 : Operation 450 [19/38] (1.48ns)   --->   "%sdiv_ln1303 = sdiv i34 4294967296, i34 %sext_ln1303"   --->   Operation 450 'sdiv' 'sdiv_ln1303' <Predicate = true> <Delay = 1.48> <CoreInst = "DivnS_SEQ">   --->   Core 7 'DivnS_SEQ' <Latency = 37> <II = 34> <Delay = 1.48> <FuncUnit> <Opcode : 'sdiv' 'srem' 'udiv' 'urem'> <InPorts = 2> <OutPorts = 1>

State 41 <SV = 31> <Delay = 1.48>
ST_41 : Operation 451 [18/38] (1.48ns)   --->   "%sdiv_ln1303 = sdiv i34 4294967296, i34 %sext_ln1303"   --->   Operation 451 'sdiv' 'sdiv_ln1303' <Predicate = true> <Delay = 1.48> <CoreInst = "DivnS_SEQ">   --->   Core 7 'DivnS_SEQ' <Latency = 37> <II = 34> <Delay = 1.48> <FuncUnit> <Opcode : 'sdiv' 'srem' 'udiv' 'urem'> <InPorts = 2> <OutPorts = 1>

State 42 <SV = 32> <Delay = 1.48>
ST_42 : Operation 452 [17/38] (1.48ns)   --->   "%sdiv_ln1303 = sdiv i34 4294967296, i34 %sext_ln1303"   --->   Operation 452 'sdiv' 'sdiv_ln1303' <Predicate = true> <Delay = 1.48> <CoreInst = "DivnS_SEQ">   --->   Core 7 'DivnS_SEQ' <Latency = 37> <II = 34> <Delay = 1.48> <FuncUnit> <Opcode : 'sdiv' 'srem' 'udiv' 'urem'> <InPorts = 2> <OutPorts = 1>

State 43 <SV = 33> <Delay = 1.48>
ST_43 : Operation 453 [16/38] (1.48ns)   --->   "%sdiv_ln1303 = sdiv i34 4294967296, i34 %sext_ln1303"   --->   Operation 453 'sdiv' 'sdiv_ln1303' <Predicate = true> <Delay = 1.48> <CoreInst = "DivnS_SEQ">   --->   Core 7 'DivnS_SEQ' <Latency = 37> <II = 34> <Delay = 1.48> <FuncUnit> <Opcode : 'sdiv' 'srem' 'udiv' 'urem'> <InPorts = 2> <OutPorts = 1>

State 44 <SV = 34> <Delay = 1.48>
ST_44 : Operation 454 [15/38] (1.48ns)   --->   "%sdiv_ln1303 = sdiv i34 4294967296, i34 %sext_ln1303"   --->   Operation 454 'sdiv' 'sdiv_ln1303' <Predicate = true> <Delay = 1.48> <CoreInst = "DivnS_SEQ">   --->   Core 7 'DivnS_SEQ' <Latency = 37> <II = 34> <Delay = 1.48> <FuncUnit> <Opcode : 'sdiv' 'srem' 'udiv' 'urem'> <InPorts = 2> <OutPorts = 1>

State 45 <SV = 35> <Delay = 1.48>
ST_45 : Operation 455 [14/38] (1.48ns)   --->   "%sdiv_ln1303 = sdiv i34 4294967296, i34 %sext_ln1303"   --->   Operation 455 'sdiv' 'sdiv_ln1303' <Predicate = true> <Delay = 1.48> <CoreInst = "DivnS_SEQ">   --->   Core 7 'DivnS_SEQ' <Latency = 37> <II = 34> <Delay = 1.48> <FuncUnit> <Opcode : 'sdiv' 'srem' 'udiv' 'urem'> <InPorts = 2> <OutPorts = 1>

State 46 <SV = 36> <Delay = 1.48>
ST_46 : Operation 456 [13/38] (1.48ns)   --->   "%sdiv_ln1303 = sdiv i34 4294967296, i34 %sext_ln1303"   --->   Operation 456 'sdiv' 'sdiv_ln1303' <Predicate = true> <Delay = 1.48> <CoreInst = "DivnS_SEQ">   --->   Core 7 'DivnS_SEQ' <Latency = 37> <II = 34> <Delay = 1.48> <FuncUnit> <Opcode : 'sdiv' 'srem' 'udiv' 'urem'> <InPorts = 2> <OutPorts = 1>

State 47 <SV = 37> <Delay = 1.48>
ST_47 : Operation 457 [12/38] (1.48ns)   --->   "%sdiv_ln1303 = sdiv i34 4294967296, i34 %sext_ln1303"   --->   Operation 457 'sdiv' 'sdiv_ln1303' <Predicate = true> <Delay = 1.48> <CoreInst = "DivnS_SEQ">   --->   Core 7 'DivnS_SEQ' <Latency = 37> <II = 34> <Delay = 1.48> <FuncUnit> <Opcode : 'sdiv' 'srem' 'udiv' 'urem'> <InPorts = 2> <OutPorts = 1>

State 48 <SV = 38> <Delay = 1.48>
ST_48 : Operation 458 [11/38] (1.48ns)   --->   "%sdiv_ln1303 = sdiv i34 4294967296, i34 %sext_ln1303"   --->   Operation 458 'sdiv' 'sdiv_ln1303' <Predicate = true> <Delay = 1.48> <CoreInst = "DivnS_SEQ">   --->   Core 7 'DivnS_SEQ' <Latency = 37> <II = 34> <Delay = 1.48> <FuncUnit> <Opcode : 'sdiv' 'srem' 'udiv' 'urem'> <InPorts = 2> <OutPorts = 1>

State 49 <SV = 39> <Delay = 1.48>
ST_49 : Operation 459 [10/38] (1.48ns)   --->   "%sdiv_ln1303 = sdiv i34 4294967296, i34 %sext_ln1303"   --->   Operation 459 'sdiv' 'sdiv_ln1303' <Predicate = true> <Delay = 1.48> <CoreInst = "DivnS_SEQ">   --->   Core 7 'DivnS_SEQ' <Latency = 37> <II = 34> <Delay = 1.48> <FuncUnit> <Opcode : 'sdiv' 'srem' 'udiv' 'urem'> <InPorts = 2> <OutPorts = 1>

State 50 <SV = 40> <Delay = 1.48>
ST_50 : Operation 460 [9/38] (1.48ns)   --->   "%sdiv_ln1303 = sdiv i34 4294967296, i34 %sext_ln1303"   --->   Operation 460 'sdiv' 'sdiv_ln1303' <Predicate = true> <Delay = 1.48> <CoreInst = "DivnS_SEQ">   --->   Core 7 'DivnS_SEQ' <Latency = 37> <II = 34> <Delay = 1.48> <FuncUnit> <Opcode : 'sdiv' 'srem' 'udiv' 'urem'> <InPorts = 2> <OutPorts = 1>

State 51 <SV = 41> <Delay = 1.48>
ST_51 : Operation 461 [8/38] (1.48ns)   --->   "%sdiv_ln1303 = sdiv i34 4294967296, i34 %sext_ln1303"   --->   Operation 461 'sdiv' 'sdiv_ln1303' <Predicate = true> <Delay = 1.48> <CoreInst = "DivnS_SEQ">   --->   Core 7 'DivnS_SEQ' <Latency = 37> <II = 34> <Delay = 1.48> <FuncUnit> <Opcode : 'sdiv' 'srem' 'udiv' 'urem'> <InPorts = 2> <OutPorts = 1>

State 52 <SV = 42> <Delay = 1.48>
ST_52 : Operation 462 [7/38] (1.48ns)   --->   "%sdiv_ln1303 = sdiv i34 4294967296, i34 %sext_ln1303"   --->   Operation 462 'sdiv' 'sdiv_ln1303' <Predicate = true> <Delay = 1.48> <CoreInst = "DivnS_SEQ">   --->   Core 7 'DivnS_SEQ' <Latency = 37> <II = 34> <Delay = 1.48> <FuncUnit> <Opcode : 'sdiv' 'srem' 'udiv' 'urem'> <InPorts = 2> <OutPorts = 1>

State 53 <SV = 43> <Delay = 1.48>
ST_53 : Operation 463 [6/38] (1.48ns)   --->   "%sdiv_ln1303 = sdiv i34 4294967296, i34 %sext_ln1303"   --->   Operation 463 'sdiv' 'sdiv_ln1303' <Predicate = true> <Delay = 1.48> <CoreInst = "DivnS_SEQ">   --->   Core 7 'DivnS_SEQ' <Latency = 37> <II = 34> <Delay = 1.48> <FuncUnit> <Opcode : 'sdiv' 'srem' 'udiv' 'urem'> <InPorts = 2> <OutPorts = 1>

State 54 <SV = 44> <Delay = 1.48>
ST_54 : Operation 464 [5/38] (1.48ns)   --->   "%sdiv_ln1303 = sdiv i34 4294967296, i34 %sext_ln1303"   --->   Operation 464 'sdiv' 'sdiv_ln1303' <Predicate = true> <Delay = 1.48> <CoreInst = "DivnS_SEQ">   --->   Core 7 'DivnS_SEQ' <Latency = 37> <II = 34> <Delay = 1.48> <FuncUnit> <Opcode : 'sdiv' 'srem' 'udiv' 'urem'> <InPorts = 2> <OutPorts = 1>

State 55 <SV = 45> <Delay = 1.48>
ST_55 : Operation 465 [4/38] (1.48ns)   --->   "%sdiv_ln1303 = sdiv i34 4294967296, i34 %sext_ln1303"   --->   Operation 465 'sdiv' 'sdiv_ln1303' <Predicate = true> <Delay = 1.48> <CoreInst = "DivnS_SEQ">   --->   Core 7 'DivnS_SEQ' <Latency = 37> <II = 34> <Delay = 1.48> <FuncUnit> <Opcode : 'sdiv' 'srem' 'udiv' 'urem'> <InPorts = 2> <OutPorts = 1>

State 56 <SV = 46> <Delay = 1.48>
ST_56 : Operation 466 [3/38] (1.48ns)   --->   "%sdiv_ln1303 = sdiv i34 4294967296, i34 %sext_ln1303"   --->   Operation 466 'sdiv' 'sdiv_ln1303' <Predicate = true> <Delay = 1.48> <CoreInst = "DivnS_SEQ">   --->   Core 7 'DivnS_SEQ' <Latency = 37> <II = 34> <Delay = 1.48> <FuncUnit> <Opcode : 'sdiv' 'srem' 'udiv' 'urem'> <InPorts = 2> <OutPorts = 1>

State 57 <SV = 47> <Delay = 1.48>
ST_57 : Operation 467 [2/38] (1.48ns)   --->   "%sdiv_ln1303 = sdiv i34 4294967296, i34 %sext_ln1303"   --->   Operation 467 'sdiv' 'sdiv_ln1303' <Predicate = true> <Delay = 1.48> <CoreInst = "DivnS_SEQ">   --->   Core 7 'DivnS_SEQ' <Latency = 37> <II = 34> <Delay = 1.48> <FuncUnit> <Opcode : 'sdiv' 'srem' 'udiv' 'urem'> <InPorts = 2> <OutPorts = 1>

State 58 <SV = 48> <Delay = 2.71>
ST_58 : Operation 468 [1/1] (0.00ns)   --->   "%specloopname_ln0 = specloopname void @_ssdm_op_SpecLoopName, void @loop_h_out_loop_w_out_str"   --->   Operation 468 'specloopname' 'specloopname_ln0' <Predicate = true> <Delay = 0.00>
ST_58 : Operation 469 [1/1] (0.00ns)   --->   "%empty_92 = speclooptripcount i32 @_ssdm_op_SpecLoopTripCount, i64 784, i64 784, i64 784"   --->   Operation 469 'speclooptripcount' 'empty_92' <Predicate = true> <Delay = 0.00>
ST_58 : Operation 470 [1/1] (0.00ns)   --->   "%tmp_s = bitconcatenate i10 @_ssdm_op_BitConcatenate.i10.i5.i5, i5 %select_ln147_1, i5 0" [../denoiser_c_to_hls/denoiser.cpp:167]   --->   Operation 470 'bitconcatenate' 'tmp_s' <Predicate = true> <Delay = 0.00>
ST_58 : Operation 471 [1/1] (0.00ns)   --->   "%tmp_18 = bitconcatenate i7 @_ssdm_op_BitConcatenate.i7.i5.i2, i5 %select_ln147_1, i2 0" [../denoiser_c_to_hls/denoiser.cpp:167]   --->   Operation 471 'bitconcatenate' 'tmp_18' <Predicate = true> <Delay = 0.00>
ST_58 : Operation 472 [1/1] (0.00ns)   --->   "%zext_ln167 = zext i7 %tmp_18" [../denoiser_c_to_hls/denoiser.cpp:167]   --->   Operation 472 'zext' 'zext_ln167' <Predicate = true> <Delay = 0.00>
ST_58 : Operation 473 [1/1] (0.00ns) (grouped into TernaryAdder)   --->   "%sub_ln167 = sub i10 %tmp_s, i10 %zext_ln167" [../denoiser_c_to_hls/denoiser.cpp:167]   --->   Operation 473 'sub' 'sub_ln167' <Predicate = true> <Delay = 0.00> <CoreInst = "TAddSub">   --->   Core 10 'TAddSub' <Latency = 0> <II = 1> <Delay = 0.30> <IPBlock> <Opcode : 'add' 'sub'> <InPorts = 3> <OutPorts = 1> <Sync> <CReg>
ST_58 : Operation 474 [1/1] (0.00ns)   --->   "%zext_ln167_1 = zext i5 %select_ln147" [../denoiser_c_to_hls/denoiser.cpp:167]   --->   Operation 474 'zext' 'zext_ln167_1' <Predicate = true> <Delay = 0.00>
ST_58 : Operation 475 [1/1] (0.96ns) (root node of TernaryAdder)   --->   "%add_ln167 = add i10 %sub_ln167, i10 %zext_ln167_1" [../denoiser_c_to_hls/denoiser.cpp:167]   --->   Operation 475 'add' 'add_ln167' <Predicate = true> <Delay = 0.96> <CoreInst = "TAddSub">   --->   Core 10 'TAddSub' <Latency = 0> <II = 1> <Delay = 0.30> <IPBlock> <Opcode : 'add' 'sub'> <InPorts = 3> <OutPorts = 1> <Sync> <CReg>
ST_58 : Operation 476 [1/1] (0.00ns)   --->   "%zext_ln167_2 = zext i10 %add_ln167" [../denoiser_c_to_hls/denoiser.cpp:167]   --->   Operation 476 'zext' 'zext_ln167_2' <Predicate = true> <Delay = 0.00>
ST_58 : Operation 477 [1/1] (0.00ns)   --->   "%output_addr = getelementptr i16 %output_r, i64 0, i64 %zext_ln167_2" [../denoiser_c_to_hls/denoiser.cpp:167]   --->   Operation 477 'getelementptr' 'output_addr' <Predicate = true> <Delay = 0.00>
ST_58 : Operation 478 [1/1] (0.00ns)   --->   "%specloopname_ln151 = specloopname void @_ssdm_op_SpecLoopName, void @empty_12" [../denoiser_c_to_hls/denoiser.cpp:151]   --->   Operation 478 'specloopname' 'specloopname_ln151' <Predicate = true> <Delay = 0.00>
ST_58 : Operation 479 [1/38] (1.48ns)   --->   "%sdiv_ln1303 = sdiv i34 4294967296, i34 %sext_ln1303"   --->   Operation 479 'sdiv' 'sdiv_ln1303' <Predicate = true> <Delay = 1.48> <CoreInst = "DivnS_SEQ">   --->   Core 7 'DivnS_SEQ' <Latency = 37> <II = 34> <Delay = 1.48> <FuncUnit> <Opcode : 'sdiv' 'srem' 'udiv' 'urem'> <InPorts = 2> <OutPorts = 1>
ST_58 : Operation 480 [1/1] (0.00ns)   --->   "%trunc_ln = partselect i16 @_ssdm_op_PartSelect.i16.i34.i32.i32, i34 %sdiv_ln1303, i32 6, i32 21"   --->   Operation 480 'partselect' 'trunc_ln' <Predicate = true> <Delay = 0.00>
ST_58 : Operation 481 [1/1] (1.23ns)   --->   "%store_ln167 = store i16 %trunc_ln, i10 %output_addr" [../denoiser_c_to_hls/denoiser.cpp:167]   --->   Operation 481 'store' 'store_ln167' <Predicate = true> <Delay = 1.23> <CoreInst = "RAM">   --->   Core 83 'RAM' <Latency = 1> <II = 1> <Delay = 1.23> <Storage> <Opcode : 'load' 'store'> <Ports = 2> <Width = 16> <Depth = 784> <RAM>
ST_58 : Operation 482 [1/1] (0.00ns)   --->   "%br_ln149 = br void %for.body5.i50" [../denoiser_c_to_hls/denoiser.cpp:149]   --->   Operation 482 'br' 'br_ln149' <Predicate = true> <Delay = 0.00>


============================================================
+ Verbose Summary: Binding
============================================================
STG Binding: 
---------------- STG Properties BEGIN ----------------
- Is combinational: 0
- Is one-state seq: 0
- Is datapath-only: 0
- Is pipelined: 0
- Is top level: 0
Port [ Return ] is wired: 1; IO mode=ap_ctrl_hs:ce=0
Port [ d]:  wired=1; compound=1; hidden=0; nouse=0; global=0; static=0; extern=0; dir=2; type=1; pingpong=0; private_global=0; MemPort=[21]; IO mode=ap_memory:ce=0
Port [ input_r]:  wired=1; compound=1; hidden=0; nouse=0; global=0; static=0; extern=0; dir=0; type=1; pingpong=0; private_global=0; MemPort=[11]; IO mode=ap_memory:ce=0
Port [ output_r]:  wired=1; compound=1; hidden=0; nouse=0; global=0; static=0; extern=0; dir=1; type=1; pingpong=0; private_global=0; MemPort=[03]; IO mode=ap_memory:ce=0
Port [ conv1_kernel_V]:  wired=0; compound=1; hidden=1; nouse=1; global=1; static=1; extern=0; dir=0; type=1; pingpong=0; private_global=0; MemPort=[1]; IO mode=ap_memory:ce=0
Port [ conv2_bias_V]:  wired=0; compound=1; hidden=1; nouse=0; global=1; static=1; extern=0; dir=0; type=1; pingpong=0; private_global=1; MemPort=[1]; IO mode=ap_memory:ce=0
Port [ conv2_kernel_V]:  wired=0; compound=1; hidden=1; nouse=1; global=1; static=1; extern=0; dir=0; type=1; pingpong=0; private_global=0; MemPort=[1]; IO mode=ap_memory:ce=0
Port [ conv3_kernel_V]:  wired=0; compound=1; hidden=1; nouse=1; global=1; static=1; extern=0; dir=0; type=1; pingpong=0; private_global=0; MemPort=[1]; IO mode=ap_memory:ce=0
Port [ conv_out_kernel_V]:  wired=0; compound=1; hidden=1; nouse=1; global=1; static=1; extern=0; dir=0; type=1; pingpong=0; private_global=0; MemPort=[1]; IO mode=ap_memory:ce=0
Port [ f_x_msb_2_table_V]:  wired=0; compound=1; hidden=1; nouse=0; global=1; static=1; extern=0; dir=0; type=1; pingpong=0; private_global=1; MemPort=[1]; IO mode=ap_memory:ce=0
Port [ exp_x_msb_1_table_V]:  wired=0; compound=1; hidden=1; nouse=0; global=1; static=1; extern=0; dir=0; type=1; pingpong=0; private_global=1; MemPort=[1]; IO mode=ap_memory:ce=0
---------------- STG Properties END ------------------

---------------- Datapath Model BEGIN ----------------

<LifeTime>
<method=bitvector/>
y                          (alloca                ) [ 01111100000000000000000000000000000000000000000000000000000]
x                          (alloca                ) [ 01111100000000000000000000000000000000000000000000000000000]
indvar_flatten             (alloca                ) [ 01111100000000000000000000000000000000000000000000000000000]
n                          (alloca                ) [ 01111100000000000000000000000000000000000000000000000000000]
indvar_flatten25           (alloca                ) [ 01111100000000000000000000000000000000000000000000000000000]
s_V_18_loc                 (alloca                ) [ 00111111111111111111111111111111111111111111111111111111111]
s_V_16_loc                 (alloca                ) [ 00111111111111110000000000000000000000000000000000000000000]
s_V_15_loc                 (alloca                ) [ 00111111111000000000000000000000000000000000000000000000000]
s_V_14_loc                 (alloca                ) [ 00111100000000000000000000000000000000000000000000000000000]
s_V_13_loc                 (alloca                ) [ 00111100000000000000000000000000000000000000000000000000000]
specbramwithbyteenable_ln0 (specbramwithbyteenable) [ 00000000000000000000000000000000000000000000000000000000000]
store_ln17                 (store                 ) [ 00000000000000000000000000000000000000000000000000000000000]
store_ln17                 (store                 ) [ 00000000000000000000000000000000000000000000000000000000000]
store_ln17                 (store                 ) [ 00000000000000000000000000000000000000000000000000000000000]
store_ln17                 (store                 ) [ 00000000000000000000000000000000000000000000000000000000000]
store_ln17                 (store                 ) [ 00000000000000000000000000000000000000000000000000000000000]
br_ln17                    (br                    ) [ 00000000000000000000000000000000000000000000000000000000000]
x_4                        (load                  ) [ 00000000000000000000000000000000000000000000000000000000000]
n_3                        (load                  ) [ 00000000000000000000000000000000000000000000000000000000000]
indvar_flatten25_load      (load                  ) [ 00000000000000000000000000000000000000000000000000000000000]
empty_80                   (trunc                 ) [ 00000000000000000000000000000000000000000000000000000000000]
s_V                        (mux                   ) [ 00000000000000000000000000000000000000000000000000000000000]
shl_ln36_1                 (bitconcatenate        ) [ 00000000000000000000000000000000000000000000000000000000000]
zext_ln36                  (zext                  ) [ 00000000000000000000000000000000000000000000000000000000000]
shl_ln36_2                 (bitconcatenate        ) [ 00000000000000000000000000000000000000000000000000000000000]
zext_ln36_1                (zext                  ) [ 00000000000000000000000000000000000000000000000000000000000]
sub_ln36                   (sub                   ) [ 00000000000000000000000000000000000000000000000000000000000]
icmp_ln17                  (icmp                  ) [ 00111100000000000000000000000000000000000000000000000000000]
add_ln17_1                 (add                   ) [ 00011100000000000000000000000000000000000000000000000000000]
br_ln17                    (br                    ) [ 00000000000000000000000000000000000000000000000000000000000]
y_load                     (load                  ) [ 00000000000000000000000000000000000000000000000000000000000]
indvar_flatten_load_1      (load                  ) [ 00000000000000000000000000000000000000000000000000000000000]
add_ln17                   (add                   ) [ 00000000000000000000000000000000000000000000000000000000000]
specloopname_ln0           (specloopname          ) [ 00000000000000000000000000000000000000000000000000000000000]
empty                      (speclooptripcount     ) [ 00000000000000000000000000000000000000000000000000000000000]
icmp_ln19                  (icmp                  ) [ 00011100000000000000000000000000000000000000000000000000000]
select_ln17                (select                ) [ 00000000000000000000000000000000000000000000000000000000000]
select_ln17_1              (select                ) [ 00011100000000000000000000000000000000000000000000000000000]
zext_ln17                  (zext                  ) [ 00011100000000000000000000000000000000000000000000000000000]
empty_79                   (trunc                 ) [ 00000000000000000000000000000000000000000000000000000000000]
trunc_ln17                 (trunc                 ) [ 00011100000000000000000000000000000000000000000000000000000]
p_shl_cast_mid2_v          (bitconcatenate        ) [ 00000000000000000000000000000000000000000000000000000000000]
zext_ln17_1                (zext                  ) [ 00011100000000000000000000000000000000000000000000000000000]
s_V_mid1                   (mux                   ) [ 00000000000000000000000000000000000000000000000000000000000]
select_ln17_2              (select                ) [ 00111100000000000000000000000000000000000000000000000000000]
select_ln17_3              (select                ) [ 00000000000000000000000000000000000000000000000000000000000]
xor_ln17                   (xor                   ) [ 00000000000000000000000000000000000000000000000000000000000]
icmp_ln21                  (icmp                  ) [ 00000000000000000000000000000000000000000000000000000000000]
and_ln17                   (and                   ) [ 00000000000000000000000000000000000000000000000000000000000]
add_ln19                   (add                   ) [ 00000000000000000000000000000000000000000000000000000000000]
specloopname_ln0           (specloopname          ) [ 00000000000000000000000000000000000000000000000000000000000]
or_ln19                    (or                    ) [ 00000000000000000000000000000000000000000000000000000000000]
select_ln19                (select                ) [ 00011100000000000000000000000000000000000000000000000000000]
shl_ln36_1_mid1            (bitconcatenate        ) [ 00000000000000000000000000000000000000000000000000000000000]
zext_ln36_4                (zext                  ) [ 00000000000000000000000000000000000000000000000000000000000]
shl_ln36_2_mid1            (bitconcatenate        ) [ 00000000000000000000000000000000000000000000000000000000000]
zext_ln36_5                (zext                  ) [ 00000000000000000000000000000000000000000000000000000000000]
sub_ln36_1                 (sub                   ) [ 00000000000000000000000000000000000000000000000000000000000]
select_ln19_1              (select                ) [ 00011100000000000000000000000000000000000000000000000000000]
select_ln19_2              (select                ) [ 00011100000000000000000000000000000000000000000000000000000]
zext_ln21                  (zext                  ) [ 00000000000000000000000000000000000000000000000000000000000]
specloopname_ln21          (specloopname          ) [ 00000000000000000000000000000000000000000000000000000000000]
add_ln30                   (add                   ) [ 00011100000000000000000000000000000000000000000000000000000]
br_ln25                    (br                    ) [ 00111100000000000000000000000000000000000000000000000000000]
y_1                        (alloca                ) [ 00111111111000000000000000000000000000000000000000000000000]
x_1                        (alloca                ) [ 00111111111000000000000000000000000000000000000000000000000]
indvar_flatten144          (alloca                ) [ 00111111111000000000000000000000000000000000000000000000000]
n_1                        (alloca                ) [ 00111111111000000000000000000000000000000000000000000000000]
indvar_flatten171          (alloca                ) [ 00111111111000000000000000000000000000000000000000000000000]
store_ln66                 (store                 ) [ 00000000000000000000000000000000000000000000000000000000000]
store_ln66                 (store                 ) [ 00000000000000000000000000000000000000000000000000000000000]
store_ln66                 (store                 ) [ 00000000000000000000000000000000000000000000000000000000000]
store_ln66                 (store                 ) [ 00000000000000000000000000000000000000000000000000000000000]
store_ln66                 (store                 ) [ 00000000000000000000000000000000000000000000000000000000000]
i                          (phi                   ) [ 00010000000000000000000000000000000000000000000000000000000]
s_V_1                      (phi                   ) [ 00011000000000000000000000000000000000000000000000000000000]
icmp_ln25                  (icmp                  ) [ 00111100000000000000000000000000000000000000000000000000000]
empty_81                   (speclooptripcount     ) [ 00000000000000000000000000000000000000000000000000000000000]
add_ln25                   (add                   ) [ 00111100000000000000000000000000000000000000000000000000000]
br_ln25                    (br                    ) [ 00000000000000000000000000000000000000000000000000000000000]
zext_ln25                  (zext                  ) [ 00000000000000000000000000000000000000000000000000000000000]
empty_82                   (add                   ) [ 00000000000000000000000000000000000000000000000000000000000]
p_cast78                   (zext                  ) [ 00000000000000000000000000000000000000000000000000000000000]
empty_83                   (add                   ) [ 00000000000000000000000000000000000000000000000000000000000]
trunc_ln32                 (trunc                 ) [ 00000000000000000000000000000000000000000000000000000000000]
tmp_12                     (bitconcatenate        ) [ 00000000000000000000000000000000000000000000000000000000000]
tmp_13                     (bitconcatenate        ) [ 00000000000000000000000000000000000000000000000000000000000]
zext_ln32                  (zext                  ) [ 00000000000000000000000000000000000000000000000000000000000]
sub_ln32                   (sub                   ) [ 00001000000000000000000000000000000000000000000000000000000]
p_shl3                     (bitconcatenate        ) [ 00000000000000000000000000000000000000000000000000000000000]
p_shl3_cast                (zext                  ) [ 00000000000000000000000000000000000000000000000000000000000]
empty_84                   (sub                   ) [ 00000000000000000000000000000000000000000000000000000000000]
tmp3                       (add                   ) [ 00000000000000000000000000000000000000000000000000000000000]
tmp3_cast                  (sext                  ) [ 00000000000000000000000000000000000000000000000000000000000]
empty_85                   (add                   ) [ 00001000000000000000000000000000000000000000000000000000000]
notlhs                     (icmp                  ) [ 00000000000000000000000000000000000000000000000000000000000]
notrhs                     (icmp                  ) [ 00000000000000000000000000000000000000000000000000000000000]
brmerge_not                (and                   ) [ 00001000000000000000000000000000000000000000000000000000000]
indvar_flatten_load        (load                  ) [ 00000000000000000000000000000000000000000000000000000000000]
trunc_ln25                 (trunc                 ) [ 00000000000000000000000000000000000000000000000000000000000]
icmp_ln1649_3              (icmp                  ) [ 00000000000000000000000000000000000000000000000000000000000]
select_ln65                (select                ) [ 00000000000000000000000000000000000000000000000000000000000]
zext_ln36_2                (zext                  ) [ 00000000000000000000000000000000000000000000000000000000000]
tmp2                       (bitconcatenate        ) [ 00000000000000000000000000000000000000000000000000000000000]
zext_ln36_3                (zext                  ) [ 00000000000000000000000000000000000000000000000000000000000]
add_ln36                   (add                   ) [ 00000000000000000000000000000000000000000000000000000000000]
trunc_ln5                  (partselect            ) [ 00000000000000000000000000000000000000000000000000000000000]
sext_ln36                  (sext                  ) [ 00000000000000000000000000000000000000000000000000000000000]
zext_ln36_6                (zext                  ) [ 00000000000000000000000000000000000000000000000000000000000]
d_addr_5                   (getelementptr         ) [ 00000000000000000000000000000000000000000000000000000000000]
store_ln36                 (store                 ) [ 00000000000000000000000000000000000000000000000000000000000]
add_ln21                   (add                   ) [ 00000000000000000000000000000000000000000000000000000000000]
add_ln19_1                 (add                   ) [ 00000000000000000000000000000000000000000000000000000000000]
select_ln19_3              (select                ) [ 00000000000000000000000000000000000000000000000000000000000]
store_ln21                 (store                 ) [ 00000000000000000000000000000000000000000000000000000000000]
store_ln21                 (store                 ) [ 00000000000000000000000000000000000000000000000000000000000]
store_ln21                 (store                 ) [ 00000000000000000000000000000000000000000000000000000000000]
store_ln21                 (store                 ) [ 00000000000000000000000000000000000000000000000000000000000]
store_ln21                 (store                 ) [ 00000000000000000000000000000000000000000000000000000000000]
br_ln21                    (br                    ) [ 00000000000000000000000000000000000000000000000000000000000]
targetBlock                (call                  ) [ 00000100000000000000000000000000000000000000000000000000000]
specloopname_ln27          (specloopname          ) [ 00000000000000000000000000000000000000000000000000000000000]
s_V_13_loc_load            (load                  ) [ 00000000000000000000000000000000000000000000000000000000000]
s_V_14_loc_load            (load                  ) [ 00000000000000000000000000000000000000000000000000000000000]
s_V_3                      (select                ) [ 00111100000000000000000000000000000000000000000000000000000]
br_ln25                    (br                    ) [ 00111100000000000000000000000000000000000000000000000000000]
call_ln0                   (call                  ) [ 00000000000000000000000000000000000000000000000000000000000]
br_ln66                    (br                    ) [ 00000000000000000000000000000000000000000000000000000000000]
x_5                        (load                  ) [ 00000000000000000000000000000000000000000000000000000000000]
n_4                        (load                  ) [ 00000000000000000000000000000000000000000000000000000000000]
indvar_flatten171_load     (load                  ) [ 00000000000000000000000000000000000000000000000000000000000]
empty_88                   (trunc                 ) [ 00000000000000000000000000000000000000000000000000000000000]
tmp_5                      (bitconcatenate        ) [ 00000000000000000000000000000000000000000000000000000000000]
shl_ln88_1                 (bitconcatenate        ) [ 00000000000000000000000000000000000000000000000000000000000]
zext_ln88                  (zext                  ) [ 00000000000000000000000000000000000000000000000000000000000]
shl_ln88_2                 (bitconcatenate        ) [ 00000000000000000000000000000000000000000000000000000000000]
zext_ln88_1                (zext                  ) [ 00000000000000000000000000000000000000000000000000000000000]
sub_ln88                   (sub                   ) [ 00000000000000000000000000000000000000000000000000000000000]
icmp_ln66                  (icmp                  ) [ 00000001111000000000000000000000000000000000000000000000000]
add_ln66_1                 (add                   ) [ 00000000000000000000000000000000000000000000000000000000000]
br_ln66                    (br                    ) [ 00000000000000000000000000000000000000000000000000000000000]
y_1_load                   (load                  ) [ 00000000000000000000000000000000000000000000000000000000000]
indvar_flatten144_load     (load                  ) [ 00000000000000000000000000000000000000000000000000000000000]
add_ln66                   (add                   ) [ 00000000000000000000000000000000000000000000000000000000000]
icmp_ln68                  (icmp                  ) [ 00000000000000000000000000000000000000000000000000000000000]
select_ln66                (select                ) [ 00000000000000000000000000000000000000000000000000000000000]
empty_87                   (trunc                 ) [ 00000000000000000000000000000000000000000000000000000000000]
tmp_5_mid1                 (bitconcatenate        ) [ 00000000000000000000000000000000000000000000000000000000000]
select_ln66_1              (select                ) [ 00000000110000000000000000000000000000000000000000000000000]
select_ln66_2              (select                ) [ 00000000000000000000000000000000000000000000000000000000000]
zext_ln66                  (zext                  ) [ 00000000000000000000000000000000000000000000000000000000000]
conv2_bias_V_addr          (getelementptr         ) [ 00000000100000000000000000000000000000000000000000000000000]
trunc_ln66                 (trunc                 ) [ 00000000000000000000000000000000000000000000000000000000000]
select_ln66_3              (select                ) [ 00000000000000000000000000000000000000000000000000000000000]
xor_ln66                   (xor                   ) [ 00000000000000000000000000000000000000000000000000000000000]
icmp_ln70                  (icmp                  ) [ 00000000000000000000000000000000000000000000000000000000000]
and_ln66                   (and                   ) [ 00000000000000000000000000000000000000000000000000000000000]
add_ln68                   (add                   ) [ 00000000000000000000000000000000000000000000000000000000000]
or_ln68                    (or                    ) [ 00000000000000000000000000000000000000000000000000000000000]
select_ln68                (select                ) [ 00000000110000000000000000000000000000000000000000000000000]
shl_ln88_1_mid1            (bitconcatenate        ) [ 00000000000000000000000000000000000000000000000000000000000]
zext_ln88_4                (zext                  ) [ 00000000000000000000000000000000000000000000000000000000000]
shl_ln88_2_mid1            (bitconcatenate        ) [ 00000000000000000000000000000000000000000000000000000000000]
zext_ln88_5                (zext                  ) [ 00000000000000000000000000000000000000000000000000000000000]
sub_ln88_1                 (sub                   ) [ 00000000000000000000000000000000000000000000000000000000000]
select_ln68_1              (select                ) [ 00000000000000000000000000000000000000000000000000000000000]
select_ln68_2              (select                ) [ 00000000110000000000000000000000000000000000000000000000000]
tmp4                       (bitconcatenate        ) [ 00000000000000000000000000000000000000000000000000000000000]
zext_ln88_3                (zext                  ) [ 00000000000000000000000000000000000000000000000000000000000]
add_ln88                   (add                   ) [ 00000000000000000000000000000000000000000000000000000000000]
trunc_ln7                  (partselect            ) [ 00000000111000000000000000000000000000000000000000000000000]
add_ln70                   (add                   ) [ 00000000000000000000000000000000000000000000000000000000000]
add_ln68_1                 (add                   ) [ 00000000000000000000000000000000000000000000000000000000000]
select_ln68_3              (select                ) [ 00000000000000000000000000000000000000000000000000000000000]
store_ln70                 (store                 ) [ 00000000000000000000000000000000000000000000000000000000000]
store_ln70                 (store                 ) [ 00000000000000000000000000000000000000000000000000000000000]
store_ln70                 (store                 ) [ 00000000000000000000000000000000000000000000000000000000000]
store_ln70                 (store                 ) [ 00000000000000000000000000000000000000000000000000000000000]
store_ln70                 (store                 ) [ 00000000000000000000000000000000000000000000000000000000000]
y_3                        (alloca                ) [ 00000001111111110000000000000000000000000000000000000000000]
x_3                        (alloca                ) [ 00000001111111110000000000000000000000000000000000000000000]
indvar_flatten289          (alloca                ) [ 00000001111111110000000000000000000000000000000000000000000]
n_2                        (alloca                ) [ 00000001111111110000000000000000000000000000000000000000000]
indvar_flatten315          (alloca                ) [ 00000001111111110000000000000000000000000000000000000000000]
store_ln115                (store                 ) [ 00000000000000000000000000000000000000000000000000000000000]
store_ln115                (store                 ) [ 00000000000000000000000000000000000000000000000000000000000]
store_ln115                (store                 ) [ 00000000000000000000000000000000000000000000000000000000000]
store_ln115                (store                 ) [ 00000000000000000000000000000000000000000000000000000000000]
store_ln115                (store                 ) [ 00000000000000000000000000000000000000000000000000000000000]
conv2_bias_V_load          (load                  ) [ 00000000010000000000000000000000000000000000000000000000000]
p_cast123_mid1109          (zext                  ) [ 00000000000000000000000000000000000000000000000000000000000]
p_mid1111                  (add                   ) [ 00000000000000000000000000000000000000000000000000000000000]
cmp27_i_not_mid1115        (icmp                  ) [ 00000000010000000000000000000000000000000000000000000000000]
cmp29_i_not_mid1117        (icmp                  ) [ 00000000010000000000000000000000000000000000000000000000000]
shl_ln83_mid               (bitconcatenate        ) [ 00000000000000000000000000000000000000000000000000000000000]
sext_ln83_3                (sext                  ) [ 00000000000000000000000000000000000000000000000000000000000]
add_ln83_2                 (add                   ) [ 00000000010000000000000000000000000000000000000000000000000]
call_ln66                  (call                  ) [ 00000000000000000000000000000000000000000000000000000000000]
specloopname_ln0           (specloopname          ) [ 00000000000000000000000000000000000000000000000000000000000]
empty_86                   (speclooptripcount     ) [ 00000000000000000000000000000000000000000000000000000000000]
specloopname_ln0           (specloopname          ) [ 00000000000000000000000000000000000000000000000000000000000]
specloopname_ln70          (specloopname          ) [ 00000000000000000000000000000000000000000000000000000000000]
s_V_15_loc_load            (load                  ) [ 00000000000000000000000000000000000000000000000000000000000]
trunc_ln74                 (trunc                 ) [ 00000000000000000000000000000000000000000000000000000000000]
icmp_ln1649                (icmp                  ) [ 00000000000000000000000000000000000000000000000000000000000]
select_ln65_1              (select                ) [ 00000000000000000000000000000000000000000000000000000000000]
zext_ln88_2                (zext                  ) [ 00000000000000000000000000000000000000000000000000000000000]
sext_ln88                  (sext                  ) [ 00000000000000000000000000000000000000000000000000000000000]
zext_ln88_6                (zext                  ) [ 00000000000000000000000000000000000000000000000000000000000]
d_addr                     (getelementptr         ) [ 00000000000000000000000000000000000000000000000000000000000]
store_ln88                 (store                 ) [ 00000000000000000000000000000000000000000000000000000000000]
br_ln70                    (br                    ) [ 00000000000000000000000000000000000000000000000000000000000]
call_ln0                   (call                  ) [ 00000000000000000000000000000000000000000000000000000000000]
br_ln115                   (br                    ) [ 00000000000000000000000000000000000000000000000000000000000]
x_6                        (load                  ) [ 00000000000000000000000000000000000000000000000000000000000]
n_5                        (load                  ) [ 00000000000000000000000000000000000000000000000000000000000]
indvar_flatten315_load     (load                  ) [ 00000000000000000000000000000000000000000000000000000000000]
empty_91                   (trunc                 ) [ 00000000000000000000000000000000000000000000000000000000000]
tmp_11                     (bitconcatenate        ) [ 00000000000000000000000000000000000000000000000000000000000]
s_V_4                      (mux                   ) [ 00000000000000000000000000000000000000000000000000000000000]
shl_ln137_1                (bitconcatenate        ) [ 00000000000000000000000000000000000000000000000000000000000]
zext_ln137                 (zext                  ) [ 00000000000000000000000000000000000000000000000000000000000]
shl_ln137_2                (bitconcatenate        ) [ 00000000000000000000000000000000000000000000000000000000000]
zext_ln137_1               (zext                  ) [ 00000000000000000000000000000000000000000000000000000000000]
sub_ln137                  (sub                   ) [ 00000000000000000000000000000000000000000000000000000000000]
icmp_ln115                 (icmp                  ) [ 00000000000011110000000000000000000000000000000000000000000]
add_ln115_1                (add                   ) [ 00000000000000000000000000000000000000000000000000000000000]
br_ln115                   (br                    ) [ 00000000000000000000000000000000000000000000000000000000000]
y_3_load                   (load                  ) [ 00000000000000000000000000000000000000000000000000000000000]
indvar_flatten289_load     (load                  ) [ 00000000000000000000000000000000000000000000000000000000000]
add_ln115                  (add                   ) [ 00000000000000000000000000000000000000000000000000000000000]
icmp_ln117                 (icmp                  ) [ 00000000000000000000000000000000000000000000000000000000000]
select_ln115               (select                ) [ 00000000000000000000000000000000000000000000000000000000000]
empty_90                   (trunc                 ) [ 00000000000000000000000000000000000000000000000000000000000]
tmp_11_mid1                (bitconcatenate        ) [ 00000000000000000000000000000000000000000000000000000000000]
select_ln115_1             (select                ) [ 00000000000001100000000000000000000000000000000000000000000]
s_V_8_mid1                 (mux                   ) [ 00000000000000000000000000000000000000000000000000000000000]
select_ln115_2             (select                ) [ 00000000000001100000000000000000000000000000000000000000000]
select_ln115_3             (select                ) [ 00000000000000000000000000000000000000000000000000000000000]
trunc_ln115                (trunc                 ) [ 00000000000000000000000000000000000000000000000000000000000]
select_ln115_4             (select                ) [ 00000000000000000000000000000000000000000000000000000000000]
xor_ln115                  (xor                   ) [ 00000000000000000000000000000000000000000000000000000000000]
icmp_ln119                 (icmp                  ) [ 00000000000000000000000000000000000000000000000000000000000]
and_ln115                  (and                   ) [ 00000000000000000000000000000000000000000000000000000000000]
add_ln117                  (add                   ) [ 00000000000000000000000000000000000000000000000000000000000]
or_ln117                   (or                    ) [ 00000000000000000000000000000000000000000000000000000000000]
select_ln117               (select                ) [ 00000000000001100000000000000000000000000000000000000000000]
shl_ln137_1_mid1           (bitconcatenate        ) [ 00000000000000000000000000000000000000000000000000000000000]
zext_ln137_4               (zext                  ) [ 00000000000000000000000000000000000000000000000000000000000]
shl_ln137_2_mid1           (bitconcatenate        ) [ 00000000000000000000000000000000000000000000000000000000000]
zext_ln137_5               (zext                  ) [ 00000000000000000000000000000000000000000000000000000000000]
sub_ln137_1                (sub                   ) [ 00000000000000000000000000000000000000000000000000000000000]
select_ln117_1             (select                ) [ 00000000000000000000000000000000000000000000000000000000000]
select_ln117_2             (select                ) [ 00000000000001100000000000000000000000000000000000000000000]
tmp5                       (bitconcatenate        ) [ 00000000000000000000000000000000000000000000000000000000000]
zext_ln137_3               (zext                  ) [ 00000000000000000000000000000000000000000000000000000000000]
add_ln137                  (add                   ) [ 00000000000000000000000000000000000000000000000000000000000]
trunc_ln8                  (partselect            ) [ 00000000000001110000000000000000000000000000000000000000000]
add_ln119                  (add                   ) [ 00000000000000000000000000000000000000000000000000000000000]
add_ln117_1                (add                   ) [ 00000000000000000000000000000000000000000000000000000000000]
select_ln117_3             (select                ) [ 00000000000000000000000000000000000000000000000000000000000]
store_ln119                (store                 ) [ 00000000000000000000000000000000000000000000000000000000000]
store_ln119                (store                 ) [ 00000000000000000000000000000000000000000000000000000000000]
store_ln119                (store                 ) [ 00000000000000000000000000000000000000000000000000000000000]
store_ln119                (store                 ) [ 00000000000000000000000000000000000000000000000000000000000]
store_ln119                (store                 ) [ 00000000000000000000000000000000000000000000000000000000000]
y_2                        (alloca                ) [ 00000000000011111111111111111111111111111111111111111111111]
x_2                        (alloca                ) [ 00000000000011111111111111111111111111111111111111111111111]
indvar_flatten393          (alloca                ) [ 00000000000011111111111111111111111111111111111111111111111]
store_ln147                (store                 ) [ 00000000000000000000000000000000000000000000000000000000000]
store_ln147                (store                 ) [ 00000000000000000000000000000000000000000000000000000000000]
store_ln147                (store                 ) [ 00000000000000000000000000000000000000000000000000000000000]
br_ln147                   (br                    ) [ 00000000000000000000000000000000000000000000000000000000000]
p_cast127_mid1252          (zext                  ) [ 00000000000000000000000000000000000000000000000000000000000]
p_mid1254                  (add                   ) [ 00000000000000000000000000000000000000000000000000000000000]
cmp27_i431_not_mid1258     (icmp                  ) [ 00000000000000100000000000000000000000000000000000000000000]
cmp29_i433_not_mid1260     (icmp                  ) [ 00000000000000100000000000000000000000000000000000000000000]
shl_ln132_mid              (bitconcatenate        ) [ 00000000000000000000000000000000000000000000000000000000000]
sext_ln132_3               (sext                  ) [ 00000000000000000000000000000000000000000000000000000000000]
add_ln132_2                (add                   ) [ 00000000000000100000000000000000000000000000000000000000000]
call_ln115                 (call                  ) [ 00000000000000000000000000000000000000000000000000000000000]
specloopname_ln0           (specloopname          ) [ 00000000000000000000000000000000000000000000000000000000000]
empty_89                   (speclooptripcount     ) [ 00000000000000000000000000000000000000000000000000000000000]
specloopname_ln0           (specloopname          ) [ 00000000000000000000000000000000000000000000000000000000000]
specloopname_ln119         (specloopname          ) [ 00000000000000000000000000000000000000000000000000000000000]
s_V_16_loc_load            (load                  ) [ 00000000000000000000000000000000000000000000000000000000000]
trunc_ln123                (trunc                 ) [ 00000000000000000000000000000000000000000000000000000000000]
icmp_ln1649_4              (icmp                  ) [ 00000000000000000000000000000000000000000000000000000000000]
select_ln65_2              (select                ) [ 00000000000000000000000000000000000000000000000000000000000]
zext_ln137_2               (zext                  ) [ 00000000000000000000000000000000000000000000000000000000000]
sext_ln137                 (sext                  ) [ 00000000000000000000000000000000000000000000000000000000000]
zext_ln137_6               (zext                  ) [ 00000000000000000000000000000000000000000000000000000000000]
d_addr_8                   (getelementptr         ) [ 00000000000000000000000000000000000000000000000000000000000]
store_ln137                (store                 ) [ 00000000000000000000000000000000000000000000000000000000000]
br_ln119                   (br                    ) [ 00000000000000000000000000000000000000000000000000000000000]
indvar_flatten393_load     (load                  ) [ 00000000000000000000000000000000000000000000000000000000000]
icmp_ln147                 (icmp                  ) [ 00000000000000001111111111111111111111111111111111111111111]
add_ln147_1                (add                   ) [ 00000000000000000000000000000000000000000000000000000000000]
br_ln147                   (br                    ) [ 00000000000000000000000000000000000000000000000000000000000]
y_2_load                   (load                  ) [ 00000000000000000000000000000000000000000000000000000000000]
icmp_ln149                 (icmp                  ) [ 00000000000000000100000000000000000000000000000000000000000]
select_ln147               (select                ) [ 00000000000000000111111111111111111111111111111111111111111]
add_ln149                  (add                   ) [ 00000000000000000000000000000000000000000000000000000000000]
store_ln149                (store                 ) [ 00000000000000000000000000000000000000000000000000000000000]
store_ln149                (store                 ) [ 00000000000000000000000000000000000000000000000000000000000]
ret_ln196                  (ret                   ) [ 00000000000000000000000000000000000000000000000000000000000]
x_2_load                   (load                  ) [ 00000000000000000000000000000000000000000000000000000000000]
add_ln147                  (add                   ) [ 00000000000000000000000000000000000000000000000000000000000]
select_ln147_1             (select                ) [ 00000000000000000011111111111111111111111111111111111111111]
p_cast125_mid1358          (zext                  ) [ 00000000000000000000000000000000000000000000000000000000000]
p_mid1360                  (add                   ) [ 00000000000000000000000000000000000000000000000000000000000]
cmp23_i72_not_mid1364      (icmp                  ) [ 00000000000000000010000000000000000000000000000000000000000]
cmp25_i74_not_mid1366      (icmp                  ) [ 00000000000000000010000000000000000000000000000000000000000]
shl_ln162_mid              (bitconcatenate        ) [ 00000000000000000010000000000000000000000000000000000000000]
store_ln149                (store                 ) [ 00000000000000000000000000000000000000000000000000000000000]
call_ln147                 (call                  ) [ 00000000000000000000000000000000000000000000000000000000000]
s_V_18_loc_load            (load                  ) [ 00000000000000000000000000000000000000000000000000000000000]
icmp_ln1649_5              (icmp                  ) [ 00000000000000000000000000000000000000000000000000000000000]
icmp_ln1650                (icmp                  ) [ 00000000000000000000000000000000000000000000000000000000000]
or_ln69                    (or                    ) [ 00000000000000000000000000000000000000000000000000000000000]
select_ln69                (select                ) [ 00000000000000000000000000000000000000000000000000000000000]
trunc_ln838                (trunc                 ) [ 00000000000000000000000000000000000000000000000000000000000]
select_ln69_1              (select                ) [ 00000000000000000000000000000000000000000000000000000000000]
x_wide                     (bitconcatenate        ) [ 00000000000000000000000000000000000000000000000000000000000]
r_V                        (sub                   ) [ 00000000000000000000000000000000000000000000000000000000000]
p_Result_s                 (bitselect             ) [ 00000000000000000000000000000000000000000000000000000000000]
tmp                        (partselect            ) [ 00000000000000000000000000000000000000000000000000000000000]
p_Result_6                 (bitconcatenate        ) [ 00000000000000000000000000000000000000000000000000000000000]
tmp_15                     (partselect            ) [ 00000000000000000000100000000000000000000000000000000000000]
zext_ln541                 (zext                  ) [ 00000000000000000000000000000000000000000000000000000000000]
f_x_msb_2_table_V_addr     (getelementptr         ) [ 00000000000000000000100000000000000000000000000000000000000]
zext_ln541_1               (zext                  ) [ 00000000000000000000000000000000000000000000000000000000000]
exp_x_msb_1_table_V_addr   (getelementptr         ) [ 00000000000000000000100000000000000000000000000000000000000]
f_x_msb_2_V                (load                  ) [ 00000000000000000000000000000000000000000000000000000000000]
f_x_msb_2_h_V              (partselect            ) [ 00000000000000000000000000000000000000000000000000000000000]
zext_ln813                 (zext                  ) [ 00000000000000000000000000000000000000000000000000000000000]
zext_ln813_2               (zext                  ) [ 00000000000000000000000000000000000000000000000000000000000]
ret_V_6                    (add                   ) [ 00000000000000000000000000000000000000000000000000000000000]
trunc_ln594                (trunc                 ) [ 00000000000000000000000000000000000000000000000000000000000]
rhs                        (bitconcatenate        ) [ 00000000000000000000000000000000000000000000000000000000000]
ret_V                      (add                   ) [ 00000000000000000000000000000000000000000000000000000000000]
exp_x_msb_2_3_4_lsb_m_1_V  (partselect            ) [ 00000000000000000000000000000000000000000000000000000000000]
exp_x_msb_1_V              (load                  ) [ 00000000000000000000010000000000000000000000000000000000000]
zext_ln1271_2              (zext                  ) [ 00000000000000000000000000000000000000000000000000000000000]
zext_ln1273                (zext                  ) [ 00000000000000000000000000000000000000000000000000000000000]
r_V_10                     (mul                   ) [ 00000000000000000000000000000000000000000000000000000000000]
trunc_ln813_1              (partselect            ) [ 00000000000000000000010000000000000000000000000000000000000]
zext_ln813_1               (zext                  ) [ 00000000000000000000000000000000000000000000000000000000000]
y_l_V                      (add                   ) [ 00000000000000000000000000000000000000000000000000000000000]
tmp_8                      (partselect            ) [ 00000000000000000000000000000000000000000000000000000000000]
overf                      (icmp                  ) [ 00000000000000000000000000000000000000000000000000000000000]
p_Result_4                 (bitselect             ) [ 00000000000000000000000000000000000000000000000000000000000]
p_Result_5                 (bitselect             ) [ 00000000000000000000000000000000000000000000000000000000000]
or_ln533                   (or                    ) [ 00000000000000000000000000000000000000000000000000000000000]
or_ln533_1                 (or                    ) [ 00000000000000000000000000000000000000000000000000000000000]
tmp_14                     (partselect            ) [ 00000000000000000000000000000000000000000000000000000000000]
icmp_ln533                 (icmp                  ) [ 00000000000000000000000000000000000000000000000000000000000]
overf_1                    (or                    ) [ 00000000000000000000000000000000000000000000000000000000000]
tmp_20                     (partselect            ) [ 00000000000000000000000000000000000000000000000000000000000]
exp_val                    (select                ) [ 00000000000000000000000000000000000000000000000000000000000]
sext_ln813                 (sext                  ) [ 00000000000000000000000000000000000000000000000000000000000]
ret_V_5                    (add                   ) [ 00000000000000000000000000000000000000000000000000000000000]
sext_ln1303                (sext                  ) [ 00000000000000000000001111111111111111111111111111111111111]
specloopname_ln0           (specloopname          ) [ 00000000000000000000000000000000000000000000000000000000000]
empty_92                   (speclooptripcount     ) [ 00000000000000000000000000000000000000000000000000000000000]
tmp_s                      (bitconcatenate        ) [ 00000000000000000000000000000000000000000000000000000000000]
tmp_18                     (bitconcatenate        ) [ 00000000000000000000000000000000000000000000000000000000000]
zext_ln167                 (zext                  ) [ 00000000000000000000000000000000000000000000000000000000000]
sub_ln167                  (sub                   ) [ 00000000000000000000000000000000000000000000000000000000000]
zext_ln167_1               (zext                  ) [ 00000000000000000000000000000000000000000000000000000000000]
add_ln167                  (add                   ) [ 00000000000000000000000000000000000000000000000000000000000]
zext_ln167_2               (zext                  ) [ 00000000000000000000000000000000000000000000000000000000000]
output_addr                (getelementptr         ) [ 00000000000000000000000000000000000000000000000000000000000]
specloopname_ln151         (specloopname          ) [ 00000000000000000000000000000000000000000000000000000000000]
sdiv_ln1303                (sdiv                  ) [ 00000000000000000000000000000000000000000000000000000000000]
trunc_ln                   (partselect            ) [ 00000000000000000000000000000000000000000000000000000000000]
store_ln167                (store                 ) [ 00000000000000000000000000000000000000000000000000000000000]
br_ln149                   (br                    ) [ 00000000000000000000000000000000000000000000000000000000000]
</LifeTime>

<model>

<comp_list>
<comp id="0" class="1000" name="d">
<pin_list>
<pin id="1" dir="1" index="0" bw="1" slack="0"/>
</pin_list>
<bind>
<StgValue><ssdm name="d"/><MemPortTyVec>2 1 </MemPortTyVec>
</StgValue>
</bind>
</comp>

<comp id="2" class="1000" name="input_r">
<pin_list>
<pin id="3" dir="1" index="0" bw="1" slack="0"/>
</pin_list>
<bind>
<StgValue><ssdm name="input_r"/><MemPortTyVec>1 1 </MemPortTyVec>
</StgValue>
</bind>
</comp>

<comp id="4" class="1000" name="output_r">
<pin_list>
<pin id="5" dir="1" index="0" bw="1" slack="0"/>
</pin_list>
<bind>
<StgValue><ssdm name="output_r"/><MemPortTyVec>0 3 </MemPortTyVec>
</StgValue>
</bind>
</comp>

<comp id="6" class="1000" name="conv1_kernel_V">
<pin_list>
<pin id="7" dir="1" index="0" bw="1" slack="0"/>
</pin_list>
<bind>
<StgValue><ssdm name="conv1_kernel_V"/><MemPortTyVec>1 </MemPortTyVec>
</StgValue>
</bind>
</comp>

<comp id="8" class="1000" name="conv2_bias_V">
<pin_list>
<pin id="9" dir="1" index="0" bw="1" slack="0"/>
</pin_list>
<bind>
<StgValue><ssdm name="conv2_bias_V"/><MemPortTyVec>1 </MemPortTyVec>
</StgValue>
</bind>
</comp>

<comp id="10" class="1000" name="conv2_kernel_V">
<pin_list>
<pin id="11" dir="1" index="0" bw="1" slack="0"/>
</pin_list>
<bind>
<StgValue><ssdm name="conv2_kernel_V"/><MemPortTyVec>1 </MemPortTyVec>
</StgValue>
</bind>
</comp>

<comp id="12" class="1000" name="conv3_kernel_V">
<pin_list>
<pin id="13" dir="1" index="0" bw="1" slack="0"/>
</pin_list>
<bind>
<StgValue><ssdm name="conv3_kernel_V"/><MemPortTyVec>1 </MemPortTyVec>
</StgValue>
</bind>
</comp>

<comp id="14" class="1000" name="conv_out_kernel_V">
<pin_list>
<pin id="15" dir="1" index="0" bw="1" slack="0"/>
</pin_list>
<bind>
<StgValue><ssdm name="conv_out_kernel_V"/><MemPortTyVec>1 </MemPortTyVec>
</StgValue>
</bind>
</comp>

<comp id="16" class="1000" name="f_x_msb_2_table_V">
<pin_list>
<pin id="17" dir="1" index="0" bw="1" slack="0"/>
</pin_list>
<bind>
<StgValue><ssdm name="f_x_msb_2_table_V"/><MemPortTyVec>1 </MemPortTyVec>
</StgValue>
</bind>
</comp>

<comp id="18" class="1000" name="exp_x_msb_1_table_V">
<pin_list>
<pin id="19" dir="1" index="0" bw="1" slack="0"/>
</pin_list>
<bind>
<StgValue><ssdm name="exp_x_msb_1_table_V"/><MemPortTyVec>1 </MemPortTyVec>
</StgValue>
</bind>
</comp>

<comp id="20" class="1001" name="const_20">
<pin_list>
<pin id="21" dir="1" index="0" bw="1" slack="0"/>
</pin_list>
<bind>
<StgValue><ssdm name=""/></StgValue>
</bind>
</comp>

<comp id="22" class="1001" name="const_22">
<pin_list>
<pin id="23" dir="1" index="0" bw="1" slack="0"/>
</pin_list>
<bind>
<StgValue><ssdm name=""/></StgValue>
</bind>
</comp>

<comp id="24" class="1001" name="const_24">
<pin_list>
<pin id="25" dir="1" index="0" bw="1" slack="2147483647"/>
</pin_list>
<bind>
<StgValue><ssdm name="_ssdm_op_SpecBRAMWithByteEnable"/></StgValue>
</bind>
</comp>

<comp id="26" class="1001" name="const_26">
<pin_list>
<pin id="27" dir="1" index="0" bw="1" slack="0"/>
</pin_list>
<bind>
<StgValue><ssdm name=""/></StgValue>
</bind>
</comp>

<comp id="28" class="1001" name="const_28">
<pin_list>
<pin id="29" dir="1" index="0" bw="1" slack="0"/>
</pin_list>
<bind>
<StgValue><ssdm name=""/></StgValue>
</bind>
</comp>

<comp id="30" class="1001" name="const_30">
<pin_list>
<pin id="31" dir="1" index="0" bw="1" slack="0"/>
</pin_list>
<bind>
<StgValue><ssdm name=""/></StgValue>
</bind>
</comp>

<comp id="32" class="1001" name="const_32">
<pin_list>
<pin id="33" dir="1" index="0" bw="1" slack="0"/>
</pin_list>
<bind>
<StgValue><ssdm name=""/></StgValue>
</bind>
</comp>

<comp id="34" class="1001" name="const_34">
<pin_list>
<pin id="35" dir="1" index="0" bw="1" slack="0"/>
</pin_list>
<bind>
<StgValue><ssdm name="_ssdm_op_Mux.ap_auto.4i16.i2"/></StgValue>
</bind>
</comp>

<comp id="36" class="1001" name="const_36">
<pin_list>
<pin id="37" dir="1" index="0" bw="1" slack="0"/>
</pin_list>
<bind>
<StgValue><ssdm name=""/></StgValue>
</bind>
</comp>

<comp id="38" class="1001" name="const_38">
<pin_list>
<pin id="39" dir="1" index="0" bw="1" slack="0"/>
</pin_list>
<bind>
<StgValue><ssdm name=""/></StgValue>
</bind>
</comp>

<comp id="40" class="1001" name="const_40">
<pin_list>
<pin id="41" dir="1" index="0" bw="1" slack="0"/>
</pin_list>
<bind>
<StgValue><ssdm name=""/></StgValue>
</bind>
</comp>

<comp id="42" class="1001" name="const_42">
<pin_list>
<pin id="43" dir="1" index="0" bw="1" slack="0"/>
</pin_list>
<bind>
<StgValue><ssdm name=""/></StgValue>
</bind>
</comp>

<comp id="44" class="1001" name="const_44">
<pin_list>
<pin id="45" dir="1" index="0" bw="1" slack="0"/>
</pin_list>
<bind>
<StgValue><ssdm name="_ssdm_op_BitConcatenate.i13.i5.i8"/></StgValue>
</bind>
</comp>

<comp id="46" class="1001" name="const_46">
<pin_list>
<pin id="47" dir="1" index="0" bw="1" slack="0"/>
</pin_list>
<bind>
<StgValue><ssdm name=""/></StgValue>
</bind>
</comp>

<comp id="48" class="1001" name="const_48">
<pin_list>
<pin id="49" dir="1" index="0" bw="1" slack="0"/>
</pin_list>
<bind>
<StgValue><ssdm name="_ssdm_op_BitConcatenate.i10.i5.i5"/></StgValue>
</bind>
</comp>

<comp id="50" class="1001" name="const_50">
<pin_list>
<pin id="51" dir="1" index="0" bw="1" slack="0"/>
</pin_list>
<bind>
<StgValue><ssdm name=""/></StgValue>
</bind>
</comp>

<comp id="52" class="1001" name="const_52">
<pin_list>
<pin id="53" dir="1" index="0" bw="1" slack="0"/>
</pin_list>
<bind>
<StgValue><ssdm name=""/></StgValue>
</bind>
</comp>

<comp id="54" class="1001" name="const_54">
<pin_list>
<pin id="55" dir="1" index="0" bw="1" slack="0"/>
</pin_list>
<bind>
<StgValue><ssdm name=""/></StgValue>
</bind>
</comp>

<comp id="56" class="1001" name="const_56">
<pin_list>
<pin id="57" dir="1" index="0" bw="1" slack="2147483647"/>
</pin_list>
<bind>
<StgValue><ssdm name="_ssdm_op_SpecLoopName"/></StgValue>
</bind>
</comp>

<comp id="58" class="1001" name="const_58">
<pin_list>
<pin id="59" dir="1" index="0" bw="1" slack="2147483647"/>
</pin_list>
<bind>
<StgValue><ssdm name="loop_oc_1_loop_h_1_loop_w_1_str"/></StgValue>
</bind>
</comp>

<comp id="60" class="1001" name="const_60">
<pin_list>
<pin id="61" dir="1" index="0" bw="1" slack="2147483647"/>
</pin_list>
<bind>
<StgValue><ssdm name="_ssdm_op_SpecLoopTripCount"/></StgValue>
</bind>
</comp>

<comp id="62" class="1001" name="const_62">
<pin_list>
<pin id="63" dir="1" index="0" bw="1" slack="2147483647"/>
</pin_list>
<bind>
<StgValue><ssdm name=""/></StgValue>
</bind>
</comp>

<comp id="64" class="1001" name="const_64">
<pin_list>
<pin id="65" dir="1" index="0" bw="1" slack="0"/>
</pin_list>
<bind>
<StgValue><ssdm name=""/></StgValue>
</bind>
</comp>

<comp id="66" class="1001" name="const_66">
<pin_list>
<pin id="67" dir="1" index="0" bw="1" slack="0"/>
</pin_list>
<bind>
<StgValue><ssdm name="_ssdm_op_BitConcatenate.i5.i2.i3"/></StgValue>
</bind>
</comp>

<comp id="68" class="1001" name="const_68">
<pin_list>
<pin id="69" dir="1" index="0" bw="1" slack="0"/>
</pin_list>
<bind>
<StgValue><ssdm name=""/></StgValue>
</bind>
</comp>

<comp id="70" class="1001" name="const_70">
<pin_list>
<pin id="71" dir="1" index="0" bw="1" slack="0"/>
</pin_list>
<bind>
<StgValue><ssdm name=""/></StgValue>
</bind>
</comp>

<comp id="72" class="1001" name="const_72">
<pin_list>
<pin id="73" dir="1" index="0" bw="1" slack="0"/>
</pin_list>
<bind>
<StgValue><ssdm name=""/></StgValue>
</bind>
</comp>

<comp id="74" class="1001" name="const_74">
<pin_list>
<pin id="75" dir="1" index="0" bw="1" slack="0"/>
</pin_list>
<bind>
<StgValue><ssdm name=""/></StgValue>
</bind>
</comp>

<comp id="76" class="1001" name="const_76">
<pin_list>
<pin id="77" dir="1" index="0" bw="1" slack="2147483647"/>
</pin_list>
<bind>
<StgValue><ssdm name="loop_h_1_loop_w_1_str"/></StgValue>
</bind>
</comp>

<comp id="78" class="1001" name="const_78">
<pin_list>
<pin id="79" dir="1" index="0" bw="1" slack="2147483647"/>
</pin_list>
<bind>
<StgValue><ssdm name="empty_6"/></StgValue>
</bind>
</comp>

<comp id="80" class="1001" name="const_80">
<pin_list>
<pin id="81" dir="1" index="0" bw="1" slack="0"/>
</pin_list>
<bind>
<StgValue><ssdm name=""/></StgValue>
</bind>
</comp>

<comp id="82" class="1001" name="const_82">
<pin_list>
<pin id="83" dir="1" index="0" bw="1" slack="0"/>
</pin_list>
<bind>
<StgValue><ssdm name="inference_Pipeline_VITIS_LOOP_45_1_VITIS_LOOP_46_2_VITIS_LOOP_47_3"/></StgValue>
</bind>
</comp>

<comp id="84" class="1001" name="const_84">
<pin_list>
<pin id="85" dir="1" index="0" bw="1" slack="0"/>
</pin_list>
<bind>
<StgValue><ssdm name=""/></StgValue>
</bind>
</comp>

<comp id="86" class="1001" name="const_86">
<pin_list>
<pin id="87" dir="1" index="0" bw="1" slack="0"/>
</pin_list>
<bind>
<StgValue><ssdm name=""/></StgValue>
</bind>
</comp>

<comp id="88" class="1001" name="const_88">
<pin_list>
<pin id="89" dir="1" index="0" bw="1" slack="0"/>
</pin_list>
<bind>
<StgValue><ssdm name=""/></StgValue>
</bind>
</comp>

<comp id="90" class="1001" name="const_90">
<pin_list>
<pin id="91" dir="1" index="0" bw="1" slack="0"/>
</pin_list>
<bind>
<StgValue><ssdm name=""/></StgValue>
</bind>
</comp>

<comp id="92" class="1001" name="const_92">
<pin_list>
<pin id="93" dir="1" index="0" bw="1" slack="2147483647"/>
</pin_list>
<bind>
<StgValue><ssdm name=""/></StgValue>
</bind>
</comp>

<comp id="94" class="1001" name="const_94">
<pin_list>
<pin id="95" dir="1" index="0" bw="1" slack="0"/>
</pin_list>
<bind>
<StgValue><ssdm name=""/></StgValue>
</bind>
</comp>

<comp id="96" class="1001" name="const_96">
<pin_list>
<pin id="97" dir="1" index="0" bw="1" slack="0"/>
</pin_list>
<bind>
<StgValue><ssdm name="_ssdm_op_BitConcatenate.i8.i6.i2"/></StgValue>
</bind>
</comp>

<comp id="98" class="1001" name="const_98">
<pin_list>
<pin id="99" dir="1" index="0" bw="1" slack="0"/>
</pin_list>
<bind>
<StgValue><ssdm name="_ssdm_op_BitConcatenate.i4.i2.i2"/></StgValue>
</bind>
</comp>

<comp id="100" class="1001" name="const_100">
<pin_list>
<pin id="101" dir="1" index="0" bw="1" slack="0"/>
</pin_list>
<bind>
<StgValue><ssdm name=""/></StgValue>
</bind>
</comp>

<comp id="102" class="1001" name="const_102">
<pin_list>
<pin id="103" dir="1" index="0" bw="1" slack="0"/>
</pin_list>
<bind>
<StgValue><ssdm name="inference_Pipeline_loop_kw_1"/></StgValue>
</bind>
</comp>

<comp id="104" class="1001" name="const_104">
<pin_list>
<pin id="105" dir="1" index="0" bw="1" slack="0"/>
</pin_list>
<bind>
<StgValue><ssdm name=""/></StgValue>
</bind>
</comp>

<comp id="106" class="1001" name="const_106">
<pin_list>
<pin id="107" dir="1" index="0" bw="1" slack="0"/>
</pin_list>
<bind>
<StgValue><ssdm name=""/></StgValue>
</bind>
</comp>

<comp id="108" class="1001" name="const_108">
<pin_list>
<pin id="109" dir="1" index="0" bw="1" slack="0"/>
</pin_list>
<bind>
<StgValue><ssdm name="_ssdm_op_BitConcatenate.i8.i5.i2.i1"/></StgValue>
</bind>
</comp>

<comp id="110" class="1001" name="const_110">
<pin_list>
<pin id="111" dir="1" index="0" bw="1" slack="0"/>
</pin_list>
<bind>
<StgValue><ssdm name=""/></StgValue>
</bind>
</comp>

<comp id="112" class="1001" name="const_112">
<pin_list>
<pin id="113" dir="1" index="0" bw="1" slack="0"/>
</pin_list>
<bind>
<StgValue><ssdm name="_ssdm_op_PartSelect.i13.i14.i32.i32"/></StgValue>
</bind>
</comp>

<comp id="114" class="1001" name="const_114">
<pin_list>
<pin id="115" dir="1" index="0" bw="1" slack="0"/>
</pin_list>
<bind>
<StgValue><ssdm name=""/></StgValue>
</bind>
</comp>

<comp id="116" class="1001" name="const_116">
<pin_list>
<pin id="117" dir="1" index="0" bw="1" slack="0"/>
</pin_list>
<bind>
<StgValue><ssdm name=""/></StgValue>
</bind>
</comp>

<comp id="118" class="1001" name="const_118">
<pin_list>
<pin id="119" dir="1" index="0" bw="1" slack="2147483647"/>
</pin_list>
<bind>
<StgValue><ssdm name="_ssdm_op_Write.bram.i16"/></StgValue>
</bind>
</comp>

<comp id="120" class="1001" name="const_120">
<pin_list>
<pin id="121" dir="1" index="0" bw="1" slack="0"/>
</pin_list>
<bind>
<StgValue><ssdm name=""/></StgValue>
</bind>
</comp>

<comp id="122" class="1001" name="const_122">
<pin_list>
<pin id="123" dir="1" index="0" bw="1" slack="2147483647"/>
</pin_list>
<bind>
<StgValue><ssdm name="empty_7"/></StgValue>
</bind>
</comp>

<comp id="124" class="1001" name="const_124">
<pin_list>
<pin id="125" dir="1" index="0" bw="1" slack="0"/>
</pin_list>
<bind>
<StgValue><ssdm name="_ssdm_op_BitConcatenate.i8.i3.i3.i2"/></StgValue>
</bind>
</comp>

<comp id="126" class="1001" name="const_126">
<pin_list>
<pin id="127" dir="1" index="0" bw="1" slack="0"/>
</pin_list>
<bind>
<StgValue><ssdm name="_ssdm_op_BitConcatenate.i12.i4.i8"/></StgValue>
</bind>
</comp>

<comp id="128" class="1001" name="const_128">
<pin_list>
<pin id="129" dir="1" index="0" bw="1" slack="0"/>
</pin_list>
<bind>
<StgValue><ssdm name="_ssdm_op_BitConcatenate.i9.i4.i5"/></StgValue>
</bind>
</comp>

<comp id="130" class="1001" name="const_130">
<pin_list>
<pin id="131" dir="1" index="0" bw="1" slack="0"/>
</pin_list>
<bind>
<StgValue><ssdm name=""/></StgValue>
</bind>
</comp>

<comp id="132" class="1001" name="const_132">
<pin_list>
<pin id="133" dir="1" index="0" bw="1" slack="0"/>
</pin_list>
<bind>
<StgValue><ssdm name=""/></StgValue>
</bind>
</comp>

<comp id="134" class="1001" name="const_134">
<pin_list>
<pin id="135" dir="1" index="0" bw="1" slack="0"/>
</pin_list>
<bind>
<StgValue><ssdm name=""/></StgValue>
</bind>
</comp>

<comp id="136" class="1001" name="const_136">
<pin_list>
<pin id="137" dir="1" index="0" bw="1" slack="0"/>
</pin_list>
<bind>
<StgValue><ssdm name=""/></StgValue>
</bind>
</comp>

<comp id="138" class="1001" name="const_138">
<pin_list>
<pin id="139" dir="1" index="0" bw="1" slack="0"/>
</pin_list>
<bind>
<StgValue><ssdm name=""/></StgValue>
</bind>
</comp>

<comp id="140" class="1001" name="const_140">
<pin_list>
<pin id="141" dir="1" index="0" bw="1" slack="0"/>
</pin_list>
<bind>
<StgValue><ssdm name=""/></StgValue>
</bind>
</comp>

<comp id="142" class="1001" name="const_142">
<pin_list>
<pin id="143" dir="1" index="0" bw="1" slack="0"/>
</pin_list>
<bind>
<StgValue><ssdm name="_ssdm_op_BitConcatenate.i8.i4.i3.i1"/></StgValue>
</bind>
</comp>

<comp id="144" class="1001" name="const_144">
<pin_list>
<pin id="145" dir="1" index="0" bw="1" slack="0"/>
</pin_list>
<bind>
<StgValue><ssdm name="_ssdm_op_PartSelect.i12.i13.i32.i32"/></StgValue>
</bind>
</comp>

<comp id="146" class="1001" name="const_146">
<pin_list>
<pin id="147" dir="1" index="0" bw="1" slack="0"/>
</pin_list>
<bind>
<StgValue><ssdm name=""/></StgValue>
</bind>
</comp>

<comp id="148" class="1001" name="const_148">
<pin_list>
<pin id="149" dir="1" index="0" bw="1" slack="0"/>
</pin_list>
<bind>
<StgValue><ssdm name=""/></StgValue>
</bind>
</comp>

<comp id="150" class="1001" name="const_150">
<pin_list>
<pin id="151" dir="1" index="0" bw="1" slack="0"/>
</pin_list>
<bind>
<StgValue><ssdm name="inference_Pipeline_VITIS_LOOP_97_1_VITIS_LOOP_98_2_VITIS_LOOP_99_3"/></StgValue>
</bind>
</comp>

<comp id="152" class="1001" name="const_152">
<pin_list>
<pin id="153" dir="1" index="0" bw="1" slack="0"/>
</pin_list>
<bind>
<StgValue><ssdm name=""/></StgValue>
</bind>
</comp>

<comp id="154" class="1001" name="const_154">
<pin_list>
<pin id="155" dir="1" index="0" bw="1" slack="0"/>
</pin_list>
<bind>
<StgValue><ssdm name=""/></StgValue>
</bind>
</comp>

<comp id="156" class="1001" name="const_156">
<pin_list>
<pin id="157" dir="1" index="0" bw="1" slack="0"/>
</pin_list>
<bind>
<StgValue><ssdm name="_ssdm_op_BitConcatenate.i8.i5.i3"/></StgValue>
</bind>
</comp>

<comp id="158" class="1001" name="const_158">
<pin_list>
<pin id="159" dir="1" index="0" bw="1" slack="0"/>
</pin_list>
<bind>
<StgValue><ssdm name=""/></StgValue>
</bind>
</comp>

<comp id="160" class="1001" name="const_160">
<pin_list>
<pin id="161" dir="1" index="0" bw="1" slack="0"/>
</pin_list>
<bind>
<StgValue><ssdm name="inference_Pipeline_loop_kh_2_loop_kw_2_loop_ic_2"/></StgValue>
</bind>
</comp>

<comp id="162" class="1001" name="const_162">
<pin_list>
<pin id="163" dir="1" index="0" bw="1" slack="2147483647"/>
</pin_list>
<bind>
<StgValue><ssdm name="loop_oc_2_loop_h_2_loop_w_2_str"/></StgValue>
</bind>
</comp>

<comp id="164" class="1001" name="const_164">
<pin_list>
<pin id="165" dir="1" index="0" bw="1" slack="2147483647"/>
</pin_list>
<bind>
<StgValue><ssdm name=""/></StgValue>
</bind>
</comp>

<comp id="166" class="1001" name="const_166">
<pin_list>
<pin id="167" dir="1" index="0" bw="1" slack="2147483647"/>
</pin_list>
<bind>
<StgValue><ssdm name="loop_h_2_loop_w_2_str"/></StgValue>
</bind>
</comp>

<comp id="168" class="1001" name="const_168">
<pin_list>
<pin id="169" dir="1" index="0" bw="1" slack="2147483647"/>
</pin_list>
<bind>
<StgValue><ssdm name="empty_10"/></StgValue>
</bind>
</comp>

<comp id="170" class="1001" name="const_170">
<pin_list>
<pin id="171" dir="1" index="0" bw="1" slack="0"/>
</pin_list>
<bind>
<StgValue><ssdm name="_ssdm_op_BitConcatenate.i8.i2.i1.i2.i3"/></StgValue>
</bind>
</comp>

<comp id="172" class="1001" name="const_172">
<pin_list>
<pin id="173" dir="1" index="0" bw="1" slack="0"/>
</pin_list>
<bind>
<StgValue><ssdm name=""/></StgValue>
</bind>
</comp>

<comp id="174" class="1001" name="const_174">
<pin_list>
<pin id="175" dir="1" index="0" bw="1" slack="0"/>
</pin_list>
<bind>
<StgValue><ssdm name=""/></StgValue>
</bind>
</comp>

<comp id="176" class="1001" name="const_176">
<pin_list>
<pin id="177" dir="1" index="0" bw="1" slack="0"/>
</pin_list>
<bind>
<StgValue><ssdm name=""/></StgValue>
</bind>
</comp>

<comp id="178" class="1001" name="const_178">
<pin_list>
<pin id="179" dir="1" index="0" bw="1" slack="0"/>
</pin_list>
<bind>
<StgValue><ssdm name=""/></StgValue>
</bind>
</comp>

<comp id="180" class="1001" name="const_180">
<pin_list>
<pin id="181" dir="1" index="0" bw="1" slack="0"/>
</pin_list>
<bind>
<StgValue><ssdm name=""/></StgValue>
</bind>
</comp>

<comp id="182" class="1001" name="const_182">
<pin_list>
<pin id="183" dir="1" index="0" bw="1" slack="0"/>
</pin_list>
<bind>
<StgValue><ssdm name="_ssdm_op_BitConcatenate.i10.i6.i4"/></StgValue>
</bind>
</comp>

<comp id="184" class="1001" name="const_184">
<pin_list>
<pin id="185" dir="1" index="0" bw="1" slack="0"/>
</pin_list>
<bind>
<StgValue><ssdm name="inference_Pipeline_loop_kh_3_loop_kw_3_loop_ic_3"/></StgValue>
</bind>
</comp>

<comp id="186" class="1001" name="const_186">
<pin_list>
<pin id="187" dir="1" index="0" bw="1" slack="2147483647"/>
</pin_list>
<bind>
<StgValue><ssdm name="loop_oc_3_loop_h_3_loop_w_3_str"/></StgValue>
</bind>
</comp>

<comp id="188" class="1001" name="const_188">
<pin_list>
<pin id="189" dir="1" index="0" bw="1" slack="2147483647"/>
</pin_list>
<bind>
<StgValue><ssdm name="loop_h_3_loop_w_3_str"/></StgValue>
</bind>
</comp>

<comp id="190" class="1001" name="const_190">
<pin_list>
<pin id="191" dir="1" index="0" bw="1" slack="2147483647"/>
</pin_list>
<bind>
<StgValue><ssdm name="empty_21"/></StgValue>
</bind>
</comp>

<comp id="192" class="1001" name="const_192">
<pin_list>
<pin id="193" dir="1" index="0" bw="1" slack="0"/>
</pin_list>
<bind>
<StgValue><ssdm name="_ssdm_op_BitConcatenate.i9.i6.i3"/></StgValue>
</bind>
</comp>

<comp id="194" class="1001" name="const_194">
<pin_list>
<pin id="195" dir="1" index="0" bw="1" slack="0"/>
</pin_list>
<bind>
<StgValue><ssdm name="inference_Pipeline_loop_kh_out_loop_kw_out_loop_ic_out"/></StgValue>
</bind>
</comp>

<comp id="196" class="1001" name="const_196">
<pin_list>
<pin id="197" dir="1" index="0" bw="1" slack="0"/>
</pin_list>
<bind>
<StgValue><ssdm name=""/></StgValue>
</bind>
</comp>

<comp id="198" class="1001" name="const_198">
<pin_list>
<pin id="199" dir="1" index="0" bw="1" slack="0"/>
</pin_list>
<bind>
<StgValue><ssdm name=""/></StgValue>
</bind>
</comp>

<comp id="200" class="1001" name="const_200">
<pin_list>
<pin id="201" dir="1" index="0" bw="1" slack="0"/>
</pin_list>
<bind>
<StgValue><ssdm name=""/></StgValue>
</bind>
</comp>

<comp id="202" class="1001" name="const_202">
<pin_list>
<pin id="203" dir="1" index="0" bw="1" slack="0"/>
</pin_list>
<bind>
<StgValue><ssdm name=""/></StgValue>
</bind>
</comp>

<comp id="204" class="1001" name="const_204">
<pin_list>
<pin id="205" dir="1" index="0" bw="1" slack="0"/>
</pin_list>
<bind>
<StgValue><ssdm name="_ssdm_op_BitConcatenate.i20.i14.i6"/></StgValue>
</bind>
</comp>

<comp id="206" class="1001" name="const_206">
<pin_list>
<pin id="207" dir="1" index="0" bw="1" slack="0"/>
</pin_list>
<bind>
<StgValue><ssdm name=""/></StgValue>
</bind>
</comp>

<comp id="208" class="1001" name="const_208">
<pin_list>
<pin id="209" dir="1" index="0" bw="1" slack="0"/>
</pin_list>
<bind>
<StgValue><ssdm name=""/></StgValue>
</bind>
</comp>

<comp id="210" class="1001" name="const_210">
<pin_list>
<pin id="211" dir="1" index="0" bw="1" slack="0"/>
</pin_list>
<bind>
<StgValue><ssdm name="_ssdm_op_BitSelect.i1.i20.i32"/></StgValue>
</bind>
</comp>

<comp id="212" class="1001" name="const_212">
<pin_list>
<pin id="213" dir="1" index="0" bw="1" slack="0"/>
</pin_list>
<bind>
<StgValue><ssdm name=""/></StgValue>
</bind>
</comp>

<comp id="214" class="1001" name="const_214">
<pin_list>
<pin id="215" dir="1" index="0" bw="1" slack="0"/>
</pin_list>
<bind>
<StgValue><ssdm name="_ssdm_op_PartSelect.i7.i20.i32.i32"/></StgValue>
</bind>
</comp>

<comp id="216" class="1001" name="const_216">
<pin_list>
<pin id="217" dir="1" index="0" bw="1" slack="0"/>
</pin_list>
<bind>
<StgValue><ssdm name="_ssdm_op_BitConcatenate.i8.i1.i7"/></StgValue>
</bind>
</comp>

<comp id="218" class="1001" name="const_218">
<pin_list>
<pin id="219" dir="1" index="0" bw="1" slack="0"/>
</pin_list>
<bind>
<StgValue><ssdm name="_ssdm_op_PartSelect.i8.i20.i32.i32"/></StgValue>
</bind>
</comp>

<comp id="220" class="1001" name="const_220">
<pin_list>
<pin id="221" dir="1" index="0" bw="1" slack="0"/>
</pin_list>
<bind>
<StgValue><ssdm name=""/></StgValue>
</bind>
</comp>

<comp id="222" class="1001" name="const_222">
<pin_list>
<pin id="223" dir="1" index="0" bw="1" slack="0"/>
</pin_list>
<bind>
<StgValue><ssdm name="_ssdm_op_PartSelect.i5.i46.i32.i32"/></StgValue>
</bind>
</comp>

<comp id="224" class="1001" name="const_224">
<pin_list>
<pin id="225" dir="1" index="0" bw="1" slack="0"/>
</pin_list>
<bind>
<StgValue><ssdm name=""/></StgValue>
</bind>
</comp>

<comp id="226" class="1001" name="const_226">
<pin_list>
<pin id="227" dir="1" index="0" bw="1" slack="0"/>
</pin_list>
<bind>
<StgValue><ssdm name=""/></StgValue>
</bind>
</comp>

<comp id="228" class="1001" name="const_228">
<pin_list>
<pin id="229" dir="1" index="0" bw="1" slack="0"/>
</pin_list>
<bind>
<StgValue><ssdm name="_ssdm_op_BitConcatenate.i56.i9.i41.i6"/></StgValue>
</bind>
</comp>

<comp id="230" class="1001" name="const_230">
<pin_list>
<pin id="231" dir="1" index="0" bw="1" slack="0"/>
</pin_list>
<bind>
<StgValue><ssdm name=""/></StgValue>
</bind>
</comp>

<comp id="232" class="1001" name="const_232">
<pin_list>
<pin id="233" dir="1" index="0" bw="1" slack="0"/>
</pin_list>
<bind>
<StgValue><ssdm name="_ssdm_op_PartSelect.i50.i56.i32.i32"/></StgValue>
</bind>
</comp>

<comp id="234" class="1001" name="const_234">
<pin_list>
<pin id="235" dir="1" index="0" bw="1" slack="0"/>
</pin_list>
<bind>
<StgValue><ssdm name=""/></StgValue>
</bind>
</comp>

<comp id="236" class="1001" name="const_236">
<pin_list>
<pin id="237" dir="1" index="0" bw="1" slack="0"/>
</pin_list>
<bind>
<StgValue><ssdm name=""/></StgValue>
</bind>
</comp>

<comp id="238" class="1001" name="const_238">
<pin_list>
<pin id="239" dir="1" index="0" bw="1" slack="0"/>
</pin_list>
<bind>
<StgValue><ssdm name="_ssdm_op_PartSelect.i48.i100.i32.i32"/></StgValue>
</bind>
</comp>

<comp id="240" class="1001" name="const_240">
<pin_list>
<pin id="241" dir="1" index="0" bw="1" slack="0"/>
</pin_list>
<bind>
<StgValue><ssdm name=""/></StgValue>
</bind>
</comp>

<comp id="242" class="1001" name="const_242">
<pin_list>
<pin id="243" dir="1" index="0" bw="1" slack="0"/>
</pin_list>
<bind>
<StgValue><ssdm name=""/></StgValue>
</bind>
</comp>

<comp id="244" class="1001" name="const_244">
<pin_list>
<pin id="245" dir="1" index="0" bw="1" slack="0"/>
</pin_list>
<bind>
<StgValue><ssdm name="_ssdm_op_PartSelect.i2.i50.i32.i32"/></StgValue>
</bind>
</comp>

<comp id="246" class="1001" name="const_246">
<pin_list>
<pin id="247" dir="1" index="0" bw="1" slack="0"/>
</pin_list>
<bind>
<StgValue><ssdm name=""/></StgValue>
</bind>
</comp>

<comp id="248" class="1001" name="const_248">
<pin_list>
<pin id="249" dir="1" index="0" bw="1" slack="0"/>
</pin_list>
<bind>
<StgValue><ssdm name=""/></StgValue>
</bind>
</comp>

<comp id="250" class="1001" name="const_250">
<pin_list>
<pin id="251" dir="1" index="0" bw="1" slack="0"/>
</pin_list>
<bind>
<StgValue><ssdm name="_ssdm_op_BitSelect.i1.i50.i32"/></StgValue>
</bind>
</comp>

<comp id="252" class="1001" name="const_252">
<pin_list>
<pin id="253" dir="1" index="0" bw="1" slack="0"/>
</pin_list>
<bind>
<StgValue><ssdm name=""/></StgValue>
</bind>
</comp>

<comp id="254" class="1001" name="const_254">
<pin_list>
<pin id="255" dir="1" index="0" bw="1" slack="0"/>
</pin_list>
<bind>
<StgValue><ssdm name=""/></StgValue>
</bind>
</comp>

<comp id="256" class="1001" name="const_256">
<pin_list>
<pin id="257" dir="1" index="0" bw="1" slack="0"/>
</pin_list>
<bind>
<StgValue><ssdm name="_ssdm_op_PartSelect.i3.i50.i32.i32"/></StgValue>
</bind>
</comp>

<comp id="258" class="1001" name="const_258">
<pin_list>
<pin id="259" dir="1" index="0" bw="1" slack="0"/>
</pin_list>
<bind>
<StgValue><ssdm name=""/></StgValue>
</bind>
</comp>

<comp id="260" class="1001" name="const_260">
<pin_list>
<pin id="261" dir="1" index="0" bw="1" slack="0"/>
</pin_list>
<bind>
<StgValue><ssdm name="_ssdm_op_PartSelect.i32.i50.i32.i32"/></StgValue>
</bind>
</comp>

<comp id="262" class="1001" name="const_262">
<pin_list>
<pin id="263" dir="1" index="0" bw="1" slack="0"/>
</pin_list>
<bind>
<StgValue><ssdm name=""/></StgValue>
</bind>
</comp>

<comp id="264" class="1001" name="const_264">
<pin_list>
<pin id="265" dir="1" index="0" bw="1" slack="0"/>
</pin_list>
<bind>
<StgValue><ssdm name=""/></StgValue>
</bind>
</comp>

<comp id="266" class="1001" name="const_266">
<pin_list>
<pin id="267" dir="1" index="0" bw="1" slack="0"/>
</pin_list>
<bind>
<StgValue><ssdm name=""/></StgValue>
</bind>
</comp>

<comp id="268" class="1001" name="const_268">
<pin_list>
<pin id="269" dir="1" index="0" bw="1" slack="0"/>
</pin_list>
<bind>
<StgValue><ssdm name=""/></StgValue>
</bind>
</comp>

<comp id="270" class="1001" name="const_270">
<pin_list>
<pin id="271" dir="1" index="0" bw="1" slack="0"/>
</pin_list>
<bind>
<StgValue><ssdm name=""/></StgValue>
</bind>
</comp>

<comp id="272" class="1001" name="const_272">
<pin_list>
<pin id="273" dir="1" index="0" bw="1" slack="2147483647"/>
</pin_list>
<bind>
<StgValue><ssdm name="loop_h_out_loop_w_out_str"/></StgValue>
</bind>
</comp>

<comp id="274" class="1001" name="const_274">
<pin_list>
<pin id="275" dir="1" index="0" bw="1" slack="2147483647"/>
</pin_list>
<bind>
<StgValue><ssdm name=""/></StgValue>
</bind>
</comp>

<comp id="276" class="1001" name="const_276">
<pin_list>
<pin id="277" dir="1" index="0" bw="1" slack="0"/>
</pin_list>
<bind>
<StgValue><ssdm name="_ssdm_op_BitConcatenate.i7.i5.i2"/></StgValue>
</bind>
</comp>

<comp id="278" class="1001" name="const_278">
<pin_list>
<pin id="279" dir="1" index="0" bw="1" slack="2147483647"/>
</pin_list>
<bind>
<StgValue><ssdm name="empty_12"/></StgValue>
</bind>
</comp>

<comp id="280" class="1001" name="const_280">
<pin_list>
<pin id="281" dir="1" index="0" bw="1" slack="0"/>
</pin_list>
<bind>
<StgValue><ssdm name="_ssdm_op_PartSelect.i16.i34.i32.i32"/></StgValue>
</bind>
</comp>

<comp id="282" class="1001" name="const_282">
<pin_list>
<pin id="283" dir="1" index="0" bw="1" slack="0"/>
</pin_list>
<bind>
<StgValue><ssdm name=""/></StgValue>
</bind>
</comp>

<comp id="284" class="1004" name="y_fu_284">
<pin_list>
<pin id="285" dir="0" index="0" bw="1" slack="0"/>
<pin id="286" dir="1" index="1" bw="5" slack="0"/>
</pin_list>
<bind>
<opcode="alloca(26) " fcode="alloca"/>
<opset="y/1 "/>
</bind>
</comp>

<comp id="288" class="1004" name="x_fu_288">
<pin_list>
<pin id="289" dir="0" index="0" bw="1" slack="0"/>
<pin id="290" dir="1" index="1" bw="5" slack="0"/>
</pin_list>
<bind>
<opcode="alloca(26) " fcode="alloca"/>
<opset="x/1 "/>
</bind>
</comp>

<comp id="292" class="1004" name="indvar_flatten_fu_292">
<pin_list>
<pin id="293" dir="0" index="0" bw="1" slack="0"/>
<pin id="294" dir="1" index="1" bw="10" slack="0"/>
</pin_list>
<bind>
<opcode="alloca(26) " fcode="alloca"/>
<opset="indvar_flatten/1 "/>
</bind>
</comp>

<comp id="296" class="1004" name="n_fu_296">
<pin_list>
<pin id="297" dir="0" index="0" bw="1" slack="0"/>
<pin id="298" dir="1" index="1" bw="3" slack="0"/>
</pin_list>
<bind>
<opcode="alloca(26) " fcode="alloca"/>
<opset="n/1 "/>
</bind>
</comp>

<comp id="300" class="1004" name="indvar_flatten25_fu_300">
<pin_list>
<pin id="301" dir="0" index="0" bw="1" slack="0"/>
<pin id="302" dir="1" index="1" bw="12" slack="0"/>
</pin_list>
<bind>
<opcode="alloca(26) " fcode="alloca"/>
<opset="indvar_flatten25/1 "/>
</bind>
</comp>

<comp id="304" class="1004" name="s_V_18_loc_fu_304">
<pin_list>
<pin id="305" dir="0" index="0" bw="1" slack="0"/>
<pin id="306" dir="1" index="1" bw="16" slack="7"/>
</pin_list>
<bind>
<opcode="alloca(26) " fcode="alloca"/>
<opset="s_V_18_loc/1 "/>
</bind>
</comp>

<comp id="308" class="1004" name="s_V_16_loc_fu_308">
<pin_list>
<pin id="309" dir="0" index="0" bw="1" slack="0"/>
<pin id="310" dir="1" index="1" bw="16" slack="6"/>
</pin_list>
<bind>
<opcode="alloca(26) " fcode="alloca"/>
<opset="s_V_16_loc/1 "/>
</bind>
</comp>

<comp id="312" class="1004" name="s_V_15_loc_fu_312">
<pin_list>
<pin id="313" dir="0" index="0" bw="1" slack="0"/>
<pin id="314" dir="1" index="1" bw="16" slack="4"/>
</pin_list>
<bind>
<opcode="alloca(26) " fcode="alloca"/>
<opset="s_V_15_loc/1 "/>
</bind>
</comp>

<comp id="316" class="1004" name="s_V_14_loc_fu_316">
<pin_list>
<pin id="317" dir="0" index="0" bw="1" slack="0"/>
<pin id="318" dir="1" index="1" bw="16" slack="2"/>
</pin_list>
<bind>
<opcode="alloca(26) " fcode="alloca"/>
<opset="s_V_14_loc/1 "/>
</bind>
</comp>

<comp id="320" class="1004" name="s_V_13_loc_fu_320">
<pin_list>
<pin id="321" dir="0" index="0" bw="1" slack="0"/>
<pin id="322" dir="1" index="1" bw="16" slack="2"/>
</pin_list>
<bind>
<opcode="alloca(26) " fcode="alloca"/>
<opset="s_V_13_loc/1 "/>
</bind>
</comp>

<comp id="324" class="1004" name="y_1_fu_324">
<pin_list>
<pin id="325" dir="0" index="0" bw="1" slack="0"/>
<pin id="326" dir="1" index="1" bw="4" slack="0"/>
</pin_list>
<bind>
<opcode="alloca(26) " fcode="alloca"/>
<opset="y_1/2 "/>
</bind>
</comp>

<comp id="328" class="1004" name="x_1_fu_328">
<pin_list>
<pin id="329" dir="0" index="0" bw="1" slack="0"/>
<pin id="330" dir="1" index="1" bw="4" slack="0"/>
</pin_list>
<bind>
<opcode="alloca(26) " fcode="alloca"/>
<opset="x_1/2 "/>
</bind>
</comp>

<comp id="332" class="1004" name="indvar_flatten144_fu_332">
<pin_list>
<pin id="333" dir="0" index="0" bw="1" slack="0"/>
<pin id="334" dir="1" index="1" bw="8" slack="0"/>
</pin_list>
<bind>
<opcode="alloca(26) " fcode="alloca"/>
<opset="indvar_flatten144/2 "/>
</bind>
</comp>

<comp id="336" class="1004" name="n_1_fu_336">
<pin_list>
<pin id="337" dir="0" index="0" bw="1" slack="0"/>
<pin id="338" dir="1" index="1" bw="4" slack="0"/>
</pin_list>
<bind>
<opcode="alloca(26) " fcode="alloca"/>
<opset="n_1/2 "/>
</bind>
</comp>

<comp id="340" class="1004" name="indvar_flatten171_fu_340">
<pin_list>
<pin id="341" dir="0" index="0" bw="1" slack="0"/>
<pin id="342" dir="1" index="1" bw="11" slack="0"/>
</pin_list>
<bind>
<opcode="alloca(26) " fcode="alloca"/>
<opset="indvar_flatten171/2 "/>
</bind>
</comp>

<comp id="344" class="1004" name="y_3_fu_344">
<pin_list>
<pin id="345" dir="0" index="0" bw="1" slack="0"/>
<pin id="346" dir="1" index="1" bw="5" slack="0"/>
</pin_list>
<bind>
<opcode="alloca(26) " fcode="alloca"/>
<opset="y_3/7 "/>
</bind>
</comp>

<comp id="348" class="1004" name="x_3_fu_348">
<pin_list>
<pin id="349" dir="0" index="0" bw="1" slack="0"/>
<pin id="350" dir="1" index="1" bw="5" slack="0"/>
</pin_list>
<bind>
<opcode="alloca(26) " fcode="alloca"/>
<opset="x_3/7 "/>
</bind>
</comp>

<comp id="352" class="1004" name="indvar_flatten289_fu_352">
<pin_list>
<pin id="353" dir="0" index="0" bw="1" slack="0"/>
<pin id="354" dir="1" index="1" bw="10" slack="0"/>
</pin_list>
<bind>
<opcode="alloca(26) " fcode="alloca"/>
<opset="indvar_flatten289/7 "/>
</bind>
</comp>

<comp id="356" class="1004" name="n_2_fu_356">
<pin_list>
<pin id="357" dir="0" index="0" bw="1" slack="0"/>
<pin id="358" dir="1" index="1" bw="3" slack="0"/>
</pin_list>
<bind>
<opcode="alloca(26) " fcode="alloca"/>
<opset="n_2/7 "/>
</bind>
</comp>

<comp id="360" class="1004" name="indvar_flatten315_fu_360">
<pin_list>
<pin id="361" dir="0" index="0" bw="1" slack="0"/>
<pin id="362" dir="1" index="1" bw="12" slack="0"/>
</pin_list>
<bind>
<opcode="alloca(26) " fcode="alloca"/>
<opset="indvar_flatten315/7 "/>
</bind>
</comp>

<comp id="364" class="1004" name="y_2_fu_364">
<pin_list>
<pin id="365" dir="0" index="0" bw="1" slack="0"/>
<pin id="366" dir="1" index="1" bw="5" slack="0"/>
</pin_list>
<bind>
<opcode="alloca(26) " fcode="alloca"/>
<opset="y_2/12 "/>
</bind>
</comp>

<comp id="368" class="1004" name="x_2_fu_368">
<pin_list>
<pin id="369" dir="0" index="0" bw="1" slack="0"/>
<pin id="370" dir="1" index="1" bw="5" slack="0"/>
</pin_list>
<bind>
<opcode="alloca(26) " fcode="alloca"/>
<opset="x_2/12 "/>
</bind>
</comp>

<comp id="372" class="1004" name="indvar_flatten393_fu_372">
<pin_list>
<pin id="373" dir="0" index="0" bw="1" slack="0"/>
<pin id="374" dir="1" index="1" bw="10" slack="0"/>
</pin_list>
<bind>
<opcode="alloca(26) " fcode="alloca"/>
<opset="indvar_flatten393/12 "/>
</bind>
</comp>

<comp id="376" class="1004" name="d_addr_5_gep_fu_376">
<pin_list>
<pin id="377" dir="0" index="0" bw="16" slack="0"/>
<pin id="378" dir="0" index="1" bw="1" slack="0"/>
<pin id="379" dir="0" index="2" bw="14" slack="0"/>
<pin id="380" dir="1" index="3" bw="14" slack="2147483647"/>
</pin_list>
<bind>
<opcode="getelementptr(29) " fcode="getelementptr"/>
<opset="d_addr_5/3 "/>
</bind>
</comp>

<comp id="383" class="1004" name="grp_access_fu_383">
<pin_list>
<pin id="384" dir="0" index="0" bw="14" slack="2147483647"/>
<pin id="385" dir="0" index="1" bw="16" slack="0"/>
<pin id="386" dir="0" index="2" bw="2" slack="2147483647"/>
<pin id="387" dir="1" index="3" bw="16" slack="2147483647"/>
</pin_list>
<bind>
<opcode="store(28) " fcode="store"/>
<opset="store_ln36/3 store_ln88/10 store_ln137/15 "/>
</bind>
</comp>

<comp id="388" class="1004" name="conv2_bias_V_addr_gep_fu_388">
<pin_list>
<pin id="389" dir="0" index="0" bw="10" slack="0"/>
<pin id="390" dir="0" index="1" bw="1" slack="0"/>
<pin id="391" dir="0" index="2" bw="4" slack="0"/>
<pin id="392" dir="1" index="3" bw="3" slack="0"/>
</pin_list>
<bind>
<opcode="getelementptr(29) " fcode="getelementptr"/>
<opset="conv2_bias_V_addr/7 "/>
</bind>
</comp>

<comp id="395" class="1004" name="grp_access_fu_395">
<pin_list>
<pin id="396" dir="0" index="0" bw="3" slack="0"/>
<pin id="397" dir="0" index="1" bw="10" slack="2147483647"/>
<pin id="398" dir="0" index="2" bw="0" slack="2147483647"/>
<pin id="399" dir="1" index="3" bw="10" slack="0"/>
</pin_list>
<bind>
<opcode="load(27) " fcode="load"/>
<opset="conv2_bias_V_load/7 "/>
</bind>
</comp>

<comp id="401" class="1004" name="d_addr_gep_fu_401">
<pin_list>
<pin id="402" dir="0" index="0" bw="16" slack="0"/>
<pin id="403" dir="0" index="1" bw="1" slack="0"/>
<pin id="404" dir="0" index="2" bw="14" slack="0"/>
<pin id="405" dir="1" index="3" bw="14" slack="2147483647"/>
</pin_list>
<bind>
<opcode="getelementptr(29) " fcode="getelementptr"/>
<opset="d_addr/10 "/>
</bind>
</comp>

<comp id="408" class="1004" name="d_addr_8_gep_fu_408">
<pin_list>
<pin id="409" dir="0" index="0" bw="16" slack="0"/>
<pin id="410" dir="0" index="1" bw="1" slack="0"/>
<pin id="411" dir="0" index="2" bw="14" slack="0"/>
<pin id="412" dir="1" index="3" bw="14" slack="2147483647"/>
</pin_list>
<bind>
<opcode="getelementptr(29) " fcode="getelementptr"/>
<opset="d_addr_8/15 "/>
</bind>
</comp>

<comp id="415" class="1004" name="f_x_msb_2_table_V_addr_gep_fu_415">
<pin_list>
<pin id="416" dir="0" index="0" bw="46" slack="0"/>
<pin id="417" dir="0" index="1" bw="1" slack="0"/>
<pin id="418" dir="0" index="2" bw="8" slack="0"/>
<pin id="419" dir="1" index="3" bw="8" slack="0"/>
</pin_list>
<bind>
<opcode="getelementptr(29) " fcode="getelementptr"/>
<opset="f_x_msb_2_table_V_addr/19 "/>
</bind>
</comp>

<comp id="422" class="1004" name="grp_access_fu_422">
<pin_list>
<pin id="423" dir="0" index="0" bw="8" slack="0"/>
<pin id="424" dir="0" index="1" bw="46" slack="2147483647"/>
<pin id="425" dir="0" index="2" bw="0" slack="2147483647"/>
<pin id="426" dir="1" index="3" bw="46" slack="0"/>
</pin_list>
<bind>
<opcode="load(27) " fcode="load"/>
<opset="f_x_msb_2_V/19 "/>
</bind>
</comp>

<comp id="428" class="1004" name="exp_x_msb_1_table_V_addr_gep_fu_428">
<pin_list>
<pin id="429" dir="0" index="0" bw="50" slack="0"/>
<pin id="430" dir="0" index="1" bw="1" slack="0"/>
<pin id="431" dir="0" index="2" bw="8" slack="0"/>
<pin id="432" dir="1" index="3" bw="8" slack="0"/>
</pin_list>
<bind>
<opcode="getelementptr(29) " fcode="getelementptr"/>
<opset="exp_x_msb_1_table_V_addr/19 "/>
</bind>
</comp>

<comp id="435" class="1004" name="grp_access_fu_435">
<pin_list>
<pin id="436" dir="0" index="0" bw="8" slack="0"/>
<pin id="437" dir="0" index="1" bw="50" slack="2147483647"/>
<pin id="438" dir="0" index="2" bw="0" slack="2147483647"/>
<pin id="439" dir="1" index="3" bw="50" slack="0"/>
</pin_list>
<bind>
<opcode="load(27) " fcode="load"/>
<opset="exp_x_msb_1_V/19 "/>
</bind>
</comp>

<comp id="441" class="1004" name="output_addr_gep_fu_441">
<pin_list>
<pin id="442" dir="0" index="0" bw="16" slack="0"/>
<pin id="443" dir="0" index="1" bw="1" slack="0"/>
<pin id="444" dir="0" index="2" bw="10" slack="0"/>
<pin id="445" dir="1" index="3" bw="10" slack="0"/>
</pin_list>
<bind>
<opcode="getelementptr(29) " fcode="getelementptr"/>
<opset="output_addr/58 "/>
</bind>
</comp>

<comp id="448" class="1004" name="store_ln167_access_fu_448">
<pin_list>
<pin id="449" dir="0" index="0" bw="10" slack="0"/>
<pin id="450" dir="0" index="1" bw="16" slack="0"/>
<pin id="451" dir="0" index="2" bw="0" slack="2147483647"/>
<pin id="452" dir="1" index="3" bw="16" slack="2147483647"/>
</pin_list>
<bind>
<opcode="store(28) " fcode="store"/>
<opset="store_ln167/58 "/>
</bind>
</comp>

<comp id="454" class="1005" name="i_reg_454">
<pin_list>
<pin id="455" dir="0" index="0" bw="2" slack="1"/>
<pin id="456" dir="1" index="1" bw="2" slack="1"/>
</pin_list>
<bind>
<opset="i (phireg) "/>
</bind>
</comp>

<comp id="458" class="1004" name="i_phi_fu_458">
<pin_list>
<pin id="459" dir="0" index="0" bw="1" slack="1"/>
<pin id="460" dir="0" index="1" bw="0" slack="2147483647"/>
<pin id="461" dir="0" index="2" bw="2" slack="0"/>
<pin id="462" dir="0" index="3" bw="0" slack="2147483647"/>
<pin id="463" dir="1" index="4" bw="2" slack="0"/>
</pin_list>
<bind>
<opcode="phi(47) " fcode="phi"/>
<opset="i/3 "/>
</bind>
</comp>

<comp id="465" class="1005" name="s_V_1_reg_465">
<pin_list>
<pin id="466" dir="0" index="0" bw="16" slack="1"/>
<pin id="467" dir="1" index="1" bw="16" slack="2147483647"/>
</pin_list>
<bind>
<opset="s_V_1 (phireg) "/>
</bind>
</comp>

<comp id="468" class="1004" name="s_V_1_phi_fu_468">
<pin_list>
<pin id="469" dir="0" index="0" bw="16" slack="1"/>
<pin id="470" dir="0" index="1" bw="0" slack="2147483647"/>
<pin id="471" dir="0" index="2" bw="16" slack="1"/>
<pin id="472" dir="0" index="3" bw="0" slack="2147483647"/>
<pin id="473" dir="1" index="4" bw="16" slack="0"/>
</pin_list>
<bind>
<opcode="phi(47) " fcode="phi"/>
<opset="s_V_1/3 "/>
</bind>
</comp>

<comp id="475" class="1004" name="grp_inference_Pipeline_VITIS_LOOP_45_1_VITIS_LOOP_46_2_VITIS_LOOP_47_3_fu_475">
<pin_list>
<pin id="476" dir="0" index="0" bw="0" slack="0"/>
<pin id="477" dir="0" index="1" bw="16" slack="0"/>
<pin id="478" dir="1" index="2" bw="0" slack="2147483647"/>
</pin_list>
<bind>
<opcode="call(48) " fcode="call"/>
<opset="call_ln0/2 "/>
</bind>
</comp>

<comp id="481" class="1004" name="grp_inference_Pipeline_loop_kw_1_fu_481">
<pin_list>
<pin id="482" dir="0" index="0" bw="1" slack="0"/>
<pin id="483" dir="0" index="1" bw="16" slack="0"/>
<pin id="484" dir="0" index="2" bw="6" slack="1"/>
<pin id="485" dir="0" index="3" bw="10" slack="0"/>
<pin id="486" dir="0" index="4" bw="16" slack="0"/>
<pin id="487" dir="0" index="5" bw="1" slack="0"/>
<pin id="488" dir="0" index="6" bw="6" slack="0"/>
<pin id="489" dir="0" index="7" bw="5" slack="1"/>
<pin id="490" dir="0" index="8" bw="16" slack="2"/>
<pin id="491" dir="0" index="9" bw="16" slack="2"/>
<pin id="492" dir="0" index="10" bw="10" slack="0"/>
<pin id="493" dir="1" index="11" bw="1" slack="1"/>
</pin_list>
<bind>
<opcode="call(48) " fcode="call"/>
<opset="targetBlock/3 "/>
</bind>
</comp>

<comp id="498" class="1004" name="grp_inference_Pipeline_VITIS_LOOP_97_1_VITIS_LOOP_98_2_VITIS_LOOP_99_3_fu_498">
<pin_list>
<pin id="499" dir="0" index="0" bw="0" slack="0"/>
<pin id="500" dir="0" index="1" bw="16" slack="0"/>
<pin id="501" dir="1" index="2" bw="0" slack="2147483647"/>
</pin_list>
<bind>
<opcode="call(48) " fcode="call"/>
<opset="call_ln0/7 "/>
</bind>
</comp>

<comp id="504" class="1004" name="grp_inference_Pipeline_loop_kh_2_loop_kw_2_loop_ic_2_fu_504">
<pin_list>
<pin id="505" dir="0" index="0" bw="0" slack="0"/>
<pin id="506" dir="0" index="1" bw="10" slack="0"/>
<pin id="507" dir="0" index="2" bw="4" slack="1"/>
<pin id="508" dir="0" index="3" bw="4" slack="1"/>
<pin id="509" dir="0" index="4" bw="8" slack="1"/>
<pin id="510" dir="0" index="5" bw="1" slack="0"/>
<pin id="511" dir="0" index="6" bw="1" slack="0"/>
<pin id="512" dir="0" index="7" bw="13" slack="0"/>
<pin id="513" dir="0" index="8" bw="16" slack="0"/>
<pin id="514" dir="0" index="9" bw="16" slack="4"/>
<pin id="515" dir="0" index="10" bw="11" slack="0"/>
<pin id="516" dir="1" index="11" bw="0" slack="2147483647"/>
</pin_list>
<bind>
<opcode="call(48) " fcode="call"/>
<opset="call_ln66/8 "/>
</bind>
</comp>

<comp id="521" class="1004" name="grp_inference_Pipeline_loop_kh_3_loop_kw_3_loop_ic_3_fu_521">
<pin_list>
<pin id="522" dir="0" index="0" bw="0" slack="0"/>
<pin id="523" dir="0" index="1" bw="16" slack="1"/>
<pin id="524" dir="0" index="2" bw="5" slack="1"/>
<pin id="525" dir="0" index="3" bw="5" slack="1"/>
<pin id="526" dir="0" index="4" bw="8" slack="1"/>
<pin id="527" dir="0" index="5" bw="1" slack="0"/>
<pin id="528" dir="0" index="6" bw="1" slack="0"/>
<pin id="529" dir="0" index="7" bw="13" slack="0"/>
<pin id="530" dir="0" index="8" bw="16" slack="0"/>
<pin id="531" dir="0" index="9" bw="16" slack="6"/>
<pin id="532" dir="0" index="10" bw="12" slack="0"/>
<pin id="533" dir="1" index="11" bw="0" slack="2147483647"/>
</pin_list>
<bind>
<opcode="call(48) " fcode="call"/>
<opset="call_ln115/13 "/>
</bind>
</comp>

<comp id="537" class="1004" name="grp_inference_Pipeline_loop_kh_out_loop_kw_out_loop_ic_out_fu_537">
<pin_list>
<pin id="538" dir="0" index="0" bw="0" slack="0"/>
<pin id="539" dir="0" index="1" bw="5" slack="0"/>
<pin id="540" dir="0" index="2" bw="5" slack="1"/>
<pin id="541" dir="0" index="3" bw="1" slack="0"/>
<pin id="542" dir="0" index="4" bw="1" slack="0"/>
<pin id="543" dir="0" index="5" bw="9" slack="0"/>
<pin id="544" dir="0" index="6" bw="16" slack="0"/>
<pin id="545" dir="0" index="7" bw="16" slack="7"/>
<pin id="546" dir="0" index="8" bw="11" slack="0"/>
<pin id="547" dir="1" index="9" bw="0" slack="2147483647"/>
</pin_list>
<bind>
<opcode="call(48) " fcode="call"/>
<opset="call_ln147/17 "/>
</bind>
</comp>

<comp id="551" class="1004" name="grp_load_fu_551">
<pin_list>
<pin id="552" dir="0" index="0" bw="10" slack="1"/>
<pin id="553" dir="1" index="1" bw="10" slack="0"/>
</pin_list>
<bind>
<opcode="load(27) " fcode="load"/>
<opset="indvar_flatten_load_1/2 indvar_flatten_load/3 "/>
</bind>
</comp>

<comp id="554" class="1004" name="store_ln17_store_fu_554">
<pin_list>
<pin id="555" dir="0" index="0" bw="1" slack="0"/>
<pin id="556" dir="0" index="1" bw="12" slack="0"/>
<pin id="557" dir="1" index="2" bw="0" slack="2147483647"/>
</pin_list>
<bind>
<opcode="store(28) " fcode="store"/>
<opset="store_ln17/1 "/>
</bind>
</comp>

<comp id="559" class="1004" name="store_ln17_store_fu_559">
<pin_list>
<pin id="560" dir="0" index="0" bw="1" slack="0"/>
<pin id="561" dir="0" index="1" bw="3" slack="0"/>
<pin id="562" dir="1" index="2" bw="0" slack="2147483647"/>
</pin_list>
<bind>
<opcode="store(28) " fcode="store"/>
<opset="store_ln17/1 "/>
</bind>
</comp>

<comp id="564" class="1004" name="store_ln17_store_fu_564">
<pin_list>
<pin id="565" dir="0" index="0" bw="1" slack="0"/>
<pin id="566" dir="0" index="1" bw="10" slack="0"/>
<pin id="567" dir="1" index="2" bw="0" slack="2147483647"/>
</pin_list>
<bind>
<opcode="store(28) " fcode="store"/>
<opset="store_ln17/1 "/>
</bind>
</comp>

<comp id="569" class="1004" name="store_ln17_store_fu_569">
<pin_list>
<pin id="570" dir="0" index="0" bw="1" slack="0"/>
<pin id="571" dir="0" index="1" bw="5" slack="0"/>
<pin id="572" dir="1" index="2" bw="0" slack="2147483647"/>
</pin_list>
<bind>
<opcode="store(28) " fcode="store"/>
<opset="store_ln17/1 "/>
</bind>
</comp>

<comp id="574" class="1004" name="store_ln17_store_fu_574">
<pin_list>
<pin id="575" dir="0" index="0" bw="1" slack="0"/>
<pin id="576" dir="0" index="1" bw="5" slack="0"/>
<pin id="577" dir="1" index="2" bw="0" slack="2147483647"/>
</pin_list>
<bind>
<opcode="store(28) " fcode="store"/>
<opset="store_ln17/1 "/>
</bind>
</comp>

<comp id="579" class="1004" name="x_4_load_fu_579">
<pin_list>
<pin id="580" dir="0" index="0" bw="5" slack="1"/>
<pin id="581" dir="1" index="1" bw="5" slack="0"/>
</pin_list>
<bind>
<opcode="load(27) " fcode="load"/>
<opset="x_4/2 "/>
</bind>
</comp>

<comp id="582" class="1004" name="n_3_load_fu_582">
<pin_list>
<pin id="583" dir="0" index="0" bw="3" slack="1"/>
<pin id="584" dir="1" index="1" bw="3" slack="0"/>
</pin_list>
<bind>
<opcode="load(27) " fcode="load"/>
<opset="n_3/2 "/>
</bind>
</comp>

<comp id="585" class="1004" name="indvar_flatten25_load_load_fu_585">
<pin_list>
<pin id="586" dir="0" index="0" bw="12" slack="1"/>
<pin id="587" dir="1" index="1" bw="12" slack="0"/>
</pin_list>
<bind>
<opcode="load(27) " fcode="load"/>
<opset="indvar_flatten25_load/2 "/>
</bind>
</comp>

<comp id="588" class="1004" name="empty_80_fu_588">
<pin_list>
<pin id="589" dir="0" index="0" bw="3" slack="0"/>
<pin id="590" dir="1" index="1" bw="2" slack="0"/>
</pin_list>
<bind>
<opcode="trunc(33) " fcode="trunc"/>
<opset="empty_80/2 "/>
</bind>
</comp>

<comp id="592" class="1004" name="s_V_fu_592">
<pin_list>
<pin id="593" dir="0" index="0" bw="16" slack="0"/>
<pin id="594" dir="0" index="1" bw="11" slack="0"/>
<pin id="595" dir="0" index="2" bw="9" slack="0"/>
<pin id="596" dir="0" index="3" bw="9" slack="0"/>
<pin id="597" dir="0" index="4" bw="11" slack="0"/>
<pin id="598" dir="0" index="5" bw="2" slack="0"/>
<pin id="599" dir="1" index="6" bw="16" slack="0"/>
</pin_list>
<bind>
<opcode="mux(1196) " fcode="mux"/>
<opset="s_V/2 "/>
</bind>
</comp>

<comp id="606" class="1004" name="shl_ln36_1_fu_606">
<pin_list>
<pin id="607" dir="0" index="0" bw="13" slack="0"/>
<pin id="608" dir="0" index="1" bw="5" slack="0"/>
<pin id="609" dir="0" index="2" bw="1" slack="0"/>
<pin id="610" dir="1" index="3" bw="13" slack="0"/>
</pin_list>
<bind>
<opcode="bitconcatenate(1004) " fcode="bitconcatenate"/>
<opset="shl_ln36_1/2 "/>
</bind>
</comp>

<comp id="614" class="1004" name="zext_ln36_fu_614">
<pin_list>
<pin id="615" dir="0" index="0" bw="13" slack="0"/>
<pin id="616" dir="1" index="1" bw="14" slack="0"/>
</pin_list>
<bind>
<opcode="zext(34) " fcode="zext"/>
<opset="zext_ln36/2 "/>
</bind>
</comp>

<comp id="618" class="1004" name="shl_ln36_2_fu_618">
<pin_list>
<pin id="619" dir="0" index="0" bw="10" slack="0"/>
<pin id="620" dir="0" index="1" bw="5" slack="0"/>
<pin id="621" dir="0" index="2" bw="1" slack="0"/>
<pin id="622" dir="1" index="3" bw="10" slack="0"/>
</pin_list>
<bind>
<opcode="bitconcatenate(1004) " fcode="bitconcatenate"/>
<opset="shl_ln36_2/2 "/>
</bind>
</comp>

<comp id="626" class="1004" name="zext_ln36_1_fu_626">
<pin_list>
<pin id="627" dir="0" index="0" bw="10" slack="0"/>
<pin id="628" dir="1" index="1" bw="14" slack="0"/>
</pin_list>
<bind>
<opcode="zext(34) " fcode="zext"/>
<opset="zext_ln36_1/2 "/>
</bind>
</comp>

<comp id="630" class="1004" name="sub_ln36_fu_630">
<pin_list>
<pin id="631" dir="0" index="0" bw="13" slack="0"/>
<pin id="632" dir="0" index="1" bw="10" slack="0"/>
<pin id="633" dir="1" index="2" bw="14" slack="0"/>
</pin_list>
<bind>
<opcode="sub(10) " fcode="sub"/>
<opset="sub_ln36/2 "/>
</bind>
</comp>

<comp id="636" class="1004" name="icmp_ln17_fu_636">
<pin_list>
<pin id="637" dir="0" index="0" bw="12" slack="0"/>
<pin id="638" dir="0" index="1" bw="12" slack="0"/>
<pin id="639" dir="1" index="2" bw="1" slack="2147483647"/>
</pin_list>
<bind>
<opcode="icmp(45) " fcode="icmp"/>
<opset="icmp_ln17/2 "/>
</bind>
</comp>

<comp id="642" class="1004" name="add_ln17_1_fu_642">
<pin_list>
<pin id="643" dir="0" index="0" bw="12" slack="0"/>
<pin id="644" dir="0" index="1" bw="1" slack="0"/>
<pin id="645" dir="1" index="2" bw="12" slack="1"/>
</pin_list>
<bind>
<opcode="add(8) " fcode="add"/>
<opset="add_ln17_1/2 "/>
</bind>
</comp>

<comp id="648" class="1004" name="y_load_load_fu_648">
<pin_list>
<pin id="649" dir="0" index="0" bw="5" slack="1"/>
<pin id="650" dir="1" index="1" bw="5" slack="0"/>
</pin_list>
<bind>
<opcode="load(27) " fcode="load"/>
<opset="y_load/2 "/>
</bind>
</comp>

<comp id="651" class="1004" name="add_ln17_fu_651">
<pin_list>
<pin id="652" dir="0" index="0" bw="3" slack="0"/>
<pin id="653" dir="0" index="1" bw="1" slack="0"/>
<pin id="654" dir="1" index="2" bw="3" slack="0"/>
</pin_list>
<bind>
<opcode="add(8) " fcode="add"/>
<opset="add_ln17/2 "/>
</bind>
</comp>

<comp id="657" class="1004" name="icmp_ln19_fu_657">
<pin_list>
<pin id="658" dir="0" index="0" bw="10" slack="0"/>
<pin id="659" dir="0" index="1" bw="10" slack="0"/>
<pin id="660" dir="1" index="2" bw="1" slack="0"/>
</pin_list>
<bind>
<opcode="icmp(45) " fcode="icmp"/>
<opset="icmp_ln19/2 "/>
</bind>
</comp>

<comp id="663" class="1004" name="select_ln17_fu_663">
<pin_list>
<pin id="664" dir="0" index="0" bw="1" slack="0"/>
<pin id="665" dir="0" index="1" bw="5" slack="0"/>
<pin id="666" dir="0" index="2" bw="5" slack="0"/>
<pin id="667" dir="1" index="3" bw="5" slack="0"/>
</pin_list>
<bind>
<opcode="select(49) " fcode="select"/>
<opset="select_ln17/2 "/>
</bind>
</comp>

<comp id="671" class="1004" name="select_ln17_1_fu_671">
<pin_list>
<pin id="672" dir="0" index="0" bw="1" slack="0"/>
<pin id="673" dir="0" index="1" bw="3" slack="0"/>
<pin id="674" dir="0" index="2" bw="3" slack="0"/>
<pin id="675" dir="1" index="3" bw="3" slack="0"/>
</pin_list>
<bind>
<opcode="select(49) " fcode="select"/>
<opset="select_ln17_1/2 "/>
</bind>
</comp>

<comp id="679" class="1004" name="zext_ln17_fu_679">
<pin_list>
<pin id="680" dir="0" index="0" bw="3" slack="0"/>
<pin id="681" dir="1" index="1" bw="5" slack="1"/>
</pin_list>
<bind>
<opcode="zext(34) " fcode="zext"/>
<opset="zext_ln17/2 "/>
</bind>
</comp>

<comp id="683" class="1004" name="empty_79_fu_683">
<pin_list>
<pin id="684" dir="0" index="0" bw="3" slack="0"/>
<pin id="685" dir="1" index="1" bw="2" slack="0"/>
</pin_list>
<bind>
<opcode="trunc(33) " fcode="trunc"/>
<opset="empty_79/2 "/>
</bind>
</comp>

<comp id="687" class="1004" name="trunc_ln17_fu_687">
<pin_list>
<pin id="688" dir="0" index="0" bw="3" slack="0"/>
<pin id="689" dir="1" index="1" bw="2" slack="0"/>
</pin_list>
<bind>
<opcode="trunc(33) " fcode="trunc"/>
<opset="trunc_ln17/2 "/>
</bind>
</comp>

<comp id="691" class="1004" name="p_shl_cast_mid2_v_fu_691">
<pin_list>
<pin id="692" dir="0" index="0" bw="5" slack="0"/>
<pin id="693" dir="0" index="1" bw="2" slack="0"/>
<pin id="694" dir="0" index="2" bw="1" slack="0"/>
<pin id="695" dir="1" index="3" bw="5" slack="0"/>
</pin_list>
<bind>
<opcode="bitconcatenate(1004) " fcode="bitconcatenate"/>
<opset="p_shl_cast_mid2_v/2 "/>
</bind>
</comp>

<comp id="699" class="1004" name="zext_ln17_1_fu_699">
<pin_list>
<pin id="700" dir="0" index="0" bw="5" slack="0"/>
<pin id="701" dir="1" index="1" bw="6" slack="1"/>
</pin_list>
<bind>
<opcode="zext(34) " fcode="zext"/>
<opset="zext_ln17_1/2 "/>
</bind>
</comp>

<comp id="703" class="1004" name="s_V_mid1_fu_703">
<pin_list>
<pin id="704" dir="0" index="0" bw="16" slack="0"/>
<pin id="705" dir="0" index="1" bw="11" slack="0"/>
<pin id="706" dir="0" index="2" bw="9" slack="0"/>
<pin id="707" dir="0" index="3" bw="9" slack="0"/>
<pin id="708" dir="0" index="4" bw="11" slack="0"/>
<pin id="709" dir="0" index="5" bw="2" slack="0"/>
<pin id="710" dir="1" index="6" bw="16" slack="0"/>
</pin_list>
<bind>
<opcode="mux(1196) " fcode="mux"/>
<opset="s_V_mid1/2 "/>
</bind>
</comp>

<comp id="717" class="1004" name="select_ln17_2_fu_717">
<pin_list>
<pin id="718" dir="0" index="0" bw="1" slack="0"/>
<pin id="719" dir="0" index="1" bw="16" slack="0"/>
<pin id="720" dir="0" index="2" bw="16" slack="0"/>
<pin id="721" dir="1" index="3" bw="16" slack="1"/>
</pin_list>
<bind>
<opcode="select(49) " fcode="select"/>
<opset="select_ln17_2/2 "/>
</bind>
</comp>

<comp id="725" class="1004" name="select_ln17_3_fu_725">
<pin_list>
<pin id="726" dir="0" index="0" bw="1" slack="0"/>
<pin id="727" dir="0" index="1" bw="14" slack="0"/>
<pin id="728" dir="0" index="2" bw="14" slack="0"/>
<pin id="729" dir="1" index="3" bw="14" slack="0"/>
</pin_list>
<bind>
<opcode="select(49) " fcode="select"/>
<opset="select_ln17_3/2 "/>
</bind>
</comp>

<comp id="733" class="1004" name="xor_ln17_fu_733">
<pin_list>
<pin id="734" dir="0" index="0" bw="1" slack="0"/>
<pin id="735" dir="0" index="1" bw="1" slack="0"/>
<pin id="736" dir="1" index="2" bw="1" slack="0"/>
</pin_list>
<bind>
<opcode="xor(25) " fcode="xor"/>
<opset="xor_ln17/2 "/>
</bind>
</comp>

<comp id="739" class="1004" name="icmp_ln21_fu_739">
<pin_list>
<pin id="740" dir="0" index="0" bw="5" slack="0"/>
<pin id="741" dir="0" index="1" bw="5" slack="0"/>
<pin id="742" dir="1" index="2" bw="1" slack="0"/>
</pin_list>
<bind>
<opcode="icmp(45) " fcode="icmp"/>
<opset="icmp_ln21/2 "/>
</bind>
</comp>

<comp id="745" class="1004" name="and_ln17_fu_745">
<pin_list>
<pin id="746" dir="0" index="0" bw="1" slack="0"/>
<pin id="747" dir="0" index="1" bw="1" slack="0"/>
<pin id="748" dir="1" index="2" bw="1" slack="0"/>
</pin_list>
<bind>
<opcode="and(23) " fcode="and"/>
<opset="and_ln17/2 "/>
</bind>
</comp>

<comp id="751" class="1004" name="add_ln19_fu_751">
<pin_list>
<pin id="752" dir="0" index="0" bw="5" slack="0"/>
<pin id="753" dir="0" index="1" bw="1" slack="0"/>
<pin id="754" dir="1" index="2" bw="5" slack="0"/>
</pin_list>
<bind>
<opcode="add(8) " fcode="add"/>
<opset="add_ln19/2 "/>
</bind>
</comp>

<comp id="757" class="1004" name="or_ln19_fu_757">
<pin_list>
<pin id="758" dir="0" index="0" bw="1" slack="0"/>
<pin id="759" dir="0" index="1" bw="1" slack="0"/>
<pin id="760" dir="1" index="2" bw="1" slack="0"/>
</pin_list>
<bind>
<opcode="or(24) " fcode="or"/>
<opset="or_ln19/2 "/>
</bind>
</comp>

<comp id="763" class="1004" name="select_ln19_fu_763">
<pin_list>
<pin id="764" dir="0" index="0" bw="1" slack="0"/>
<pin id="765" dir="0" index="1" bw="5" slack="0"/>
<pin id="766" dir="0" index="2" bw="5" slack="0"/>
<pin id="767" dir="1" index="3" bw="5" slack="0"/>
</pin_list>
<bind>
<opcode="select(49) " fcode="select"/>
<opset="select_ln19/2 "/>
</bind>
</comp>

<comp id="771" class="1004" name="shl_ln36_1_mid1_fu_771">
<pin_list>
<pin id="772" dir="0" index="0" bw="13" slack="0"/>
<pin id="773" dir="0" index="1" bw="5" slack="0"/>
<pin id="774" dir="0" index="2" bw="1" slack="0"/>
<pin id="775" dir="1" index="3" bw="13" slack="0"/>
</pin_list>
<bind>
<opcode="bitconcatenate(1004) " fcode="bitconcatenate"/>
<opset="shl_ln36_1_mid1/2 "/>
</bind>
</comp>

<comp id="779" class="1004" name="zext_ln36_4_fu_779">
<pin_list>
<pin id="780" dir="0" index="0" bw="13" slack="0"/>
<pin id="781" dir="1" index="1" bw="14" slack="0"/>
</pin_list>
<bind>
<opcode="zext(34) " fcode="zext"/>
<opset="zext_ln36_4/2 "/>
</bind>
</comp>

<comp id="783" class="1004" name="shl_ln36_2_mid1_fu_783">
<pin_list>
<pin id="784" dir="0" index="0" bw="10" slack="0"/>
<pin id="785" dir="0" index="1" bw="5" slack="0"/>
<pin id="786" dir="0" index="2" bw="1" slack="0"/>
<pin id="787" dir="1" index="3" bw="10" slack="0"/>
</pin_list>
<bind>
<opcode="bitconcatenate(1004) " fcode="bitconcatenate"/>
<opset="shl_ln36_2_mid1/2 "/>
</bind>
</comp>

<comp id="791" class="1004" name="zext_ln36_5_fu_791">
<pin_list>
<pin id="792" dir="0" index="0" bw="10" slack="0"/>
<pin id="793" dir="1" index="1" bw="14" slack="0"/>
</pin_list>
<bind>
<opcode="zext(34) " fcode="zext"/>
<opset="zext_ln36_5/2 "/>
</bind>
</comp>

<comp id="795" class="1004" name="sub_ln36_1_fu_795">
<pin_list>
<pin id="796" dir="0" index="0" bw="13" slack="0"/>
<pin id="797" dir="0" index="1" bw="10" slack="0"/>
<pin id="798" dir="1" index="2" bw="14" slack="0"/>
</pin_list>
<bind>
<opcode="sub(10) " fcode="sub"/>
<opset="sub_ln36_1/2 "/>
</bind>
</comp>

<comp id="801" class="1004" name="select_ln19_1_fu_801">
<pin_list>
<pin id="802" dir="0" index="0" bw="1" slack="0"/>
<pin id="803" dir="0" index="1" bw="14" slack="0"/>
<pin id="804" dir="0" index="2" bw="14" slack="0"/>
<pin id="805" dir="1" index="3" bw="14" slack="1"/>
</pin_list>
<bind>
<opcode="select(49) " fcode="select"/>
<opset="select_ln19_1/2 "/>
</bind>
</comp>

<comp id="809" class="1004" name="select_ln19_2_fu_809">
<pin_list>
<pin id="810" dir="0" index="0" bw="1" slack="0"/>
<pin id="811" dir="0" index="1" bw="5" slack="0"/>
<pin id="812" dir="0" index="2" bw="5" slack="0"/>
<pin id="813" dir="1" index="3" bw="5" slack="1"/>
</pin_list>
<bind>
<opcode="select(49) " fcode="select"/>
<opset="select_ln19_2/2 "/>
</bind>
</comp>

<comp id="817" class="1004" name="zext_ln21_fu_817">
<pin_list>
<pin id="818" dir="0" index="0" bw="5" slack="0"/>
<pin id="819" dir="1" index="1" bw="6" slack="0"/>
</pin_list>
<bind>
<opcode="zext(34) " fcode="zext"/>
<opset="zext_ln21/2 "/>
</bind>
</comp>

<comp id="821" class="1004" name="add_ln30_fu_821">
<pin_list>
<pin id="822" dir="0" index="0" bw="5" slack="0"/>
<pin id="823" dir="0" index="1" bw="1" slack="0"/>
<pin id="824" dir="1" index="2" bw="6" slack="1"/>
</pin_list>
<bind>
<opcode="add(8) " fcode="add"/>
<opset="add_ln30/2 "/>
</bind>
</comp>

<comp id="827" class="1004" name="store_ln66_store_fu_827">
<pin_list>
<pin id="828" dir="0" index="0" bw="1" slack="0"/>
<pin id="829" dir="0" index="1" bw="11" slack="0"/>
<pin id="830" dir="1" index="2" bw="0" slack="2147483647"/>
</pin_list>
<bind>
<opcode="store(28) " fcode="store"/>
<opset="store_ln66/2 "/>
</bind>
</comp>

<comp id="832" class="1004" name="store_ln66_store_fu_832">
<pin_list>
<pin id="833" dir="0" index="0" bw="1" slack="0"/>
<pin id="834" dir="0" index="1" bw="4" slack="0"/>
<pin id="835" dir="1" index="2" bw="0" slack="2147483647"/>
</pin_list>
<bind>
<opcode="store(28) " fcode="store"/>
<opset="store_ln66/2 "/>
</bind>
</comp>

<comp id="837" class="1004" name="store_ln66_store_fu_837">
<pin_list>
<pin id="838" dir="0" index="0" bw="1" slack="0"/>
<pin id="839" dir="0" index="1" bw="8" slack="0"/>
<pin id="840" dir="1" index="2" bw="0" slack="2147483647"/>
</pin_list>
<bind>
<opcode="store(28) " fcode="store"/>
<opset="store_ln66/2 "/>
</bind>
</comp>

<comp id="842" class="1004" name="store_ln66_store_fu_842">
<pin_list>
<pin id="843" dir="0" index="0" bw="1" slack="0"/>
<pin id="844" dir="0" index="1" bw="4" slack="0"/>
<pin id="845" dir="1" index="2" bw="0" slack="2147483647"/>
</pin_list>
<bind>
<opcode="store(28) " fcode="store"/>
<opset="store_ln66/2 "/>
</bind>
</comp>

<comp id="847" class="1004" name="store_ln66_store_fu_847">
<pin_list>
<pin id="848" dir="0" index="0" bw="1" slack="0"/>
<pin id="849" dir="0" index="1" bw="4" slack="0"/>
<pin id="850" dir="1" index="2" bw="0" slack="2147483647"/>
</pin_list>
<bind>
<opcode="store(28) " fcode="store"/>
<opset="store_ln66/2 "/>
</bind>
</comp>

<comp id="852" class="1004" name="icmp_ln25_fu_852">
<pin_list>
<pin id="853" dir="0" index="0" bw="2" slack="0"/>
<pin id="854" dir="0" index="1" bw="2" slack="0"/>
<pin id="855" dir="1" index="2" bw="1" slack="2147483647"/>
</pin_list>
<bind>
<opcode="icmp(45) " fcode="icmp"/>
<opset="icmp_ln25/3 "/>
</bind>
</comp>

<comp id="858" class="1004" name="add_ln25_fu_858">
<pin_list>
<pin id="859" dir="0" index="0" bw="2" slack="0"/>
<pin id="860" dir="0" index="1" bw="1" slack="0"/>
<pin id="861" dir="1" index="2" bw="2" slack="0"/>
</pin_list>
<bind>
<opcode="add(8) " fcode="add"/>
<opset="add_ln25/3 "/>
</bind>
</comp>

<comp id="864" class="1004" name="zext_ln25_fu_864">
<pin_list>
<pin id="865" dir="0" index="0" bw="2" slack="0"/>
<pin id="866" dir="1" index="1" bw="5" slack="0"/>
</pin_list>
<bind>
<opcode="zext(34) " fcode="zext"/>
<opset="zext_ln25/3 "/>
</bind>
</comp>

<comp id="868" class="1004" name="empty_82_fu_868">
<pin_list>
<pin id="869" dir="0" index="0" bw="2" slack="0"/>
<pin id="870" dir="0" index="1" bw="5" slack="1"/>
<pin id="871" dir="1" index="2" bw="5" slack="0"/>
</pin_list>
<bind>
<opcode="add(8) " fcode="add"/>
<opset="empty_82/3 "/>
</bind>
</comp>

<comp id="873" class="1004" name="p_cast78_fu_873">
<pin_list>
<pin id="874" dir="0" index="0" bw="5" slack="0"/>
<pin id="875" dir="1" index="1" bw="6" slack="0"/>
</pin_list>
<bind>
<opcode="zext(34) " fcode="zext"/>
<opset="p_cast78/3 "/>
</bind>
</comp>

<comp id="877" class="1004" name="empty_83_fu_877">
<pin_list>
<pin id="878" dir="0" index="0" bw="5" slack="0"/>
<pin id="879" dir="0" index="1" bw="1" slack="0"/>
<pin id="880" dir="1" index="2" bw="6" slack="0"/>
</pin_list>
<bind>
<opcode="add(8) " fcode="add"/>
<opset="empty_83/3 "/>
</bind>
</comp>

<comp id="883" class="1004" name="trunc_ln32_fu_883">
<pin_list>
<pin id="884" dir="0" index="0" bw="6" slack="0"/>
<pin id="885" dir="1" index="1" bw="5" slack="0"/>
</pin_list>
<bind>
<opcode="trunc(33) " fcode="trunc"/>
<opset="trunc_ln32/3 "/>
</bind>
</comp>

<comp id="887" class="1004" name="tmp_12_fu_887">
<pin_list>
<pin id="888" dir="0" index="0" bw="10" slack="0"/>
<pin id="889" dir="0" index="1" bw="5" slack="0"/>
<pin id="890" dir="0" index="2" bw="1" slack="0"/>
<pin id="891" dir="1" index="3" bw="10" slack="0"/>
</pin_list>
<bind>
<opcode="bitconcatenate(1004) " fcode="bitconcatenate"/>
<opset="tmp_12/3 "/>
</bind>
</comp>

<comp id="895" class="1004" name="tmp_13_fu_895">
<pin_list>
<pin id="896" dir="0" index="0" bw="8" slack="0"/>
<pin id="897" dir="0" index="1" bw="6" slack="0"/>
<pin id="898" dir="0" index="2" bw="1" slack="0"/>
<pin id="899" dir="1" index="3" bw="8" slack="0"/>
</pin_list>
<bind>
<opcode="bitconcatenate(1004) " fcode="bitconcatenate"/>
<opset="tmp_13/3 "/>
</bind>
</comp>

<comp id="903" class="1004" name="zext_ln32_fu_903">
<pin_list>
<pin id="904" dir="0" index="0" bw="8" slack="0"/>
<pin id="905" dir="1" index="1" bw="10" slack="0"/>
</pin_list>
<bind>
<opcode="zext(34) " fcode="zext"/>
<opset="zext_ln32/3 "/>
</bind>
</comp>

<comp id="907" class="1004" name="sub_ln32_fu_907">
<pin_list>
<pin id="908" dir="0" index="0" bw="10" slack="0"/>
<pin id="909" dir="0" index="1" bw="8" slack="0"/>
<pin id="910" dir="1" index="2" bw="10" slack="0"/>
</pin_list>
<bind>
<opcode="sub(10) " fcode="sub"/>
<opset="sub_ln32/3 "/>
</bind>
</comp>

<comp id="914" class="1004" name="p_shl3_fu_914">
<pin_list>
<pin id="915" dir="0" index="0" bw="4" slack="0"/>
<pin id="916" dir="0" index="1" bw="2" slack="0"/>
<pin id="917" dir="0" index="2" bw="1" slack="0"/>
<pin id="918" dir="1" index="3" bw="4" slack="0"/>
</pin_list>
<bind>
<opcode="bitconcatenate(1004) " fcode="bitconcatenate"/>
<opset="p_shl3/3 "/>
</bind>
</comp>

<comp id="922" class="1004" name="p_shl3_cast_fu_922">
<pin_list>
<pin id="923" dir="0" index="0" bw="4" slack="0"/>
<pin id="924" dir="1" index="1" bw="5" slack="0"/>
</pin_list>
<bind>
<opcode="zext(34) " fcode="zext"/>
<opset="p_shl3_cast/3 "/>
</bind>
</comp>

<comp id="926" class="1004" name="empty_84_fu_926">
<pin_list>
<pin id="927" dir="0" index="0" bw="4" slack="0"/>
<pin id="928" dir="0" index="1" bw="2" slack="0"/>
<pin id="929" dir="1" index="2" bw="5" slack="0"/>
</pin_list>
<bind>
<opcode="sub(10) " fcode="sub"/>
<opset="empty_84/3 "/>
</bind>
</comp>

<comp id="932" class="1004" name="tmp3_fu_932">
<pin_list>
<pin id="933" dir="0" index="0" bw="3" slack="1"/>
<pin id="934" dir="0" index="1" bw="5" slack="0"/>
<pin id="935" dir="1" index="2" bw="5" slack="0"/>
</pin_list>
<bind>
<opcode="add(8) " fcode="add"/>
<opset="tmp3/3 "/>
</bind>
</comp>

<comp id="937" class="1004" name="tmp3_cast_fu_937">
<pin_list>
<pin id="938" dir="0" index="0" bw="5" slack="0"/>
<pin id="939" dir="1" index="1" bw="6" slack="0"/>
</pin_list>
<bind>
<opcode="sext(35) " fcode="sext"/>
<opset="tmp3_cast/3 "/>
</bind>
</comp>

<comp id="941" class="1004" name="empty_85_fu_941">
<pin_list>
<pin id="942" dir="0" index="0" bw="5" slack="0"/>
<pin id="943" dir="0" index="1" bw="5" slack="1"/>
<pin id="944" dir="1" index="2" bw="6" slack="0"/>
</pin_list>
<bind>
<opcode="add(8) " fcode="add"/>
<opset="empty_85/3 "/>
</bind>
</comp>

<comp id="947" class="1004" name="notlhs_fu_947">
<pin_list>
<pin id="948" dir="0" index="0" bw="5" slack="0"/>
<pin id="949" dir="0" index="1" bw="5" slack="0"/>
<pin id="950" dir="1" index="2" bw="1" slack="0"/>
</pin_list>
<bind>
<opcode="icmp(45) " fcode="icmp"/>
<opset="notlhs/3 "/>
</bind>
</comp>

<comp id="953" class="1004" name="notrhs_fu_953">
<pin_list>
<pin id="954" dir="0" index="0" bw="6" slack="0"/>
<pin id="955" dir="0" index="1" bw="6" slack="0"/>
<pin id="956" dir="1" index="2" bw="1" slack="0"/>
</pin_list>
<bind>
<opcode="icmp(45) " fcode="icmp"/>
<opset="notrhs/3 "/>
</bind>
</comp>

<comp id="959" class="1004" name="brmerge_not_fu_959">
<pin_list>
<pin id="960" dir="0" index="0" bw="1" slack="0"/>
<pin id="961" dir="0" index="1" bw="1" slack="0"/>
<pin id="962" dir="1" index="2" bw="1" slack="0"/>
</pin_list>
<bind>
<opcode="and(23) " fcode="and"/>
<opset="brmerge_not/3 "/>
</bind>
</comp>

<comp id="966" class="1004" name="trunc_ln25_fu_966">
<pin_list>
<pin id="967" dir="0" index="0" bw="16" slack="0"/>
<pin id="968" dir="1" index="1" bw="15" slack="0"/>
</pin_list>
<bind>
<opcode="trunc(33) " fcode="trunc"/>
<opset="trunc_ln25/3 "/>
</bind>
</comp>

<comp id="970" class="1004" name="icmp_ln1649_3_fu_970">
<pin_list>
<pin id="971" dir="0" index="0" bw="16" slack="0"/>
<pin id="972" dir="0" index="1" bw="16" slack="0"/>
<pin id="973" dir="1" index="2" bw="1" slack="0"/>
</pin_list>
<bind>
<opcode="icmp(45) " fcode="icmp"/>
<opset="icmp_ln1649_3/3 "/>
</bind>
</comp>

<comp id="976" class="1004" name="select_ln65_fu_976">
<pin_list>
<pin id="977" dir="0" index="0" bw="1" slack="0"/>
<pin id="978" dir="0" index="1" bw="15" slack="0"/>
<pin id="979" dir="0" index="2" bw="15" slack="0"/>
<pin id="980" dir="1" index="3" bw="15" slack="0"/>
</pin_list>
<bind>
<opcode="select(49) " fcode="select"/>
<opset="select_ln65/3 "/>
</bind>
</comp>

<comp id="984" class="1004" name="zext_ln36_2_fu_984">
<pin_list>
<pin id="985" dir="0" index="0" bw="15" slack="0"/>
<pin id="986" dir="1" index="1" bw="16" slack="0"/>
</pin_list>
<bind>
<opcode="zext(34) " fcode="zext"/>
<opset="zext_ln36_2/3 "/>
</bind>
</comp>

<comp id="989" class="1004" name="tmp2_fu_989">
<pin_list>
<pin id="990" dir="0" index="0" bw="8" slack="0"/>
<pin id="991" dir="0" index="1" bw="5" slack="1"/>
<pin id="992" dir="0" index="2" bw="2" slack="1"/>
<pin id="993" dir="0" index="3" bw="1" slack="0"/>
<pin id="994" dir="1" index="4" bw="8" slack="0"/>
</pin_list>
<bind>
<opcode="bitconcatenate(1004) " fcode="bitconcatenate"/>
<opset="tmp2/3 "/>
</bind>
</comp>

<comp id="997" class="1004" name="zext_ln36_3_fu_997">
<pin_list>
<pin id="998" dir="0" index="0" bw="8" slack="0"/>
<pin id="999" dir="1" index="1" bw="14" slack="0"/>
</pin_list>
<bind>
<opcode="zext(34) " fcode="zext"/>
<opset="zext_ln36_3/3 "/>
</bind>
</comp>

<comp id="1001" class="1004" name="add_ln36_fu_1001">
<pin_list>
<pin id="1002" dir="0" index="0" bw="8" slack="0"/>
<pin id="1003" dir="0" index="1" bw="14" slack="1"/>
<pin id="1004" dir="1" index="2" bw="14" slack="0"/>
</pin_list>
<bind>
<opcode="add(8) " fcode="add"/>
<opset="add_ln36/3 "/>
</bind>
</comp>

<comp id="1006" class="1004" name="trunc_ln5_fu_1006">
<pin_list>
<pin id="1007" dir="0" index="0" bw="13" slack="0"/>
<pin id="1008" dir="0" index="1" bw="14" slack="0"/>
<pin id="1009" dir="0" index="2" bw="1" slack="0"/>
<pin id="1010" dir="0" index="3" bw="5" slack="0"/>
<pin id="1011" dir="1" index="4" bw="13" slack="0"/>
</pin_list>
<bind>
<opcode="partselect(1002) " fcode="partselect"/>
<opset="trunc_ln5/3 "/>
</bind>
</comp>

<comp id="1016" class="1004" name="sext_ln36_fu_1016">
<pin_list>
<pin id="1017" dir="0" index="0" bw="13" slack="0"/>
<pin id="1018" dir="1" index="1" bw="14" slack="0"/>
</pin_list>
<bind>
<opcode="sext(35) " fcode="sext"/>
<opset="sext_ln36/3 "/>
</bind>
</comp>

<comp id="1020" class="1004" name="zext_ln36_6_fu_1020">
<pin_list>
<pin id="1021" dir="0" index="0" bw="13" slack="0"/>
<pin id="1022" dir="1" index="1" bw="64" slack="0"/>
</pin_list>
<bind>
<opcode="zext(34) " fcode="zext"/>
<opset="zext_ln36_6/3 "/>
</bind>
</comp>

<comp id="1025" class="1004" name="add_ln21_fu_1025">
<pin_list>
<pin id="1026" dir="0" index="0" bw="5" slack="1"/>
<pin id="1027" dir="0" index="1" bw="1" slack="0"/>
<pin id="1028" dir="1" index="2" bw="5" slack="0"/>
</pin_list>
<bind>
<opcode="add(8) " fcode="add"/>
<opset="add_ln21/3 "/>
</bind>
</comp>

<comp id="1030" class="1004" name="add_ln19_1_fu_1030">
<pin_list>
<pin id="1031" dir="0" index="0" bw="10" slack="0"/>
<pin id="1032" dir="0" index="1" bw="1" slack="0"/>
<pin id="1033" dir="1" index="2" bw="10" slack="0"/>
</pin_list>
<bind>
<opcode="add(8) " fcode="add"/>
<opset="add_ln19_1/3 "/>
</bind>
</comp>

<comp id="1036" class="1004" name="select_ln19_3_fu_1036">
<pin_list>
<pin id="1037" dir="0" index="0" bw="1" slack="1"/>
<pin id="1038" dir="0" index="1" bw="10" slack="0"/>
<pin id="1039" dir="0" index="2" bw="10" slack="0"/>
<pin id="1040" dir="1" index="3" bw="10" slack="0"/>
</pin_list>
<bind>
<opcode="select(49) " fcode="select"/>
<opset="select_ln19_3/3 "/>
</bind>
</comp>

<comp id="1043" class="1004" name="store_ln21_store_fu_1043">
<pin_list>
<pin id="1044" dir="0" index="0" bw="12" slack="1"/>
<pin id="1045" dir="0" index="1" bw="12" slack="2"/>
<pin id="1046" dir="1" index="2" bw="0" slack="2147483647"/>
</pin_list>
<bind>
<opcode="store(28) " fcode="store"/>
<opset="store_ln21/3 "/>
</bind>
</comp>

<comp id="1047" class="1004" name="store_ln21_store_fu_1047">
<pin_list>
<pin id="1048" dir="0" index="0" bw="3" slack="1"/>
<pin id="1049" dir="0" index="1" bw="3" slack="2"/>
<pin id="1050" dir="1" index="2" bw="0" slack="2147483647"/>
</pin_list>
<bind>
<opcode="store(28) " fcode="store"/>
<opset="store_ln21/3 "/>
</bind>
</comp>

<comp id="1051" class="1004" name="store_ln21_store_fu_1051">
<pin_list>
<pin id="1052" dir="0" index="0" bw="10" slack="0"/>
<pin id="1053" dir="0" index="1" bw="10" slack="2"/>
<pin id="1054" dir="1" index="2" bw="0" slack="2147483647"/>
</pin_list>
<bind>
<opcode="store(28) " fcode="store"/>
<opset="store_ln21/3 "/>
</bind>
</comp>

<comp id="1056" class="1004" name="store_ln21_store_fu_1056">
<pin_list>
<pin id="1057" dir="0" index="0" bw="5" slack="1"/>
<pin id="1058" dir="0" index="1" bw="5" slack="2"/>
<pin id="1059" dir="1" index="2" bw="0" slack="2147483647"/>
</pin_list>
<bind>
<opcode="store(28) " fcode="store"/>
<opset="store_ln21/3 "/>
</bind>
</comp>

<comp id="1060" class="1004" name="store_ln21_store_fu_1060">
<pin_list>
<pin id="1061" dir="0" index="0" bw="5" slack="0"/>
<pin id="1062" dir="0" index="1" bw="5" slack="2"/>
<pin id="1063" dir="1" index="2" bw="0" slack="2147483647"/>
</pin_list>
<bind>
<opcode="store(28) " fcode="store"/>
<opset="store_ln21/3 "/>
</bind>
</comp>

<comp id="1065" class="1004" name="s_V_13_loc_load_load_fu_1065">
<pin_list>
<pin id="1066" dir="0" index="0" bw="16" slack="4"/>
<pin id="1067" dir="1" index="1" bw="16" slack="0"/>
</pin_list>
<bind>
<opcode="load(27) " fcode="load"/>
<opset="s_V_13_loc_load/5 "/>
</bind>
</comp>

<comp id="1068" class="1004" name="s_V_14_loc_load_load_fu_1068">
<pin_list>
<pin id="1069" dir="0" index="0" bw="16" slack="4"/>
<pin id="1070" dir="1" index="1" bw="16" slack="0"/>
</pin_list>
<bind>
<opcode="load(27) " fcode="load"/>
<opset="s_V_14_loc_load/5 "/>
</bind>
</comp>

<comp id="1071" class="1004" name="s_V_3_fu_1071">
<pin_list>
<pin id="1072" dir="0" index="0" bw="1" slack="1"/>
<pin id="1073" dir="0" index="1" bw="16" slack="0"/>
<pin id="1074" dir="0" index="2" bw="16" slack="0"/>
<pin id="1075" dir="1" index="3" bw="16" slack="1"/>
</pin_list>
<bind>
<opcode="select(49) " fcode="select"/>
<opset="s_V_3/5 "/>
</bind>
</comp>

<comp id="1078" class="1004" name="x_5_load_fu_1078">
<pin_list>
<pin id="1079" dir="0" index="0" bw="4" slack="2"/>
<pin id="1080" dir="1" index="1" bw="4" slack="0"/>
</pin_list>
<bind>
<opcode="load(27) " fcode="load"/>
<opset="x_5/7 "/>
</bind>
</comp>

<comp id="1081" class="1004" name="n_4_load_fu_1081">
<pin_list>
<pin id="1082" dir="0" index="0" bw="4" slack="2"/>
<pin id="1083" dir="1" index="1" bw="4" slack="0"/>
</pin_list>
<bind>
<opcode="load(27) " fcode="load"/>
<opset="n_4/7 "/>
</bind>
</comp>

<comp id="1084" class="1004" name="indvar_flatten171_load_load_fu_1084">
<pin_list>
<pin id="1085" dir="0" index="0" bw="11" slack="2"/>
<pin id="1086" dir="1" index="1" bw="11" slack="0"/>
</pin_list>
<bind>
<opcode="load(27) " fcode="load"/>
<opset="indvar_flatten171_load/7 "/>
</bind>
</comp>

<comp id="1087" class="1004" name="empty_88_fu_1087">
<pin_list>
<pin id="1088" dir="0" index="0" bw="4" slack="0"/>
<pin id="1089" dir="1" index="1" bw="3" slack="0"/>
</pin_list>
<bind>
<opcode="trunc(33) " fcode="trunc"/>
<opset="empty_88/7 "/>
</bind>
</comp>

<comp id="1091" class="1004" name="tmp_5_fu_1091">
<pin_list>
<pin id="1092" dir="0" index="0" bw="8" slack="0"/>
<pin id="1093" dir="0" index="1" bw="3" slack="0"/>
<pin id="1094" dir="0" index="2" bw="3" slack="0"/>
<pin id="1095" dir="0" index="3" bw="1" slack="0"/>
<pin id="1096" dir="1" index="4" bw="8" slack="0"/>
</pin_list>
<bind>
<opcode="bitconcatenate(1004) " fcode="bitconcatenate"/>
<opset="tmp_5/7 "/>
</bind>
</comp>

<comp id="1101" class="1004" name="shl_ln88_1_fu_1101">
<pin_list>
<pin id="1102" dir="0" index="0" bw="12" slack="0"/>
<pin id="1103" dir="0" index="1" bw="4" slack="0"/>
<pin id="1104" dir="0" index="2" bw="1" slack="0"/>
<pin id="1105" dir="1" index="3" bw="12" slack="0"/>
</pin_list>
<bind>
<opcode="bitconcatenate(1004) " fcode="bitconcatenate"/>
<opset="shl_ln88_1/7 "/>
</bind>
</comp>

<comp id="1109" class="1004" name="zext_ln88_fu_1109">
<pin_list>
<pin id="1110" dir="0" index="0" bw="12" slack="0"/>
<pin id="1111" dir="1" index="1" bw="13" slack="0"/>
</pin_list>
<bind>
<opcode="zext(34) " fcode="zext"/>
<opset="zext_ln88/7 "/>
</bind>
</comp>

<comp id="1113" class="1004" name="shl_ln88_2_fu_1113">
<pin_list>
<pin id="1114" dir="0" index="0" bw="9" slack="0"/>
<pin id="1115" dir="0" index="1" bw="4" slack="0"/>
<pin id="1116" dir="0" index="2" bw="1" slack="0"/>
<pin id="1117" dir="1" index="3" bw="9" slack="0"/>
</pin_list>
<bind>
<opcode="bitconcatenate(1004) " fcode="bitconcatenate"/>
<opset="shl_ln88_2/7 "/>
</bind>
</comp>

<comp id="1121" class="1004" name="zext_ln88_1_fu_1121">
<pin_list>
<pin id="1122" dir="0" index="0" bw="9" slack="0"/>
<pin id="1123" dir="1" index="1" bw="13" slack="0"/>
</pin_list>
<bind>
<opcode="zext(34) " fcode="zext"/>
<opset="zext_ln88_1/7 "/>
</bind>
</comp>

<comp id="1125" class="1004" name="sub_ln88_fu_1125">
<pin_list>
<pin id="1126" dir="0" index="0" bw="12" slack="0"/>
<pin id="1127" dir="0" index="1" bw="9" slack="0"/>
<pin id="1128" dir="1" index="2" bw="13" slack="0"/>
</pin_list>
<bind>
<opcode="sub(10) " fcode="sub"/>
<opset="sub_ln88/7 "/>
</bind>
</comp>

<comp id="1131" class="1004" name="icmp_ln66_fu_1131">
<pin_list>
<pin id="1132" dir="0" index="0" bw="11" slack="0"/>
<pin id="1133" dir="0" index="1" bw="11" slack="0"/>
<pin id="1134" dir="1" index="2" bw="1" slack="2147483647"/>
</pin_list>
<bind>
<opcode="icmp(45) " fcode="icmp"/>
<opset="icmp_ln66/7 "/>
</bind>
</comp>

<comp id="1137" class="1004" name="add_ln66_1_fu_1137">
<pin_list>
<pin id="1138" dir="0" index="0" bw="11" slack="0"/>
<pin id="1139" dir="0" index="1" bw="1" slack="0"/>
<pin id="1140" dir="1" index="2" bw="11" slack="0"/>
</pin_list>
<bind>
<opcode="add(8) " fcode="add"/>
<opset="add_ln66_1/7 "/>
</bind>
</comp>

<comp id="1143" class="1004" name="y_1_load_load_fu_1143">
<pin_list>
<pin id="1144" dir="0" index="0" bw="4" slack="2"/>
<pin id="1145" dir="1" index="1" bw="4" slack="0"/>
</pin_list>
<bind>
<opcode="load(27) " fcode="load"/>
<opset="y_1_load/7 "/>
</bind>
</comp>

<comp id="1146" class="1004" name="indvar_flatten144_load_load_fu_1146">
<pin_list>
<pin id="1147" dir="0" index="0" bw="8" slack="2"/>
<pin id="1148" dir="1" index="1" bw="8" slack="0"/>
</pin_list>
<bind>
<opcode="load(27) " fcode="load"/>
<opset="indvar_flatten144_load/7 "/>
</bind>
</comp>

<comp id="1149" class="1004" name="add_ln66_fu_1149">
<pin_list>
<pin id="1150" dir="0" index="0" bw="4" slack="0"/>
<pin id="1151" dir="0" index="1" bw="1" slack="0"/>
<pin id="1152" dir="1" index="2" bw="4" slack="0"/>
</pin_list>
<bind>
<opcode="add(8) " fcode="add"/>
<opset="add_ln66/7 "/>
</bind>
</comp>

<comp id="1155" class="1004" name="icmp_ln68_fu_1155">
<pin_list>
<pin id="1156" dir="0" index="0" bw="8" slack="0"/>
<pin id="1157" dir="0" index="1" bw="8" slack="0"/>
<pin id="1158" dir="1" index="2" bw="1" slack="0"/>
</pin_list>
<bind>
<opcode="icmp(45) " fcode="icmp"/>
<opset="icmp_ln68/7 "/>
</bind>
</comp>

<comp id="1161" class="1004" name="select_ln66_fu_1161">
<pin_list>
<pin id="1162" dir="0" index="0" bw="1" slack="0"/>
<pin id="1163" dir="0" index="1" bw="4" slack="0"/>
<pin id="1164" dir="0" index="2" bw="4" slack="0"/>
<pin id="1165" dir="1" index="3" bw="4" slack="0"/>
</pin_list>
<bind>
<opcode="select(49) " fcode="select"/>
<opset="select_ln66/7 "/>
</bind>
</comp>

<comp id="1169" class="1004" name="empty_87_fu_1169">
<pin_list>
<pin id="1170" dir="0" index="0" bw="4" slack="0"/>
<pin id="1171" dir="1" index="1" bw="3" slack="0"/>
</pin_list>
<bind>
<opcode="trunc(33) " fcode="trunc"/>
<opset="empty_87/7 "/>
</bind>
</comp>

<comp id="1173" class="1004" name="tmp_5_mid1_fu_1173">
<pin_list>
<pin id="1174" dir="0" index="0" bw="8" slack="0"/>
<pin id="1175" dir="0" index="1" bw="3" slack="0"/>
<pin id="1176" dir="0" index="2" bw="3" slack="0"/>
<pin id="1177" dir="0" index="3" bw="1" slack="0"/>
<pin id="1178" dir="1" index="4" bw="8" slack="0"/>
</pin_list>
<bind>
<opcode="bitconcatenate(1004) " fcode="bitconcatenate"/>
<opset="tmp_5_mid1/7 "/>
</bind>
</comp>

<comp id="1183" class="1004" name="select_ln66_1_fu_1183">
<pin_list>
<pin id="1184" dir="0" index="0" bw="1" slack="0"/>
<pin id="1185" dir="0" index="1" bw="8" slack="0"/>
<pin id="1186" dir="0" index="2" bw="8" slack="0"/>
<pin id="1187" dir="1" index="3" bw="8" slack="1"/>
</pin_list>
<bind>
<opcode="select(49) " fcode="select"/>
<opset="select_ln66_1/7 "/>
</bind>
</comp>

<comp id="1191" class="1004" name="select_ln66_2_fu_1191">
<pin_list>
<pin id="1192" dir="0" index="0" bw="1" slack="0"/>
<pin id="1193" dir="0" index="1" bw="4" slack="0"/>
<pin id="1194" dir="0" index="2" bw="4" slack="0"/>
<pin id="1195" dir="1" index="3" bw="4" slack="0"/>
</pin_list>
<bind>
<opcode="select(49) " fcode="select"/>
<opset="select_ln66_2/7 "/>
</bind>
</comp>

<comp id="1199" class="1004" name="zext_ln66_fu_1199">
<pin_list>
<pin id="1200" dir="0" index="0" bw="4" slack="0"/>
<pin id="1201" dir="1" index="1" bw="64" slack="0"/>
</pin_list>
<bind>
<opcode="zext(34) " fcode="zext"/>
<opset="zext_ln66/7 "/>
</bind>
</comp>

<comp id="1204" class="1004" name="trunc_ln66_fu_1204">
<pin_list>
<pin id="1205" dir="0" index="0" bw="4" slack="0"/>
<pin id="1206" dir="1" index="1" bw="3" slack="0"/>
</pin_list>
<bind>
<opcode="trunc(33) " fcode="trunc"/>
<opset="trunc_ln66/7 "/>
</bind>
</comp>

<comp id="1208" class="1004" name="select_ln66_3_fu_1208">
<pin_list>
<pin id="1209" dir="0" index="0" bw="1" slack="0"/>
<pin id="1210" dir="0" index="1" bw="13" slack="0"/>
<pin id="1211" dir="0" index="2" bw="13" slack="0"/>
<pin id="1212" dir="1" index="3" bw="13" slack="0"/>
</pin_list>
<bind>
<opcode="select(49) " fcode="select"/>
<opset="select_ln66_3/7 "/>
</bind>
</comp>

<comp id="1216" class="1004" name="xor_ln66_fu_1216">
<pin_list>
<pin id="1217" dir="0" index="0" bw="1" slack="0"/>
<pin id="1218" dir="0" index="1" bw="1" slack="0"/>
<pin id="1219" dir="1" index="2" bw="1" slack="0"/>
</pin_list>
<bind>
<opcode="xor(25) " fcode="xor"/>
<opset="xor_ln66/7 "/>
</bind>
</comp>

<comp id="1222" class="1004" name="icmp_ln70_fu_1222">
<pin_list>
<pin id="1223" dir="0" index="0" bw="4" slack="0"/>
<pin id="1224" dir="0" index="1" bw="4" slack="0"/>
<pin id="1225" dir="1" index="2" bw="1" slack="0"/>
</pin_list>
<bind>
<opcode="icmp(45) " fcode="icmp"/>
<opset="icmp_ln70/7 "/>
</bind>
</comp>

<comp id="1228" class="1004" name="and_ln66_fu_1228">
<pin_list>
<pin id="1229" dir="0" index="0" bw="1" slack="0"/>
<pin id="1230" dir="0" index="1" bw="1" slack="0"/>
<pin id="1231" dir="1" index="2" bw="1" slack="0"/>
</pin_list>
<bind>
<opcode="and(23) " fcode="and"/>
<opset="and_ln66/7 "/>
</bind>
</comp>

<comp id="1234" class="1004" name="add_ln68_fu_1234">
<pin_list>
<pin id="1235" dir="0" index="0" bw="4" slack="0"/>
<pin id="1236" dir="0" index="1" bw="1" slack="0"/>
<pin id="1237" dir="1" index="2" bw="4" slack="0"/>
</pin_list>
<bind>
<opcode="add(8) " fcode="add"/>
<opset="add_ln68/7 "/>
</bind>
</comp>

<comp id="1240" class="1004" name="or_ln68_fu_1240">
<pin_list>
<pin id="1241" dir="0" index="0" bw="1" slack="0"/>
<pin id="1242" dir="0" index="1" bw="1" slack="0"/>
<pin id="1243" dir="1" index="2" bw="1" slack="0"/>
</pin_list>
<bind>
<opcode="or(24) " fcode="or"/>
<opset="or_ln68/7 "/>
</bind>
</comp>

<comp id="1246" class="1004" name="select_ln68_fu_1246">
<pin_list>
<pin id="1247" dir="0" index="0" bw="1" slack="0"/>
<pin id="1248" dir="0" index="1" bw="4" slack="0"/>
<pin id="1249" dir="0" index="2" bw="4" slack="0"/>
<pin id="1250" dir="1" index="3" bw="4" slack="0"/>
</pin_list>
<bind>
<opcode="select(49) " fcode="select"/>
<opset="select_ln68/7 "/>
</bind>
</comp>

<comp id="1254" class="1004" name="shl_ln88_1_mid1_fu_1254">
<pin_list>
<pin id="1255" dir="0" index="0" bw="12" slack="0"/>
<pin id="1256" dir="0" index="1" bw="4" slack="0"/>
<pin id="1257" dir="0" index="2" bw="1" slack="0"/>
<pin id="1258" dir="1" index="3" bw="12" slack="0"/>
</pin_list>
<bind>
<opcode="bitconcatenate(1004) " fcode="bitconcatenate"/>
<opset="shl_ln88_1_mid1/7 "/>
</bind>
</comp>

<comp id="1262" class="1004" name="zext_ln88_4_fu_1262">
<pin_list>
<pin id="1263" dir="0" index="0" bw="12" slack="0"/>
<pin id="1264" dir="1" index="1" bw="13" slack="0"/>
</pin_list>
<bind>
<opcode="zext(34) " fcode="zext"/>
<opset="zext_ln88_4/7 "/>
</bind>
</comp>

<comp id="1266" class="1004" name="shl_ln88_2_mid1_fu_1266">
<pin_list>
<pin id="1267" dir="0" index="0" bw="9" slack="0"/>
<pin id="1268" dir="0" index="1" bw="4" slack="0"/>
<pin id="1269" dir="0" index="2" bw="1" slack="0"/>
<pin id="1270" dir="1" index="3" bw="9" slack="0"/>
</pin_list>
<bind>
<opcode="bitconcatenate(1004) " fcode="bitconcatenate"/>
<opset="shl_ln88_2_mid1/7 "/>
</bind>
</comp>

<comp id="1274" class="1004" name="zext_ln88_5_fu_1274">
<pin_list>
<pin id="1275" dir="0" index="0" bw="9" slack="0"/>
<pin id="1276" dir="1" index="1" bw="13" slack="0"/>
</pin_list>
<bind>
<opcode="zext(34) " fcode="zext"/>
<opset="zext_ln88_5/7 "/>
</bind>
</comp>

<comp id="1278" class="1004" name="sub_ln88_1_fu_1278">
<pin_list>
<pin id="1279" dir="0" index="0" bw="12" slack="0"/>
<pin id="1280" dir="0" index="1" bw="9" slack="0"/>
<pin id="1281" dir="1" index="2" bw="13" slack="0"/>
</pin_list>
<bind>
<opcode="sub(10) " fcode="sub"/>
<opset="sub_ln88_1/7 "/>
</bind>
</comp>

<comp id="1284" class="1004" name="select_ln68_1_fu_1284">
<pin_list>
<pin id="1285" dir="0" index="0" bw="1" slack="0"/>
<pin id="1286" dir="0" index="1" bw="13" slack="0"/>
<pin id="1287" dir="0" index="2" bw="13" slack="0"/>
<pin id="1288" dir="1" index="3" bw="13" slack="0"/>
</pin_list>
<bind>
<opcode="select(49) " fcode="select"/>
<opset="select_ln68_1/7 "/>
</bind>
</comp>

<comp id="1292" class="1004" name="select_ln68_2_fu_1292">
<pin_list>
<pin id="1293" dir="0" index="0" bw="1" slack="0"/>
<pin id="1294" dir="0" index="1" bw="4" slack="0"/>
<pin id="1295" dir="0" index="2" bw="4" slack="0"/>
<pin id="1296" dir="1" index="3" bw="4" slack="0"/>
</pin_list>
<bind>
<opcode="select(49) " fcode="select"/>
<opset="select_ln68_2/7 "/>
</bind>
</comp>

<comp id="1300" class="1004" name="tmp4_fu_1300">
<pin_list>
<pin id="1301" dir="0" index="0" bw="8" slack="0"/>
<pin id="1302" dir="0" index="1" bw="4" slack="0"/>
<pin id="1303" dir="0" index="2" bw="3" slack="0"/>
<pin id="1304" dir="0" index="3" bw="1" slack="0"/>
<pin id="1305" dir="1" index="4" bw="8" slack="0"/>
</pin_list>
<bind>
<opcode="bitconcatenate(1004) " fcode="bitconcatenate"/>
<opset="tmp4/7 "/>
</bind>
</comp>

<comp id="1310" class="1004" name="zext_ln88_3_fu_1310">
<pin_list>
<pin id="1311" dir="0" index="0" bw="8" slack="0"/>
<pin id="1312" dir="1" index="1" bw="13" slack="0"/>
</pin_list>
<bind>
<opcode="zext(34) " fcode="zext"/>
<opset="zext_ln88_3/7 "/>
</bind>
</comp>

<comp id="1314" class="1004" name="add_ln88_fu_1314">
<pin_list>
<pin id="1315" dir="0" index="0" bw="8" slack="0"/>
<pin id="1316" dir="0" index="1" bw="13" slack="0"/>
<pin id="1317" dir="1" index="2" bw="13" slack="0"/>
</pin_list>
<bind>
<opcode="add(8) " fcode="add"/>
<opset="add_ln88/7 "/>
</bind>
</comp>

<comp id="1320" class="1004" name="trunc_ln7_fu_1320">
<pin_list>
<pin id="1321" dir="0" index="0" bw="12" slack="0"/>
<pin id="1322" dir="0" index="1" bw="13" slack="0"/>
<pin id="1323" dir="0" index="2" bw="1" slack="0"/>
<pin id="1324" dir="0" index="3" bw="5" slack="0"/>
<pin id="1325" dir="1" index="4" bw="12" slack="3"/>
</pin_list>
<bind>
<opcode="partselect(1002) " fcode="partselect"/>
<opset="trunc_ln7/7 "/>
</bind>
</comp>

<comp id="1330" class="1004" name="add_ln70_fu_1330">
<pin_list>
<pin id="1331" dir="0" index="0" bw="4" slack="0"/>
<pin id="1332" dir="0" index="1" bw="1" slack="0"/>
<pin id="1333" dir="1" index="2" bw="4" slack="0"/>
</pin_list>
<bind>
<opcode="add(8) " fcode="add"/>
<opset="add_ln70/7 "/>
</bind>
</comp>

<comp id="1336" class="1004" name="add_ln68_1_fu_1336">
<pin_list>
<pin id="1337" dir="0" index="0" bw="8" slack="0"/>
<pin id="1338" dir="0" index="1" bw="1" slack="0"/>
<pin id="1339" dir="1" index="2" bw="8" slack="0"/>
</pin_list>
<bind>
<opcode="add(8) " fcode="add"/>
<opset="add_ln68_1/7 "/>
</bind>
</comp>

<comp id="1342" class="1004" name="select_ln68_3_fu_1342">
<pin_list>
<pin id="1343" dir="0" index="0" bw="1" slack="0"/>
<pin id="1344" dir="0" index="1" bw="8" slack="0"/>
<pin id="1345" dir="0" index="2" bw="8" slack="0"/>
<pin id="1346" dir="1" index="3" bw="8" slack="0"/>
</pin_list>
<bind>
<opcode="select(49) " fcode="select"/>
<opset="select_ln68_3/7 "/>
</bind>
</comp>

<comp id="1350" class="1004" name="store_ln70_store_fu_1350">
<pin_list>
<pin id="1351" dir="0" index="0" bw="11" slack="0"/>
<pin id="1352" dir="0" index="1" bw="11" slack="2"/>
<pin id="1353" dir="1" index="2" bw="0" slack="2147483647"/>
</pin_list>
<bind>
<opcode="store(28) " fcode="store"/>
<opset="store_ln70/7 "/>
</bind>
</comp>

<comp id="1355" class="1004" name="store_ln70_store_fu_1355">
<pin_list>
<pin id="1356" dir="0" index="0" bw="4" slack="0"/>
<pin id="1357" dir="0" index="1" bw="4" slack="2"/>
<pin id="1358" dir="1" index="2" bw="0" slack="2147483647"/>
</pin_list>
<bind>
<opcode="store(28) " fcode="store"/>
<opset="store_ln70/7 "/>
</bind>
</comp>

<comp id="1360" class="1004" name="store_ln70_store_fu_1360">
<pin_list>
<pin id="1361" dir="0" index="0" bw="8" slack="0"/>
<pin id="1362" dir="0" index="1" bw="8" slack="2"/>
<pin id="1363" dir="1" index="2" bw="0" slack="2147483647"/>
</pin_list>
<bind>
<opcode="store(28) " fcode="store"/>
<opset="store_ln70/7 "/>
</bind>
</comp>

<comp id="1365" class="1004" name="store_ln70_store_fu_1365">
<pin_list>
<pin id="1366" dir="0" index="0" bw="4" slack="0"/>
<pin id="1367" dir="0" index="1" bw="4" slack="2"/>
<pin id="1368" dir="1" index="2" bw="0" slack="2147483647"/>
</pin_list>
<bind>
<opcode="store(28) " fcode="store"/>
<opset="store_ln70/7 "/>
</bind>
</comp>

<comp id="1370" class="1004" name="store_ln70_store_fu_1370">
<pin_list>
<pin id="1371" dir="0" index="0" bw="4" slack="0"/>
<pin id="1372" dir="0" index="1" bw="4" slack="2"/>
<pin id="1373" dir="1" index="2" bw="0" slack="2147483647"/>
</pin_list>
<bind>
<opcode="store(28) " fcode="store"/>
<opset="store_ln70/7 "/>
</bind>
</comp>

<comp id="1375" class="1004" name="store_ln115_store_fu_1375">
<pin_list>
<pin id="1376" dir="0" index="0" bw="1" slack="0"/>
<pin id="1377" dir="0" index="1" bw="12" slack="0"/>
<pin id="1378" dir="1" index="2" bw="0" slack="2147483647"/>
</pin_list>
<bind>
<opcode="store(28) " fcode="store"/>
<opset="store_ln115/7 "/>
</bind>
</comp>

<comp id="1380" class="1004" name="store_ln115_store_fu_1380">
<pin_list>
<pin id="1381" dir="0" index="0" bw="1" slack="0"/>
<pin id="1382" dir="0" index="1" bw="3" slack="0"/>
<pin id="1383" dir="1" index="2" bw="0" slack="2147483647"/>
</pin_list>
<bind>
<opcode="store(28) " fcode="store"/>
<opset="store_ln115/7 "/>
</bind>
</comp>

<comp id="1385" class="1004" name="store_ln115_store_fu_1385">
<pin_list>
<pin id="1386" dir="0" index="0" bw="1" slack="0"/>
<pin id="1387" dir="0" index="1" bw="10" slack="0"/>
<pin id="1388" dir="1" index="2" bw="0" slack="2147483647"/>
</pin_list>
<bind>
<opcode="store(28) " fcode="store"/>
<opset="store_ln115/7 "/>
</bind>
</comp>

<comp id="1390" class="1004" name="store_ln115_store_fu_1390">
<pin_list>
<pin id="1391" dir="0" index="0" bw="1" slack="0"/>
<pin id="1392" dir="0" index="1" bw="5" slack="0"/>
<pin id="1393" dir="1" index="2" bw="0" slack="2147483647"/>
</pin_list>
<bind>
<opcode="store(28) " fcode="store"/>
<opset="store_ln115/7 "/>
</bind>
</comp>

<comp id="1395" class="1004" name="store_ln115_store_fu_1395">
<pin_list>
<pin id="1396" dir="0" index="0" bw="1" slack="0"/>
<pin id="1397" dir="0" index="1" bw="5" slack="0"/>
<pin id="1398" dir="1" index="2" bw="0" slack="2147483647"/>
</pin_list>
<bind>
<opcode="store(28) " fcode="store"/>
<opset="store_ln115/7 "/>
</bind>
</comp>

<comp id="1400" class="1004" name="p_cast123_mid1109_fu_1400">
<pin_list>
<pin id="1401" dir="0" index="0" bw="4" slack="1"/>
<pin id="1402" dir="1" index="1" bw="5" slack="0"/>
</pin_list>
<bind>
<opcode="zext(34) " fcode="zext"/>
<opset="p_cast123_mid1109/8 "/>
</bind>
</comp>

<comp id="1403" class="1004" name="p_mid1111_fu_1403">
<pin_list>
<pin id="1404" dir="0" index="0" bw="4" slack="0"/>
<pin id="1405" dir="0" index="1" bw="1" slack="0"/>
<pin id="1406" dir="1" index="2" bw="5" slack="0"/>
</pin_list>
<bind>
<opcode="add(8) " fcode="add"/>
<opset="p_mid1111/8 "/>
</bind>
</comp>

<comp id="1409" class="1004" name="cmp27_i_not_mid1115_fu_1409">
<pin_list>
<pin id="1410" dir="0" index="0" bw="4" slack="1"/>
<pin id="1411" dir="0" index="1" bw="4" slack="0"/>
<pin id="1412" dir="1" index="2" bw="1" slack="0"/>
</pin_list>
<bind>
<opcode="icmp(45) " fcode="icmp"/>
<opset="cmp27_i_not_mid1115/8 "/>
</bind>
</comp>

<comp id="1415" class="1004" name="cmp29_i_not_mid1117_fu_1415">
<pin_list>
<pin id="1416" dir="0" index="0" bw="5" slack="0"/>
<pin id="1417" dir="0" index="1" bw="5" slack="0"/>
<pin id="1418" dir="1" index="2" bw="1" slack="0"/>
</pin_list>
<bind>
<opcode="icmp(45) " fcode="icmp"/>
<opset="cmp29_i_not_mid1117/8 "/>
</bind>
</comp>

<comp id="1422" class="1004" name="shl_ln83_mid_fu_1422">
<pin_list>
<pin id="1423" dir="0" index="0" bw="8" slack="0"/>
<pin id="1424" dir="0" index="1" bw="5" slack="0"/>
<pin id="1425" dir="0" index="2" bw="1" slack="0"/>
<pin id="1426" dir="1" index="3" bw="8" slack="0"/>
</pin_list>
<bind>
<opcode="bitconcatenate(1004) " fcode="bitconcatenate"/>
<opset="shl_ln83_mid/8 "/>
</bind>
</comp>

<comp id="1430" class="1004" name="sext_ln83_3_fu_1430">
<pin_list>
<pin id="1431" dir="0" index="0" bw="8" slack="0"/>
<pin id="1432" dir="1" index="1" bw="13" slack="0"/>
</pin_list>
<bind>
<opcode="sext(35) " fcode="sext"/>
<opset="sext_ln83_3/8 "/>
</bind>
</comp>

<comp id="1434" class="1004" name="add_ln83_2_fu_1434">
<pin_list>
<pin id="1435" dir="0" index="0" bw="8" slack="0"/>
<pin id="1436" dir="0" index="1" bw="13" slack="0"/>
<pin id="1437" dir="1" index="2" bw="13" slack="0"/>
</pin_list>
<bind>
<opcode="add(8) " fcode="add"/>
<opset="add_ln83_2/8 "/>
</bind>
</comp>

<comp id="1441" class="1004" name="s_V_15_loc_load_load_fu_1441">
<pin_list>
<pin id="1442" dir="0" index="0" bw="16" slack="6"/>
<pin id="1443" dir="1" index="1" bw="16" slack="0"/>
</pin_list>
<bind>
<opcode="load(27) " fcode="load"/>
<opset="s_V_15_loc_load/10 "/>
</bind>
</comp>

<comp id="1444" class="1004" name="trunc_ln74_fu_1444">
<pin_list>
<pin id="1445" dir="0" index="0" bw="16" slack="0"/>
<pin id="1446" dir="1" index="1" bw="15" slack="0"/>
</pin_list>
<bind>
<opcode="trunc(33) " fcode="trunc"/>
<opset="trunc_ln74/10 "/>
</bind>
</comp>

<comp id="1448" class="1004" name="icmp_ln1649_fu_1448">
<pin_list>
<pin id="1449" dir="0" index="0" bw="16" slack="0"/>
<pin id="1450" dir="0" index="1" bw="16" slack="0"/>
<pin id="1451" dir="1" index="2" bw="1" slack="0"/>
</pin_list>
<bind>
<opcode="icmp(45) " fcode="icmp"/>
<opset="icmp_ln1649/10 "/>
</bind>
</comp>

<comp id="1454" class="1004" name="select_ln65_1_fu_1454">
<pin_list>
<pin id="1455" dir="0" index="0" bw="1" slack="0"/>
<pin id="1456" dir="0" index="1" bw="15" slack="0"/>
<pin id="1457" dir="0" index="2" bw="15" slack="0"/>
<pin id="1458" dir="1" index="3" bw="15" slack="0"/>
</pin_list>
<bind>
<opcode="select(49) " fcode="select"/>
<opset="select_ln65_1/10 "/>
</bind>
</comp>

<comp id="1462" class="1004" name="zext_ln88_2_fu_1462">
<pin_list>
<pin id="1463" dir="0" index="0" bw="15" slack="0"/>
<pin id="1464" dir="1" index="1" bw="16" slack="0"/>
</pin_list>
<bind>
<opcode="zext(34) " fcode="zext"/>
<opset="zext_ln88_2/10 "/>
</bind>
</comp>

<comp id="1467" class="1004" name="sext_ln88_fu_1467">
<pin_list>
<pin id="1468" dir="0" index="0" bw="12" slack="3"/>
<pin id="1469" dir="1" index="1" bw="14" slack="0"/>
</pin_list>
<bind>
<opcode="sext(35) " fcode="sext"/>
<opset="sext_ln88/10 "/>
</bind>
</comp>

<comp id="1470" class="1004" name="zext_ln88_6_fu_1470">
<pin_list>
<pin id="1471" dir="0" index="0" bw="12" slack="0"/>
<pin id="1472" dir="1" index="1" bw="64" slack="0"/>
</pin_list>
<bind>
<opcode="zext(34) " fcode="zext"/>
<opset="zext_ln88_6/10 "/>
</bind>
</comp>

<comp id="1475" class="1004" name="x_6_load_fu_1475">
<pin_list>
<pin id="1476" dir="0" index="0" bw="5" slack="2"/>
<pin id="1477" dir="1" index="1" bw="5" slack="0"/>
</pin_list>
<bind>
<opcode="load(27) " fcode="load"/>
<opset="x_6/12 "/>
</bind>
</comp>

<comp id="1478" class="1004" name="n_5_load_fu_1478">
<pin_list>
<pin id="1479" dir="0" index="0" bw="3" slack="2"/>
<pin id="1480" dir="1" index="1" bw="3" slack="0"/>
</pin_list>
<bind>
<opcode="load(27) " fcode="load"/>
<opset="n_5/12 "/>
</bind>
</comp>

<comp id="1481" class="1004" name="indvar_flatten315_load_load_fu_1481">
<pin_list>
<pin id="1482" dir="0" index="0" bw="12" slack="2"/>
<pin id="1483" dir="1" index="1" bw="12" slack="0"/>
</pin_list>
<bind>
<opcode="load(27) " fcode="load"/>
<opset="indvar_flatten315_load/12 "/>
</bind>
</comp>

<comp id="1484" class="1004" name="empty_91_fu_1484">
<pin_list>
<pin id="1485" dir="0" index="0" bw="3" slack="0"/>
<pin id="1486" dir="1" index="1" bw="2" slack="0"/>
</pin_list>
<bind>
<opcode="trunc(33) " fcode="trunc"/>
<opset="empty_91/12 "/>
</bind>
</comp>

<comp id="1488" class="1004" name="tmp_11_fu_1488">
<pin_list>
<pin id="1489" dir="0" index="0" bw="8" slack="0"/>
<pin id="1490" dir="0" index="1" bw="2" slack="0"/>
<pin id="1491" dir="0" index="2" bw="1" slack="0"/>
<pin id="1492" dir="0" index="3" bw="2" slack="0"/>
<pin id="1493" dir="0" index="4" bw="1" slack="0"/>
<pin id="1494" dir="1" index="5" bw="8" slack="0"/>
</pin_list>
<bind>
<opcode="bitconcatenate(1004) " fcode="bitconcatenate"/>
<opset="tmp_11/12 "/>
</bind>
</comp>

<comp id="1500" class="1004" name="s_V_4_fu_1500">
<pin_list>
<pin id="1501" dir="0" index="0" bw="16" slack="0"/>
<pin id="1502" dir="0" index="1" bw="9" slack="0"/>
<pin id="1503" dir="0" index="2" bw="6" slack="0"/>
<pin id="1504" dir="0" index="3" bw="4" slack="0"/>
<pin id="1505" dir="0" index="4" bw="7" slack="0"/>
<pin id="1506" dir="0" index="5" bw="2" slack="0"/>
<pin id="1507" dir="1" index="6" bw="16" slack="0"/>
</pin_list>
<bind>
<opcode="mux(1196) " fcode="mux"/>
<opset="s_V_4/12 "/>
</bind>
</comp>

<comp id="1514" class="1004" name="shl_ln137_1_fu_1514">
<pin_list>
<pin id="1515" dir="0" index="0" bw="13" slack="0"/>
<pin id="1516" dir="0" index="1" bw="5" slack="0"/>
<pin id="1517" dir="0" index="2" bw="1" slack="0"/>
<pin id="1518" dir="1" index="3" bw="13" slack="0"/>
</pin_list>
<bind>
<opcode="bitconcatenate(1004) " fcode="bitconcatenate"/>
<opset="shl_ln137_1/12 "/>
</bind>
</comp>

<comp id="1522" class="1004" name="zext_ln137_fu_1522">
<pin_list>
<pin id="1523" dir="0" index="0" bw="13" slack="0"/>
<pin id="1524" dir="1" index="1" bw="14" slack="0"/>
</pin_list>
<bind>
<opcode="zext(34) " fcode="zext"/>
<opset="zext_ln137/12 "/>
</bind>
</comp>

<comp id="1526" class="1004" name="shl_ln137_2_fu_1526">
<pin_list>
<pin id="1527" dir="0" index="0" bw="10" slack="0"/>
<pin id="1528" dir="0" index="1" bw="5" slack="0"/>
<pin id="1529" dir="0" index="2" bw="1" slack="0"/>
<pin id="1530" dir="1" index="3" bw="10" slack="0"/>
</pin_list>
<bind>
<opcode="bitconcatenate(1004) " fcode="bitconcatenate"/>
<opset="shl_ln137_2/12 "/>
</bind>
</comp>

<comp id="1534" class="1004" name="zext_ln137_1_fu_1534">
<pin_list>
<pin id="1535" dir="0" index="0" bw="10" slack="0"/>
<pin id="1536" dir="1" index="1" bw="14" slack="0"/>
</pin_list>
<bind>
<opcode="zext(34) " fcode="zext"/>
<opset="zext_ln137_1/12 "/>
</bind>
</comp>

<comp id="1538" class="1004" name="sub_ln137_fu_1538">
<pin_list>
<pin id="1539" dir="0" index="0" bw="13" slack="0"/>
<pin id="1540" dir="0" index="1" bw="10" slack="0"/>
<pin id="1541" dir="1" index="2" bw="14" slack="0"/>
</pin_list>
<bind>
<opcode="sub(10) " fcode="sub"/>
<opset="sub_ln137/12 "/>
</bind>
</comp>

<comp id="1544" class="1004" name="icmp_ln115_fu_1544">
<pin_list>
<pin id="1545" dir="0" index="0" bw="12" slack="0"/>
<pin id="1546" dir="0" index="1" bw="12" slack="0"/>
<pin id="1547" dir="1" index="2" bw="1" slack="2147483647"/>
</pin_list>
<bind>
<opcode="icmp(45) " fcode="icmp"/>
<opset="icmp_ln115/12 "/>
</bind>
</comp>

<comp id="1550" class="1004" name="add_ln115_1_fu_1550">
<pin_list>
<pin id="1551" dir="0" index="0" bw="12" slack="0"/>
<pin id="1552" dir="0" index="1" bw="1" slack="0"/>
<pin id="1553" dir="1" index="2" bw="12" slack="0"/>
</pin_list>
<bind>
<opcode="add(8) " fcode="add"/>
<opset="add_ln115_1/12 "/>
</bind>
</comp>

<comp id="1556" class="1004" name="y_3_load_load_fu_1556">
<pin_list>
<pin id="1557" dir="0" index="0" bw="5" slack="2"/>
<pin id="1558" dir="1" index="1" bw="5" slack="0"/>
</pin_list>
<bind>
<opcode="load(27) " fcode="load"/>
<opset="y_3_load/12 "/>
</bind>
</comp>

<comp id="1559" class="1004" name="indvar_flatten289_load_load_fu_1559">
<pin_list>
<pin id="1560" dir="0" index="0" bw="10" slack="2"/>
<pin id="1561" dir="1" index="1" bw="10" slack="0"/>
</pin_list>
<bind>
<opcode="load(27) " fcode="load"/>
<opset="indvar_flatten289_load/12 "/>
</bind>
</comp>

<comp id="1562" class="1004" name="add_ln115_fu_1562">
<pin_list>
<pin id="1563" dir="0" index="0" bw="3" slack="0"/>
<pin id="1564" dir="0" index="1" bw="1" slack="0"/>
<pin id="1565" dir="1" index="2" bw="3" slack="0"/>
</pin_list>
<bind>
<opcode="add(8) " fcode="add"/>
<opset="add_ln115/12 "/>
</bind>
</comp>

<comp id="1568" class="1004" name="icmp_ln117_fu_1568">
<pin_list>
<pin id="1569" dir="0" index="0" bw="10" slack="0"/>
<pin id="1570" dir="0" index="1" bw="10" slack="0"/>
<pin id="1571" dir="1" index="2" bw="1" slack="0"/>
</pin_list>
<bind>
<opcode="icmp(45) " fcode="icmp"/>
<opset="icmp_ln117/12 "/>
</bind>
</comp>

<comp id="1574" class="1004" name="select_ln115_fu_1574">
<pin_list>
<pin id="1575" dir="0" index="0" bw="1" slack="0"/>
<pin id="1576" dir="0" index="1" bw="5" slack="0"/>
<pin id="1577" dir="0" index="2" bw="5" slack="0"/>
<pin id="1578" dir="1" index="3" bw="5" slack="0"/>
</pin_list>
<bind>
<opcode="select(49) " fcode="select"/>
<opset="select_ln115/12 "/>
</bind>
</comp>

<comp id="1582" class="1004" name="empty_90_fu_1582">
<pin_list>
<pin id="1583" dir="0" index="0" bw="3" slack="0"/>
<pin id="1584" dir="1" index="1" bw="2" slack="0"/>
</pin_list>
<bind>
<opcode="trunc(33) " fcode="trunc"/>
<opset="empty_90/12 "/>
</bind>
</comp>

<comp id="1586" class="1004" name="tmp_11_mid1_fu_1586">
<pin_list>
<pin id="1587" dir="0" index="0" bw="8" slack="0"/>
<pin id="1588" dir="0" index="1" bw="2" slack="0"/>
<pin id="1589" dir="0" index="2" bw="1" slack="0"/>
<pin id="1590" dir="0" index="3" bw="2" slack="0"/>
<pin id="1591" dir="0" index="4" bw="1" slack="0"/>
<pin id="1592" dir="1" index="5" bw="8" slack="0"/>
</pin_list>
<bind>
<opcode="bitconcatenate(1004) " fcode="bitconcatenate"/>
<opset="tmp_11_mid1/12 "/>
</bind>
</comp>

<comp id="1598" class="1004" name="select_ln115_1_fu_1598">
<pin_list>
<pin id="1599" dir="0" index="0" bw="1" slack="0"/>
<pin id="1600" dir="0" index="1" bw="8" slack="0"/>
<pin id="1601" dir="0" index="2" bw="8" slack="0"/>
<pin id="1602" dir="1" index="3" bw="8" slack="1"/>
</pin_list>
<bind>
<opcode="select(49) " fcode="select"/>
<opset="select_ln115_1/12 "/>
</bind>
</comp>

<comp id="1606" class="1004" name="s_V_8_mid1_fu_1606">
<pin_list>
<pin id="1607" dir="0" index="0" bw="16" slack="0"/>
<pin id="1608" dir="0" index="1" bw="9" slack="0"/>
<pin id="1609" dir="0" index="2" bw="6" slack="0"/>
<pin id="1610" dir="0" index="3" bw="4" slack="0"/>
<pin id="1611" dir="0" index="4" bw="7" slack="0"/>
<pin id="1612" dir="0" index="5" bw="2" slack="0"/>
<pin id="1613" dir="1" index="6" bw="16" slack="0"/>
</pin_list>
<bind>
<opcode="mux(1196) " fcode="mux"/>
<opset="s_V_8_mid1/12 "/>
</bind>
</comp>

<comp id="1620" class="1004" name="select_ln115_2_fu_1620">
<pin_list>
<pin id="1621" dir="0" index="0" bw="1" slack="0"/>
<pin id="1622" dir="0" index="1" bw="16" slack="0"/>
<pin id="1623" dir="0" index="2" bw="16" slack="0"/>
<pin id="1624" dir="1" index="3" bw="16" slack="1"/>
</pin_list>
<bind>
<opcode="select(49) " fcode="select"/>
<opset="select_ln115_2/12 "/>
</bind>
</comp>

<comp id="1628" class="1004" name="select_ln115_3_fu_1628">
<pin_list>
<pin id="1629" dir="0" index="0" bw="1" slack="0"/>
<pin id="1630" dir="0" index="1" bw="3" slack="0"/>
<pin id="1631" dir="0" index="2" bw="3" slack="0"/>
<pin id="1632" dir="1" index="3" bw="3" slack="0"/>
</pin_list>
<bind>
<opcode="select(49) " fcode="select"/>
<opset="select_ln115_3/12 "/>
</bind>
</comp>

<comp id="1636" class="1004" name="trunc_ln115_fu_1636">
<pin_list>
<pin id="1637" dir="0" index="0" bw="3" slack="0"/>
<pin id="1638" dir="1" index="1" bw="2" slack="0"/>
</pin_list>
<bind>
<opcode="trunc(33) " fcode="trunc"/>
<opset="trunc_ln115/12 "/>
</bind>
</comp>

<comp id="1640" class="1004" name="select_ln115_4_fu_1640">
<pin_list>
<pin id="1641" dir="0" index="0" bw="1" slack="0"/>
<pin id="1642" dir="0" index="1" bw="14" slack="0"/>
<pin id="1643" dir="0" index="2" bw="14" slack="0"/>
<pin id="1644" dir="1" index="3" bw="14" slack="0"/>
</pin_list>
<bind>
<opcode="select(49) " fcode="select"/>
<opset="select_ln115_4/12 "/>
</bind>
</comp>

<comp id="1648" class="1004" name="xor_ln115_fu_1648">
<pin_list>
<pin id="1649" dir="0" index="0" bw="1" slack="0"/>
<pin id="1650" dir="0" index="1" bw="1" slack="0"/>
<pin id="1651" dir="1" index="2" bw="1" slack="0"/>
</pin_list>
<bind>
<opcode="xor(25) " fcode="xor"/>
<opset="xor_ln115/12 "/>
</bind>
</comp>

<comp id="1654" class="1004" name="icmp_ln119_fu_1654">
<pin_list>
<pin id="1655" dir="0" index="0" bw="5" slack="0"/>
<pin id="1656" dir="0" index="1" bw="5" slack="0"/>
<pin id="1657" dir="1" index="2" bw="1" slack="0"/>
</pin_list>
<bind>
<opcode="icmp(45) " fcode="icmp"/>
<opset="icmp_ln119/12 "/>
</bind>
</comp>

<comp id="1660" class="1004" name="and_ln115_fu_1660">
<pin_list>
<pin id="1661" dir="0" index="0" bw="1" slack="0"/>
<pin id="1662" dir="0" index="1" bw="1" slack="0"/>
<pin id="1663" dir="1" index="2" bw="1" slack="0"/>
</pin_list>
<bind>
<opcode="and(23) " fcode="and"/>
<opset="and_ln115/12 "/>
</bind>
</comp>

<comp id="1666" class="1004" name="add_ln117_fu_1666">
<pin_list>
<pin id="1667" dir="0" index="0" bw="5" slack="0"/>
<pin id="1668" dir="0" index="1" bw="1" slack="0"/>
<pin id="1669" dir="1" index="2" bw="5" slack="0"/>
</pin_list>
<bind>
<opcode="add(8) " fcode="add"/>
<opset="add_ln117/12 "/>
</bind>
</comp>

<comp id="1672" class="1004" name="or_ln117_fu_1672">
<pin_list>
<pin id="1673" dir="0" index="0" bw="1" slack="0"/>
<pin id="1674" dir="0" index="1" bw="1" slack="0"/>
<pin id="1675" dir="1" index="2" bw="1" slack="0"/>
</pin_list>
<bind>
<opcode="or(24) " fcode="or"/>
<opset="or_ln117/12 "/>
</bind>
</comp>

<comp id="1678" class="1004" name="select_ln117_fu_1678">
<pin_list>
<pin id="1679" dir="0" index="0" bw="1" slack="0"/>
<pin id="1680" dir="0" index="1" bw="5" slack="0"/>
<pin id="1681" dir="0" index="2" bw="5" slack="0"/>
<pin id="1682" dir="1" index="3" bw="5" slack="0"/>
</pin_list>
<bind>
<opcode="select(49) " fcode="select"/>
<opset="select_ln117/12 "/>
</bind>
</comp>

<comp id="1686" class="1004" name="shl_ln137_1_mid1_fu_1686">
<pin_list>
<pin id="1687" dir="0" index="0" bw="13" slack="0"/>
<pin id="1688" dir="0" index="1" bw="5" slack="0"/>
<pin id="1689" dir="0" index="2" bw="1" slack="0"/>
<pin id="1690" dir="1" index="3" bw="13" slack="0"/>
</pin_list>
<bind>
<opcode="bitconcatenate(1004) " fcode="bitconcatenate"/>
<opset="shl_ln137_1_mid1/12 "/>
</bind>
</comp>

<comp id="1694" class="1004" name="zext_ln137_4_fu_1694">
<pin_list>
<pin id="1695" dir="0" index="0" bw="13" slack="0"/>
<pin id="1696" dir="1" index="1" bw="14" slack="0"/>
</pin_list>
<bind>
<opcode="zext(34) " fcode="zext"/>
<opset="zext_ln137_4/12 "/>
</bind>
</comp>

<comp id="1698" class="1004" name="shl_ln137_2_mid1_fu_1698">
<pin_list>
<pin id="1699" dir="0" index="0" bw="10" slack="0"/>
<pin id="1700" dir="0" index="1" bw="5" slack="0"/>
<pin id="1701" dir="0" index="2" bw="1" slack="0"/>
<pin id="1702" dir="1" index="3" bw="10" slack="0"/>
</pin_list>
<bind>
<opcode="bitconcatenate(1004) " fcode="bitconcatenate"/>
<opset="shl_ln137_2_mid1/12 "/>
</bind>
</comp>

<comp id="1706" class="1004" name="zext_ln137_5_fu_1706">
<pin_list>
<pin id="1707" dir="0" index="0" bw="10" slack="0"/>
<pin id="1708" dir="1" index="1" bw="14" slack="0"/>
</pin_list>
<bind>
<opcode="zext(34) " fcode="zext"/>
<opset="zext_ln137_5/12 "/>
</bind>
</comp>

<comp id="1710" class="1004" name="sub_ln137_1_fu_1710">
<pin_list>
<pin id="1711" dir="0" index="0" bw="13" slack="0"/>
<pin id="1712" dir="0" index="1" bw="10" slack="0"/>
<pin id="1713" dir="1" index="2" bw="14" slack="0"/>
</pin_list>
<bind>
<opcode="sub(10) " fcode="sub"/>
<opset="sub_ln137_1/12 "/>
</bind>
</comp>

<comp id="1716" class="1004" name="select_ln117_1_fu_1716">
<pin_list>
<pin id="1717" dir="0" index="0" bw="1" slack="0"/>
<pin id="1718" dir="0" index="1" bw="14" slack="0"/>
<pin id="1719" dir="0" index="2" bw="14" slack="0"/>
<pin id="1720" dir="1" index="3" bw="14" slack="0"/>
</pin_list>
<bind>
<opcode="select(49) " fcode="select"/>
<opset="select_ln117_1/12 "/>
</bind>
</comp>

<comp id="1724" class="1004" name="select_ln117_2_fu_1724">
<pin_list>
<pin id="1725" dir="0" index="0" bw="1" slack="0"/>
<pin id="1726" dir="0" index="1" bw="5" slack="0"/>
<pin id="1727" dir="0" index="2" bw="5" slack="0"/>
<pin id="1728" dir="1" index="3" bw="5" slack="0"/>
</pin_list>
<bind>
<opcode="select(49) " fcode="select"/>
<opset="select_ln117_2/12 "/>
</bind>
</comp>

<comp id="1732" class="1004" name="tmp5_fu_1732">
<pin_list>
<pin id="1733" dir="0" index="0" bw="8" slack="0"/>
<pin id="1734" dir="0" index="1" bw="5" slack="0"/>
<pin id="1735" dir="0" index="2" bw="2" slack="0"/>
<pin id="1736" dir="0" index="3" bw="1" slack="0"/>
<pin id="1737" dir="1" index="4" bw="8" slack="0"/>
</pin_list>
<bind>
<opcode="bitconcatenate(1004) " fcode="bitconcatenate"/>
<opset="tmp5/12 "/>
</bind>
</comp>

<comp id="1742" class="1004" name="zext_ln137_3_fu_1742">
<pin_list>
<pin id="1743" dir="0" index="0" bw="8" slack="0"/>
<pin id="1744" dir="1" index="1" bw="14" slack="0"/>
</pin_list>
<bind>
<opcode="zext(34) " fcode="zext"/>
<opset="zext_ln137_3/12 "/>
</bind>
</comp>

<comp id="1746" class="1004" name="add_ln137_fu_1746">
<pin_list>
<pin id="1747" dir="0" index="0" bw="8" slack="0"/>
<pin id="1748" dir="0" index="1" bw="14" slack="0"/>
<pin id="1749" dir="1" index="2" bw="14" slack="0"/>
</pin_list>
<bind>
<opcode="add(8) " fcode="add"/>
<opset="add_ln137/12 "/>
</bind>
</comp>

<comp id="1752" class="1004" name="trunc_ln8_fu_1752">
<pin_list>
<pin id="1753" dir="0" index="0" bw="13" slack="0"/>
<pin id="1754" dir="0" index="1" bw="14" slack="0"/>
<pin id="1755" dir="0" index="2" bw="1" slack="0"/>
<pin id="1756" dir="0" index="3" bw="5" slack="0"/>
<pin id="1757" dir="1" index="4" bw="13" slack="3"/>
</pin_list>
<bind>
<opcode="partselect(1002) " fcode="partselect"/>
<opset="trunc_ln8/12 "/>
</bind>
</comp>

<comp id="1762" class="1004" name="add_ln119_fu_1762">
<pin_list>
<pin id="1763" dir="0" index="0" bw="5" slack="0"/>
<pin id="1764" dir="0" index="1" bw="1" slack="0"/>
<pin id="1765" dir="1" index="2" bw="5" slack="0"/>
</pin_list>
<bind>
<opcode="add(8) " fcode="add"/>
<opset="add_ln119/12 "/>
</bind>
</comp>

<comp id="1768" class="1004" name="add_ln117_1_fu_1768">
<pin_list>
<pin id="1769" dir="0" index="0" bw="10" slack="0"/>
<pin id="1770" dir="0" index="1" bw="1" slack="0"/>
<pin id="1771" dir="1" index="2" bw="10" slack="0"/>
</pin_list>
<bind>
<opcode="add(8) " fcode="add"/>
<opset="add_ln117_1/12 "/>
</bind>
</comp>

<comp id="1774" class="1004" name="select_ln117_3_fu_1774">
<pin_list>
<pin id="1775" dir="0" index="0" bw="1" slack="0"/>
<pin id="1776" dir="0" index="1" bw="10" slack="0"/>
<pin id="1777" dir="0" index="2" bw="10" slack="0"/>
<pin id="1778" dir="1" index="3" bw="10" slack="0"/>
</pin_list>
<bind>
<opcode="select(49) " fcode="select"/>
<opset="select_ln117_3/12 "/>
</bind>
</comp>

<comp id="1782" class="1004" name="store_ln119_store_fu_1782">
<pin_list>
<pin id="1783" dir="0" index="0" bw="12" slack="0"/>
<pin id="1784" dir="0" index="1" bw="12" slack="2"/>
<pin id="1785" dir="1" index="2" bw="0" slack="2147483647"/>
</pin_list>
<bind>
<opcode="store(28) " fcode="store"/>
<opset="store_ln119/12 "/>
</bind>
</comp>

<comp id="1787" class="1004" name="store_ln119_store_fu_1787">
<pin_list>
<pin id="1788" dir="0" index="0" bw="3" slack="0"/>
<pin id="1789" dir="0" index="1" bw="3" slack="2"/>
<pin id="1790" dir="1" index="2" bw="0" slack="2147483647"/>
</pin_list>
<bind>
<opcode="store(28) " fcode="store"/>
<opset="store_ln119/12 "/>
</bind>
</comp>

<comp id="1792" class="1004" name="store_ln119_store_fu_1792">
<pin_list>
<pin id="1793" dir="0" index="0" bw="10" slack="0"/>
<pin id="1794" dir="0" index="1" bw="10" slack="2"/>
<pin id="1795" dir="1" index="2" bw="0" slack="2147483647"/>
</pin_list>
<bind>
<opcode="store(28) " fcode="store"/>
<opset="store_ln119/12 "/>
</bind>
</comp>

<comp id="1797" class="1004" name="store_ln119_store_fu_1797">
<pin_list>
<pin id="1798" dir="0" index="0" bw="5" slack="0"/>
<pin id="1799" dir="0" index="1" bw="5" slack="2"/>
<pin id="1800" dir="1" index="2" bw="0" slack="2147483647"/>
</pin_list>
<bind>
<opcode="store(28) " fcode="store"/>
<opset="store_ln119/12 "/>
</bind>
</comp>

<comp id="1802" class="1004" name="store_ln119_store_fu_1802">
<pin_list>
<pin id="1803" dir="0" index="0" bw="5" slack="0"/>
<pin id="1804" dir="0" index="1" bw="5" slack="2"/>
<pin id="1805" dir="1" index="2" bw="0" slack="2147483647"/>
</pin_list>
<bind>
<opcode="store(28) " fcode="store"/>
<opset="store_ln119/12 "/>
</bind>
</comp>

<comp id="1807" class="1004" name="store_ln147_store_fu_1807">
<pin_list>
<pin id="1808" dir="0" index="0" bw="1" slack="0"/>
<pin id="1809" dir="0" index="1" bw="10" slack="0"/>
<pin id="1810" dir="1" index="2" bw="0" slack="2147483647"/>
</pin_list>
<bind>
<opcode="store(28) " fcode="store"/>
<opset="store_ln147/12 "/>
</bind>
</comp>

<comp id="1812" class="1004" name="store_ln147_store_fu_1812">
<pin_list>
<pin id="1813" dir="0" index="0" bw="1" slack="0"/>
<pin id="1814" dir="0" index="1" bw="5" slack="0"/>
<pin id="1815" dir="1" index="2" bw="0" slack="2147483647"/>
</pin_list>
<bind>
<opcode="store(28) " fcode="store"/>
<opset="store_ln147/12 "/>
</bind>
</comp>

<comp id="1817" class="1004" name="store_ln147_store_fu_1817">
<pin_list>
<pin id="1818" dir="0" index="0" bw="1" slack="0"/>
<pin id="1819" dir="0" index="1" bw="5" slack="0"/>
<pin id="1820" dir="1" index="2" bw="0" slack="2147483647"/>
</pin_list>
<bind>
<opcode="store(28) " fcode="store"/>
<opset="store_ln147/12 "/>
</bind>
</comp>

<comp id="1822" class="1004" name="p_cast127_mid1252_fu_1822">
<pin_list>
<pin id="1823" dir="0" index="0" bw="5" slack="1"/>
<pin id="1824" dir="1" index="1" bw="6" slack="0"/>
</pin_list>
<bind>
<opcode="zext(34) " fcode="zext"/>
<opset="p_cast127_mid1252/13 "/>
</bind>
</comp>

<comp id="1825" class="1004" name="p_mid1254_fu_1825">
<pin_list>
<pin id="1826" dir="0" index="0" bw="5" slack="0"/>
<pin id="1827" dir="0" index="1" bw="1" slack="0"/>
<pin id="1828" dir="1" index="2" bw="6" slack="0"/>
</pin_list>
<bind>
<opcode="add(8) " fcode="add"/>
<opset="p_mid1254/13 "/>
</bind>
</comp>

<comp id="1831" class="1004" name="cmp27_i431_not_mid1258_fu_1831">
<pin_list>
<pin id="1832" dir="0" index="0" bw="5" slack="1"/>
<pin id="1833" dir="0" index="1" bw="5" slack="0"/>
<pin id="1834" dir="1" index="2" bw="1" slack="0"/>
</pin_list>
<bind>
<opcode="icmp(45) " fcode="icmp"/>
<opset="cmp27_i431_not_mid1258/13 "/>
</bind>
</comp>

<comp id="1837" class="1004" name="cmp29_i433_not_mid1260_fu_1837">
<pin_list>
<pin id="1838" dir="0" index="0" bw="6" slack="0"/>
<pin id="1839" dir="0" index="1" bw="6" slack="0"/>
<pin id="1840" dir="1" index="2" bw="1" slack="0"/>
</pin_list>
<bind>
<opcode="icmp(45) " fcode="icmp"/>
<opset="cmp29_i433_not_mid1260/13 "/>
</bind>
</comp>

<comp id="1844" class="1004" name="shl_ln132_mid_fu_1844">
<pin_list>
<pin id="1845" dir="0" index="0" bw="10" slack="0"/>
<pin id="1846" dir="0" index="1" bw="6" slack="0"/>
<pin id="1847" dir="0" index="2" bw="1" slack="0"/>
<pin id="1848" dir="1" index="3" bw="10" slack="0"/>
</pin_list>
<bind>
<opcode="bitconcatenate(1004) " fcode="bitconcatenate"/>
<opset="shl_ln132_mid/13 "/>
</bind>
</comp>

<comp id="1852" class="1004" name="sext_ln132_3_fu_1852">
<pin_list>
<pin id="1853" dir="0" index="0" bw="10" slack="0"/>
<pin id="1854" dir="1" index="1" bw="13" slack="0"/>
</pin_list>
<bind>
<opcode="sext(35) " fcode="sext"/>
<opset="sext_ln132_3/13 "/>
</bind>
</comp>

<comp id="1856" class="1004" name="add_ln132_2_fu_1856">
<pin_list>
<pin id="1857" dir="0" index="0" bw="10" slack="0"/>
<pin id="1858" dir="0" index="1" bw="13" slack="0"/>
<pin id="1859" dir="1" index="2" bw="13" slack="0"/>
</pin_list>
<bind>
<opcode="add(8) " fcode="add"/>
<opset="add_ln132_2/13 "/>
</bind>
</comp>

<comp id="1863" class="1004" name="s_V_16_loc_load_load_fu_1863">
<pin_list>
<pin id="1864" dir="0" index="0" bw="16" slack="8"/>
<pin id="1865" dir="1" index="1" bw="16" slack="0"/>
</pin_list>
<bind>
<opcode="load(27) " fcode="load"/>
<opset="s_V_16_loc_load/15 "/>
</bind>
</comp>

<comp id="1866" class="1004" name="trunc_ln123_fu_1866">
<pin_list>
<pin id="1867" dir="0" index="0" bw="16" slack="0"/>
<pin id="1868" dir="1" index="1" bw="15" slack="0"/>
</pin_list>
<bind>
<opcode="trunc(33) " fcode="trunc"/>
<opset="trunc_ln123/15 "/>
</bind>
</comp>

<comp id="1870" class="1004" name="icmp_ln1649_4_fu_1870">
<pin_list>
<pin id="1871" dir="0" index="0" bw="16" slack="0"/>
<pin id="1872" dir="0" index="1" bw="16" slack="0"/>
<pin id="1873" dir="1" index="2" bw="1" slack="0"/>
</pin_list>
<bind>
<opcode="icmp(45) " fcode="icmp"/>
<opset="icmp_ln1649_4/15 "/>
</bind>
</comp>

<comp id="1876" class="1004" name="select_ln65_2_fu_1876">
<pin_list>
<pin id="1877" dir="0" index="0" bw="1" slack="0"/>
<pin id="1878" dir="0" index="1" bw="15" slack="0"/>
<pin id="1879" dir="0" index="2" bw="15" slack="0"/>
<pin id="1880" dir="1" index="3" bw="15" slack="0"/>
</pin_list>
<bind>
<opcode="select(49) " fcode="select"/>
<opset="select_ln65_2/15 "/>
</bind>
</comp>

<comp id="1884" class="1004" name="zext_ln137_2_fu_1884">
<pin_list>
<pin id="1885" dir="0" index="0" bw="15" slack="0"/>
<pin id="1886" dir="1" index="1" bw="16" slack="0"/>
</pin_list>
<bind>
<opcode="zext(34) " fcode="zext"/>
<opset="zext_ln137_2/15 "/>
</bind>
</comp>

<comp id="1889" class="1004" name="sext_ln137_fu_1889">
<pin_list>
<pin id="1890" dir="0" index="0" bw="13" slack="3"/>
<pin id="1891" dir="1" index="1" bw="14" slack="0"/>
</pin_list>
<bind>
<opcode="sext(35) " fcode="sext"/>
<opset="sext_ln137/15 "/>
</bind>
</comp>

<comp id="1892" class="1004" name="zext_ln137_6_fu_1892">
<pin_list>
<pin id="1893" dir="0" index="0" bw="13" slack="0"/>
<pin id="1894" dir="1" index="1" bw="64" slack="0"/>
</pin_list>
<bind>
<opcode="zext(34) " fcode="zext"/>
<opset="zext_ln137_6/15 "/>
</bind>
</comp>

<comp id="1897" class="1004" name="indvar_flatten393_load_load_fu_1897">
<pin_list>
<pin id="1898" dir="0" index="0" bw="10" slack="1"/>
<pin id="1899" dir="1" index="1" bw="10" slack="0"/>
</pin_list>
<bind>
<opcode="load(27) " fcode="load"/>
<opset="indvar_flatten393_load/16 "/>
</bind>
</comp>

<comp id="1900" class="1004" name="icmp_ln147_fu_1900">
<pin_list>
<pin id="1901" dir="0" index="0" bw="10" slack="0"/>
<pin id="1902" dir="0" index="1" bw="10" slack="0"/>
<pin id="1903" dir="1" index="2" bw="1" slack="2147483647"/>
</pin_list>
<bind>
<opcode="icmp(45) " fcode="icmp"/>
<opset="icmp_ln147/16 "/>
</bind>
</comp>

<comp id="1906" class="1004" name="add_ln147_1_fu_1906">
<pin_list>
<pin id="1907" dir="0" index="0" bw="10" slack="0"/>
<pin id="1908" dir="0" index="1" bw="1" slack="0"/>
<pin id="1909" dir="1" index="2" bw="10" slack="0"/>
</pin_list>
<bind>
<opcode="add(8) " fcode="add"/>
<opset="add_ln147_1/16 "/>
</bind>
</comp>

<comp id="1912" class="1004" name="y_2_load_load_fu_1912">
<pin_list>
<pin id="1913" dir="0" index="0" bw="5" slack="1"/>
<pin id="1914" dir="1" index="1" bw="5" slack="0"/>
</pin_list>
<bind>
<opcode="load(27) " fcode="load"/>
<opset="y_2_load/16 "/>
</bind>
</comp>

<comp id="1915" class="1004" name="icmp_ln149_fu_1915">
<pin_list>
<pin id="1916" dir="0" index="0" bw="5" slack="0"/>
<pin id="1917" dir="0" index="1" bw="5" slack="0"/>
<pin id="1918" dir="1" index="2" bw="1" slack="0"/>
</pin_list>
<bind>
<opcode="icmp(45) " fcode="icmp"/>
<opset="icmp_ln149/16 "/>
</bind>
</comp>

<comp id="1921" class="1004" name="select_ln147_fu_1921">
<pin_list>
<pin id="1922" dir="0" index="0" bw="1" slack="0"/>
<pin id="1923" dir="0" index="1" bw="5" slack="0"/>
<pin id="1924" dir="0" index="2" bw="5" slack="0"/>
<pin id="1925" dir="1" index="3" bw="5" slack="0"/>
</pin_list>
<bind>
<opcode="select(49) " fcode="select"/>
<opset="select_ln147/16 "/>
</bind>
</comp>

<comp id="1929" class="1004" name="add_ln149_fu_1929">
<pin_list>
<pin id="1930" dir="0" index="0" bw="5" slack="0"/>
<pin id="1931" dir="0" index="1" bw="1" slack="0"/>
<pin id="1932" dir="1" index="2" bw="5" slack="0"/>
</pin_list>
<bind>
<opcode="add(8) " fcode="add"/>
<opset="add_ln149/16 "/>
</bind>
</comp>

<comp id="1935" class="1004" name="store_ln149_store_fu_1935">
<pin_list>
<pin id="1936" dir="0" index="0" bw="10" slack="0"/>
<pin id="1937" dir="0" index="1" bw="10" slack="1"/>
<pin id="1938" dir="1" index="2" bw="0" slack="2147483647"/>
</pin_list>
<bind>
<opcode="store(28) " fcode="store"/>
<opset="store_ln149/16 "/>
</bind>
</comp>

<comp id="1940" class="1004" name="store_ln149_store_fu_1940">
<pin_list>
<pin id="1941" dir="0" index="0" bw="5" slack="0"/>
<pin id="1942" dir="0" index="1" bw="5" slack="1"/>
<pin id="1943" dir="1" index="2" bw="0" slack="2147483647"/>
</pin_list>
<bind>
<opcode="store(28) " fcode="store"/>
<opset="store_ln149/16 "/>
</bind>
</comp>

<comp id="1945" class="1004" name="x_2_load_load_fu_1945">
<pin_list>
<pin id="1946" dir="0" index="0" bw="5" slack="2"/>
<pin id="1947" dir="1" index="1" bw="5" slack="0"/>
</pin_list>
<bind>
<opcode="load(27) " fcode="load"/>
<opset="x_2_load/17 "/>
</bind>
</comp>

<comp id="1948" class="1004" name="add_ln147_fu_1948">
<pin_list>
<pin id="1949" dir="0" index="0" bw="5" slack="0"/>
<pin id="1950" dir="0" index="1" bw="1" slack="0"/>
<pin id="1951" dir="1" index="2" bw="5" slack="0"/>
</pin_list>
<bind>
<opcode="add(8) " fcode="add"/>
<opset="add_ln147/17 "/>
</bind>
</comp>

<comp id="1954" class="1004" name="select_ln147_1_fu_1954">
<pin_list>
<pin id="1955" dir="0" index="0" bw="1" slack="1"/>
<pin id="1956" dir="0" index="1" bw="5" slack="0"/>
<pin id="1957" dir="0" index="2" bw="5" slack="0"/>
<pin id="1958" dir="1" index="3" bw="5" slack="0"/>
</pin_list>
<bind>
<opcode="select(49) " fcode="select"/>
<opset="select_ln147_1/17 "/>
</bind>
</comp>

<comp id="1962" class="1004" name="p_cast125_mid1358_fu_1962">
<pin_list>
<pin id="1963" dir="0" index="0" bw="5" slack="1"/>
<pin id="1964" dir="1" index="1" bw="6" slack="0"/>
</pin_list>
<bind>
<opcode="zext(34) " fcode="zext"/>
<opset="p_cast125_mid1358/17 "/>
</bind>
</comp>

<comp id="1965" class="1004" name="p_mid1360_fu_1965">
<pin_list>
<pin id="1966" dir="0" index="0" bw="5" slack="0"/>
<pin id="1967" dir="0" index="1" bw="1" slack="0"/>
<pin id="1968" dir="1" index="2" bw="6" slack="0"/>
</pin_list>
<bind>
<opcode="add(8) " fcode="add"/>
<opset="p_mid1360/17 "/>
</bind>
</comp>

<comp id="1971" class="1004" name="cmp23_i72_not_mid1364_fu_1971">
<pin_list>
<pin id="1972" dir="0" index="0" bw="5" slack="1"/>
<pin id="1973" dir="0" index="1" bw="5" slack="0"/>
<pin id="1974" dir="1" index="2" bw="1" slack="0"/>
</pin_list>
<bind>
<opcode="icmp(45) " fcode="icmp"/>
<opset="cmp23_i72_not_mid1364/17 "/>
</bind>
</comp>

<comp id="1977" class="1004" name="cmp25_i74_not_mid1366_fu_1977">
<pin_list>
<pin id="1978" dir="0" index="0" bw="6" slack="0"/>
<pin id="1979" dir="0" index="1" bw="6" slack="0"/>
<pin id="1980" dir="1" index="2" bw="1" slack="0"/>
</pin_list>
<bind>
<opcode="icmp(45) " fcode="icmp"/>
<opset="cmp25_i74_not_mid1366/17 "/>
</bind>
</comp>

<comp id="1984" class="1004" name="shl_ln162_mid_fu_1984">
<pin_list>
<pin id="1985" dir="0" index="0" bw="9" slack="0"/>
<pin id="1986" dir="0" index="1" bw="6" slack="0"/>
<pin id="1987" dir="0" index="2" bw="1" slack="0"/>
<pin id="1988" dir="1" index="3" bw="9" slack="0"/>
</pin_list>
<bind>
<opcode="bitconcatenate(1004) " fcode="bitconcatenate"/>
<opset="shl_ln162_mid/17 "/>
</bind>
</comp>

<comp id="1993" class="1004" name="store_ln149_store_fu_1993">
<pin_list>
<pin id="1994" dir="0" index="0" bw="5" slack="0"/>
<pin id="1995" dir="0" index="1" bw="5" slack="2"/>
<pin id="1996" dir="1" index="2" bw="0" slack="2147483647"/>
</pin_list>
<bind>
<opcode="store(28) " fcode="store"/>
<opset="store_ln149/17 "/>
</bind>
</comp>

<comp id="1998" class="1004" name="s_V_18_loc_load_load_fu_1998">
<pin_list>
<pin id="1999" dir="0" index="0" bw="16" slack="9"/>
<pin id="2000" dir="1" index="1" bw="16" slack="0"/>
</pin_list>
<bind>
<opcode="load(27) " fcode="load"/>
<opset="s_V_18_loc_load/19 "/>
</bind>
</comp>

<comp id="2001" class="1004" name="icmp_ln1649_5_fu_2001">
<pin_list>
<pin id="2002" dir="0" index="0" bw="16" slack="0"/>
<pin id="2003" dir="0" index="1" bw="16" slack="0"/>
<pin id="2004" dir="1" index="2" bw="1" slack="0"/>
</pin_list>
<bind>
<opcode="icmp(45) " fcode="icmp"/>
<opset="icmp_ln1649_5/19 "/>
</bind>
</comp>

<comp id="2007" class="1004" name="icmp_ln1650_fu_2007">
<pin_list>
<pin id="2008" dir="0" index="0" bw="16" slack="0"/>
<pin id="2009" dir="0" index="1" bw="16" slack="0"/>
<pin id="2010" dir="1" index="2" bw="1" slack="0"/>
</pin_list>
<bind>
<opcode="icmp(45) " fcode="icmp"/>
<opset="icmp_ln1650/19 "/>
</bind>
</comp>

<comp id="2013" class="1004" name="or_ln69_fu_2013">
<pin_list>
<pin id="2014" dir="0" index="0" bw="1" slack="0"/>
<pin id="2015" dir="0" index="1" bw="1" slack="0"/>
<pin id="2016" dir="1" index="2" bw="1" slack="0"/>
</pin_list>
<bind>
<opcode="or(24) " fcode="or"/>
<opset="or_ln69/19 "/>
</bind>
</comp>

<comp id="2019" class="1004" name="select_ln69_fu_2019">
<pin_list>
<pin id="2020" dir="0" index="0" bw="1" slack="0"/>
<pin id="2021" dir="0" index="1" bw="14" slack="0"/>
<pin id="2022" dir="0" index="2" bw="14" slack="0"/>
<pin id="2023" dir="1" index="3" bw="14" slack="0"/>
</pin_list>
<bind>
<opcode="select(49) " fcode="select"/>
<opset="select_ln69/19 "/>
</bind>
</comp>

<comp id="2027" class="1004" name="trunc_ln838_fu_2027">
<pin_list>
<pin id="2028" dir="0" index="0" bw="16" slack="0"/>
<pin id="2029" dir="1" index="1" bw="14" slack="0"/>
</pin_list>
<bind>
<opcode="trunc(33) " fcode="trunc"/>
<opset="trunc_ln838/19 "/>
</bind>
</comp>

<comp id="2031" class="1004" name="select_ln69_1_fu_2031">
<pin_list>
<pin id="2032" dir="0" index="0" bw="1" slack="0"/>
<pin id="2033" dir="0" index="1" bw="14" slack="0"/>
<pin id="2034" dir="0" index="2" bw="14" slack="0"/>
<pin id="2035" dir="1" index="3" bw="14" slack="0"/>
</pin_list>
<bind>
<opcode="select(49) " fcode="select"/>
<opset="select_ln69_1/19 "/>
</bind>
</comp>

<comp id="2039" class="1004" name="x_wide_fu_2039">
<pin_list>
<pin id="2040" dir="0" index="0" bw="20" slack="0"/>
<pin id="2041" dir="0" index="1" bw="14" slack="0"/>
<pin id="2042" dir="0" index="2" bw="1" slack="0"/>
<pin id="2043" dir="1" index="3" bw="20" slack="0"/>
</pin_list>
<bind>
<opcode="bitconcatenate(1004) " fcode="bitconcatenate"/>
<opset="x_wide/19 "/>
</bind>
</comp>

<comp id="2047" class="1004" name="r_V_fu_2047">
<pin_list>
<pin id="2048" dir="0" index="0" bw="1" slack="0"/>
<pin id="2049" dir="0" index="1" bw="20" slack="0"/>
<pin id="2050" dir="1" index="2" bw="20" slack="0"/>
</pin_list>
<bind>
<opcode="sub(10) " fcode="sub"/>
<opset="r_V/19 "/>
</bind>
</comp>

<comp id="2053" class="1004" name="p_Result_s_fu_2053">
<pin_list>
<pin id="2054" dir="0" index="0" bw="1" slack="0"/>
<pin id="2055" dir="0" index="1" bw="20" slack="0"/>
<pin id="2056" dir="0" index="2" bw="6" slack="0"/>
<pin id="2057" dir="1" index="3" bw="1" slack="0"/>
</pin_list>
<bind>
<opcode="bitselect(1000) " fcode="bitselect"/>
<opset="p_Result_s/19 "/>
</bind>
</comp>

<comp id="2061" class="1004" name="tmp_fu_2061">
<pin_list>
<pin id="2062" dir="0" index="0" bw="7" slack="0"/>
<pin id="2063" dir="0" index="1" bw="20" slack="0"/>
<pin id="2064" dir="0" index="2" bw="5" slack="0"/>
<pin id="2065" dir="0" index="3" bw="6" slack="0"/>
<pin id="2066" dir="1" index="4" bw="7" slack="0"/>
</pin_list>
<bind>
<opcode="partselect(1002) " fcode="partselect"/>
<opset="tmp/19 "/>
</bind>
</comp>

<comp id="2071" class="1004" name="p_Result_6_fu_2071">
<pin_list>
<pin id="2072" dir="0" index="0" bw="8" slack="0"/>
<pin id="2073" dir="0" index="1" bw="1" slack="0"/>
<pin id="2074" dir="0" index="2" bw="7" slack="0"/>
<pin id="2075" dir="1" index="3" bw="8" slack="0"/>
</pin_list>
<bind>
<opcode="bitconcatenate(1004) " fcode="bitconcatenate"/>
<opset="p_Result_6/19 "/>
</bind>
</comp>

<comp id="2079" class="1004" name="tmp_15_fu_2079">
<pin_list>
<pin id="2080" dir="0" index="0" bw="8" slack="0"/>
<pin id="2081" dir="0" index="1" bw="20" slack="0"/>
<pin id="2082" dir="0" index="2" bw="4" slack="0"/>
<pin id="2083" dir="0" index="3" bw="5" slack="0"/>
<pin id="2084" dir="1" index="4" bw="8" slack="0"/>
</pin_list>
<bind>
<opcode="partselect(1002) " fcode="partselect"/>
<opset="tmp_15/19 "/>
</bind>
</comp>

<comp id="2089" class="1004" name="zext_ln541_fu_2089">
<pin_list>
<pin id="2090" dir="0" index="0" bw="8" slack="0"/>
<pin id="2091" dir="1" index="1" bw="64" slack="0"/>
</pin_list>
<bind>
<opcode="zext(34) " fcode="zext"/>
<opset="zext_ln541/19 "/>
</bind>
</comp>

<comp id="2094" class="1004" name="zext_ln541_1_fu_2094">
<pin_list>
<pin id="2095" dir="0" index="0" bw="8" slack="0"/>
<pin id="2096" dir="1" index="1" bw="64" slack="0"/>
</pin_list>
<bind>
<opcode="zext(34) " fcode="zext"/>
<opset="zext_ln541_1/19 "/>
</bind>
</comp>

<comp id="2099" class="1004" name="f_x_msb_2_h_V_fu_2099">
<pin_list>
<pin id="2100" dir="0" index="0" bw="5" slack="0"/>
<pin id="2101" dir="0" index="1" bw="46" slack="0"/>
<pin id="2102" dir="0" index="2" bw="7" slack="0"/>
<pin id="2103" dir="0" index="3" bw="7" slack="0"/>
<pin id="2104" dir="1" index="4" bw="5" slack="0"/>
</pin_list>
<bind>
<opcode="partselect(1002) " fcode="partselect"/>
<opset="f_x_msb_2_h_V/20 "/>
</bind>
</comp>

<comp id="2109" class="1004" name="zext_ln813_fu_2109">
<pin_list>
<pin id="2110" dir="0" index="0" bw="5" slack="0"/>
<pin id="2111" dir="1" index="1" bw="9" slack="0"/>
</pin_list>
<bind>
<opcode="zext(34) " fcode="zext"/>
<opset="zext_ln813/20 "/>
</bind>
</comp>

<comp id="2113" class="1004" name="zext_ln813_2_fu_2113">
<pin_list>
<pin id="2114" dir="0" index="0" bw="8" slack="1"/>
<pin id="2115" dir="1" index="1" bw="9" slack="0"/>
</pin_list>
<bind>
<opcode="zext(34) " fcode="zext"/>
<opset="zext_ln813_2/20 "/>
</bind>
</comp>

<comp id="2116" class="1004" name="ret_V_6_fu_2116">
<pin_list>
<pin id="2117" dir="0" index="0" bw="8" slack="0"/>
<pin id="2118" dir="0" index="1" bw="5" slack="0"/>
<pin id="2119" dir="1" index="2" bw="9" slack="0"/>
</pin_list>
<bind>
<opcode="add(8) " fcode="add"/>
<opset="ret_V_6/20 "/>
</bind>
</comp>

<comp id="2122" class="1004" name="trunc_ln594_fu_2122">
<pin_list>
<pin id="2123" dir="0" index="0" bw="46" slack="0"/>
<pin id="2124" dir="1" index="1" bw="41" slack="0"/>
</pin_list>
<bind>
<opcode="trunc(33) " fcode="trunc"/>
<opset="trunc_ln594/20 "/>
</bind>
</comp>

<comp id="2126" class="1004" name="rhs_fu_2126">
<pin_list>
<pin id="2127" dir="0" index="0" bw="56" slack="0"/>
<pin id="2128" dir="0" index="1" bw="9" slack="0"/>
<pin id="2129" dir="0" index="2" bw="41" slack="0"/>
<pin id="2130" dir="0" index="3" bw="1" slack="0"/>
<pin id="2131" dir="1" index="4" bw="56" slack="0"/>
</pin_list>
<bind>
<opcode="bitconcatenate(1004) " fcode="bitconcatenate"/>
<opset="rhs/20 "/>
</bind>
</comp>

<comp id="2136" class="1004" name="ret_V_fu_2136">
<pin_list>
<pin id="2137" dir="0" index="0" bw="56" slack="0"/>
<pin id="2138" dir="0" index="1" bw="1" slack="0"/>
<pin id="2139" dir="1" index="2" bw="56" slack="0"/>
</pin_list>
<bind>
<opcode="add(8) " fcode="add"/>
<opset="ret_V/20 "/>
</bind>
</comp>

<comp id="2142" class="1004" name="exp_x_msb_2_3_4_lsb_m_1_V_fu_2142">
<pin_list>
<pin id="2143" dir="0" index="0" bw="50" slack="0"/>
<pin id="2144" dir="0" index="1" bw="56" slack="0"/>
<pin id="2145" dir="0" index="2" bw="4" slack="0"/>
<pin id="2146" dir="0" index="3" bw="7" slack="0"/>
<pin id="2147" dir="1" index="4" bw="50" slack="0"/>
</pin_list>
<bind>
<opcode="partselect(1002) " fcode="partselect"/>
<opset="exp_x_msb_2_3_4_lsb_m_1_V/20 "/>
</bind>
</comp>

<comp id="2152" class="1004" name="zext_ln1271_2_fu_2152">
<pin_list>
<pin id="2153" dir="0" index="0" bw="50" slack="0"/>
<pin id="2154" dir="1" index="1" bw="100" slack="0"/>
</pin_list>
<bind>
<opcode="zext(34) " fcode="zext"/>
<opset="zext_ln1271_2/20 "/>
</bind>
</comp>

<comp id="2156" class="1004" name="zext_ln1273_fu_2156">
<pin_list>
<pin id="2157" dir="0" index="0" bw="50" slack="0"/>
<pin id="2158" dir="1" index="1" bw="100" slack="0"/>
</pin_list>
<bind>
<opcode="zext(34) " fcode="zext"/>
<opset="zext_ln1273/20 "/>
</bind>
</comp>

<comp id="2160" class="1004" name="r_V_10_fu_2160">
<pin_list>
<pin id="2161" dir="0" index="0" bw="50" slack="0"/>
<pin id="2162" dir="0" index="1" bw="50" slack="0"/>
<pin id="2163" dir="1" index="2" bw="100" slack="0"/>
</pin_list>
<bind>
<opcode="mul(12) " fcode="mul"/>
<opset="r_V_10/20 "/>
</bind>
</comp>

<comp id="2166" class="1004" name="trunc_ln813_1_fu_2166">
<pin_list>
<pin id="2167" dir="0" index="0" bw="48" slack="0"/>
<pin id="2168" dir="0" index="1" bw="100" slack="0"/>
<pin id="2169" dir="0" index="2" bw="7" slack="0"/>
<pin id="2170" dir="0" index="3" bw="8" slack="0"/>
<pin id="2171" dir="1" index="4" bw="48" slack="1"/>
</pin_list>
<bind>
<opcode="partselect(1002) " fcode="partselect"/>
<opset="trunc_ln813_1/20 "/>
</bind>
</comp>

<comp id="2176" class="1004" name="zext_ln813_1_fu_2176">
<pin_list>
<pin id="2177" dir="0" index="0" bw="48" slack="1"/>
<pin id="2178" dir="1" index="1" bw="50" slack="0"/>
</pin_list>
<bind>
<opcode="zext(34) " fcode="zext"/>
<opset="zext_ln813_1/21 "/>
</bind>
</comp>

<comp id="2179" class="1004" name="y_l_V_fu_2179">
<pin_list>
<pin id="2180" dir="0" index="0" bw="50" slack="1"/>
<pin id="2181" dir="0" index="1" bw="48" slack="0"/>
<pin id="2182" dir="1" index="2" bw="50" slack="0"/>
</pin_list>
<bind>
<opcode="add(8) " fcode="add"/>
<opset="y_l_V/21 "/>
</bind>
</comp>

<comp id="2184" class="1004" name="tmp_8_fu_2184">
<pin_list>
<pin id="2185" dir="0" index="0" bw="2" slack="0"/>
<pin id="2186" dir="0" index="1" bw="50" slack="0"/>
<pin id="2187" dir="0" index="2" bw="7" slack="0"/>
<pin id="2188" dir="0" index="3" bw="7" slack="0"/>
<pin id="2189" dir="1" index="4" bw="2" slack="0"/>
</pin_list>
<bind>
<opcode="partselect(1002) " fcode="partselect"/>
<opset="tmp_8/21 "/>
</bind>
</comp>

<comp id="2194" class="1004" name="overf_fu_2194">
<pin_list>
<pin id="2195" dir="0" index="0" bw="2" slack="0"/>
<pin id="2196" dir="0" index="1" bw="2" slack="0"/>
<pin id="2197" dir="1" index="2" bw="1" slack="0"/>
</pin_list>
<bind>
<opcode="icmp(45) " fcode="icmp"/>
<opset="overf/21 "/>
</bind>
</comp>

<comp id="2200" class="1004" name="p_Result_4_fu_2200">
<pin_list>
<pin id="2201" dir="0" index="0" bw="1" slack="0"/>
<pin id="2202" dir="0" index="1" bw="50" slack="0"/>
<pin id="2203" dir="0" index="2" bw="7" slack="0"/>
<pin id="2204" dir="1" index="3" bw="1" slack="0"/>
</pin_list>
<bind>
<opcode="bitselect(1000) " fcode="bitselect"/>
<opset="p_Result_4/21 "/>
</bind>
</comp>

<comp id="2208" class="1004" name="p_Result_5_fu_2208">
<pin_list>
<pin id="2209" dir="0" index="0" bw="1" slack="0"/>
<pin id="2210" dir="0" index="1" bw="50" slack="0"/>
<pin id="2211" dir="0" index="2" bw="7" slack="0"/>
<pin id="2212" dir="1" index="3" bw="1" slack="0"/>
</pin_list>
<bind>
<opcode="bitselect(1000) " fcode="bitselect"/>
<opset="p_Result_5/21 "/>
</bind>
</comp>

<comp id="2216" class="1004" name="or_ln533_fu_2216">
<pin_list>
<pin id="2217" dir="0" index="0" bw="1" slack="0"/>
<pin id="2218" dir="0" index="1" bw="1" slack="0"/>
<pin id="2219" dir="1" index="2" bw="1" slack="0"/>
</pin_list>
<bind>
<opcode="or(24) " fcode="or"/>
<opset="or_ln533/21 "/>
</bind>
</comp>

<comp id="2222" class="1004" name="or_ln533_1_fu_2222">
<pin_list>
<pin id="2223" dir="0" index="0" bw="1" slack="0"/>
<pin id="2224" dir="0" index="1" bw="1" slack="0"/>
<pin id="2225" dir="1" index="2" bw="1" slack="0"/>
</pin_list>
<bind>
<opcode="or(24) " fcode="or"/>
<opset="or_ln533_1/21 "/>
</bind>
</comp>

<comp id="2228" class="1004" name="tmp_14_fu_2228">
<pin_list>
<pin id="2229" dir="0" index="0" bw="3" slack="0"/>
<pin id="2230" dir="0" index="1" bw="50" slack="0"/>
<pin id="2231" dir="0" index="2" bw="7" slack="0"/>
<pin id="2232" dir="0" index="3" bw="7" slack="0"/>
<pin id="2233" dir="1" index="4" bw="3" slack="0"/>
</pin_list>
<bind>
<opcode="partselect(1002) " fcode="partselect"/>
<opset="tmp_14/21 "/>
</bind>
</comp>

<comp id="2238" class="1004" name="icmp_ln533_fu_2238">
<pin_list>
<pin id="2239" dir="0" index="0" bw="3" slack="0"/>
<pin id="2240" dir="0" index="1" bw="3" slack="0"/>
<pin id="2241" dir="1" index="2" bw="1" slack="0"/>
</pin_list>
<bind>
<opcode="icmp(45) " fcode="icmp"/>
<opset="icmp_ln533/21 "/>
</bind>
</comp>

<comp id="2244" class="1004" name="overf_1_fu_2244">
<pin_list>
<pin id="2245" dir="0" index="0" bw="1" slack="0"/>
<pin id="2246" dir="0" index="1" bw="1" slack="0"/>
<pin id="2247" dir="1" index="2" bw="1" slack="0"/>
</pin_list>
<bind>
<opcode="or(24) " fcode="or"/>
<opset="overf_1/21 "/>
</bind>
</comp>

<comp id="2250" class="1004" name="tmp_20_fu_2250">
<pin_list>
<pin id="2251" dir="0" index="0" bw="32" slack="0"/>
<pin id="2252" dir="0" index="1" bw="50" slack="0"/>
<pin id="2253" dir="0" index="2" bw="5" slack="0"/>
<pin id="2254" dir="0" index="3" bw="7" slack="0"/>
<pin id="2255" dir="1" index="4" bw="32" slack="0"/>
</pin_list>
<bind>
<opcode="partselect(1002) " fcode="partselect"/>
<opset="tmp_20/21 "/>
</bind>
</comp>

<comp id="2260" class="1004" name="exp_val_fu_2260">
<pin_list>
<pin id="2261" dir="0" index="0" bw="1" slack="0"/>
<pin id="2262" dir="0" index="1" bw="32" slack="0"/>
<pin id="2263" dir="0" index="2" bw="32" slack="0"/>
<pin id="2264" dir="1" index="3" bw="32" slack="0"/>
</pin_list>
<bind>
<opcode="select(49) " fcode="select"/>
<opset="exp_val/21 "/>
</bind>
</comp>

<comp id="2268" class="1004" name="sext_ln813_fu_2268">
<pin_list>
<pin id="2269" dir="0" index="0" bw="32" slack="0"/>
<pin id="2270" dir="1" index="1" bw="33" slack="0"/>
</pin_list>
<bind>
<opcode="sext(35) " fcode="sext"/>
<opset="sext_ln813/21 "/>
</bind>
</comp>

<comp id="2272" class="1004" name="ret_V_5_fu_2272">
<pin_list>
<pin id="2273" dir="0" index="0" bw="32" slack="0"/>
<pin id="2274" dir="0" index="1" bw="18" slack="0"/>
<pin id="2275" dir="1" index="2" bw="33" slack="0"/>
</pin_list>
<bind>
<opcode="add(8) " fcode="add"/>
<opset="ret_V_5/21 "/>
</bind>
</comp>

<comp id="2278" class="1004" name="sext_ln1303_fu_2278">
<pin_list>
<pin id="2279" dir="0" index="0" bw="33" slack="0"/>
<pin id="2280" dir="1" index="1" bw="34" slack="0"/>
</pin_list>
<bind>
<opcode="sext(35) " fcode="sext"/>
<opset="sext_ln1303/21 "/>
</bind>
</comp>

<comp id="2282" class="1004" name="grp_fu_2282">
<pin_list>
<pin id="2283" dir="0" index="0" bw="34" slack="0"/>
<pin id="2284" dir="0" index="1" bw="33" slack="0"/>
<pin id="2285" dir="1" index="2" bw="34" slack="0"/>
</pin_list>
<bind>
<opcode="sdiv(15) " fcode="sdiv"/>
<opset="sdiv_ln1303/21 "/>
</bind>
</comp>

<comp id="2288" class="1004" name="tmp_s_fu_2288">
<pin_list>
<pin id="2289" dir="0" index="0" bw="10" slack="0"/>
<pin id="2290" dir="0" index="1" bw="5" slack="41"/>
<pin id="2291" dir="0" index="2" bw="1" slack="0"/>
<pin id="2292" dir="1" index="3" bw="10" slack="0"/>
</pin_list>
<bind>
<opcode="bitconcatenate(1004) " fcode="bitconcatenate"/>
<opset="tmp_s/58 "/>
</bind>
</comp>

<comp id="2295" class="1004" name="tmp_18_fu_2295">
<pin_list>
<pin id="2296" dir="0" index="0" bw="7" slack="0"/>
<pin id="2297" dir="0" index="1" bw="5" slack="41"/>
<pin id="2298" dir="0" index="2" bw="1" slack="0"/>
<pin id="2299" dir="1" index="3" bw="7" slack="0"/>
</pin_list>
<bind>
<opcode="bitconcatenate(1004) " fcode="bitconcatenate"/>
<opset="tmp_18/58 "/>
</bind>
</comp>

<comp id="2302" class="1004" name="zext_ln167_fu_2302">
<pin_list>
<pin id="2303" dir="0" index="0" bw="7" slack="0"/>
<pin id="2304" dir="1" index="1" bw="10" slack="0"/>
</pin_list>
<bind>
<opcode="zext(34) " fcode="zext"/>
<opset="zext_ln167/58 "/>
</bind>
</comp>

<comp id="2306" class="1004" name="sub_ln167_fu_2306">
<pin_list>
<pin id="2307" dir="0" index="0" bw="10" slack="0"/>
<pin id="2308" dir="0" index="1" bw="7" slack="0"/>
<pin id="2309" dir="1" index="2" bw="10" slack="0"/>
</pin_list>
<bind>
<opcode="sub(10) " fcode="sub"/>
<opset="sub_ln167/58 "/>
</bind>
</comp>

<comp id="2312" class="1004" name="zext_ln167_1_fu_2312">
<pin_list>
<pin id="2313" dir="0" index="0" bw="5" slack="42"/>
<pin id="2314" dir="1" index="1" bw="10" slack="0"/>
</pin_list>
<bind>
<opcode="zext(34) " fcode="zext"/>
<opset="zext_ln167_1/58 "/>
</bind>
</comp>

<comp id="2315" class="1004" name="add_ln167_fu_2315">
<pin_list>
<pin id="2316" dir="0" index="0" bw="10" slack="0"/>
<pin id="2317" dir="0" index="1" bw="5" slack="0"/>
<pin id="2318" dir="1" index="2" bw="10" slack="0"/>
</pin_list>
<bind>
<opcode="add(8) " fcode="add"/>
<opset="add_ln167/58 "/>
</bind>
</comp>

<comp id="2321" class="1004" name="zext_ln167_2_fu_2321">
<pin_list>
<pin id="2322" dir="0" index="0" bw="10" slack="0"/>
<pin id="2323" dir="1" index="1" bw="64" slack="0"/>
</pin_list>
<bind>
<opcode="zext(34) " fcode="zext"/>
<opset="zext_ln167_2/58 "/>
</bind>
</comp>

<comp id="2326" class="1004" name="trunc_ln_fu_2326">
<pin_list>
<pin id="2327" dir="0" index="0" bw="16" slack="0"/>
<pin id="2328" dir="0" index="1" bw="34" slack="0"/>
<pin id="2329" dir="0" index="2" bw="4" slack="0"/>
<pin id="2330" dir="0" index="3" bw="6" slack="0"/>
<pin id="2331" dir="1" index="4" bw="16" slack="0"/>
</pin_list>
<bind>
<opcode="partselect(1002) " fcode="partselect"/>
<opset="trunc_ln/58 "/>
</bind>
</comp>

<comp id="2337" class="1005" name="y_reg_2337">
<pin_list>
<pin id="2338" dir="0" index="0" bw="5" slack="0"/>
<pin id="2339" dir="1" index="1" bw="5" slack="0"/>
</pin_list>
<bind>
<opset="y "/>
</bind>
</comp>

<comp id="2344" class="1005" name="x_reg_2344">
<pin_list>
<pin id="2345" dir="0" index="0" bw="5" slack="0"/>
<pin id="2346" dir="1" index="1" bw="5" slack="0"/>
</pin_list>
<bind>
<opset="x "/>
</bind>
</comp>

<comp id="2351" class="1005" name="indvar_flatten_reg_2351">
<pin_list>
<pin id="2352" dir="0" index="0" bw="10" slack="0"/>
<pin id="2353" dir="1" index="1" bw="10" slack="0"/>
</pin_list>
<bind>
<opset="indvar_flatten "/>
</bind>
</comp>

<comp id="2358" class="1005" name="n_reg_2358">
<pin_list>
<pin id="2359" dir="0" index="0" bw="3" slack="0"/>
<pin id="2360" dir="1" index="1" bw="3" slack="0"/>
</pin_list>
<bind>
<opset="n "/>
</bind>
</comp>

<comp id="2365" class="1005" name="indvar_flatten25_reg_2365">
<pin_list>
<pin id="2366" dir="0" index="0" bw="12" slack="0"/>
<pin id="2367" dir="1" index="1" bw="12" slack="0"/>
</pin_list>
<bind>
<opset="indvar_flatten25 "/>
</bind>
</comp>

<comp id="2372" class="1005" name="s_V_18_loc_reg_2372">
<pin_list>
<pin id="2373" dir="0" index="0" bw="16" slack="7"/>
<pin id="2374" dir="1" index="1" bw="16" slack="7"/>
</pin_list>
<bind>
<opset="s_V_18_loc "/>
</bind>
</comp>

<comp id="2378" class="1005" name="s_V_16_loc_reg_2378">
<pin_list>
<pin id="2379" dir="0" index="0" bw="16" slack="6"/>
<pin id="2380" dir="1" index="1" bw="16" slack="6"/>
</pin_list>
<bind>
<opset="s_V_16_loc "/>
</bind>
</comp>

<comp id="2384" class="1005" name="s_V_15_loc_reg_2384">
<pin_list>
<pin id="2385" dir="0" index="0" bw="16" slack="4"/>
<pin id="2386" dir="1" index="1" bw="16" slack="4"/>
</pin_list>
<bind>
<opset="s_V_15_loc "/>
</bind>
</comp>

<comp id="2390" class="1005" name="s_V_14_loc_reg_2390">
<pin_list>
<pin id="2391" dir="0" index="0" bw="16" slack="2"/>
<pin id="2392" dir="1" index="1" bw="16" slack="2"/>
</pin_list>
<bind>
<opset="s_V_14_loc "/>
</bind>
</comp>

<comp id="2396" class="1005" name="s_V_13_loc_reg_2396">
<pin_list>
<pin id="2397" dir="0" index="0" bw="16" slack="2"/>
<pin id="2398" dir="1" index="1" bw="16" slack="2"/>
</pin_list>
<bind>
<opset="s_V_13_loc "/>
</bind>
</comp>

<comp id="2405" class="1005" name="add_ln17_1_reg_2405">
<pin_list>
<pin id="2406" dir="0" index="0" bw="12" slack="1"/>
<pin id="2407" dir="1" index="1" bw="12" slack="1"/>
</pin_list>
<bind>
<opset="add_ln17_1 "/>
</bind>
</comp>

<comp id="2410" class="1005" name="icmp_ln19_reg_2410">
<pin_list>
<pin id="2411" dir="0" index="0" bw="1" slack="1"/>
<pin id="2412" dir="1" index="1" bw="1" slack="1"/>
</pin_list>
<bind>
<opset="icmp_ln19 "/>
</bind>
</comp>

<comp id="2415" class="1005" name="select_ln17_1_reg_2415">
<pin_list>
<pin id="2416" dir="0" index="0" bw="3" slack="1"/>
<pin id="2417" dir="1" index="1" bw="3" slack="1"/>
</pin_list>
<bind>
<opset="select_ln17_1 "/>
</bind>
</comp>

<comp id="2420" class="1005" name="zext_ln17_reg_2420">
<pin_list>
<pin id="2421" dir="0" index="0" bw="5" slack="1"/>
<pin id="2422" dir="1" index="1" bw="5" slack="1"/>
</pin_list>
<bind>
<opset="zext_ln17 "/>
</bind>
</comp>

<comp id="2425" class="1005" name="trunc_ln17_reg_2425">
<pin_list>
<pin id="2426" dir="0" index="0" bw="2" slack="1"/>
<pin id="2427" dir="1" index="1" bw="2" slack="1"/>
</pin_list>
<bind>
<opset="trunc_ln17 "/>
</bind>
</comp>

<comp id="2430" class="1005" name="zext_ln17_1_reg_2430">
<pin_list>
<pin id="2431" dir="0" index="0" bw="6" slack="1"/>
<pin id="2432" dir="1" index="1" bw="6" slack="1"/>
</pin_list>
<bind>
<opset="zext_ln17_1 "/>
</bind>
</comp>

<comp id="2435" class="1005" name="select_ln17_2_reg_2435">
<pin_list>
<pin id="2436" dir="0" index="0" bw="16" slack="1"/>
<pin id="2437" dir="1" index="1" bw="16" slack="1"/>
</pin_list>
<bind>
<opset="select_ln17_2 "/>
</bind>
</comp>

<comp id="2440" class="1005" name="select_ln19_reg_2440">
<pin_list>
<pin id="2441" dir="0" index="0" bw="5" slack="1"/>
<pin id="2442" dir="1" index="1" bw="5" slack="1"/>
</pin_list>
<bind>
<opset="select_ln19 "/>
</bind>
</comp>

<comp id="2447" class="1005" name="select_ln19_1_reg_2447">
<pin_list>
<pin id="2448" dir="0" index="0" bw="14" slack="1"/>
<pin id="2449" dir="1" index="1" bw="14" slack="1"/>
</pin_list>
<bind>
<opset="select_ln19_1 "/>
</bind>
</comp>

<comp id="2452" class="1005" name="select_ln19_2_reg_2452">
<pin_list>
<pin id="2453" dir="0" index="0" bw="5" slack="1"/>
<pin id="2454" dir="1" index="1" bw="5" slack="1"/>
</pin_list>
<bind>
<opset="select_ln19_2 "/>
</bind>
</comp>

<comp id="2458" class="1005" name="add_ln30_reg_2458">
<pin_list>
<pin id="2459" dir="0" index="0" bw="6" slack="1"/>
<pin id="2460" dir="1" index="1" bw="6" slack="1"/>
</pin_list>
<bind>
<opset="add_ln30 "/>
</bind>
</comp>

<comp id="2463" class="1005" name="y_1_reg_2463">
<pin_list>
<pin id="2464" dir="0" index="0" bw="4" slack="0"/>
<pin id="2465" dir="1" index="1" bw="4" slack="0"/>
</pin_list>
<bind>
<opset="y_1 "/>
</bind>
</comp>

<comp id="2470" class="1005" name="x_1_reg_2470">
<pin_list>
<pin id="2471" dir="0" index="0" bw="4" slack="0"/>
<pin id="2472" dir="1" index="1" bw="4" slack="0"/>
</pin_list>
<bind>
<opset="x_1 "/>
</bind>
</comp>

<comp id="2477" class="1005" name="indvar_flatten144_reg_2477">
<pin_list>
<pin id="2478" dir="0" index="0" bw="8" slack="0"/>
<pin id="2479" dir="1" index="1" bw="8" slack="0"/>
</pin_list>
<bind>
<opset="indvar_flatten144 "/>
</bind>
</comp>

<comp id="2484" class="1005" name="n_1_reg_2484">
<pin_list>
<pin id="2485" dir="0" index="0" bw="4" slack="0"/>
<pin id="2486" dir="1" index="1" bw="4" slack="0"/>
</pin_list>
<bind>
<opset="n_1 "/>
</bind>
</comp>

<comp id="2491" class="1005" name="indvar_flatten171_reg_2491">
<pin_list>
<pin id="2492" dir="0" index="0" bw="11" slack="0"/>
<pin id="2493" dir="1" index="1" bw="11" slack="0"/>
</pin_list>
<bind>
<opset="indvar_flatten171 "/>
</bind>
</comp>

<comp id="2501" class="1005" name="add_ln25_reg_2501">
<pin_list>
<pin id="2502" dir="0" index="0" bw="2" slack="0"/>
<pin id="2503" dir="1" index="1" bw="2" slack="0"/>
</pin_list>
<bind>
<opset="add_ln25 "/>
</bind>
</comp>

<comp id="2506" class="1005" name="sub_ln32_reg_2506">
<pin_list>
<pin id="2507" dir="0" index="0" bw="10" slack="1"/>
<pin id="2508" dir="1" index="1" bw="10" slack="1"/>
</pin_list>
<bind>
<opset="sub_ln32 "/>
</bind>
</comp>

<comp id="2511" class="1005" name="empty_85_reg_2511">
<pin_list>
<pin id="2512" dir="0" index="0" bw="6" slack="1"/>
<pin id="2513" dir="1" index="1" bw="6" slack="1"/>
</pin_list>
<bind>
<opset="empty_85 "/>
</bind>
</comp>

<comp id="2516" class="1005" name="brmerge_not_reg_2516">
<pin_list>
<pin id="2517" dir="0" index="0" bw="1" slack="1"/>
<pin id="2518" dir="1" index="1" bw="1" slack="1"/>
</pin_list>
<bind>
<opset="brmerge_not "/>
</bind>
</comp>

<comp id="2521" class="1005" name="targetBlock_reg_2521">
<pin_list>
<pin id="2522" dir="0" index="0" bw="1" slack="1"/>
<pin id="2523" dir="1" index="1" bw="1" slack="1"/>
</pin_list>
<bind>
<opset="targetBlock "/>
</bind>
</comp>

<comp id="2526" class="1005" name="s_V_3_reg_2526">
<pin_list>
<pin id="2527" dir="0" index="0" bw="16" slack="1"/>
<pin id="2528" dir="1" index="1" bw="16" slack="1"/>
</pin_list>
<bind>
<opset="s_V_3 "/>
</bind>
</comp>

<comp id="2534" class="1005" name="select_ln66_1_reg_2534">
<pin_list>
<pin id="2535" dir="0" index="0" bw="8" slack="1"/>
<pin id="2536" dir="1" index="1" bw="8" slack="1"/>
</pin_list>
<bind>
<opset="select_ln66_1 "/>
</bind>
</comp>

<comp id="2539" class="1005" name="conv2_bias_V_addr_reg_2539">
<pin_list>
<pin id="2540" dir="0" index="0" bw="3" slack="1"/>
<pin id="2541" dir="1" index="1" bw="3" slack="1"/>
</pin_list>
<bind>
<opset="conv2_bias_V_addr "/>
</bind>
</comp>

<comp id="2544" class="1005" name="select_ln68_reg_2544">
<pin_list>
<pin id="2545" dir="0" index="0" bw="4" slack="1"/>
<pin id="2546" dir="1" index="1" bw="4" slack="1"/>
</pin_list>
<bind>
<opset="select_ln68 "/>
</bind>
</comp>

<comp id="2551" class="1005" name="select_ln68_2_reg_2551">
<pin_list>
<pin id="2552" dir="0" index="0" bw="4" slack="1"/>
<pin id="2553" dir="1" index="1" bw="4" slack="1"/>
</pin_list>
<bind>
<opset="select_ln68_2 "/>
</bind>
</comp>

<comp id="2556" class="1005" name="trunc_ln7_reg_2556">
<pin_list>
<pin id="2557" dir="0" index="0" bw="12" slack="3"/>
<pin id="2558" dir="1" index="1" bw="12" slack="3"/>
</pin_list>
<bind>
<opset="trunc_ln7 "/>
</bind>
</comp>

<comp id="2561" class="1005" name="y_3_reg_2561">
<pin_list>
<pin id="2562" dir="0" index="0" bw="5" slack="0"/>
<pin id="2563" dir="1" index="1" bw="5" slack="0"/>
</pin_list>
<bind>
<opset="y_3 "/>
</bind>
</comp>

<comp id="2568" class="1005" name="x_3_reg_2568">
<pin_list>
<pin id="2569" dir="0" index="0" bw="5" slack="0"/>
<pin id="2570" dir="1" index="1" bw="5" slack="0"/>
</pin_list>
<bind>
<opset="x_3 "/>
</bind>
</comp>

<comp id="2575" class="1005" name="indvar_flatten289_reg_2575">
<pin_list>
<pin id="2576" dir="0" index="0" bw="10" slack="0"/>
<pin id="2577" dir="1" index="1" bw="10" slack="0"/>
</pin_list>
<bind>
<opset="indvar_flatten289 "/>
</bind>
</comp>

<comp id="2582" class="1005" name="n_2_reg_2582">
<pin_list>
<pin id="2583" dir="0" index="0" bw="3" slack="0"/>
<pin id="2584" dir="1" index="1" bw="3" slack="0"/>
</pin_list>
<bind>
<opset="n_2 "/>
</bind>
</comp>

<comp id="2589" class="1005" name="indvar_flatten315_reg_2589">
<pin_list>
<pin id="2590" dir="0" index="0" bw="12" slack="0"/>
<pin id="2591" dir="1" index="1" bw="12" slack="0"/>
</pin_list>
<bind>
<opset="indvar_flatten315 "/>
</bind>
</comp>

<comp id="2596" class="1005" name="conv2_bias_V_load_reg_2596">
<pin_list>
<pin id="2597" dir="0" index="0" bw="10" slack="1"/>
<pin id="2598" dir="1" index="1" bw="10" slack="1"/>
</pin_list>
<bind>
<opset="conv2_bias_V_load "/>
</bind>
</comp>

<comp id="2601" class="1005" name="cmp27_i_not_mid1115_reg_2601">
<pin_list>
<pin id="2602" dir="0" index="0" bw="1" slack="1"/>
<pin id="2603" dir="1" index="1" bw="1" slack="1"/>
</pin_list>
<bind>
<opset="cmp27_i_not_mid1115 "/>
</bind>
</comp>

<comp id="2606" class="1005" name="cmp29_i_not_mid1117_reg_2606">
<pin_list>
<pin id="2607" dir="0" index="0" bw="1" slack="1"/>
<pin id="2608" dir="1" index="1" bw="1" slack="1"/>
</pin_list>
<bind>
<opset="cmp29_i_not_mid1117 "/>
</bind>
</comp>

<comp id="2611" class="1005" name="add_ln83_2_reg_2611">
<pin_list>
<pin id="2612" dir="0" index="0" bw="13" slack="1"/>
<pin id="2613" dir="1" index="1" bw="13" slack="1"/>
</pin_list>
<bind>
<opset="add_ln83_2 "/>
</bind>
</comp>

<comp id="2619" class="1005" name="select_ln115_1_reg_2619">
<pin_list>
<pin id="2620" dir="0" index="0" bw="8" slack="1"/>
<pin id="2621" dir="1" index="1" bw="8" slack="1"/>
</pin_list>
<bind>
<opset="select_ln115_1 "/>
</bind>
</comp>

<comp id="2624" class="1005" name="select_ln115_2_reg_2624">
<pin_list>
<pin id="2625" dir="0" index="0" bw="16" slack="1"/>
<pin id="2626" dir="1" index="1" bw="16" slack="1"/>
</pin_list>
<bind>
<opset="select_ln115_2 "/>
</bind>
</comp>

<comp id="2629" class="1005" name="select_ln117_reg_2629">
<pin_list>
<pin id="2630" dir="0" index="0" bw="5" slack="1"/>
<pin id="2631" dir="1" index="1" bw="5" slack="1"/>
</pin_list>
<bind>
<opset="select_ln117 "/>
</bind>
</comp>

<comp id="2636" class="1005" name="select_ln117_2_reg_2636">
<pin_list>
<pin id="2637" dir="0" index="0" bw="5" slack="1"/>
<pin id="2638" dir="1" index="1" bw="5" slack="1"/>
</pin_list>
<bind>
<opset="select_ln117_2 "/>
</bind>
</comp>

<comp id="2641" class="1005" name="trunc_ln8_reg_2641">
<pin_list>
<pin id="2642" dir="0" index="0" bw="13" slack="3"/>
<pin id="2643" dir="1" index="1" bw="13" slack="3"/>
</pin_list>
<bind>
<opset="trunc_ln8 "/>
</bind>
</comp>

<comp id="2646" class="1005" name="y_2_reg_2646">
<pin_list>
<pin id="2647" dir="0" index="0" bw="5" slack="0"/>
<pin id="2648" dir="1" index="1" bw="5" slack="0"/>
</pin_list>
<bind>
<opset="y_2 "/>
</bind>
</comp>

<comp id="2653" class="1005" name="x_2_reg_2653">
<pin_list>
<pin id="2654" dir="0" index="0" bw="5" slack="0"/>
<pin id="2655" dir="1" index="1" bw="5" slack="0"/>
</pin_list>
<bind>
<opset="x_2 "/>
</bind>
</comp>

<comp id="2660" class="1005" name="indvar_flatten393_reg_2660">
<pin_list>
<pin id="2661" dir="0" index="0" bw="10" slack="0"/>
<pin id="2662" dir="1" index="1" bw="10" slack="0"/>
</pin_list>
<bind>
<opset="indvar_flatten393 "/>
</bind>
</comp>

<comp id="2667" class="1005" name="cmp27_i431_not_mid1258_reg_2667">
<pin_list>
<pin id="2668" dir="0" index="0" bw="1" slack="1"/>
<pin id="2669" dir="1" index="1" bw="1" slack="1"/>
</pin_list>
<bind>
<opset="cmp27_i431_not_mid1258 "/>
</bind>
</comp>

<comp id="2672" class="1005" name="cmp29_i433_not_mid1260_reg_2672">
<pin_list>
<pin id="2673" dir="0" index="0" bw="1" slack="1"/>
<pin id="2674" dir="1" index="1" bw="1" slack="1"/>
</pin_list>
<bind>
<opset="cmp29_i433_not_mid1260 "/>
</bind>
</comp>

<comp id="2677" class="1005" name="add_ln132_2_reg_2677">
<pin_list>
<pin id="2678" dir="0" index="0" bw="13" slack="1"/>
<pin id="2679" dir="1" index="1" bw="13" slack="1"/>
</pin_list>
<bind>
<opset="add_ln132_2 "/>
</bind>
</comp>

<comp id="2685" class="1005" name="icmp_ln149_reg_2685">
<pin_list>
<pin id="2686" dir="0" index="0" bw="1" slack="1"/>
<pin id="2687" dir="1" index="1" bw="1" slack="1"/>
</pin_list>
<bind>
<opset="icmp_ln149 "/>
</bind>
</comp>

<comp id="2690" class="1005" name="select_ln147_reg_2690">
<pin_list>
<pin id="2691" dir="0" index="0" bw="5" slack="1"/>
<pin id="2692" dir="1" index="1" bw="5" slack="1"/>
</pin_list>
<bind>
<opset="select_ln147 "/>
</bind>
</comp>

<comp id="2698" class="1005" name="select_ln147_1_reg_2698">
<pin_list>
<pin id="2699" dir="0" index="0" bw="5" slack="1"/>
<pin id="2700" dir="1" index="1" bw="5" slack="1"/>
</pin_list>
<bind>
<opset="select_ln147_1 "/>
</bind>
</comp>

<comp id="2705" class="1005" name="cmp23_i72_not_mid1364_reg_2705">
<pin_list>
<pin id="2706" dir="0" index="0" bw="1" slack="1"/>
<pin id="2707" dir="1" index="1" bw="1" slack="1"/>
</pin_list>
<bind>
<opset="cmp23_i72_not_mid1364 "/>
</bind>
</comp>

<comp id="2710" class="1005" name="cmp25_i74_not_mid1366_reg_2710">
<pin_list>
<pin id="2711" dir="0" index="0" bw="1" slack="1"/>
<pin id="2712" dir="1" index="1" bw="1" slack="1"/>
</pin_list>
<bind>
<opset="cmp25_i74_not_mid1366 "/>
</bind>
</comp>

<comp id="2715" class="1005" name="shl_ln162_mid_reg_2715">
<pin_list>
<pin id="2716" dir="0" index="0" bw="9" slack="1"/>
<pin id="2717" dir="1" index="1" bw="9" slack="1"/>
</pin_list>
<bind>
<opset="shl_ln162_mid "/>
</bind>
</comp>

<comp id="2720" class="1005" name="tmp_15_reg_2720">
<pin_list>
<pin id="2721" dir="0" index="0" bw="8" slack="1"/>
<pin id="2722" dir="1" index="1" bw="8" slack="1"/>
</pin_list>
<bind>
<opset="tmp_15 "/>
</bind>
</comp>

<comp id="2725" class="1005" name="f_x_msb_2_table_V_addr_reg_2725">
<pin_list>
<pin id="2726" dir="0" index="0" bw="8" slack="1"/>
<pin id="2727" dir="1" index="1" bw="8" slack="1"/>
</pin_list>
<bind>
<opset="f_x_msb_2_table_V_addr "/>
</bind>
</comp>

<comp id="2730" class="1005" name="exp_x_msb_1_table_V_addr_reg_2730">
<pin_list>
<pin id="2731" dir="0" index="0" bw="8" slack="1"/>
<pin id="2732" dir="1" index="1" bw="8" slack="1"/>
</pin_list>
<bind>
<opset="exp_x_msb_1_table_V_addr "/>
</bind>
</comp>

<comp id="2735" class="1005" name="exp_x_msb_1_V_reg_2735">
<pin_list>
<pin id="2736" dir="0" index="0" bw="50" slack="1"/>
<pin id="2737" dir="1" index="1" bw="50" slack="1"/>
</pin_list>
<bind>
<opset="exp_x_msb_1_V "/>
</bind>
</comp>

<comp id="2740" class="1005" name="trunc_ln813_1_reg_2740">
<pin_list>
<pin id="2741" dir="0" index="0" bw="48" slack="1"/>
<pin id="2742" dir="1" index="1" bw="48" slack="1"/>
</pin_list>
<bind>
<opset="trunc_ln813_1 "/>
</bind>
</comp>

<comp id="2745" class="1005" name="sext_ln1303_reg_2745">
<pin_list>
<pin id="2746" dir="0" index="0" bw="34" slack="1"/>
<pin id="2747" dir="1" index="1" bw="34" slack="1"/>
</pin_list>
<bind>
<opset="sext_ln1303 "/>
</bind>
</comp>

</comp_list>

<net_list>
<net id="287"><net_src comp="20" pin="0"/><net_sink comp="284" pin=0"/></net>

<net id="291"><net_src comp="20" pin="0"/><net_sink comp="288" pin=0"/></net>

<net id="295"><net_src comp="20" pin="0"/><net_sink comp="292" pin=0"/></net>

<net id="299"><net_src comp="20" pin="0"/><net_sink comp="296" pin=0"/></net>

<net id="303"><net_src comp="20" pin="0"/><net_sink comp="300" pin=0"/></net>

<net id="307"><net_src comp="22" pin="0"/><net_sink comp="304" pin=0"/></net>

<net id="311"><net_src comp="22" pin="0"/><net_sink comp="308" pin=0"/></net>

<net id="315"><net_src comp="22" pin="0"/><net_sink comp="312" pin=0"/></net>

<net id="319"><net_src comp="22" pin="0"/><net_sink comp="316" pin=0"/></net>

<net id="323"><net_src comp="22" pin="0"/><net_sink comp="320" pin=0"/></net>

<net id="327"><net_src comp="20" pin="0"/><net_sink comp="324" pin=0"/></net>

<net id="331"><net_src comp="20" pin="0"/><net_sink comp="328" pin=0"/></net>

<net id="335"><net_src comp="20" pin="0"/><net_sink comp="332" pin=0"/></net>

<net id="339"><net_src comp="20" pin="0"/><net_sink comp="336" pin=0"/></net>

<net id="343"><net_src comp="20" pin="0"/><net_sink comp="340" pin=0"/></net>

<net id="347"><net_src comp="20" pin="0"/><net_sink comp="344" pin=0"/></net>

<net id="351"><net_src comp="20" pin="0"/><net_sink comp="348" pin=0"/></net>

<net id="355"><net_src comp="20" pin="0"/><net_sink comp="352" pin=0"/></net>

<net id="359"><net_src comp="20" pin="0"/><net_sink comp="356" pin=0"/></net>

<net id="363"><net_src comp="20" pin="0"/><net_sink comp="360" pin=0"/></net>

<net id="367"><net_src comp="20" pin="0"/><net_sink comp="364" pin=0"/></net>

<net id="371"><net_src comp="20" pin="0"/><net_sink comp="368" pin=0"/></net>

<net id="375"><net_src comp="20" pin="0"/><net_sink comp="372" pin=0"/></net>

<net id="381"><net_src comp="0" pin="0"/><net_sink comp="376" pin=0"/></net>

<net id="382"><net_src comp="116" pin="0"/><net_sink comp="376" pin=1"/></net>

<net id="393"><net_src comp="8" pin="0"/><net_sink comp="388" pin=0"/></net>

<net id="394"><net_src comp="116" pin="0"/><net_sink comp="388" pin=1"/></net>

<net id="400"><net_src comp="388" pin="3"/><net_sink comp="395" pin=0"/></net>

<net id="406"><net_src comp="0" pin="0"/><net_sink comp="401" pin=0"/></net>

<net id="407"><net_src comp="116" pin="0"/><net_sink comp="401" pin=1"/></net>

<net id="413"><net_src comp="0" pin="0"/><net_sink comp="408" pin=0"/></net>

<net id="414"><net_src comp="116" pin="0"/><net_sink comp="408" pin=1"/></net>

<net id="420"><net_src comp="16" pin="0"/><net_sink comp="415" pin=0"/></net>

<net id="421"><net_src comp="116" pin="0"/><net_sink comp="415" pin=1"/></net>

<net id="427"><net_src comp="415" pin="3"/><net_sink comp="422" pin=0"/></net>

<net id="433"><net_src comp="18" pin="0"/><net_sink comp="428" pin=0"/></net>

<net id="434"><net_src comp="116" pin="0"/><net_sink comp="428" pin=1"/></net>

<net id="440"><net_src comp="428" pin="3"/><net_sink comp="435" pin=0"/></net>

<net id="446"><net_src comp="4" pin="0"/><net_sink comp="441" pin=0"/></net>

<net id="447"><net_src comp="116" pin="0"/><net_sink comp="441" pin=1"/></net>

<net id="453"><net_src comp="441" pin="3"/><net_sink comp="448" pin=0"/></net>

<net id="457"><net_src comp="88" pin="0"/><net_sink comp="454" pin=0"/></net>

<net id="464"><net_src comp="454" pin="1"/><net_sink comp="458" pin=0"/></net>

<net id="474"><net_src comp="468" pin="4"/><net_sink comp="465" pin=0"/></net>

<net id="479"><net_src comp="82" pin="0"/><net_sink comp="475" pin=0"/></net>

<net id="480"><net_src comp="0" pin="0"/><net_sink comp="475" pin=1"/></net>

<net id="494"><net_src comp="102" pin="0"/><net_sink comp="481" pin=0"/></net>

<net id="495"><net_src comp="468" pin="4"/><net_sink comp="481" pin=1"/></net>

<net id="496"><net_src comp="2" pin="0"/><net_sink comp="481" pin=4"/></net>

<net id="497"><net_src comp="6" pin="0"/><net_sink comp="481" pin=10"/></net>

<net id="502"><net_src comp="150" pin="0"/><net_sink comp="498" pin=0"/></net>

<net id="503"><net_src comp="0" pin="0"/><net_sink comp="498" pin=1"/></net>

<net id="517"><net_src comp="160" pin="0"/><net_sink comp="504" pin=0"/></net>

<net id="518"><net_src comp="395" pin="3"/><net_sink comp="504" pin=1"/></net>

<net id="519"><net_src comp="0" pin="0"/><net_sink comp="504" pin=8"/></net>

<net id="520"><net_src comp="10" pin="0"/><net_sink comp="504" pin=10"/></net>

<net id="534"><net_src comp="184" pin="0"/><net_sink comp="521" pin=0"/></net>

<net id="535"><net_src comp="0" pin="0"/><net_sink comp="521" pin=8"/></net>

<net id="536"><net_src comp="12" pin="0"/><net_sink comp="521" pin=10"/></net>

<net id="548"><net_src comp="194" pin="0"/><net_sink comp="537" pin=0"/></net>

<net id="549"><net_src comp="0" pin="0"/><net_sink comp="537" pin=6"/></net>

<net id="550"><net_src comp="14" pin="0"/><net_sink comp="537" pin=8"/></net>

<net id="558"><net_src comp="26" pin="0"/><net_sink comp="554" pin=0"/></net>

<net id="563"><net_src comp="28" pin="0"/><net_sink comp="559" pin=0"/></net>

<net id="568"><net_src comp="30" pin="0"/><net_sink comp="564" pin=0"/></net>

<net id="573"><net_src comp="32" pin="0"/><net_sink comp="569" pin=0"/></net>

<net id="578"><net_src comp="32" pin="0"/><net_sink comp="574" pin=0"/></net>

<net id="591"><net_src comp="582" pin="1"/><net_sink comp="588" pin=0"/></net>

<net id="600"><net_src comp="34" pin="0"/><net_sink comp="592" pin=0"/></net>

<net id="601"><net_src comp="36" pin="0"/><net_sink comp="592" pin=1"/></net>

<net id="602"><net_src comp="38" pin="0"/><net_sink comp="592" pin=2"/></net>

<net id="603"><net_src comp="40" pin="0"/><net_sink comp="592" pin=3"/></net>

<net id="604"><net_src comp="42" pin="0"/><net_sink comp="592" pin=4"/></net>

<net id="605"><net_src comp="588" pin="1"/><net_sink comp="592" pin=5"/></net>

<net id="611"><net_src comp="44" pin="0"/><net_sink comp="606" pin=0"/></net>

<net id="612"><net_src comp="579" pin="1"/><net_sink comp="606" pin=1"/></net>

<net id="613"><net_src comp="46" pin="0"/><net_sink comp="606" pin=2"/></net>

<net id="617"><net_src comp="606" pin="3"/><net_sink comp="614" pin=0"/></net>

<net id="623"><net_src comp="48" pin="0"/><net_sink comp="618" pin=0"/></net>

<net id="624"><net_src comp="579" pin="1"/><net_sink comp="618" pin=1"/></net>

<net id="625"><net_src comp="32" pin="0"/><net_sink comp="618" pin=2"/></net>

<net id="629"><net_src comp="618" pin="3"/><net_sink comp="626" pin=0"/></net>

<net id="634"><net_src comp="614" pin="1"/><net_sink comp="630" pin=0"/></net>

<net id="635"><net_src comp="626" pin="1"/><net_sink comp="630" pin=1"/></net>

<net id="640"><net_src comp="585" pin="1"/><net_sink comp="636" pin=0"/></net>

<net id="641"><net_src comp="50" pin="0"/><net_sink comp="636" pin=1"/></net>

<net id="646"><net_src comp="585" pin="1"/><net_sink comp="642" pin=0"/></net>

<net id="647"><net_src comp="52" pin="0"/><net_sink comp="642" pin=1"/></net>

<net id="655"><net_src comp="582" pin="1"/><net_sink comp="651" pin=0"/></net>

<net id="656"><net_src comp="54" pin="0"/><net_sink comp="651" pin=1"/></net>

<net id="661"><net_src comp="551" pin="1"/><net_sink comp="657" pin=0"/></net>

<net id="662"><net_src comp="64" pin="0"/><net_sink comp="657" pin=1"/></net>

<net id="668"><net_src comp="657" pin="2"/><net_sink comp="663" pin=0"/></net>

<net id="669"><net_src comp="32" pin="0"/><net_sink comp="663" pin=1"/></net>

<net id="670"><net_src comp="579" pin="1"/><net_sink comp="663" pin=2"/></net>

<net id="676"><net_src comp="657" pin="2"/><net_sink comp="671" pin=0"/></net>

<net id="677"><net_src comp="651" pin="2"/><net_sink comp="671" pin=1"/></net>

<net id="678"><net_src comp="582" pin="1"/><net_sink comp="671" pin=2"/></net>

<net id="682"><net_src comp="671" pin="3"/><net_sink comp="679" pin=0"/></net>

<net id="686"><net_src comp="651" pin="2"/><net_sink comp="683" pin=0"/></net>

<net id="690"><net_src comp="671" pin="3"/><net_sink comp="687" pin=0"/></net>

<net id="696"><net_src comp="66" pin="0"/><net_sink comp="691" pin=0"/></net>

<net id="697"><net_src comp="687" pin="1"/><net_sink comp="691" pin=1"/></net>

<net id="698"><net_src comp="28" pin="0"/><net_sink comp="691" pin=2"/></net>

<net id="702"><net_src comp="691" pin="3"/><net_sink comp="699" pin=0"/></net>

<net id="711"><net_src comp="34" pin="0"/><net_sink comp="703" pin=0"/></net>

<net id="712"><net_src comp="36" pin="0"/><net_sink comp="703" pin=1"/></net>

<net id="713"><net_src comp="38" pin="0"/><net_sink comp="703" pin=2"/></net>

<net id="714"><net_src comp="40" pin="0"/><net_sink comp="703" pin=3"/></net>

<net id="715"><net_src comp="42" pin="0"/><net_sink comp="703" pin=4"/></net>

<net id="716"><net_src comp="683" pin="1"/><net_sink comp="703" pin=5"/></net>

<net id="722"><net_src comp="657" pin="2"/><net_sink comp="717" pin=0"/></net>

<net id="723"><net_src comp="703" pin="6"/><net_sink comp="717" pin=1"/></net>

<net id="724"><net_src comp="592" pin="6"/><net_sink comp="717" pin=2"/></net>

<net id="730"><net_src comp="657" pin="2"/><net_sink comp="725" pin=0"/></net>

<net id="731"><net_src comp="68" pin="0"/><net_sink comp="725" pin=1"/></net>

<net id="732"><net_src comp="630" pin="2"/><net_sink comp="725" pin=2"/></net>

<net id="737"><net_src comp="657" pin="2"/><net_sink comp="733" pin=0"/></net>

<net id="738"><net_src comp="70" pin="0"/><net_sink comp="733" pin=1"/></net>

<net id="743"><net_src comp="648" pin="1"/><net_sink comp="739" pin=0"/></net>

<net id="744"><net_src comp="72" pin="0"/><net_sink comp="739" pin=1"/></net>

<net id="749"><net_src comp="739" pin="2"/><net_sink comp="745" pin=0"/></net>

<net id="750"><net_src comp="733" pin="2"/><net_sink comp="745" pin=1"/></net>

<net id="755"><net_src comp="663" pin="3"/><net_sink comp="751" pin=0"/></net>

<net id="756"><net_src comp="74" pin="0"/><net_sink comp="751" pin=1"/></net>

<net id="761"><net_src comp="745" pin="2"/><net_sink comp="757" pin=0"/></net>

<net id="762"><net_src comp="657" pin="2"/><net_sink comp="757" pin=1"/></net>

<net id="768"><net_src comp="757" pin="2"/><net_sink comp="763" pin=0"/></net>

<net id="769"><net_src comp="32" pin="0"/><net_sink comp="763" pin=1"/></net>

<net id="770"><net_src comp="648" pin="1"/><net_sink comp="763" pin=2"/></net>

<net id="776"><net_src comp="44" pin="0"/><net_sink comp="771" pin=0"/></net>

<net id="777"><net_src comp="751" pin="2"/><net_sink comp="771" pin=1"/></net>

<net id="778"><net_src comp="46" pin="0"/><net_sink comp="771" pin=2"/></net>

<net id="782"><net_src comp="771" pin="3"/><net_sink comp="779" pin=0"/></net>

<net id="788"><net_src comp="48" pin="0"/><net_sink comp="783" pin=0"/></net>

<net id="789"><net_src comp="751" pin="2"/><net_sink comp="783" pin=1"/></net>

<net id="790"><net_src comp="32" pin="0"/><net_sink comp="783" pin=2"/></net>

<net id="794"><net_src comp="783" pin="3"/><net_sink comp="791" pin=0"/></net>

<net id="799"><net_src comp="779" pin="1"/><net_sink comp="795" pin=0"/></net>

<net id="800"><net_src comp="791" pin="1"/><net_sink comp="795" pin=1"/></net>

<net id="806"><net_src comp="745" pin="2"/><net_sink comp="801" pin=0"/></net>

<net id="807"><net_src comp="795" pin="2"/><net_sink comp="801" pin=1"/></net>

<net id="808"><net_src comp="725" pin="3"/><net_sink comp="801" pin=2"/></net>

<net id="814"><net_src comp="745" pin="2"/><net_sink comp="809" pin=0"/></net>

<net id="815"><net_src comp="751" pin="2"/><net_sink comp="809" pin=1"/></net>

<net id="816"><net_src comp="663" pin="3"/><net_sink comp="809" pin=2"/></net>

<net id="820"><net_src comp="763" pin="3"/><net_sink comp="817" pin=0"/></net>

<net id="825"><net_src comp="817" pin="1"/><net_sink comp="821" pin=0"/></net>

<net id="826"><net_src comp="80" pin="0"/><net_sink comp="821" pin=1"/></net>

<net id="831"><net_src comp="84" pin="0"/><net_sink comp="827" pin=0"/></net>

<net id="836"><net_src comp="86" pin="0"/><net_sink comp="832" pin=0"/></net>

<net id="841"><net_src comp="46" pin="0"/><net_sink comp="837" pin=0"/></net>

<net id="846"><net_src comp="86" pin="0"/><net_sink comp="842" pin=0"/></net>

<net id="851"><net_src comp="86" pin="0"/><net_sink comp="847" pin=0"/></net>

<net id="856"><net_src comp="458" pin="4"/><net_sink comp="852" pin=0"/></net>

<net id="857"><net_src comp="90" pin="0"/><net_sink comp="852" pin=1"/></net>

<net id="862"><net_src comp="458" pin="4"/><net_sink comp="858" pin=0"/></net>

<net id="863"><net_src comp="94" pin="0"/><net_sink comp="858" pin=1"/></net>

<net id="867"><net_src comp="458" pin="4"/><net_sink comp="864" pin=0"/></net>

<net id="872"><net_src comp="864" pin="1"/><net_sink comp="868" pin=0"/></net>

<net id="876"><net_src comp="868" pin="2"/><net_sink comp="873" pin=0"/></net>

<net id="881"><net_src comp="873" pin="1"/><net_sink comp="877" pin=0"/></net>

<net id="882"><net_src comp="80" pin="0"/><net_sink comp="877" pin=1"/></net>

<net id="886"><net_src comp="877" pin="2"/><net_sink comp="883" pin=0"/></net>

<net id="892"><net_src comp="48" pin="0"/><net_sink comp="887" pin=0"/></net>

<net id="893"><net_src comp="883" pin="1"/><net_sink comp="887" pin=1"/></net>

<net id="894"><net_src comp="32" pin="0"/><net_sink comp="887" pin=2"/></net>

<net id="900"><net_src comp="96" pin="0"/><net_sink comp="895" pin=0"/></net>

<net id="901"><net_src comp="877" pin="2"/><net_sink comp="895" pin=1"/></net>

<net id="902"><net_src comp="88" pin="0"/><net_sink comp="895" pin=2"/></net>

<net id="906"><net_src comp="895" pin="3"/><net_sink comp="903" pin=0"/></net>

<net id="911"><net_src comp="887" pin="3"/><net_sink comp="907" pin=0"/></net>

<net id="912"><net_src comp="903" pin="1"/><net_sink comp="907" pin=1"/></net>

<net id="913"><net_src comp="907" pin="2"/><net_sink comp="481" pin=3"/></net>

<net id="919"><net_src comp="98" pin="0"/><net_sink comp="914" pin=0"/></net>

<net id="920"><net_src comp="458" pin="4"/><net_sink comp="914" pin=1"/></net>

<net id="921"><net_src comp="88" pin="0"/><net_sink comp="914" pin=2"/></net>

<net id="925"><net_src comp="914" pin="3"/><net_sink comp="922" pin=0"/></net>

<net id="930"><net_src comp="922" pin="1"/><net_sink comp="926" pin=0"/></net>

<net id="931"><net_src comp="864" pin="1"/><net_sink comp="926" pin=1"/></net>

<net id="936"><net_src comp="926" pin="2"/><net_sink comp="932" pin=1"/></net>

<net id="940"><net_src comp="932" pin="2"/><net_sink comp="937" pin=0"/></net>

<net id="945"><net_src comp="937" pin="1"/><net_sink comp="941" pin=0"/></net>

<net id="946"><net_src comp="941" pin="2"/><net_sink comp="481" pin=6"/></net>

<net id="951"><net_src comp="868" pin="2"/><net_sink comp="947" pin=0"/></net>

<net id="952"><net_src comp="32" pin="0"/><net_sink comp="947" pin=1"/></net>

<net id="957"><net_src comp="877" pin="2"/><net_sink comp="953" pin=0"/></net>

<net id="958"><net_src comp="100" pin="0"/><net_sink comp="953" pin=1"/></net>

<net id="963"><net_src comp="953" pin="2"/><net_sink comp="959" pin=0"/></net>

<net id="964"><net_src comp="947" pin="2"/><net_sink comp="959" pin=1"/></net>

<net id="965"><net_src comp="959" pin="2"/><net_sink comp="481" pin=5"/></net>

<net id="969"><net_src comp="468" pin="4"/><net_sink comp="966" pin=0"/></net>

<net id="974"><net_src comp="468" pin="4"/><net_sink comp="970" pin=0"/></net>

<net id="975"><net_src comp="104" pin="0"/><net_sink comp="970" pin=1"/></net>

<net id="981"><net_src comp="970" pin="2"/><net_sink comp="976" pin=0"/></net>

<net id="982"><net_src comp="966" pin="1"/><net_sink comp="976" pin=1"/></net>

<net id="983"><net_src comp="106" pin="0"/><net_sink comp="976" pin=2"/></net>

<net id="987"><net_src comp="976" pin="3"/><net_sink comp="984" pin=0"/></net>

<net id="988"><net_src comp="984" pin="1"/><net_sink comp="383" pin=1"/></net>

<net id="995"><net_src comp="108" pin="0"/><net_sink comp="989" pin=0"/></net>

<net id="996"><net_src comp="110" pin="0"/><net_sink comp="989" pin=3"/></net>

<net id="1000"><net_src comp="989" pin="4"/><net_sink comp="997" pin=0"/></net>

<net id="1005"><net_src comp="997" pin="1"/><net_sink comp="1001" pin=0"/></net>

<net id="1012"><net_src comp="112" pin="0"/><net_sink comp="1006" pin=0"/></net>

<net id="1013"><net_src comp="1001" pin="2"/><net_sink comp="1006" pin=1"/></net>

<net id="1014"><net_src comp="20" pin="0"/><net_sink comp="1006" pin=2"/></net>

<net id="1015"><net_src comp="114" pin="0"/><net_sink comp="1006" pin=3"/></net>

<net id="1019"><net_src comp="1006" pin="4"/><net_sink comp="1016" pin=0"/></net>

<net id="1023"><net_src comp="1016" pin="1"/><net_sink comp="1020" pin=0"/></net>

<net id="1024"><net_src comp="1020" pin="1"/><net_sink comp="376" pin=2"/></net>

<net id="1029"><net_src comp="74" pin="0"/><net_sink comp="1025" pin=1"/></net>

<net id="1034"><net_src comp="551" pin="1"/><net_sink comp="1030" pin=0"/></net>

<net id="1035"><net_src comp="120" pin="0"/><net_sink comp="1030" pin=1"/></net>

<net id="1041"><net_src comp="120" pin="0"/><net_sink comp="1036" pin=1"/></net>

<net id="1042"><net_src comp="1030" pin="2"/><net_sink comp="1036" pin=2"/></net>

<net id="1055"><net_src comp="1036" pin="3"/><net_sink comp="1051" pin=0"/></net>

<net id="1064"><net_src comp="1025" pin="2"/><net_sink comp="1060" pin=0"/></net>

<net id="1076"><net_src comp="1065" pin="1"/><net_sink comp="1071" pin=1"/></net>

<net id="1077"><net_src comp="1068" pin="1"/><net_sink comp="1071" pin=2"/></net>

<net id="1090"><net_src comp="1081" pin="1"/><net_sink comp="1087" pin=0"/></net>

<net id="1097"><net_src comp="124" pin="0"/><net_sink comp="1091" pin=0"/></net>

<net id="1098"><net_src comp="1087" pin="1"/><net_sink comp="1091" pin=1"/></net>

<net id="1099"><net_src comp="1087" pin="1"/><net_sink comp="1091" pin=2"/></net>

<net id="1100"><net_src comp="88" pin="0"/><net_sink comp="1091" pin=3"/></net>

<net id="1106"><net_src comp="126" pin="0"/><net_sink comp="1101" pin=0"/></net>

<net id="1107"><net_src comp="1078" pin="1"/><net_sink comp="1101" pin=1"/></net>

<net id="1108"><net_src comp="46" pin="0"/><net_sink comp="1101" pin=2"/></net>

<net id="1112"><net_src comp="1101" pin="3"/><net_sink comp="1109" pin=0"/></net>

<net id="1118"><net_src comp="128" pin="0"/><net_sink comp="1113" pin=0"/></net>

<net id="1119"><net_src comp="1078" pin="1"/><net_sink comp="1113" pin=1"/></net>

<net id="1120"><net_src comp="32" pin="0"/><net_sink comp="1113" pin=2"/></net>

<net id="1124"><net_src comp="1113" pin="3"/><net_sink comp="1121" pin=0"/></net>

<net id="1129"><net_src comp="1109" pin="1"/><net_sink comp="1125" pin=0"/></net>

<net id="1130"><net_src comp="1121" pin="1"/><net_sink comp="1125" pin=1"/></net>

<net id="1135"><net_src comp="1084" pin="1"/><net_sink comp="1131" pin=0"/></net>

<net id="1136"><net_src comp="130" pin="0"/><net_sink comp="1131" pin=1"/></net>

<net id="1141"><net_src comp="1084" pin="1"/><net_sink comp="1137" pin=0"/></net>

<net id="1142"><net_src comp="132" pin="0"/><net_sink comp="1137" pin=1"/></net>

<net id="1153"><net_src comp="1081" pin="1"/><net_sink comp="1149" pin=0"/></net>

<net id="1154"><net_src comp="134" pin="0"/><net_sink comp="1149" pin=1"/></net>

<net id="1159"><net_src comp="1146" pin="1"/><net_sink comp="1155" pin=0"/></net>

<net id="1160"><net_src comp="136" pin="0"/><net_sink comp="1155" pin=1"/></net>

<net id="1166"><net_src comp="1155" pin="2"/><net_sink comp="1161" pin=0"/></net>

<net id="1167"><net_src comp="86" pin="0"/><net_sink comp="1161" pin=1"/></net>

<net id="1168"><net_src comp="1078" pin="1"/><net_sink comp="1161" pin=2"/></net>

<net id="1172"><net_src comp="1149" pin="2"/><net_sink comp="1169" pin=0"/></net>

<net id="1179"><net_src comp="124" pin="0"/><net_sink comp="1173" pin=0"/></net>

<net id="1180"><net_src comp="1169" pin="1"/><net_sink comp="1173" pin=1"/></net>

<net id="1181"><net_src comp="1169" pin="1"/><net_sink comp="1173" pin=2"/></net>

<net id="1182"><net_src comp="88" pin="0"/><net_sink comp="1173" pin=3"/></net>

<net id="1188"><net_src comp="1155" pin="2"/><net_sink comp="1183" pin=0"/></net>

<net id="1189"><net_src comp="1173" pin="4"/><net_sink comp="1183" pin=1"/></net>

<net id="1190"><net_src comp="1091" pin="4"/><net_sink comp="1183" pin=2"/></net>

<net id="1196"><net_src comp="1155" pin="2"/><net_sink comp="1191" pin=0"/></net>

<net id="1197"><net_src comp="1149" pin="2"/><net_sink comp="1191" pin=1"/></net>

<net id="1198"><net_src comp="1081" pin="1"/><net_sink comp="1191" pin=2"/></net>

<net id="1202"><net_src comp="1191" pin="3"/><net_sink comp="1199" pin=0"/></net>

<net id="1203"><net_src comp="1199" pin="1"/><net_sink comp="388" pin=2"/></net>

<net id="1207"><net_src comp="1191" pin="3"/><net_sink comp="1204" pin=0"/></net>

<net id="1213"><net_src comp="1155" pin="2"/><net_sink comp="1208" pin=0"/></net>

<net id="1214"><net_src comp="138" pin="0"/><net_sink comp="1208" pin=1"/></net>

<net id="1215"><net_src comp="1125" pin="2"/><net_sink comp="1208" pin=2"/></net>

<net id="1220"><net_src comp="1155" pin="2"/><net_sink comp="1216" pin=0"/></net>

<net id="1221"><net_src comp="70" pin="0"/><net_sink comp="1216" pin=1"/></net>

<net id="1226"><net_src comp="1143" pin="1"/><net_sink comp="1222" pin=0"/></net>

<net id="1227"><net_src comp="140" pin="0"/><net_sink comp="1222" pin=1"/></net>

<net id="1232"><net_src comp="1222" pin="2"/><net_sink comp="1228" pin=0"/></net>

<net id="1233"><net_src comp="1216" pin="2"/><net_sink comp="1228" pin=1"/></net>

<net id="1238"><net_src comp="1161" pin="3"/><net_sink comp="1234" pin=0"/></net>

<net id="1239"><net_src comp="134" pin="0"/><net_sink comp="1234" pin=1"/></net>

<net id="1244"><net_src comp="1228" pin="2"/><net_sink comp="1240" pin=0"/></net>

<net id="1245"><net_src comp="1155" pin="2"/><net_sink comp="1240" pin=1"/></net>

<net id="1251"><net_src comp="1240" pin="2"/><net_sink comp="1246" pin=0"/></net>

<net id="1252"><net_src comp="86" pin="0"/><net_sink comp="1246" pin=1"/></net>

<net id="1253"><net_src comp="1143" pin="1"/><net_sink comp="1246" pin=2"/></net>

<net id="1259"><net_src comp="126" pin="0"/><net_sink comp="1254" pin=0"/></net>

<net id="1260"><net_src comp="1234" pin="2"/><net_sink comp="1254" pin=1"/></net>

<net id="1261"><net_src comp="46" pin="0"/><net_sink comp="1254" pin=2"/></net>

<net id="1265"><net_src comp="1254" pin="3"/><net_sink comp="1262" pin=0"/></net>

<net id="1271"><net_src comp="128" pin="0"/><net_sink comp="1266" pin=0"/></net>

<net id="1272"><net_src comp="1234" pin="2"/><net_sink comp="1266" pin=1"/></net>

<net id="1273"><net_src comp="32" pin="0"/><net_sink comp="1266" pin=2"/></net>

<net id="1277"><net_src comp="1266" pin="3"/><net_sink comp="1274" pin=0"/></net>

<net id="1282"><net_src comp="1262" pin="1"/><net_sink comp="1278" pin=0"/></net>

<net id="1283"><net_src comp="1274" pin="1"/><net_sink comp="1278" pin=1"/></net>

<net id="1289"><net_src comp="1228" pin="2"/><net_sink comp="1284" pin=0"/></net>

<net id="1290"><net_src comp="1278" pin="2"/><net_sink comp="1284" pin=1"/></net>

<net id="1291"><net_src comp="1208" pin="3"/><net_sink comp="1284" pin=2"/></net>

<net id="1297"><net_src comp="1228" pin="2"/><net_sink comp="1292" pin=0"/></net>

<net id="1298"><net_src comp="1234" pin="2"/><net_sink comp="1292" pin=1"/></net>

<net id="1299"><net_src comp="1161" pin="3"/><net_sink comp="1292" pin=2"/></net>

<net id="1306"><net_src comp="142" pin="0"/><net_sink comp="1300" pin=0"/></net>

<net id="1307"><net_src comp="1246" pin="3"/><net_sink comp="1300" pin=1"/></net>

<net id="1308"><net_src comp="1204" pin="1"/><net_sink comp="1300" pin=2"/></net>

<net id="1309"><net_src comp="110" pin="0"/><net_sink comp="1300" pin=3"/></net>

<net id="1313"><net_src comp="1300" pin="4"/><net_sink comp="1310" pin=0"/></net>

<net id="1318"><net_src comp="1310" pin="1"/><net_sink comp="1314" pin=0"/></net>

<net id="1319"><net_src comp="1284" pin="3"/><net_sink comp="1314" pin=1"/></net>

<net id="1326"><net_src comp="144" pin="0"/><net_sink comp="1320" pin=0"/></net>

<net id="1327"><net_src comp="1314" pin="2"/><net_sink comp="1320" pin=1"/></net>

<net id="1328"><net_src comp="20" pin="0"/><net_sink comp="1320" pin=2"/></net>

<net id="1329"><net_src comp="146" pin="0"/><net_sink comp="1320" pin=3"/></net>

<net id="1334"><net_src comp="1246" pin="3"/><net_sink comp="1330" pin=0"/></net>

<net id="1335"><net_src comp="134" pin="0"/><net_sink comp="1330" pin=1"/></net>

<net id="1340"><net_src comp="1146" pin="1"/><net_sink comp="1336" pin=0"/></net>

<net id="1341"><net_src comp="148" pin="0"/><net_sink comp="1336" pin=1"/></net>

<net id="1347"><net_src comp="1155" pin="2"/><net_sink comp="1342" pin=0"/></net>

<net id="1348"><net_src comp="148" pin="0"/><net_sink comp="1342" pin=1"/></net>

<net id="1349"><net_src comp="1336" pin="2"/><net_sink comp="1342" pin=2"/></net>

<net id="1354"><net_src comp="1137" pin="2"/><net_sink comp="1350" pin=0"/></net>

<net id="1359"><net_src comp="1191" pin="3"/><net_sink comp="1355" pin=0"/></net>

<net id="1364"><net_src comp="1342" pin="3"/><net_sink comp="1360" pin=0"/></net>

<net id="1369"><net_src comp="1292" pin="3"/><net_sink comp="1365" pin=0"/></net>

<net id="1374"><net_src comp="1330" pin="2"/><net_sink comp="1370" pin=0"/></net>

<net id="1379"><net_src comp="26" pin="0"/><net_sink comp="1375" pin=0"/></net>

<net id="1384"><net_src comp="28" pin="0"/><net_sink comp="1380" pin=0"/></net>

<net id="1389"><net_src comp="30" pin="0"/><net_sink comp="1385" pin=0"/></net>

<net id="1394"><net_src comp="32" pin="0"/><net_sink comp="1390" pin=0"/></net>

<net id="1399"><net_src comp="32" pin="0"/><net_sink comp="1395" pin=0"/></net>

<net id="1407"><net_src comp="1400" pin="1"/><net_sink comp="1403" pin=0"/></net>

<net id="1408"><net_src comp="152" pin="0"/><net_sink comp="1403" pin=1"/></net>

<net id="1413"><net_src comp="86" pin="0"/><net_sink comp="1409" pin=1"/></net>

<net id="1414"><net_src comp="1409" pin="2"/><net_sink comp="504" pin=5"/></net>

<net id="1419"><net_src comp="1403" pin="2"/><net_sink comp="1415" pin=0"/></net>

<net id="1420"><net_src comp="154" pin="0"/><net_sink comp="1415" pin=1"/></net>

<net id="1421"><net_src comp="1415" pin="2"/><net_sink comp="504" pin=6"/></net>

<net id="1427"><net_src comp="156" pin="0"/><net_sink comp="1422" pin=0"/></net>

<net id="1428"><net_src comp="1403" pin="2"/><net_sink comp="1422" pin=1"/></net>

<net id="1429"><net_src comp="28" pin="0"/><net_sink comp="1422" pin=2"/></net>

<net id="1433"><net_src comp="1422" pin="3"/><net_sink comp="1430" pin=0"/></net>

<net id="1438"><net_src comp="1430" pin="1"/><net_sink comp="1434" pin=0"/></net>

<net id="1439"><net_src comp="158" pin="0"/><net_sink comp="1434" pin=1"/></net>

<net id="1440"><net_src comp="1434" pin="2"/><net_sink comp="504" pin=7"/></net>

<net id="1447"><net_src comp="1441" pin="1"/><net_sink comp="1444" pin=0"/></net>

<net id="1452"><net_src comp="1441" pin="1"/><net_sink comp="1448" pin=0"/></net>

<net id="1453"><net_src comp="104" pin="0"/><net_sink comp="1448" pin=1"/></net>

<net id="1459"><net_src comp="1448" pin="2"/><net_sink comp="1454" pin=0"/></net>

<net id="1460"><net_src comp="1444" pin="1"/><net_sink comp="1454" pin=1"/></net>

<net id="1461"><net_src comp="106" pin="0"/><net_sink comp="1454" pin=2"/></net>

<net id="1465"><net_src comp="1454" pin="3"/><net_sink comp="1462" pin=0"/></net>

<net id="1466"><net_src comp="1462" pin="1"/><net_sink comp="383" pin=1"/></net>

<net id="1473"><net_src comp="1467" pin="1"/><net_sink comp="1470" pin=0"/></net>

<net id="1474"><net_src comp="1470" pin="1"/><net_sink comp="401" pin=2"/></net>

<net id="1487"><net_src comp="1478" pin="1"/><net_sink comp="1484" pin=0"/></net>

<net id="1495"><net_src comp="170" pin="0"/><net_sink comp="1488" pin=0"/></net>

<net id="1496"><net_src comp="1484" pin="1"/><net_sink comp="1488" pin=1"/></net>

<net id="1497"><net_src comp="110" pin="0"/><net_sink comp="1488" pin=2"/></net>

<net id="1498"><net_src comp="1484" pin="1"/><net_sink comp="1488" pin=3"/></net>

<net id="1499"><net_src comp="28" pin="0"/><net_sink comp="1488" pin=4"/></net>

<net id="1508"><net_src comp="34" pin="0"/><net_sink comp="1500" pin=0"/></net>

<net id="1509"><net_src comp="172" pin="0"/><net_sink comp="1500" pin=1"/></net>

<net id="1510"><net_src comp="174" pin="0"/><net_sink comp="1500" pin=2"/></net>

<net id="1511"><net_src comp="176" pin="0"/><net_sink comp="1500" pin=3"/></net>

<net id="1512"><net_src comp="178" pin="0"/><net_sink comp="1500" pin=4"/></net>

<net id="1513"><net_src comp="1484" pin="1"/><net_sink comp="1500" pin=5"/></net>

<net id="1519"><net_src comp="44" pin="0"/><net_sink comp="1514" pin=0"/></net>

<net id="1520"><net_src comp="1475" pin="1"/><net_sink comp="1514" pin=1"/></net>

<net id="1521"><net_src comp="46" pin="0"/><net_sink comp="1514" pin=2"/></net>

<net id="1525"><net_src comp="1514" pin="3"/><net_sink comp="1522" pin=0"/></net>

<net id="1531"><net_src comp="48" pin="0"/><net_sink comp="1526" pin=0"/></net>

<net id="1532"><net_src comp="1475" pin="1"/><net_sink comp="1526" pin=1"/></net>

<net id="1533"><net_src comp="32" pin="0"/><net_sink comp="1526" pin=2"/></net>

<net id="1537"><net_src comp="1526" pin="3"/><net_sink comp="1534" pin=0"/></net>

<net id="1542"><net_src comp="1522" pin="1"/><net_sink comp="1538" pin=0"/></net>

<net id="1543"><net_src comp="1534" pin="1"/><net_sink comp="1538" pin=1"/></net>

<net id="1548"><net_src comp="1481" pin="1"/><net_sink comp="1544" pin=0"/></net>

<net id="1549"><net_src comp="50" pin="0"/><net_sink comp="1544" pin=1"/></net>

<net id="1554"><net_src comp="1481" pin="1"/><net_sink comp="1550" pin=0"/></net>

<net id="1555"><net_src comp="52" pin="0"/><net_sink comp="1550" pin=1"/></net>

<net id="1566"><net_src comp="1478" pin="1"/><net_sink comp="1562" pin=0"/></net>

<net id="1567"><net_src comp="54" pin="0"/><net_sink comp="1562" pin=1"/></net>

<net id="1572"><net_src comp="1559" pin="1"/><net_sink comp="1568" pin=0"/></net>

<net id="1573"><net_src comp="64" pin="0"/><net_sink comp="1568" pin=1"/></net>

<net id="1579"><net_src comp="1568" pin="2"/><net_sink comp="1574" pin=0"/></net>

<net id="1580"><net_src comp="32" pin="0"/><net_sink comp="1574" pin=1"/></net>

<net id="1581"><net_src comp="1475" pin="1"/><net_sink comp="1574" pin=2"/></net>

<net id="1585"><net_src comp="1562" pin="2"/><net_sink comp="1582" pin=0"/></net>

<net id="1593"><net_src comp="170" pin="0"/><net_sink comp="1586" pin=0"/></net>

<net id="1594"><net_src comp="1582" pin="1"/><net_sink comp="1586" pin=1"/></net>

<net id="1595"><net_src comp="110" pin="0"/><net_sink comp="1586" pin=2"/></net>

<net id="1596"><net_src comp="1582" pin="1"/><net_sink comp="1586" pin=3"/></net>

<net id="1597"><net_src comp="28" pin="0"/><net_sink comp="1586" pin=4"/></net>

<net id="1603"><net_src comp="1568" pin="2"/><net_sink comp="1598" pin=0"/></net>

<net id="1604"><net_src comp="1586" pin="5"/><net_sink comp="1598" pin=1"/></net>

<net id="1605"><net_src comp="1488" pin="5"/><net_sink comp="1598" pin=2"/></net>

<net id="1614"><net_src comp="34" pin="0"/><net_sink comp="1606" pin=0"/></net>

<net id="1615"><net_src comp="172" pin="0"/><net_sink comp="1606" pin=1"/></net>

<net id="1616"><net_src comp="174" pin="0"/><net_sink comp="1606" pin=2"/></net>

<net id="1617"><net_src comp="176" pin="0"/><net_sink comp="1606" pin=3"/></net>

<net id="1618"><net_src comp="178" pin="0"/><net_sink comp="1606" pin=4"/></net>

<net id="1619"><net_src comp="1582" pin="1"/><net_sink comp="1606" pin=5"/></net>

<net id="1625"><net_src comp="1568" pin="2"/><net_sink comp="1620" pin=0"/></net>

<net id="1626"><net_src comp="1606" pin="6"/><net_sink comp="1620" pin=1"/></net>

<net id="1627"><net_src comp="1500" pin="6"/><net_sink comp="1620" pin=2"/></net>

<net id="1633"><net_src comp="1568" pin="2"/><net_sink comp="1628" pin=0"/></net>

<net id="1634"><net_src comp="1562" pin="2"/><net_sink comp="1628" pin=1"/></net>

<net id="1635"><net_src comp="1478" pin="1"/><net_sink comp="1628" pin=2"/></net>

<net id="1639"><net_src comp="1628" pin="3"/><net_sink comp="1636" pin=0"/></net>

<net id="1645"><net_src comp="1568" pin="2"/><net_sink comp="1640" pin=0"/></net>

<net id="1646"><net_src comp="68" pin="0"/><net_sink comp="1640" pin=1"/></net>

<net id="1647"><net_src comp="1538" pin="2"/><net_sink comp="1640" pin=2"/></net>

<net id="1652"><net_src comp="1568" pin="2"/><net_sink comp="1648" pin=0"/></net>

<net id="1653"><net_src comp="70" pin="0"/><net_sink comp="1648" pin=1"/></net>

<net id="1658"><net_src comp="1556" pin="1"/><net_sink comp="1654" pin=0"/></net>

<net id="1659"><net_src comp="72" pin="0"/><net_sink comp="1654" pin=1"/></net>

<net id="1664"><net_src comp="1654" pin="2"/><net_sink comp="1660" pin=0"/></net>

<net id="1665"><net_src comp="1648" pin="2"/><net_sink comp="1660" pin=1"/></net>

<net id="1670"><net_src comp="1574" pin="3"/><net_sink comp="1666" pin=0"/></net>

<net id="1671"><net_src comp="74" pin="0"/><net_sink comp="1666" pin=1"/></net>

<net id="1676"><net_src comp="1660" pin="2"/><net_sink comp="1672" pin=0"/></net>

<net id="1677"><net_src comp="1568" pin="2"/><net_sink comp="1672" pin=1"/></net>

<net id="1683"><net_src comp="1672" pin="2"/><net_sink comp="1678" pin=0"/></net>

<net id="1684"><net_src comp="32" pin="0"/><net_sink comp="1678" pin=1"/></net>

<net id="1685"><net_src comp="1556" pin="1"/><net_sink comp="1678" pin=2"/></net>

<net id="1691"><net_src comp="44" pin="0"/><net_sink comp="1686" pin=0"/></net>

<net id="1692"><net_src comp="1666" pin="2"/><net_sink comp="1686" pin=1"/></net>

<net id="1693"><net_src comp="46" pin="0"/><net_sink comp="1686" pin=2"/></net>

<net id="1697"><net_src comp="1686" pin="3"/><net_sink comp="1694" pin=0"/></net>

<net id="1703"><net_src comp="48" pin="0"/><net_sink comp="1698" pin=0"/></net>

<net id="1704"><net_src comp="1666" pin="2"/><net_sink comp="1698" pin=1"/></net>

<net id="1705"><net_src comp="32" pin="0"/><net_sink comp="1698" pin=2"/></net>

<net id="1709"><net_src comp="1698" pin="3"/><net_sink comp="1706" pin=0"/></net>

<net id="1714"><net_src comp="1694" pin="1"/><net_sink comp="1710" pin=0"/></net>

<net id="1715"><net_src comp="1706" pin="1"/><net_sink comp="1710" pin=1"/></net>

<net id="1721"><net_src comp="1660" pin="2"/><net_sink comp="1716" pin=0"/></net>

<net id="1722"><net_src comp="1710" pin="2"/><net_sink comp="1716" pin=1"/></net>

<net id="1723"><net_src comp="1640" pin="3"/><net_sink comp="1716" pin=2"/></net>

<net id="1729"><net_src comp="1660" pin="2"/><net_sink comp="1724" pin=0"/></net>

<net id="1730"><net_src comp="1666" pin="2"/><net_sink comp="1724" pin=1"/></net>

<net id="1731"><net_src comp="1574" pin="3"/><net_sink comp="1724" pin=2"/></net>

<net id="1738"><net_src comp="108" pin="0"/><net_sink comp="1732" pin=0"/></net>

<net id="1739"><net_src comp="1678" pin="3"/><net_sink comp="1732" pin=1"/></net>

<net id="1740"><net_src comp="1636" pin="1"/><net_sink comp="1732" pin=2"/></net>

<net id="1741"><net_src comp="110" pin="0"/><net_sink comp="1732" pin=3"/></net>

<net id="1745"><net_src comp="1732" pin="4"/><net_sink comp="1742" pin=0"/></net>

<net id="1750"><net_src comp="1742" pin="1"/><net_sink comp="1746" pin=0"/></net>

<net id="1751"><net_src comp="1716" pin="3"/><net_sink comp="1746" pin=1"/></net>

<net id="1758"><net_src comp="112" pin="0"/><net_sink comp="1752" pin=0"/></net>

<net id="1759"><net_src comp="1746" pin="2"/><net_sink comp="1752" pin=1"/></net>

<net id="1760"><net_src comp="20" pin="0"/><net_sink comp="1752" pin=2"/></net>

<net id="1761"><net_src comp="114" pin="0"/><net_sink comp="1752" pin=3"/></net>

<net id="1766"><net_src comp="1678" pin="3"/><net_sink comp="1762" pin=0"/></net>

<net id="1767"><net_src comp="74" pin="0"/><net_sink comp="1762" pin=1"/></net>

<net id="1772"><net_src comp="1559" pin="1"/><net_sink comp="1768" pin=0"/></net>

<net id="1773"><net_src comp="120" pin="0"/><net_sink comp="1768" pin=1"/></net>

<net id="1779"><net_src comp="1568" pin="2"/><net_sink comp="1774" pin=0"/></net>

<net id="1780"><net_src comp="120" pin="0"/><net_sink comp="1774" pin=1"/></net>

<net id="1781"><net_src comp="1768" pin="2"/><net_sink comp="1774" pin=2"/></net>

<net id="1786"><net_src comp="1550" pin="2"/><net_sink comp="1782" pin=0"/></net>

<net id="1791"><net_src comp="1628" pin="3"/><net_sink comp="1787" pin=0"/></net>

<net id="1796"><net_src comp="1774" pin="3"/><net_sink comp="1792" pin=0"/></net>

<net id="1801"><net_src comp="1724" pin="3"/><net_sink comp="1797" pin=0"/></net>

<net id="1806"><net_src comp="1762" pin="2"/><net_sink comp="1802" pin=0"/></net>

<net id="1811"><net_src comp="30" pin="0"/><net_sink comp="1807" pin=0"/></net>

<net id="1816"><net_src comp="32" pin="0"/><net_sink comp="1812" pin=0"/></net>

<net id="1821"><net_src comp="32" pin="0"/><net_sink comp="1817" pin=0"/></net>

<net id="1829"><net_src comp="1822" pin="1"/><net_sink comp="1825" pin=0"/></net>

<net id="1830"><net_src comp="80" pin="0"/><net_sink comp="1825" pin=1"/></net>

<net id="1835"><net_src comp="32" pin="0"/><net_sink comp="1831" pin=1"/></net>

<net id="1836"><net_src comp="1831" pin="2"/><net_sink comp="521" pin=5"/></net>

<net id="1841"><net_src comp="1825" pin="2"/><net_sink comp="1837" pin=0"/></net>

<net id="1842"><net_src comp="180" pin="0"/><net_sink comp="1837" pin=1"/></net>

<net id="1843"><net_src comp="1837" pin="2"/><net_sink comp="521" pin=6"/></net>

<net id="1849"><net_src comp="182" pin="0"/><net_sink comp="1844" pin=0"/></net>

<net id="1850"><net_src comp="1825" pin="2"/><net_sink comp="1844" pin=1"/></net>

<net id="1851"><net_src comp="86" pin="0"/><net_sink comp="1844" pin=2"/></net>

<net id="1855"><net_src comp="1844" pin="3"/><net_sink comp="1852" pin=0"/></net>

<net id="1860"><net_src comp="1852" pin="1"/><net_sink comp="1856" pin=0"/></net>

<net id="1861"><net_src comp="158" pin="0"/><net_sink comp="1856" pin=1"/></net>

<net id="1862"><net_src comp="1856" pin="2"/><net_sink comp="521" pin=7"/></net>

<net id="1869"><net_src comp="1863" pin="1"/><net_sink comp="1866" pin=0"/></net>

<net id="1874"><net_src comp="1863" pin="1"/><net_sink comp="1870" pin=0"/></net>

<net id="1875"><net_src comp="104" pin="0"/><net_sink comp="1870" pin=1"/></net>

<net id="1881"><net_src comp="1870" pin="2"/><net_sink comp="1876" pin=0"/></net>

<net id="1882"><net_src comp="1866" pin="1"/><net_sink comp="1876" pin=1"/></net>

<net id="1883"><net_src comp="106" pin="0"/><net_sink comp="1876" pin=2"/></net>

<net id="1887"><net_src comp="1876" pin="3"/><net_sink comp="1884" pin=0"/></net>

<net id="1888"><net_src comp="1884" pin="1"/><net_sink comp="383" pin=1"/></net>

<net id="1895"><net_src comp="1889" pin="1"/><net_sink comp="1892" pin=0"/></net>

<net id="1896"><net_src comp="1892" pin="1"/><net_sink comp="408" pin=2"/></net>

<net id="1904"><net_src comp="1897" pin="1"/><net_sink comp="1900" pin=0"/></net>

<net id="1905"><net_src comp="64" pin="0"/><net_sink comp="1900" pin=1"/></net>

<net id="1910"><net_src comp="1897" pin="1"/><net_sink comp="1906" pin=0"/></net>

<net id="1911"><net_src comp="120" pin="0"/><net_sink comp="1906" pin=1"/></net>

<net id="1919"><net_src comp="1912" pin="1"/><net_sink comp="1915" pin=0"/></net>

<net id="1920"><net_src comp="72" pin="0"/><net_sink comp="1915" pin=1"/></net>

<net id="1926"><net_src comp="1915" pin="2"/><net_sink comp="1921" pin=0"/></net>

<net id="1927"><net_src comp="32" pin="0"/><net_sink comp="1921" pin=1"/></net>

<net id="1928"><net_src comp="1912" pin="1"/><net_sink comp="1921" pin=2"/></net>

<net id="1933"><net_src comp="1921" pin="3"/><net_sink comp="1929" pin=0"/></net>

<net id="1934"><net_src comp="74" pin="0"/><net_sink comp="1929" pin=1"/></net>

<net id="1939"><net_src comp="1906" pin="2"/><net_sink comp="1935" pin=0"/></net>

<net id="1944"><net_src comp="1929" pin="2"/><net_sink comp="1940" pin=0"/></net>

<net id="1952"><net_src comp="1945" pin="1"/><net_sink comp="1948" pin=0"/></net>

<net id="1953"><net_src comp="74" pin="0"/><net_sink comp="1948" pin=1"/></net>

<net id="1959"><net_src comp="1948" pin="2"/><net_sink comp="1954" pin=1"/></net>

<net id="1960"><net_src comp="1945" pin="1"/><net_sink comp="1954" pin=2"/></net>

<net id="1961"><net_src comp="1954" pin="3"/><net_sink comp="537" pin=1"/></net>

<net id="1969"><net_src comp="1962" pin="1"/><net_sink comp="1965" pin=0"/></net>

<net id="1970"><net_src comp="80" pin="0"/><net_sink comp="1965" pin=1"/></net>

<net id="1975"><net_src comp="32" pin="0"/><net_sink comp="1971" pin=1"/></net>

<net id="1976"><net_src comp="1971" pin="2"/><net_sink comp="537" pin=3"/></net>

<net id="1981"><net_src comp="1965" pin="2"/><net_sink comp="1977" pin=0"/></net>

<net id="1982"><net_src comp="180" pin="0"/><net_sink comp="1977" pin=1"/></net>

<net id="1983"><net_src comp="1977" pin="2"/><net_sink comp="537" pin=4"/></net>

<net id="1989"><net_src comp="192" pin="0"/><net_sink comp="1984" pin=0"/></net>

<net id="1990"><net_src comp="1965" pin="2"/><net_sink comp="1984" pin=1"/></net>

<net id="1991"><net_src comp="28" pin="0"/><net_sink comp="1984" pin=2"/></net>

<net id="1992"><net_src comp="1984" pin="3"/><net_sink comp="537" pin=5"/></net>

<net id="1997"><net_src comp="1954" pin="3"/><net_sink comp="1993" pin=0"/></net>

<net id="2005"><net_src comp="1998" pin="1"/><net_sink comp="2001" pin=0"/></net>

<net id="2006"><net_src comp="196" pin="0"/><net_sink comp="2001" pin=1"/></net>

<net id="2011"><net_src comp="1998" pin="1"/><net_sink comp="2007" pin=0"/></net>

<net id="2012"><net_src comp="198" pin="0"/><net_sink comp="2007" pin=1"/></net>

<net id="2017"><net_src comp="2001" pin="2"/><net_sink comp="2013" pin=0"/></net>

<net id="2018"><net_src comp="2007" pin="2"/><net_sink comp="2013" pin=1"/></net>

<net id="2024"><net_src comp="2001" pin="2"/><net_sink comp="2019" pin=0"/></net>

<net id="2025"><net_src comp="200" pin="0"/><net_sink comp="2019" pin=1"/></net>

<net id="2026"><net_src comp="202" pin="0"/><net_sink comp="2019" pin=2"/></net>

<net id="2030"><net_src comp="1998" pin="1"/><net_sink comp="2027" pin=0"/></net>

<net id="2036"><net_src comp="2013" pin="2"/><net_sink comp="2031" pin=0"/></net>

<net id="2037"><net_src comp="2019" pin="3"/><net_sink comp="2031" pin=1"/></net>

<net id="2038"><net_src comp="2027" pin="1"/><net_sink comp="2031" pin=2"/></net>

<net id="2044"><net_src comp="204" pin="0"/><net_sink comp="2039" pin=0"/></net>

<net id="2045"><net_src comp="2031" pin="3"/><net_sink comp="2039" pin=1"/></net>

<net id="2046"><net_src comp="206" pin="0"/><net_sink comp="2039" pin=2"/></net>

<net id="2051"><net_src comp="208" pin="0"/><net_sink comp="2047" pin=0"/></net>

<net id="2052"><net_src comp="2039" pin="3"/><net_sink comp="2047" pin=1"/></net>

<net id="2058"><net_src comp="210" pin="0"/><net_sink comp="2053" pin=0"/></net>

<net id="2059"><net_src comp="2047" pin="2"/><net_sink comp="2053" pin=1"/></net>

<net id="2060"><net_src comp="212" pin="0"/><net_sink comp="2053" pin=2"/></net>

<net id="2067"><net_src comp="214" pin="0"/><net_sink comp="2061" pin=0"/></net>

<net id="2068"><net_src comp="2047" pin="2"/><net_sink comp="2061" pin=1"/></net>

<net id="2069"><net_src comp="114" pin="0"/><net_sink comp="2061" pin=2"/></net>

<net id="2070"><net_src comp="212" pin="0"/><net_sink comp="2061" pin=3"/></net>

<net id="2076"><net_src comp="216" pin="0"/><net_sink comp="2071" pin=0"/></net>

<net id="2077"><net_src comp="2053" pin="3"/><net_sink comp="2071" pin=1"/></net>

<net id="2078"><net_src comp="2061" pin="4"/><net_sink comp="2071" pin=2"/></net>

<net id="2085"><net_src comp="218" pin="0"/><net_sink comp="2079" pin=0"/></net>

<net id="2086"><net_src comp="2047" pin="2"/><net_sink comp="2079" pin=1"/></net>

<net id="2087"><net_src comp="220" pin="0"/><net_sink comp="2079" pin=2"/></net>

<net id="2088"><net_src comp="146" pin="0"/><net_sink comp="2079" pin=3"/></net>

<net id="2092"><net_src comp="2079" pin="4"/><net_sink comp="2089" pin=0"/></net>

<net id="2093"><net_src comp="2089" pin="1"/><net_sink comp="415" pin=2"/></net>

<net id="2097"><net_src comp="2071" pin="3"/><net_sink comp="2094" pin=0"/></net>

<net id="2098"><net_src comp="2094" pin="1"/><net_sink comp="428" pin=2"/></net>

<net id="2105"><net_src comp="222" pin="0"/><net_sink comp="2099" pin=0"/></net>

<net id="2106"><net_src comp="422" pin="3"/><net_sink comp="2099" pin=1"/></net>

<net id="2107"><net_src comp="224" pin="0"/><net_sink comp="2099" pin=2"/></net>

<net id="2108"><net_src comp="226" pin="0"/><net_sink comp="2099" pin=3"/></net>

<net id="2112"><net_src comp="2099" pin="4"/><net_sink comp="2109" pin=0"/></net>

<net id="2120"><net_src comp="2113" pin="1"/><net_sink comp="2116" pin=0"/></net>

<net id="2121"><net_src comp="2109" pin="1"/><net_sink comp="2116" pin=1"/></net>

<net id="2125"><net_src comp="422" pin="3"/><net_sink comp="2122" pin=0"/></net>

<net id="2132"><net_src comp="228" pin="0"/><net_sink comp="2126" pin=0"/></net>

<net id="2133"><net_src comp="2116" pin="2"/><net_sink comp="2126" pin=1"/></net>

<net id="2134"><net_src comp="2122" pin="1"/><net_sink comp="2126" pin=2"/></net>

<net id="2135"><net_src comp="206" pin="0"/><net_sink comp="2126" pin=3"/></net>

<net id="2140"><net_src comp="2126" pin="4"/><net_sink comp="2136" pin=0"/></net>

<net id="2141"><net_src comp="230" pin="0"/><net_sink comp="2136" pin=1"/></net>

<net id="2148"><net_src comp="232" pin="0"/><net_sink comp="2142" pin=0"/></net>

<net id="2149"><net_src comp="2136" pin="2"/><net_sink comp="2142" pin=1"/></net>

<net id="2150"><net_src comp="234" pin="0"/><net_sink comp="2142" pin=2"/></net>

<net id="2151"><net_src comp="236" pin="0"/><net_sink comp="2142" pin=3"/></net>

<net id="2155"><net_src comp="435" pin="3"/><net_sink comp="2152" pin=0"/></net>

<net id="2159"><net_src comp="2142" pin="4"/><net_sink comp="2156" pin=0"/></net>

<net id="2164"><net_src comp="2156" pin="1"/><net_sink comp="2160" pin=0"/></net>

<net id="2165"><net_src comp="2152" pin="1"/><net_sink comp="2160" pin=1"/></net>

<net id="2172"><net_src comp="238" pin="0"/><net_sink comp="2166" pin=0"/></net>

<net id="2173"><net_src comp="2160" pin="2"/><net_sink comp="2166" pin=1"/></net>

<net id="2174"><net_src comp="240" pin="0"/><net_sink comp="2166" pin=2"/></net>

<net id="2175"><net_src comp="242" pin="0"/><net_sink comp="2166" pin=3"/></net>

<net id="2183"><net_src comp="2176" pin="1"/><net_sink comp="2179" pin=1"/></net>

<net id="2190"><net_src comp="244" pin="0"/><net_sink comp="2184" pin=0"/></net>

<net id="2191"><net_src comp="2179" pin="2"/><net_sink comp="2184" pin=1"/></net>

<net id="2192"><net_src comp="246" pin="0"/><net_sink comp="2184" pin=2"/></net>

<net id="2193"><net_src comp="248" pin="0"/><net_sink comp="2184" pin=3"/></net>

<net id="2198"><net_src comp="2184" pin="4"/><net_sink comp="2194" pin=0"/></net>

<net id="2199"><net_src comp="88" pin="0"/><net_sink comp="2194" pin=1"/></net>

<net id="2205"><net_src comp="250" pin="0"/><net_sink comp="2200" pin=0"/></net>

<net id="2206"><net_src comp="2179" pin="2"/><net_sink comp="2200" pin=1"/></net>

<net id="2207"><net_src comp="252" pin="0"/><net_sink comp="2200" pin=2"/></net>

<net id="2213"><net_src comp="250" pin="0"/><net_sink comp="2208" pin=0"/></net>

<net id="2214"><net_src comp="2179" pin="2"/><net_sink comp="2208" pin=1"/></net>

<net id="2215"><net_src comp="254" pin="0"/><net_sink comp="2208" pin=2"/></net>

<net id="2220"><net_src comp="2194" pin="2"/><net_sink comp="2216" pin=0"/></net>

<net id="2221"><net_src comp="2208" pin="3"/><net_sink comp="2216" pin=1"/></net>

<net id="2226"><net_src comp="2216" pin="2"/><net_sink comp="2222" pin=0"/></net>

<net id="2227"><net_src comp="2200" pin="3"/><net_sink comp="2222" pin=1"/></net>

<net id="2234"><net_src comp="256" pin="0"/><net_sink comp="2228" pin=0"/></net>

<net id="2235"><net_src comp="2179" pin="2"/><net_sink comp="2228" pin=1"/></net>

<net id="2236"><net_src comp="258" pin="0"/><net_sink comp="2228" pin=2"/></net>

<net id="2237"><net_src comp="226" pin="0"/><net_sink comp="2228" pin=3"/></net>

<net id="2242"><net_src comp="2228" pin="4"/><net_sink comp="2238" pin=0"/></net>

<net id="2243"><net_src comp="28" pin="0"/><net_sink comp="2238" pin=1"/></net>

<net id="2248"><net_src comp="2238" pin="2"/><net_sink comp="2244" pin=0"/></net>

<net id="2249"><net_src comp="2222" pin="2"/><net_sink comp="2244" pin=1"/></net>

<net id="2256"><net_src comp="260" pin="0"/><net_sink comp="2250" pin=0"/></net>

<net id="2257"><net_src comp="2179" pin="2"/><net_sink comp="2250" pin=1"/></net>

<net id="2258"><net_src comp="262" pin="0"/><net_sink comp="2250" pin=2"/></net>

<net id="2259"><net_src comp="264" pin="0"/><net_sink comp="2250" pin=3"/></net>

<net id="2265"><net_src comp="2244" pin="2"/><net_sink comp="2260" pin=0"/></net>

<net id="2266"><net_src comp="266" pin="0"/><net_sink comp="2260" pin=1"/></net>

<net id="2267"><net_src comp="2250" pin="4"/><net_sink comp="2260" pin=2"/></net>

<net id="2271"><net_src comp="2260" pin="3"/><net_sink comp="2268" pin=0"/></net>

<net id="2276"><net_src comp="2268" pin="1"/><net_sink comp="2272" pin=0"/></net>

<net id="2277"><net_src comp="268" pin="0"/><net_sink comp="2272" pin=1"/></net>

<net id="2281"><net_src comp="2272" pin="2"/><net_sink comp="2278" pin=0"/></net>

<net id="2286"><net_src comp="270" pin="0"/><net_sink comp="2282" pin=0"/></net>

<net id="2287"><net_src comp="2278" pin="1"/><net_sink comp="2282" pin=1"/></net>

<net id="2293"><net_src comp="48" pin="0"/><net_sink comp="2288" pin=0"/></net>

<net id="2294"><net_src comp="32" pin="0"/><net_sink comp="2288" pin=2"/></net>

<net id="2300"><net_src comp="276" pin="0"/><net_sink comp="2295" pin=0"/></net>

<net id="2301"><net_src comp="88" pin="0"/><net_sink comp="2295" pin=2"/></net>

<net id="2305"><net_src comp="2295" pin="3"/><net_sink comp="2302" pin=0"/></net>

<net id="2310"><net_src comp="2288" pin="3"/><net_sink comp="2306" pin=0"/></net>

<net id="2311"><net_src comp="2302" pin="1"/><net_sink comp="2306" pin=1"/></net>

<net id="2319"><net_src comp="2306" pin="2"/><net_sink comp="2315" pin=0"/></net>

<net id="2320"><net_src comp="2312" pin="1"/><net_sink comp="2315" pin=1"/></net>

<net id="2324"><net_src comp="2315" pin="2"/><net_sink comp="2321" pin=0"/></net>

<net id="2325"><net_src comp="2321" pin="1"/><net_sink comp="441" pin=2"/></net>

<net id="2332"><net_src comp="280" pin="0"/><net_sink comp="2326" pin=0"/></net>

<net id="2333"><net_src comp="2282" pin="2"/><net_sink comp="2326" pin=1"/></net>

<net id="2334"><net_src comp="234" pin="0"/><net_sink comp="2326" pin=2"/></net>

<net id="2335"><net_src comp="282" pin="0"/><net_sink comp="2326" pin=3"/></net>

<net id="2336"><net_src comp="2326" pin="4"/><net_sink comp="448" pin=1"/></net>

<net id="2340"><net_src comp="284" pin="1"/><net_sink comp="2337" pin=0"/></net>

<net id="2341"><net_src comp="2337" pin="1"/><net_sink comp="574" pin=1"/></net>

<net id="2342"><net_src comp="2337" pin="1"/><net_sink comp="648" pin=0"/></net>

<net id="2343"><net_src comp="2337" pin="1"/><net_sink comp="1060" pin=1"/></net>

<net id="2347"><net_src comp="288" pin="1"/><net_sink comp="2344" pin=0"/></net>

<net id="2348"><net_src comp="2344" pin="1"/><net_sink comp="569" pin=1"/></net>

<net id="2349"><net_src comp="2344" pin="1"/><net_sink comp="579" pin=0"/></net>

<net id="2350"><net_src comp="2344" pin="1"/><net_sink comp="1056" pin=1"/></net>

<net id="2354"><net_src comp="292" pin="1"/><net_sink comp="2351" pin=0"/></net>

<net id="2355"><net_src comp="2351" pin="1"/><net_sink comp="564" pin=1"/></net>

<net id="2356"><net_src comp="2351" pin="1"/><net_sink comp="551" pin=0"/></net>

<net id="2357"><net_src comp="2351" pin="1"/><net_sink comp="1051" pin=1"/></net>

<net id="2361"><net_src comp="296" pin="1"/><net_sink comp="2358" pin=0"/></net>

<net id="2362"><net_src comp="2358" pin="1"/><net_sink comp="559" pin=1"/></net>

<net id="2363"><net_src comp="2358" pin="1"/><net_sink comp="582" pin=0"/></net>

<net id="2364"><net_src comp="2358" pin="1"/><net_sink comp="1047" pin=1"/></net>

<net id="2368"><net_src comp="300" pin="1"/><net_sink comp="2365" pin=0"/></net>

<net id="2369"><net_src comp="2365" pin="1"/><net_sink comp="554" pin=1"/></net>

<net id="2370"><net_src comp="2365" pin="1"/><net_sink comp="585" pin=0"/></net>

<net id="2371"><net_src comp="2365" pin="1"/><net_sink comp="1043" pin=1"/></net>

<net id="2375"><net_src comp="304" pin="1"/><net_sink comp="2372" pin=0"/></net>

<net id="2376"><net_src comp="2372" pin="1"/><net_sink comp="537" pin=7"/></net>

<net id="2377"><net_src comp="2372" pin="1"/><net_sink comp="1998" pin=0"/></net>

<net id="2381"><net_src comp="308" pin="1"/><net_sink comp="2378" pin=0"/></net>

<net id="2382"><net_src comp="2378" pin="1"/><net_sink comp="521" pin=9"/></net>

<net id="2383"><net_src comp="2378" pin="1"/><net_sink comp="1863" pin=0"/></net>

<net id="2387"><net_src comp="312" pin="1"/><net_sink comp="2384" pin=0"/></net>

<net id="2388"><net_src comp="2384" pin="1"/><net_sink comp="504" pin=9"/></net>

<net id="2389"><net_src comp="2384" pin="1"/><net_sink comp="1441" pin=0"/></net>

<net id="2393"><net_src comp="316" pin="1"/><net_sink comp="2390" pin=0"/></net>

<net id="2394"><net_src comp="2390" pin="1"/><net_sink comp="481" pin=9"/></net>

<net id="2395"><net_src comp="2390" pin="1"/><net_sink comp="1068" pin=0"/></net>

<net id="2399"><net_src comp="320" pin="1"/><net_sink comp="2396" pin=0"/></net>

<net id="2400"><net_src comp="2396" pin="1"/><net_sink comp="481" pin=8"/></net>

<net id="2401"><net_src comp="2396" pin="1"/><net_sink comp="1065" pin=0"/></net>

<net id="2408"><net_src comp="642" pin="2"/><net_sink comp="2405" pin=0"/></net>

<net id="2409"><net_src comp="2405" pin="1"/><net_sink comp="1043" pin=0"/></net>

<net id="2413"><net_src comp="657" pin="2"/><net_sink comp="2410" pin=0"/></net>

<net id="2414"><net_src comp="2410" pin="1"/><net_sink comp="1036" pin=0"/></net>

<net id="2418"><net_src comp="671" pin="3"/><net_sink comp="2415" pin=0"/></net>

<net id="2419"><net_src comp="2415" pin="1"/><net_sink comp="1047" pin=0"/></net>

<net id="2423"><net_src comp="679" pin="1"/><net_sink comp="2420" pin=0"/></net>

<net id="2424"><net_src comp="2420" pin="1"/><net_sink comp="932" pin=0"/></net>

<net id="2428"><net_src comp="687" pin="1"/><net_sink comp="2425" pin=0"/></net>

<net id="2429"><net_src comp="2425" pin="1"/><net_sink comp="989" pin=2"/></net>

<net id="2433"><net_src comp="699" pin="1"/><net_sink comp="2430" pin=0"/></net>

<net id="2434"><net_src comp="2430" pin="1"/><net_sink comp="941" pin=1"/></net>

<net id="2438"><net_src comp="717" pin="3"/><net_sink comp="2435" pin=0"/></net>

<net id="2439"><net_src comp="2435" pin="1"/><net_sink comp="468" pin=0"/></net>

<net id="2443"><net_src comp="763" pin="3"/><net_sink comp="2440" pin=0"/></net>

<net id="2444"><net_src comp="2440" pin="1"/><net_sink comp="481" pin=7"/></net>

<net id="2445"><net_src comp="2440" pin="1"/><net_sink comp="989" pin=1"/></net>

<net id="2446"><net_src comp="2440" pin="1"/><net_sink comp="1025" pin=0"/></net>

<net id="2450"><net_src comp="801" pin="3"/><net_sink comp="2447" pin=0"/></net>

<net id="2451"><net_src comp="2447" pin="1"/><net_sink comp="1001" pin=1"/></net>

<net id="2455"><net_src comp="809" pin="3"/><net_sink comp="2452" pin=0"/></net>

<net id="2456"><net_src comp="2452" pin="1"/><net_sink comp="868" pin=1"/></net>

<net id="2457"><net_src comp="2452" pin="1"/><net_sink comp="1056" pin=0"/></net>

<net id="2461"><net_src comp="821" pin="2"/><net_sink comp="2458" pin=0"/></net>

<net id="2462"><net_src comp="2458" pin="1"/><net_sink comp="481" pin=2"/></net>

<net id="2466"><net_src comp="324" pin="1"/><net_sink comp="2463" pin=0"/></net>

<net id="2467"><net_src comp="2463" pin="1"/><net_sink comp="847" pin=1"/></net>

<net id="2468"><net_src comp="2463" pin="1"/><net_sink comp="1143" pin=0"/></net>

<net id="2469"><net_src comp="2463" pin="1"/><net_sink comp="1370" pin=1"/></net>

<net id="2473"><net_src comp="328" pin="1"/><net_sink comp="2470" pin=0"/></net>

<net id="2474"><net_src comp="2470" pin="1"/><net_sink comp="842" pin=1"/></net>

<net id="2475"><net_src comp="2470" pin="1"/><net_sink comp="1078" pin=0"/></net>

<net id="2476"><net_src comp="2470" pin="1"/><net_sink comp="1365" pin=1"/></net>

<net id="2480"><net_src comp="332" pin="1"/><net_sink comp="2477" pin=0"/></net>

<net id="2481"><net_src comp="2477" pin="1"/><net_sink comp="837" pin=1"/></net>

<net id="2482"><net_src comp="2477" pin="1"/><net_sink comp="1146" pin=0"/></net>

<net id="2483"><net_src comp="2477" pin="1"/><net_sink comp="1360" pin=1"/></net>

<net id="2487"><net_src comp="336" pin="1"/><net_sink comp="2484" pin=0"/></net>

<net id="2488"><net_src comp="2484" pin="1"/><net_sink comp="832" pin=1"/></net>

<net id="2489"><net_src comp="2484" pin="1"/><net_sink comp="1081" pin=0"/></net>

<net id="2490"><net_src comp="2484" pin="1"/><net_sink comp="1355" pin=1"/></net>

<net id="2494"><net_src comp="340" pin="1"/><net_sink comp="2491" pin=0"/></net>

<net id="2495"><net_src comp="2491" pin="1"/><net_sink comp="827" pin=1"/></net>

<net id="2496"><net_src comp="2491" pin="1"/><net_sink comp="1084" pin=0"/></net>

<net id="2497"><net_src comp="2491" pin="1"/><net_sink comp="1350" pin=1"/></net>

<net id="2504"><net_src comp="858" pin="2"/><net_sink comp="2501" pin=0"/></net>

<net id="2505"><net_src comp="2501" pin="1"/><net_sink comp="458" pin=2"/></net>

<net id="2509"><net_src comp="907" pin="2"/><net_sink comp="2506" pin=0"/></net>

<net id="2510"><net_src comp="2506" pin="1"/><net_sink comp="481" pin=3"/></net>

<net id="2514"><net_src comp="941" pin="2"/><net_sink comp="2511" pin=0"/></net>

<net id="2515"><net_src comp="2511" pin="1"/><net_sink comp="481" pin=6"/></net>

<net id="2519"><net_src comp="959" pin="2"/><net_sink comp="2516" pin=0"/></net>

<net id="2520"><net_src comp="2516" pin="1"/><net_sink comp="481" pin=5"/></net>

<net id="2524"><net_src comp="481" pin="11"/><net_sink comp="2521" pin=0"/></net>

<net id="2525"><net_src comp="2521" pin="1"/><net_sink comp="1071" pin=0"/></net>

<net id="2529"><net_src comp="1071" pin="3"/><net_sink comp="2526" pin=0"/></net>

<net id="2530"><net_src comp="2526" pin="1"/><net_sink comp="468" pin=2"/></net>

<net id="2537"><net_src comp="1183" pin="3"/><net_sink comp="2534" pin=0"/></net>

<net id="2538"><net_src comp="2534" pin="1"/><net_sink comp="504" pin=4"/></net>

<net id="2542"><net_src comp="388" pin="3"/><net_sink comp="2539" pin=0"/></net>

<net id="2543"><net_src comp="2539" pin="1"/><net_sink comp="395" pin=0"/></net>

<net id="2547"><net_src comp="1246" pin="3"/><net_sink comp="2544" pin=0"/></net>

<net id="2548"><net_src comp="2544" pin="1"/><net_sink comp="1400" pin=0"/></net>

<net id="2549"><net_src comp="2544" pin="1"/><net_sink comp="1409" pin=0"/></net>

<net id="2550"><net_src comp="2544" pin="1"/><net_sink comp="504" pin=3"/></net>

<net id="2554"><net_src comp="1292" pin="3"/><net_sink comp="2551" pin=0"/></net>

<net id="2555"><net_src comp="2551" pin="1"/><net_sink comp="504" pin=2"/></net>

<net id="2559"><net_src comp="1320" pin="4"/><net_sink comp="2556" pin=0"/></net>

<net id="2560"><net_src comp="2556" pin="1"/><net_sink comp="1467" pin=0"/></net>

<net id="2564"><net_src comp="344" pin="1"/><net_sink comp="2561" pin=0"/></net>

<net id="2565"><net_src comp="2561" pin="1"/><net_sink comp="1395" pin=1"/></net>

<net id="2566"><net_src comp="2561" pin="1"/><net_sink comp="1556" pin=0"/></net>

<net id="2567"><net_src comp="2561" pin="1"/><net_sink comp="1802" pin=1"/></net>

<net id="2571"><net_src comp="348" pin="1"/><net_sink comp="2568" pin=0"/></net>

<net id="2572"><net_src comp="2568" pin="1"/><net_sink comp="1390" pin=1"/></net>

<net id="2573"><net_src comp="2568" pin="1"/><net_sink comp="1475" pin=0"/></net>

<net id="2574"><net_src comp="2568" pin="1"/><net_sink comp="1797" pin=1"/></net>

<net id="2578"><net_src comp="352" pin="1"/><net_sink comp="2575" pin=0"/></net>

<net id="2579"><net_src comp="2575" pin="1"/><net_sink comp="1385" pin=1"/></net>

<net id="2580"><net_src comp="2575" pin="1"/><net_sink comp="1559" pin=0"/></net>

<net id="2581"><net_src comp="2575" pin="1"/><net_sink comp="1792" pin=1"/></net>

<net id="2585"><net_src comp="356" pin="1"/><net_sink comp="2582" pin=0"/></net>

<net id="2586"><net_src comp="2582" pin="1"/><net_sink comp="1380" pin=1"/></net>

<net id="2587"><net_src comp="2582" pin="1"/><net_sink comp="1478" pin=0"/></net>

<net id="2588"><net_src comp="2582" pin="1"/><net_sink comp="1787" pin=1"/></net>

<net id="2592"><net_src comp="360" pin="1"/><net_sink comp="2589" pin=0"/></net>

<net id="2593"><net_src comp="2589" pin="1"/><net_sink comp="1375" pin=1"/></net>

<net id="2594"><net_src comp="2589" pin="1"/><net_sink comp="1481" pin=0"/></net>

<net id="2595"><net_src comp="2589" pin="1"/><net_sink comp="1782" pin=1"/></net>

<net id="2599"><net_src comp="395" pin="3"/><net_sink comp="2596" pin=0"/></net>

<net id="2600"><net_src comp="2596" pin="1"/><net_sink comp="504" pin=1"/></net>

<net id="2604"><net_src comp="1409" pin="2"/><net_sink comp="2601" pin=0"/></net>

<net id="2605"><net_src comp="2601" pin="1"/><net_sink comp="504" pin=5"/></net>

<net id="2609"><net_src comp="1415" pin="2"/><net_sink comp="2606" pin=0"/></net>

<net id="2610"><net_src comp="2606" pin="1"/><net_sink comp="504" pin=6"/></net>

<net id="2614"><net_src comp="1434" pin="2"/><net_sink comp="2611" pin=0"/></net>

<net id="2615"><net_src comp="2611" pin="1"/><net_sink comp="504" pin=7"/></net>

<net id="2622"><net_src comp="1598" pin="3"/><net_sink comp="2619" pin=0"/></net>

<net id="2623"><net_src comp="2619" pin="1"/><net_sink comp="521" pin=4"/></net>

<net id="2627"><net_src comp="1620" pin="3"/><net_sink comp="2624" pin=0"/></net>

<net id="2628"><net_src comp="2624" pin="1"/><net_sink comp="521" pin=1"/></net>

<net id="2632"><net_src comp="1678" pin="3"/><net_sink comp="2629" pin=0"/></net>

<net id="2633"><net_src comp="2629" pin="1"/><net_sink comp="1822" pin=0"/></net>

<net id="2634"><net_src comp="2629" pin="1"/><net_sink comp="1831" pin=0"/></net>

<net id="2635"><net_src comp="2629" pin="1"/><net_sink comp="521" pin=3"/></net>

<net id="2639"><net_src comp="1724" pin="3"/><net_sink comp="2636" pin=0"/></net>

<net id="2640"><net_src comp="2636" pin="1"/><net_sink comp="521" pin=2"/></net>

<net id="2644"><net_src comp="1752" pin="4"/><net_sink comp="2641" pin=0"/></net>

<net id="2645"><net_src comp="2641" pin="1"/><net_sink comp="1889" pin=0"/></net>

<net id="2649"><net_src comp="364" pin="1"/><net_sink comp="2646" pin=0"/></net>

<net id="2650"><net_src comp="2646" pin="1"/><net_sink comp="1817" pin=1"/></net>

<net id="2651"><net_src comp="2646" pin="1"/><net_sink comp="1912" pin=0"/></net>

<net id="2652"><net_src comp="2646" pin="1"/><net_sink comp="1940" pin=1"/></net>

<net id="2656"><net_src comp="368" pin="1"/><net_sink comp="2653" pin=0"/></net>

<net id="2657"><net_src comp="2653" pin="1"/><net_sink comp="1812" pin=1"/></net>

<net id="2658"><net_src comp="2653" pin="1"/><net_sink comp="1945" pin=0"/></net>

<net id="2659"><net_src comp="2653" pin="1"/><net_sink comp="1993" pin=1"/></net>

<net id="2663"><net_src comp="372" pin="1"/><net_sink comp="2660" pin=0"/></net>

<net id="2664"><net_src comp="2660" pin="1"/><net_sink comp="1807" pin=1"/></net>

<net id="2665"><net_src comp="2660" pin="1"/><net_sink comp="1897" pin=0"/></net>

<net id="2666"><net_src comp="2660" pin="1"/><net_sink comp="1935" pin=1"/></net>

<net id="2670"><net_src comp="1831" pin="2"/><net_sink comp="2667" pin=0"/></net>

<net id="2671"><net_src comp="2667" pin="1"/><net_sink comp="521" pin=5"/></net>

<net id="2675"><net_src comp="1837" pin="2"/><net_sink comp="2672" pin=0"/></net>

<net id="2676"><net_src comp="2672" pin="1"/><net_sink comp="521" pin=6"/></net>

<net id="2680"><net_src comp="1856" pin="2"/><net_sink comp="2677" pin=0"/></net>

<net id="2681"><net_src comp="2677" pin="1"/><net_sink comp="521" pin=7"/></net>

<net id="2688"><net_src comp="1915" pin="2"/><net_sink comp="2685" pin=0"/></net>

<net id="2689"><net_src comp="2685" pin="1"/><net_sink comp="1954" pin=0"/></net>

<net id="2693"><net_src comp="1921" pin="3"/><net_sink comp="2690" pin=0"/></net>

<net id="2694"><net_src comp="2690" pin="1"/><net_sink comp="1962" pin=0"/></net>

<net id="2695"><net_src comp="2690" pin="1"/><net_sink comp="1971" pin=0"/></net>

<net id="2696"><net_src comp="2690" pin="1"/><net_sink comp="537" pin=2"/></net>

<net id="2697"><net_src comp="2690" pin="1"/><net_sink comp="2312" pin=0"/></net>

<net id="2701"><net_src comp="1954" pin="3"/><net_sink comp="2698" pin=0"/></net>

<net id="2702"><net_src comp="2698" pin="1"/><net_sink comp="537" pin=1"/></net>

<net id="2703"><net_src comp="2698" pin="1"/><net_sink comp="2288" pin=1"/></net>

<net id="2704"><net_src comp="2698" pin="1"/><net_sink comp="2295" pin=1"/></net>

<net id="2708"><net_src comp="1971" pin="2"/><net_sink comp="2705" pin=0"/></net>

<net id="2709"><net_src comp="2705" pin="1"/><net_sink comp="537" pin=3"/></net>

<net id="2713"><net_src comp="1977" pin="2"/><net_sink comp="2710" pin=0"/></net>

<net id="2714"><net_src comp="2710" pin="1"/><net_sink comp="537" pin=4"/></net>

<net id="2718"><net_src comp="1984" pin="3"/><net_sink comp="2715" pin=0"/></net>

<net id="2719"><net_src comp="2715" pin="1"/><net_sink comp="537" pin=5"/></net>

<net id="2723"><net_src comp="2079" pin="4"/><net_sink comp="2720" pin=0"/></net>

<net id="2724"><net_src comp="2720" pin="1"/><net_sink comp="2113" pin=0"/></net>

<net id="2728"><net_src comp="415" pin="3"/><net_sink comp="2725" pin=0"/></net>

<net id="2729"><net_src comp="2725" pin="1"/><net_sink comp="422" pin=0"/></net>

<net id="2733"><net_src comp="428" pin="3"/><net_sink comp="2730" pin=0"/></net>

<net id="2734"><net_src comp="2730" pin="1"/><net_sink comp="435" pin=0"/></net>

<net id="2738"><net_src comp="435" pin="3"/><net_sink comp="2735" pin=0"/></net>

<net id="2739"><net_src comp="2735" pin="1"/><net_sink comp="2179" pin=0"/></net>

<net id="2743"><net_src comp="2166" pin="4"/><net_sink comp="2740" pin=0"/></net>

<net id="2744"><net_src comp="2740" pin="1"/><net_sink comp="2176" pin=0"/></net>

<net id="2748"><net_src comp="2278" pin="1"/><net_sink comp="2745" pin=0"/></net>

<net id="2749"><net_src comp="2745" pin="1"/><net_sink comp="2282" pin=1"/></net>

</net_list>

</model> 
---------------- Datapath Model END ------------------

* FSMD analyzer results:
  - Output states:
	Port: d | {2 3 6 7 10 11 15 }
	Port: output_r | {58 }
	Port: conv1_kernel_V | {}
	Port: conv2_bias_V | {}
	Port: conv2_kernel_V | {}
	Port: conv3_kernel_V | {}
	Port: conv_out_kernel_V | {}
	Port: f_x_msb_2_table_V | {}
	Port: exp_x_msb_1_table_V | {}
 - Input state : 
	Port: inference : d | {2 6 7 8 9 11 13 14 17 18 }
	Port: inference : input_r | {3 4 }
	Port: inference : conv1_kernel_V | {3 4 }
	Port: inference : conv2_bias_V | {7 8 }
	Port: inference : conv2_kernel_V | {8 9 }
	Port: inference : conv3_kernel_V | {13 14 }
	Port: inference : conv_out_kernel_V | {17 18 }
	Port: inference : f_x_msb_2_table_V | {19 20 }
	Port: inference : exp_x_msb_1_table_V | {19 20 }
  - Chain level:
	State 1
		store_ln17 : 1
		store_ln17 : 1
		store_ln17 : 1
		store_ln17 : 1
		store_ln17 : 1
	State 2
		empty_80 : 1
		s_V : 2
		shl_ln36_1 : 1
		zext_ln36 : 2
		shl_ln36_2 : 1
		zext_ln36_1 : 2
		sub_ln36 : 3
		icmp_ln17 : 1
		add_ln17_1 : 1
		br_ln17 : 2
		add_ln17 : 1
		icmp_ln19 : 1
		select_ln17 : 2
		select_ln17_1 : 2
		zext_ln17 : 3
		empty_79 : 2
		trunc_ln17 : 3
		p_shl_cast_mid2_v : 4
		zext_ln17_1 : 5
		s_V_mid1 : 3
		select_ln17_2 : 4
		select_ln17_3 : 4
		xor_ln17 : 2
		icmp_ln21 : 1
		and_ln17 : 2
		add_ln19 : 3
		or_ln19 : 2
		select_ln19 : 2
		shl_ln36_1_mid1 : 4
		zext_ln36_4 : 5
		shl_ln36_2_mid1 : 4
		zext_ln36_5 : 5
		sub_ln36_1 : 6
		select_ln19_1 : 7
		select_ln19_2 : 2
		zext_ln21 : 3
		add_ln30 : 4
		store_ln66 : 1
		store_ln66 : 1
		store_ln66 : 1
		store_ln66 : 1
		store_ln66 : 1
	State 3
		icmp_ln25 : 1
		add_ln25 : 1
		br_ln25 : 2
		zext_ln25 : 1
		empty_82 : 2
		p_cast78 : 3
		empty_83 : 4
		trunc_ln32 : 5
		tmp_12 : 6
		tmp_13 : 5
		zext_ln32 : 6
		sub_ln32 : 7
		p_shl3 : 1
		p_shl3_cast : 2
		empty_84 : 3
		tmp3 : 4
		tmp3_cast : 5
		empty_85 : 6
		notlhs : 3
		notrhs : 5
		brmerge_not : 6
		targetBlock : 8
		trunc_ln25 : 1
		icmp_ln1649_3 : 1
		select_ln65 : 2
		zext_ln36_2 : 3
		zext_ln36_3 : 1
		add_ln36 : 2
		trunc_ln5 : 3
		sext_ln36 : 4
		zext_ln36_6 : 5
		d_addr_5 : 6
		store_ln36 : 7
		add_ln19_1 : 1
		select_ln19_3 : 2
		store_ln21 : 3
		store_ln21 : 1
	State 4
	State 5
		s_V_3 : 1
	State 6
	State 7
		empty_88 : 1
		tmp_5 : 2
		shl_ln88_1 : 1
		zext_ln88 : 2
		shl_ln88_2 : 1
		zext_ln88_1 : 2
		sub_ln88 : 3
		icmp_ln66 : 1
		add_ln66_1 : 1
		br_ln66 : 2
		add_ln66 : 1
		icmp_ln68 : 1
		select_ln66 : 2
		empty_87 : 2
		tmp_5_mid1 : 3
		select_ln66_1 : 4
		select_ln66_2 : 2
		zext_ln66 : 3
		conv2_bias_V_addr : 4
		conv2_bias_V_load : 5
		trunc_ln66 : 3
		select_ln66_3 : 4
		xor_ln66 : 2
		icmp_ln70 : 1
		and_ln66 : 2
		add_ln68 : 3
		or_ln68 : 2
		select_ln68 : 2
		shl_ln88_1_mid1 : 4
		zext_ln88_4 : 5
		shl_ln88_2_mid1 : 4
		zext_ln88_5 : 5
		sub_ln88_1 : 6
		select_ln68_1 : 7
		select_ln68_2 : 2
		tmp4 : 3
		zext_ln88_3 : 4
		add_ln88 : 5
		trunc_ln7 : 6
		add_ln70 : 3
		add_ln68_1 : 1
		select_ln68_3 : 2
		store_ln70 : 2
		store_ln70 : 3
		store_ln70 : 3
		store_ln70 : 3
		store_ln70 : 4
		store_ln115 : 1
		store_ln115 : 1
		store_ln115 : 1
		store_ln115 : 1
		store_ln115 : 1
	State 8
		p_mid1111 : 1
		cmp29_i_not_mid1117 : 2
		shl_ln83_mid : 2
		sext_ln83_3 : 3
		add_ln83_2 : 4
		call_ln66 : 5
	State 9
	State 10
		trunc_ln74 : 1
		icmp_ln1649 : 1
		select_ln65_1 : 2
		zext_ln88_2 : 3
		zext_ln88_6 : 1
		d_addr : 2
		store_ln88 : 4
	State 11
	State 12
		empty_91 : 1
		tmp_11 : 2
		s_V_4 : 2
		shl_ln137_1 : 1
		zext_ln137 : 2
		shl_ln137_2 : 1
		zext_ln137_1 : 2
		sub_ln137 : 3
		icmp_ln115 : 1
		add_ln115_1 : 1
		br_ln115 : 2
		add_ln115 : 1
		icmp_ln117 : 1
		select_ln115 : 2
		empty_90 : 2
		tmp_11_mid1 : 3
		select_ln115_1 : 4
		s_V_8_mid1 : 3
		select_ln115_2 : 4
		select_ln115_3 : 2
		trunc_ln115 : 3
		select_ln115_4 : 4
		xor_ln115 : 2
		icmp_ln119 : 1
		and_ln115 : 2
		add_ln117 : 3
		or_ln117 : 2
		select_ln117 : 2
		shl_ln137_1_mid1 : 4
		zext_ln137_4 : 5
		shl_ln137_2_mid1 : 4
		zext_ln137_5 : 5
		sub_ln137_1 : 6
		select_ln117_1 : 7
		select_ln117_2 : 2
		tmp5 : 3
		zext_ln137_3 : 4
		add_ln137 : 5
		trunc_ln8 : 6
		add_ln119 : 3
		add_ln117_1 : 1
		select_ln117_3 : 2
		store_ln119 : 2
		store_ln119 : 3
		store_ln119 : 3
		store_ln119 : 3
		store_ln119 : 4
		store_ln147 : 1
		store_ln147 : 1
		store_ln147 : 1
	State 13
		p_mid1254 : 1
		cmp29_i433_not_mid1260 : 2
		shl_ln132_mid : 2
		sext_ln132_3 : 3
		add_ln132_2 : 4
		call_ln115 : 5
	State 14
	State 15
		trunc_ln123 : 1
		icmp_ln1649_4 : 1
		select_ln65_2 : 2
		zext_ln137_2 : 3
		zext_ln137_6 : 1
		d_addr_8 : 2
		store_ln137 : 4
	State 16
		icmp_ln147 : 1
		add_ln147_1 : 1
		br_ln147 : 2
		icmp_ln149 : 1
		select_ln147 : 2
		add_ln149 : 3
		store_ln149 : 2
		store_ln149 : 4
	State 17
		add_ln147 : 1
		select_ln147_1 : 2
		p_mid1360 : 1
		cmp25_i74_not_mid1366 : 2
		shl_ln162_mid : 2
		call_ln147 : 3
		store_ln149 : 3
	State 18
	State 19
		icmp_ln1649_5 : 1
		icmp_ln1650 : 1
		or_ln69 : 2
		select_ln69 : 2
		trunc_ln838 : 1
		select_ln69_1 : 2
		x_wide : 3
		r_V : 4
		p_Result_s : 5
		tmp : 5
		p_Result_6 : 6
		tmp_15 : 5
		zext_ln541 : 6
		f_x_msb_2_table_V_addr : 7
		f_x_msb_2_V : 8
		zext_ln541_1 : 7
		exp_x_msb_1_table_V_addr : 8
		exp_x_msb_1_V : 9
	State 20
		f_x_msb_2_h_V : 1
		zext_ln813 : 2
		ret_V_6 : 3
		trunc_ln594 : 1
		rhs : 4
		ret_V : 5
		exp_x_msb_2_3_4_lsb_m_1_V : 6
		zext_ln1271_2 : 1
		zext_ln1273 : 7
		r_V_10 : 8
		trunc_ln813_1 : 9
	State 21
		y_l_V : 1
		tmp_8 : 2
		overf : 3
		p_Result_4 : 2
		p_Result_5 : 2
		or_ln533 : 4
		or_ln533_1 : 4
		tmp_14 : 2
		icmp_ln533 : 3
		overf_1 : 4
		tmp_20 : 2
		exp_val : 4
		sext_ln813 : 5
		ret_V_5 : 6
		sext_ln1303 : 7
		sdiv_ln1303 : 8
	State 22
	State 23
	State 24
	State 25
	State 26
	State 27
	State 28
	State 29
	State 30
	State 31
	State 32
	State 33
	State 34
	State 35
	State 36
	State 37
	State 38
	State 39
	State 40
	State 41
	State 42
	State 43
	State 44
	State 45
	State 46
	State 47
	State 48
	State 49
	State 50
	State 51
	State 52
	State 53
	State 54
	State 55
	State 56
	State 57
	State 58
		zext_ln167 : 1
		sub_ln167 : 2
		add_ln167 : 3
		zext_ln167_2 : 4
		output_addr : 5
		trunc_ln : 1
		store_ln167 : 6


============================================================
+ Verbose Summary: Datapath Resource usage 
============================================================

* Functional unit list:
|----------|-------------------------------------------------------------------------------|---------|---------|---------|---------|
| Operation|                                Functional Unit                                |   DSP   |  Delay  |    FF   |   LUT   |
|----------|-------------------------------------------------------------------------------|---------|---------|---------|---------|
|          | grp_inference_Pipeline_VITIS_LOOP_45_1_VITIS_LOOP_46_2_VITIS_LOOP_47_3_fu_475 |    0    |   1.05  |   139   |   567   |
|          |                    grp_inference_Pipeline_loop_kw_1_fu_481                    |    2    |  3.612  |   295   |   282   |
|   call   | grp_inference_Pipeline_VITIS_LOOP_97_1_VITIS_LOOP_98_2_VITIS_LOOP_99_3_fu_498 |    0    |  0.427  |   139   |   447   |
|          |          grp_inference_Pipeline_loop_kh_2_loop_kw_2_loop_ic_2_fu_504          |    2    |  3.185  |   261   |   670   |
|          |          grp_inference_Pipeline_loop_kh_3_loop_kw_3_loop_ic_3_fu_521          |    2    |  3.185  |   264   |   714   |
|          |       grp_inference_Pipeline_loop_kh_out_loop_kw_out_loop_ic_out_fu_537       |    2    |  3.185  |   252   |   642   |
|----------|-------------------------------------------------------------------------------|---------|---------|---------|---------|
|   sdiv   |                                  grp_fu_2282                                  |    0    |    0    |   418   |   252   |
|----------|-------------------------------------------------------------------------------|---------|---------|---------|---------|
|          |                               add_ln17_1_fu_642                               |    0    |    0    |    0    |    19   |
|          |                                add_ln17_fu_651                                |    0    |    0    |    0    |    10   |
|          |                                add_ln19_fu_751                                |    0    |    0    |    0    |    12   |
|          |                                add_ln30_fu_821                                |    0    |    0    |    0    |    12   |
|          |                                add_ln25_fu_858                                |    0    |    0    |    0    |    9    |
|          |                                empty_82_fu_868                                |    0    |    0    |    0    |    12   |
|          |                                empty_83_fu_877                                |    0    |    0    |    0    |    12   |
|          |                                  tmp3_fu_932                                  |    0    |    0    |    0    |    10   |
|          |                                empty_85_fu_941                                |    0    |    0    |    0    |    12   |
|          |                                add_ln36_fu_1001                               |    0    |    0    |    0    |    21   |
|          |                                add_ln21_fu_1025                               |    0    |    0    |    0    |    12   |
|          |                               add_ln19_1_fu_1030                              |    0    |    0    |    0    |    17   |
|          |                               add_ln66_1_fu_1137                              |    0    |    0    |    0    |    18   |
|          |                                add_ln66_fu_1149                               |    0    |    0    |    0    |    12   |
|          |                                add_ln68_fu_1234                               |    0    |    0    |    0    |    12   |
|          |                                add_ln88_fu_1314                               |    0    |    0    |    0    |    20   |
|          |                                add_ln70_fu_1330                               |    0    |    0    |    0    |    12   |
|          |                               add_ln68_1_fu_1336                              |    0    |    0    |    0    |    15   |
|    add   |                               p_mid1111_fu_1403                               |    0    |    0    |    0    |    12   |
|          |                               add_ln83_2_fu_1434                              |    0    |    0    |    0    |    20   |
|          |                              add_ln115_1_fu_1550                              |    0    |    0    |    0    |    19   |
|          |                               add_ln115_fu_1562                               |    0    |    0    |    0    |    10   |
|          |                               add_ln117_fu_1666                               |    0    |    0    |    0    |    12   |
|          |                               add_ln137_fu_1746                               |    0    |    0    |    0    |    21   |
|          |                               add_ln119_fu_1762                               |    0    |    0    |    0    |    12   |
|          |                              add_ln117_1_fu_1768                              |    0    |    0    |    0    |    17   |
|          |                               p_mid1254_fu_1825                               |    0    |    0    |    0    |    12   |
|          |                              add_ln132_2_fu_1856                              |    0    |    0    |    0    |    20   |
|          |                              add_ln147_1_fu_1906                              |    0    |    0    |    0    |    17   |
|          |                               add_ln149_fu_1929                               |    0    |    0    |    0    |    12   |
|          |                               add_ln147_fu_1948                               |    0    |    0    |    0    |    12   |
|          |                               p_mid1360_fu_1965                               |    0    |    0    |    0    |    12   |
|          |                                ret_V_6_fu_2116                                |    0    |    0    |    0    |    15   |
|          |                                 ret_V_fu_2136                                 |    0    |    0    |    0    |    63   |
|          |                                 y_l_V_fu_2179                                 |    0    |    0    |    0    |    57   |
|          |                                ret_V_5_fu_2272                                |    0    |    0    |    0    |    39   |
|          |                               add_ln167_fu_2315                               |    0    |    0    |    0    |    18   |
|----------|-------------------------------------------------------------------------------|---------|---------|---------|---------|
|          |                               select_ln17_fu_663                              |    0    |    0    |    0    |    5    |
|          |                              select_ln17_1_fu_671                             |    0    |    0    |    0    |    3    |
|          |                              select_ln17_2_fu_717                             |    0    |    0    |    0    |    16   |
|          |                              select_ln17_3_fu_725                             |    0    |    0    |    0    |    14   |
|          |                               select_ln19_fu_763                              |    0    |    0    |    0    |    5    |
|          |                              select_ln19_1_fu_801                             |    0    |    0    |    0    |    14   |
|          |                              select_ln19_2_fu_809                             |    0    |    0    |    0    |    5    |
|          |                               select_ln65_fu_976                              |    0    |    0    |    0    |    15   |
|          |                             select_ln19_3_fu_1036                             |    0    |    0    |    0    |    10   |
|          |                                 s_V_3_fu_1071                                 |    0    |    0    |    0    |    16   |
|          |                              select_ln66_fu_1161                              |    0    |    0    |    0    |    4    |
|          |                             select_ln66_1_fu_1183                             |    0    |    0    |    0    |    8    |
|          |                             select_ln66_2_fu_1191                             |    0    |    0    |    0    |    4    |
|          |                             select_ln66_3_fu_1208                             |    0    |    0    |    0    |    12   |
|          |                              select_ln68_fu_1246                              |    0    |    0    |    0    |    4    |
|          |                             select_ln68_1_fu_1284                             |    0    |    0    |    0    |    12   |
|  select  |                             select_ln68_2_fu_1292                             |    0    |    0    |    0    |    4    |
|          |                             select_ln68_3_fu_1342                             |    0    |    0    |    0    |    8    |
|          |                             select_ln65_1_fu_1454                             |    0    |    0    |    0    |    15   |
|          |                              select_ln115_fu_1574                             |    0    |    0    |    0    |    5    |
|          |                             select_ln115_1_fu_1598                            |    0    |    0    |    0    |    8    |
|          |                             select_ln115_2_fu_1620                            |    0    |    0    |    0    |    16   |
|          |                             select_ln115_3_fu_1628                            |    0    |    0    |    0    |    3    |
|          |                             select_ln115_4_fu_1640                            |    0    |    0    |    0    |    14   |
|          |                              select_ln117_fu_1678                             |    0    |    0    |    0    |    5    |
|          |                             select_ln117_1_fu_1716                            |    0    |    0    |    0    |    14   |
|          |                             select_ln117_2_fu_1724                            |    0    |    0    |    0    |    5    |
|          |                             select_ln117_3_fu_1774                            |    0    |    0    |    0    |    10   |
|          |                             select_ln65_2_fu_1876                             |    0    |    0    |    0    |    15   |
|          |                              select_ln147_fu_1921                             |    0    |    0    |    0    |    5    |
|          |                             select_ln147_1_fu_1954                            |    0    |    0    |    0    |    5    |
|          |                              select_ln69_fu_2019                              |    0    |    0    |    0    |    14   |
|          |                             select_ln69_1_fu_2031                             |    0    |    0    |    0    |    14   |
|          |                                exp_val_fu_2260                                |    0    |    0    |    0    |    32   |
|----------|-------------------------------------------------------------------------------|---------|---------|---------|---------|
|          |                                icmp_ln17_fu_636                               |    0    |    0    |    0    |    12   |
|          |                                icmp_ln19_fu_657                               |    0    |    0    |    0    |    11   |
|          |                                icmp_ln21_fu_739                               |    0    |    0    |    0    |    9    |
|          |                                icmp_ln25_fu_852                               |    0    |    0    |    0    |    8    |
|          |                                 notlhs_fu_947                                 |    0    |    0    |    0    |    9    |
|          |                                 notrhs_fu_953                                 |    0    |    0    |    0    |    10   |
|          |                              icmp_ln1649_3_fu_970                             |    0    |    0    |    0    |    13   |
|          |                               icmp_ln66_fu_1131                               |    0    |    0    |    0    |    11   |
|          |                               icmp_ln68_fu_1155                               |    0    |    0    |    0    |    11   |
|          |                               icmp_ln70_fu_1222                               |    0    |    0    |    0    |    9    |
|          |                          cmp27_i_not_mid1115_fu_1409                          |    0    |    0    |    0    |    9    |
|          |                          cmp29_i_not_mid1117_fu_1415                          |    0    |    0    |    0    |    9    |
|          |                              icmp_ln1649_fu_1448                              |    0    |    0    |    0    |    13   |
|   icmp   |                               icmp_ln115_fu_1544                              |    0    |    0    |    0    |    12   |
|          |                               icmp_ln117_fu_1568                              |    0    |    0    |    0    |    11   |
|          |                               icmp_ln119_fu_1654                              |    0    |    0    |    0    |    9    |
|          |                         cmp27_i431_not_mid1258_fu_1831                        |    0    |    0    |    0    |    9    |
|          |                         cmp29_i433_not_mid1260_fu_1837                        |    0    |    0    |    0    |    10   |
|          |                             icmp_ln1649_4_fu_1870                             |    0    |    0    |    0    |    13   |
|          |                               icmp_ln147_fu_1900                              |    0    |    0    |    0    |    11   |
|          |                               icmp_ln149_fu_1915                              |    0    |    0    |    0    |    9    |
|          |                         cmp23_i72_not_mid1364_fu_1971                         |    0    |    0    |    0    |    9    |
|          |                         cmp25_i74_not_mid1366_fu_1977                         |    0    |    0    |    0    |    10   |
|          |                             icmp_ln1649_5_fu_2001                             |    0    |    0    |    0    |    13   |
|          |                              icmp_ln1650_fu_2007                              |    0    |    0    |    0    |    13   |
|          |                                 overf_fu_2194                                 |    0    |    0    |    0    |    8    |
|          |                               icmp_ln533_fu_2238                              |    0    |    0    |    0    |    8    |
|----------|-------------------------------------------------------------------------------|---------|---------|---------|---------|
|          |                                sub_ln36_fu_630                                |    0    |    0    |    0    |    20   |
|          |                               sub_ln36_1_fu_795                               |    0    |    0    |    0    |    20   |
|          |                                sub_ln32_fu_907                                |    0    |    0    |    0    |    17   |
|          |                                empty_84_fu_926                                |    0    |    0    |    0    |    7    |
|    sub   |                                sub_ln88_fu_1125                               |    0    |    0    |    0    |    19   |
|          |                               sub_ln88_1_fu_1278                              |    0    |    0    |    0    |    19   |
|          |                               sub_ln137_fu_1538                               |    0    |    0    |    0    |    20   |
|          |                              sub_ln137_1_fu_1710                              |    0    |    0    |    0    |    20   |
|          |                                  r_V_fu_2047                                  |    0    |    0    |    0    |    27   |
|          |                               sub_ln167_fu_2306                               |    0    |    0    |    0    |    18   |
|----------|-------------------------------------------------------------------------------|---------|---------|---------|---------|
|          |                                   s_V_fu_592                                  |    0    |    0    |    0    |    20   |
|    mux   |                                s_V_mid1_fu_703                                |    0    |    0    |    0    |    20   |
|          |                                 s_V_4_fu_1500                                 |    0    |    0    |    0    |    20   |
|          |                               s_V_8_mid1_fu_1606                              |    0    |    0    |    0    |    20   |
|----------|-------------------------------------------------------------------------------|---------|---------|---------|---------|
|    mul   |                                 r_V_10_fu_2160                                |    8    |    0    |    0    |    21   |
|----------|-------------------------------------------------------------------------------|---------|---------|---------|---------|
|          |                                 or_ln19_fu_757                                |    0    |    0    |    0    |    2    |
|          |                                or_ln68_fu_1240                                |    0    |    0    |    0    |    2    |
|          |                                or_ln117_fu_1672                               |    0    |    0    |    0    |    2    |
|    or    |                                or_ln69_fu_2013                                |    0    |    0    |    0    |    2    |
|          |                                or_ln533_fu_2216                               |    0    |    0    |    0    |    2    |
|          |                               or_ln533_1_fu_2222                              |    0    |    0    |    0    |    2    |
|          |                                overf_1_fu_2244                                |    0    |    0    |    0    |    2    |
|----------|-------------------------------------------------------------------------------|---------|---------|---------|---------|
|          |                                and_ln17_fu_745                                |    0    |    0    |    0    |    2    |
|    and   |                               brmerge_not_fu_959                              |    0    |    0    |    0    |    2    |
|          |                                and_ln66_fu_1228                               |    0    |    0    |    0    |    2    |
|          |                               and_ln115_fu_1660                               |    0    |    0    |    0    |    2    |
|----------|-------------------------------------------------------------------------------|---------|---------|---------|---------|
|          |                                xor_ln17_fu_733                                |    0    |    0    |    0    |    2    |
|    xor   |                                xor_ln66_fu_1216                               |    0    |    0    |    0    |    2    |
|          |                               xor_ln115_fu_1648                               |    0    |    0    |    0    |    2    |
|----------|-------------------------------------------------------------------------------|---------|---------|---------|---------|
|          |                                empty_80_fu_588                                |    0    |    0    |    0    |    0    |
|          |                                empty_79_fu_683                                |    0    |    0    |    0    |    0    |
|          |                               trunc_ln17_fu_687                               |    0    |    0    |    0    |    0    |
|          |                               trunc_ln32_fu_883                               |    0    |    0    |    0    |    0    |
|          |                               trunc_ln25_fu_966                               |    0    |    0    |    0    |    0    |
|          |                                empty_88_fu_1087                               |    0    |    0    |    0    |    0    |
|          |                                empty_87_fu_1169                               |    0    |    0    |    0    |    0    |
|   trunc  |                               trunc_ln66_fu_1204                              |    0    |    0    |    0    |    0    |
|          |                               trunc_ln74_fu_1444                              |    0    |    0    |    0    |    0    |
|          |                                empty_91_fu_1484                               |    0    |    0    |    0    |    0    |
|          |                                empty_90_fu_1582                               |    0    |    0    |    0    |    0    |
|          |                              trunc_ln115_fu_1636                              |    0    |    0    |    0    |    0    |
|          |                              trunc_ln123_fu_1866                              |    0    |    0    |    0    |    0    |
|          |                              trunc_ln838_fu_2027                              |    0    |    0    |    0    |    0    |
|          |                              trunc_ln594_fu_2122                              |    0    |    0    |    0    |    0    |
|----------|-------------------------------------------------------------------------------|---------|---------|---------|---------|
|          |                               shl_ln36_1_fu_606                               |    0    |    0    |    0    |    0    |
|          |                               shl_ln36_2_fu_618                               |    0    |    0    |    0    |    0    |
|          |                            p_shl_cast_mid2_v_fu_691                           |    0    |    0    |    0    |    0    |
|          |                             shl_ln36_1_mid1_fu_771                            |    0    |    0    |    0    |    0    |
|          |                             shl_ln36_2_mid1_fu_783                            |    0    |    0    |    0    |    0    |
|          |                                 tmp_12_fu_887                                 |    0    |    0    |    0    |    0    |
|          |                                 tmp_13_fu_895                                 |    0    |    0    |    0    |    0    |
|          |                                 p_shl3_fu_914                                 |    0    |    0    |    0    |    0    |
|          |                                  tmp2_fu_989                                  |    0    |    0    |    0    |    0    |
|          |                                 tmp_5_fu_1091                                 |    0    |    0    |    0    |    0    |
|          |                               shl_ln88_1_fu_1101                              |    0    |    0    |    0    |    0    |
|          |                               shl_ln88_2_fu_1113                              |    0    |    0    |    0    |    0    |
|          |                               tmp_5_mid1_fu_1173                              |    0    |    0    |    0    |    0    |
|          |                            shl_ln88_1_mid1_fu_1254                            |    0    |    0    |    0    |    0    |
|          |                            shl_ln88_2_mid1_fu_1266                            |    0    |    0    |    0    |    0    |
|bitconcatenate|                                  tmp4_fu_1300                                 |    0    |    0    |    0    |    0    |
|          |                              shl_ln83_mid_fu_1422                             |    0    |    0    |    0    |    0    |
|          |                                 tmp_11_fu_1488                                |    0    |    0    |    0    |    0    |
|          |                              shl_ln137_1_fu_1514                              |    0    |    0    |    0    |    0    |
|          |                              shl_ln137_2_fu_1526                              |    0    |    0    |    0    |    0    |
|          |                              tmp_11_mid1_fu_1586                              |    0    |    0    |    0    |    0    |
|          |                            shl_ln137_1_mid1_fu_1686                           |    0    |    0    |    0    |    0    |
|          |                            shl_ln137_2_mid1_fu_1698                           |    0    |    0    |    0    |    0    |
|          |                                  tmp5_fu_1732                                 |    0    |    0    |    0    |    0    |
|          |                             shl_ln132_mid_fu_1844                             |    0    |    0    |    0    |    0    |
|          |                             shl_ln162_mid_fu_1984                             |    0    |    0    |    0    |    0    |
|          |                                 x_wide_fu_2039                                |    0    |    0    |    0    |    0    |
|          |                               p_Result_6_fu_2071                              |    0    |    0    |    0    |    0    |
|          |                                  rhs_fu_2126                                  |    0    |    0    |    0    |    0    |
|          |                                 tmp_s_fu_2288                                 |    0    |    0    |    0    |    0    |
|          |                                 tmp_18_fu_2295                                |    0    |    0    |    0    |    0    |
|----------|-------------------------------------------------------------------------------|---------|---------|---------|---------|
|          |                                zext_ln36_fu_614                               |    0    |    0    |    0    |    0    |
|          |                               zext_ln36_1_fu_626                              |    0    |    0    |    0    |    0    |
|          |                                zext_ln17_fu_679                               |    0    |    0    |    0    |    0    |
|          |                               zext_ln17_1_fu_699                              |    0    |    0    |    0    |    0    |
|          |                               zext_ln36_4_fu_779                              |    0    |    0    |    0    |    0    |
|          |                               zext_ln36_5_fu_791                              |    0    |    0    |    0    |    0    |
|          |                                zext_ln21_fu_817                               |    0    |    0    |    0    |    0    |
|          |                                zext_ln25_fu_864                               |    0    |    0    |    0    |    0    |
|          |                                p_cast78_fu_873                                |    0    |    0    |    0    |    0    |
|          |                                zext_ln32_fu_903                               |    0    |    0    |    0    |    0    |
|          |                               p_shl3_cast_fu_922                              |    0    |    0    |    0    |    0    |
|          |                               zext_ln36_2_fu_984                              |    0    |    0    |    0    |    0    |
|          |                               zext_ln36_3_fu_997                              |    0    |    0    |    0    |    0    |
|          |                              zext_ln36_6_fu_1020                              |    0    |    0    |    0    |    0    |
|          |                               zext_ln88_fu_1109                               |    0    |    0    |    0    |    0    |
|          |                              zext_ln88_1_fu_1121                              |    0    |    0    |    0    |    0    |
|          |                               zext_ln66_fu_1199                               |    0    |    0    |    0    |    0    |
|          |                              zext_ln88_4_fu_1262                              |    0    |    0    |    0    |    0    |
|          |                              zext_ln88_5_fu_1274                              |    0    |    0    |    0    |    0    |
|          |                              zext_ln88_3_fu_1310                              |    0    |    0    |    0    |    0    |
|   zext   |                           p_cast123_mid1109_fu_1400                           |    0    |    0    |    0    |    0    |
|          |                              zext_ln88_2_fu_1462                              |    0    |    0    |    0    |    0    |
|          |                              zext_ln88_6_fu_1470                              |    0    |    0    |    0    |    0    |
|          |                               zext_ln137_fu_1522                              |    0    |    0    |    0    |    0    |
|          |                              zext_ln137_1_fu_1534                             |    0    |    0    |    0    |    0    |
|          |                              zext_ln137_4_fu_1694                             |    0    |    0    |    0    |    0    |
|          |                              zext_ln137_5_fu_1706                             |    0    |    0    |    0    |    0    |
|          |                              zext_ln137_3_fu_1742                             |    0    |    0    |    0    |    0    |
|          |                           p_cast127_mid1252_fu_1822                           |    0    |    0    |    0    |    0    |
|          |                              zext_ln137_2_fu_1884                             |    0    |    0    |    0    |    0    |
|          |                              zext_ln137_6_fu_1892                             |    0    |    0    |    0    |    0    |
|          |                           p_cast125_mid1358_fu_1962                           |    0    |    0    |    0    |    0    |
|          |                               zext_ln541_fu_2089                              |    0    |    0    |    0    |    0    |
|          |                              zext_ln541_1_fu_2094                             |    0    |    0    |    0    |    0    |
|          |                               zext_ln813_fu_2109                              |    0    |    0    |    0    |    0    |
|          |                              zext_ln813_2_fu_2113                             |    0    |    0    |    0    |    0    |
|          |                             zext_ln1271_2_fu_2152                             |    0    |    0    |    0    |    0    |
|          |                              zext_ln1273_fu_2156                              |    0    |    0    |    0    |    0    |
|          |                              zext_ln813_1_fu_2176                             |    0    |    0    |    0    |    0    |
|          |                               zext_ln167_fu_2302                              |    0    |    0    |    0    |    0    |
|          |                              zext_ln167_1_fu_2312                             |    0    |    0    |    0    |    0    |
|          |                              zext_ln167_2_fu_2321                             |    0    |    0    |    0    |    0    |
|----------|-------------------------------------------------------------------------------|---------|---------|---------|---------|
|          |                                tmp3_cast_fu_937                               |    0    |    0    |    0    |    0    |
|          |                               sext_ln36_fu_1016                               |    0    |    0    |    0    |    0    |
|          |                              sext_ln83_3_fu_1430                              |    0    |    0    |    0    |    0    |
|   sext   |                               sext_ln88_fu_1467                               |    0    |    0    |    0    |    0    |
|          |                              sext_ln132_3_fu_1852                             |    0    |    0    |    0    |    0    |
|          |                               sext_ln137_fu_1889                              |    0    |    0    |    0    |    0    |
|          |                               sext_ln813_fu_2268                              |    0    |    0    |    0    |    0    |
|          |                              sext_ln1303_fu_2278                              |    0    |    0    |    0    |    0    |
|----------|-------------------------------------------------------------------------------|---------|---------|---------|---------|
|          |                               trunc_ln5_fu_1006                               |    0    |    0    |    0    |    0    |
|          |                               trunc_ln7_fu_1320                               |    0    |    0    |    0    |    0    |
|          |                               trunc_ln8_fu_1752                               |    0    |    0    |    0    |    0    |
|          |                                  tmp_fu_2061                                  |    0    |    0    |    0    |    0    |
|          |                                 tmp_15_fu_2079                                |    0    |    0    |    0    |    0    |
|partselect|                             f_x_msb_2_h_V_fu_2099                             |    0    |    0    |    0    |    0    |
|          |                       exp_x_msb_2_3_4_lsb_m_1_V_fu_2142                       |    0    |    0    |    0    |    0    |
|          |                             trunc_ln813_1_fu_2166                             |    0    |    0    |    0    |    0    |
|          |                                 tmp_8_fu_2184                                 |    0    |    0    |    0    |    0    |
|          |                                 tmp_14_fu_2228                                |    0    |    0    |    0    |    0    |
|          |                                 tmp_20_fu_2250                                |    0    |    0    |    0    |    0    |
|          |                                trunc_ln_fu_2326                               |    0    |    0    |    0    |    0    |
|----------|-------------------------------------------------------------------------------|---------|---------|---------|---------|
|          |                               p_Result_s_fu_2053                              |    0    |    0    |    0    |    0    |
| bitselect|                               p_Result_4_fu_2200                              |    0    |    0    |    0    |    0    |
|          |                               p_Result_5_fu_2208                              |    0    |    0    |    0    |    0    |
|----------|-------------------------------------------------------------------------------|---------|---------|---------|---------|
|   Total  |                                                                               |    16   |  14.644 |   1768  |   5155  |
|----------|-------------------------------------------------------------------------------|---------|---------|---------|---------|

Memories:
N/A

* Register list:
+---------------------------------+--------+
|                                 |   FF   |
+---------------------------------+--------+
|       add_ln132_2_reg_2677      |   13   |
|       add_ln17_1_reg_2405       |   12   |
|        add_ln25_reg_2501        |    2   |
|        add_ln30_reg_2458        |    6   |
|       add_ln83_2_reg_2611       |   13   |
|       brmerge_not_reg_2516      |    1   |
|  cmp23_i72_not_mid1364_reg_2705 |    1   |
|  cmp25_i74_not_mid1366_reg_2710 |    1   |
| cmp27_i431_not_mid1258_reg_2667 |    1   |
|   cmp27_i_not_mid1115_reg_2601  |    1   |
| cmp29_i433_not_mid1260_reg_2672 |    1   |
|   cmp29_i_not_mid1117_reg_2606  |    1   |
|    conv2_bias_V_addr_reg_2539   |    3   |
|    conv2_bias_V_load_reg_2596   |   10   |
|        empty_85_reg_2511        |    6   |
|      exp_x_msb_1_V_reg_2735     |   50   |
|exp_x_msb_1_table_V_addr_reg_2730|    8   |
| f_x_msb_2_table_V_addr_reg_2725 |    8   |
|            i_reg_454            |    2   |
|       icmp_ln149_reg_2685       |    1   |
|        icmp_ln19_reg_2410       |    1   |
|    indvar_flatten144_reg_2477   |    8   |
|    indvar_flatten171_reg_2491   |   11   |
|    indvar_flatten25_reg_2365    |   12   |
|    indvar_flatten289_reg_2575   |   10   |
|    indvar_flatten315_reg_2589   |   12   |
|    indvar_flatten393_reg_2660   |   10   |
|     indvar_flatten_reg_2351     |   10   |
|           n_1_reg_2484          |    4   |
|           n_2_reg_2582          |    3   |
|            n_reg_2358           |    3   |
|       s_V_13_loc_reg_2396       |   16   |
|       s_V_14_loc_reg_2390       |   16   |
|       s_V_15_loc_reg_2384       |   16   |
|       s_V_16_loc_reg_2378       |   16   |
|       s_V_18_loc_reg_2372       |   16   |
|          s_V_1_reg_465          |   16   |
|          s_V_3_reg_2526         |   16   |
|     select_ln115_1_reg_2619     |    8   |
|     select_ln115_2_reg_2624     |   16   |
|     select_ln117_2_reg_2636     |    5   |
|      select_ln117_reg_2629      |    5   |
|     select_ln147_1_reg_2698     |    5   |
|      select_ln147_reg_2690      |    5   |
|      select_ln17_1_reg_2415     |    3   |
|      select_ln17_2_reg_2435     |   16   |
|      select_ln19_1_reg_2447     |   14   |
|      select_ln19_2_reg_2452     |    5   |
|       select_ln19_reg_2440      |    5   |
|      select_ln66_1_reg_2534     |    8   |
|      select_ln68_2_reg_2551     |    4   |
|       select_ln68_reg_2544      |    4   |
|       sext_ln1303_reg_2745      |   34   |
|      shl_ln162_mid_reg_2715     |    9   |
|        sub_ln32_reg_2506        |   10   |
|       targetBlock_reg_2521      |    1   |
|         tmp_15_reg_2720         |    8   |
|       trunc_ln17_reg_2425       |    2   |
|        trunc_ln7_reg_2556       |   12   |
|      trunc_ln813_1_reg_2740     |   48   |
|        trunc_ln8_reg_2641       |   13   |
|           x_1_reg_2470          |    4   |
|           x_2_reg_2653          |    5   |
|           x_3_reg_2568          |    5   |
|            x_reg_2344           |    5   |
|           y_1_reg_2463          |    4   |
|           y_2_reg_2646          |    5   |
|           y_3_reg_2561          |    5   |
|            y_reg_2337           |    5   |
|       zext_ln17_1_reg_2430      |    6   |
|        zext_ln17_reg_2420       |    5   |
+---------------------------------+--------+
|              Total              |   626  |
+---------------------------------+--------+

* Multiplexer (MUX) list: 
|-------------------------------------------------------------------|------|------|------|--------||---------||---------|
|                                Comp                               |  Pin | Size |  BW  | S x BW ||  Delay  ||   LUT   |
|-------------------------------------------------------------------|------|------|------|--------||---------||---------|
|                         grp_access_fu_383                         |  p1  |   3  |  16  |   48   ||    14   |
|                         grp_access_fu_395                         |  p0  |   2  |   3  |    6   ||    9    |
|                         grp_access_fu_422                         |  p0  |   2  |   8  |   16   ||    9    |
|                         grp_access_fu_435                         |  p0  |   2  |   8  |   16   ||    9    |
|              grp_inference_Pipeline_loop_kw_1_fu_481              |  p3  |   2  |  10  |   20   ||    9    |
|              grp_inference_Pipeline_loop_kw_1_fu_481              |  p5  |   2  |   1  |    2   ||    9    |
|              grp_inference_Pipeline_loop_kw_1_fu_481              |  p6  |   2  |   6  |   12   ||    9    |
|    grp_inference_Pipeline_loop_kh_2_loop_kw_2_loop_ic_2_fu_504    |  p1  |   2  |  10  |   20   ||    9    |
|    grp_inference_Pipeline_loop_kh_2_loop_kw_2_loop_ic_2_fu_504    |  p5  |   2  |   1  |    2   ||    9    |
|    grp_inference_Pipeline_loop_kh_2_loop_kw_2_loop_ic_2_fu_504    |  p6  |   2  |   1  |    2   ||    9    |
|    grp_inference_Pipeline_loop_kh_2_loop_kw_2_loop_ic_2_fu_504    |  p7  |   2  |  13  |   26   ||    9    |
|    grp_inference_Pipeline_loop_kh_3_loop_kw_3_loop_ic_3_fu_521    |  p5  |   2  |   1  |    2   ||    9    |
|    grp_inference_Pipeline_loop_kh_3_loop_kw_3_loop_ic_3_fu_521    |  p6  |   2  |   1  |    2   ||    9    |
|    grp_inference_Pipeline_loop_kh_3_loop_kw_3_loop_ic_3_fu_521    |  p7  |   2  |  13  |   26   ||    9    |
| grp_inference_Pipeline_loop_kh_out_loop_kw_out_loop_ic_out_fu_537 |  p1  |   2  |   5  |   10   ||    9    |
| grp_inference_Pipeline_loop_kh_out_loop_kw_out_loop_ic_out_fu_537 |  p3  |   2  |   1  |    2   ||    9    |
| grp_inference_Pipeline_loop_kh_out_loop_kw_out_loop_ic_out_fu_537 |  p4  |   2  |   1  |    2   ||    9    |
| grp_inference_Pipeline_loop_kh_out_loop_kw_out_loop_ic_out_fu_537 |  p5  |   2  |   9  |   18   ||    9    |
|                            grp_fu_2282                            |  p1  |   2  |  33  |   66   ||    9    |
|-------------------------------------------------------------------|------|------|------|--------||---------||---------|
|                               Total                               |      |      |      |   298  ||  8.162  ||   176   |
|-------------------------------------------------------------------|------|------|------|--------||---------||---------|



* Summary:
+-----------+--------+--------+--------+--------+
|           |   DSP  |  Delay |   FF   |   LUT  |
+-----------+--------+--------+--------+--------+
|  Function |   16   |   14   |  1768  |  5155  |
|   Memory  |    -   |    -   |    -   |    -   |
|Multiplexer|    -   |    8   |    -   |   176  |
|  Register |    -   |    -   |   626  |    -   |
+-----------+--------+--------+--------+--------+
|   Total   |   16   |   22   |  2394  |  5331  |
+-----------+--------+--------+--------+--------+
