

================================================================
== Vitis HLS Report for 'inference_Pipeline_VITIS_LOOP_45_1_VITIS_LOOP_46_2_VITIS_LOOP_47_3'
================================================================
* Date:           Tue Jun 30 22:18:42 2026

* Version:        2022.2 (Build 3670227 on Oct 13 2022)
* Project:        denoiser
* Solution:       solution1 (Vivado IP Flow Target)
* Product family: zynquplus
* Target device:  xck26-sfvc784-2LV-c


================================================================
== Performance Estimates
================================================================
+ Timing: 
    * Summary: 
    +--------+----------+----------+------------+
    |  Clock |  Target  | Estimated| Uncertainty|
    +--------+----------+----------+------------+
    |ap_clk  |  10.00 ns|  5.392 ns|     2.70 ns|
    +--------+----------+----------+------------+

+ Latency: 
    * Summary: 
    +---------+---------+-----------+-----------+------+------+---------+
    |  Latency (cycles) |   Latency (absolute)  |   Interval  | Pipeline|
    |   min   |   max   |    min    |    max    |  min |  max |   Type  |
    +---------+---------+-----------+-----------+------+------+---------+
    |     2354|     2354|  23.540 us|  23.540 us|  2354|  2354|       no|
    +---------+---------+-----------+-----------+------+------+---------+

    + Detail: 
        * Instance: 
        N/A

        * Loop: 
        +---------------------------------------------------+---------+---------+----------+-----------+-----------+------+----------+
        |                                                   |  Latency (cycles) | Iteration|  Initiation Interval  | Trip |          |
        |                     Loop Name                     |   min   |   max   |  Latency |  achieved |   target  | Count| Pipelined|
        +---------------------------------------------------+---------+---------+----------+-----------+-----------+------+----------+
        |- VITIS_LOOP_45_1_VITIS_LOOP_46_2_VITIS_LOOP_47_3  |     2352|     2352|         3|          3|          1|   784|       yes|
        +---------------------------------------------------+---------+---------+----------+-----------+-----------+------+----------+



================================================================
== Utilization Estimates
================================================================
* Summary: 
+-----------------+---------+------+--------+--------+-----+
|       Name      | BRAM_18K|  DSP |   FF   |   LUT  | URAM|
+-----------------+---------+------+--------+--------+-----+
|DSP              |        -|     -|       -|       -|    -|
|Expression       |        -|     -|       0|     549|    -|
|FIFO             |        -|     -|       -|       -|    -|
|Instance         |        -|     -|       -|       -|    -|
|Memory           |        -|     -|       -|       -|    -|
|Multiplexer      |        -|     -|       -|     162|    -|
|Register         |        -|     -|      87|       -|    -|
+-----------------+---------+------+--------+--------+-----+
|Total            |        0|     0|      87|     711|    0|
+-----------------+---------+------+--------+--------+-----+
|Available        |      288|  1248|  234240|  117120|   64|
+-----------------+---------+------+--------+--------+-----+
|Utilization (%)  |        0|     0|      ~0|      ~0|    0|
+-----------------+---------+------+--------+--------+-----+

+ Detail: 
    * Instance: 
    N/A

    * DSP: 
    N/A

    * Memory: 
    N/A

    * FIFO: 
    N/A

    * Expression: 
    +-------------------------+----------+----+---+----+------------+------------+
    |      Variable Name      | Operation| DSP| FF| LUT| Bitwidth P0| Bitwidth P1|
    +-------------------------+----------+----+---+----+------------+------------+
    |add_ln45_1_fu_362_p2     |         +|   0|  0|  21|          14|           8|
    |add_ln45_2_fu_292_p2     |         +|   0|  0|  17|          10|           1|
    |add_ln45_fu_304_p2       |         +|   0|  0|  12|           4|           1|
    |add_ln46_1_fu_714_p2     |         +|   0|  0|  14|           7|           1|
    |add_ln46_fu_456_p2       |         +|   0|  0|  12|           4|           1|
    |add_ln47_fu_708_p2       |         +|   0|  0|  10|           3|           1|
    |add_ln49_fu_576_p2       |         +|   0|  0|  21|          14|          14|
    |add_ln50_fu_601_p2       |         +|   0|  0|  21|          14|          14|
    |add_ln52_fu_646_p2       |         +|   0|  0|  21|          14|          14|
    |add_ln54_fu_662_p2       |         +|   0|  0|  21|          14|          14|
    |add_ln56_1_fu_692_p2     |         +|   0|  0|  21|          14|          14|
    |add_ln56_2_fu_526_p2     |         +|   0|  0|  19|          12|          12|
    |add_ln56_fu_280_p2       |         +|   0|  0|  19|          12|          12|
    |sub_ln49_1_fu_348_p2     |         -|   0|  0|  21|          14|          14|
    |sub_ln49_fu_218_p2       |         -|   0|  0|  21|          14|          14|
    |sub_ln56_1_fu_392_p2     |         -|   0|  0|  19|          12|          12|
    |sub_ln56_fu_248_p2       |         -|   0|  0|  19|          12|          12|
    |and_ln45_fu_442_p2       |       and|   0|  0|   2|           1|           1|
    |icmp_ln1649_1_fu_783_p2  |      icmp|   0|  0|  13|          16|          16|
    |icmp_ln1649_2_fu_795_p2  |      icmp|   0|  0|  13|          16|          16|
    |icmp_ln1649_fu_753_p2    |      icmp|   0|  0|  13|          16|          16|
    |icmp_ln45_fu_286_p2      |      icmp|   0|  0|  11|          10|           9|
    |icmp_ln46_fu_310_p2      |      icmp|   0|  0|  10|           7|           6|
    |icmp_ln47_fu_436_p2      |      icmp|   0|  0|   9|           3|           4|
    |or_ln46_fu_462_p2        |        or|   0|  0|   2|           1|           1|
    |or_ln50_1_fu_496_p2      |        or|   0|  0|   8|           8|           4|
    |or_ln50_fu_262_p2        |        or|   0|  0|   8|           8|           4|
    |d_d0                     |    select|   0|  0|  16|           1|          16|
    |max_val_V_1_fu_759_p3    |    select|   0|  0|  16|           1|          16|
    |max_val_V_3_fu_788_p3    |    select|   0|  0|  16|           1|          16|
    |select_ln45_1_fu_354_p3  |    select|   0|  0|  14|           1|          14|
    |select_ln45_2_fu_398_p3  |    select|   0|  0|  11|           1|          12|
    |select_ln45_3_fu_406_p3  |    select|   0|  0|   8|           1|           1|
    |select_ln45_4_fu_414_p3  |    select|   0|  0|   8|           1|           4|
    |select_ln45_5_fu_422_p3  |    select|   0|  0|  11|           1|          12|
    |select_ln45_6_fu_448_p3  |    select|   0|  0|   4|           1|           4|
    |select_ln45_fu_316_p3    |    select|   0|  0|   4|           1|           1|
    |select_ln46_1_fu_484_p3  |    select|   0|  0|   8|           1|           8|
    |select_ln46_2_fu_502_p3  |    select|   0|  0|   8|           1|           8|
    |select_ln46_3_fu_532_p3  |    select|   0|  0|  11|           1|          12|
    |select_ln46_4_fu_544_p3  |    select|   0|  0|   4|           1|           4|
    |select_ln46_5_fu_720_p3  |    select|   0|  0|   7|           1|           1|
    |select_ln46_fu_468_p3    |    select|   0|  0|   3|           1|           1|
    |xor_ln45_fu_430_p2       |       xor|   0|  0|   2|           1|           2|
    +-------------------------+----------+----+---+----+------------+------------+
    |Total                    |          |   0|  0| 549|         291|         368|
    +-------------------------+----------+----+---+----+------------+------------+

    * Multiplexer: 
    +----------------------------------------+----+-----------+-----+-----------+
    |                  Name                  | LUT| Input Size| Bits| Total Bits|
    +----------------------------------------+----+-----------+-----+-----------+
    |ap_NS_fsm                               |  20|          4|    1|          4|
    |ap_done_int                             |   9|          2|    1|          2|
    |ap_sig_allocacmp_c_load                 |   9|          2|    3|          6|
    |ap_sig_allocacmp_h_2                    |   9|          2|    4|          8|
    |ap_sig_allocacmp_indvar_flatten32_load  |   9|          2|    7|         14|
    |ap_sig_allocacmp_indvar_flatten64_load  |   9|          2|   10|         20|
    |ap_sig_allocacmp_w_2                    |   9|          2|    4|          8|
    |c_fu_92                                 |   9|          2|    3|          6|
    |d_address0                              |  20|          4|   14|         56|
    |d_address1                              |  14|          3|   14|         42|
    |d_we0                                   |   9|          2|    2|          4|
    |h_fu_104                                |   9|          2|    4|          8|
    |indvar_flatten32_fu_100                 |   9|          2|    7|         14|
    |indvar_flatten64_fu_108                 |   9|          2|   10|         20|
    |w_fu_96                                 |   9|          2|    4|          8|
    +----------------------------------------+----+-----------+-----+-----------+
    |Total                                   | 162|         35|   88|        220|
    +----------------------------------------+----+-----------+-----+-----------+

    * Register: 
    +-------------------------+----+----+-----+-----------+
    |           Name          | FF | LUT| Bits| Const Bits|
    +-------------------------+----+----+-----+-----------+
    |ap_CS_fsm                |   3|   0|    3|          0|
    |ap_done_reg              |   1|   0|    1|          0|
    |c_fu_92                  |   3|   0|    3|          0|
    |h_fu_104                 |   4|   0|    4|          0|
    |indvar_flatten32_fu_100  |   7|   0|    7|          0|
    |indvar_flatten64_fu_108  |  10|   0|   10|          0|
    |lshr_ln_reg_872          |  13|   0|   13|          0|
    |max_val_V_1_reg_877      |  16|   0|   16|          0|
    |trunc_ln2_reg_862        |  13|   0|   13|          0|
    |trunc_ln3_reg_867        |  13|   0|   13|          0|
    |w_fu_96                  |   4|   0|    4|          0|
    +-------------------------+----+----+-----+-----------+
    |Total                    |  87|   0|   87|          0|
    +-------------------------+----+----+-----+-----------+



================================================================
== Interface
================================================================
* Summary: 
+------------+-----+-----+------------+--------------------------------------------------------------------+--------------+
|  RTL Ports | Dir | Bits|  Protocol  |                            Source Object                           |    C Type    |
+------------+-----+-----+------------+--------------------------------------------------------------------+--------------+
|ap_clk      |   in|    1|  ap_ctrl_hs|  inference_Pipeline_VITIS_LOOP_45_1_VITIS_LOOP_46_2_VITIS_LOOP_47_3|  return value|
|ap_rst      |   in|    1|  ap_ctrl_hs|  inference_Pipeline_VITIS_LOOP_45_1_VITIS_LOOP_46_2_VITIS_LOOP_47_3|  return value|
|ap_start    |   in|    1|  ap_ctrl_hs|  inference_Pipeline_VITIS_LOOP_45_1_VITIS_LOOP_46_2_VITIS_LOOP_47_3|  return value|
|ap_done     |  out|    1|  ap_ctrl_hs|  inference_Pipeline_VITIS_LOOP_45_1_VITIS_LOOP_46_2_VITIS_LOOP_47_3|  return value|
|ap_idle     |  out|    1|  ap_ctrl_hs|  inference_Pipeline_VITIS_LOOP_45_1_VITIS_LOOP_46_2_VITIS_LOOP_47_3|  return value|
|ap_ready    |  out|    1|  ap_ctrl_hs|  inference_Pipeline_VITIS_LOOP_45_1_VITIS_LOOP_46_2_VITIS_LOOP_47_3|  return value|
|d_address0  |  out|   14|   ap_memory|                                                                   d|         array|
|d_ce0       |  out|    1|   ap_memory|                                                                   d|         array|
|d_we0       |  out|    2|   ap_memory|                                                                   d|         array|
|d_d0        |  out|   16|   ap_memory|                                                                   d|         array|
|d_q0        |   in|   16|   ap_memory|                                                                   d|         array|
|d_address1  |  out|   14|   ap_memory|                                                                   d|         array|
|d_ce1       |  out|    1|   ap_memory|                                                                   d|         array|
|d_q1        |   in|   16|   ap_memory|                                                                   d|         array|
+------------+-----+-----+------------+--------------------------------------------------------------------+--------------+

============================================================
+ Verbose Summary: Synthesis Manager
============================================================
InlineROM: 1
ExposeGlobal: 0
============================================================
+ Verbose Summary: CDFG Model
============================================================
IsTopModel: 0
ResetActiveHigh: 1
IsCombinational: 2
IsDatapathOnly: 2
HasWiredReturn: 1
HasMFsm: 2
HasVarLatency: 1
IsPipeline: 0
IsRtlPipelined: 0
IsInstanceOverlapped: 0
IsDontTouch: 0
HasImplIP: 0
IsGatedGlobalClock: 0

+ Individual pipeline summary: 
  * Pipeline-0: initiation interval (II) = 3, depth = 3


============================================================
+ Verbose Summary: Schedule
============================================================
* Number of FSM states : 3
* Pipeline : 1
  Pipeline-0 : II = 3, D = 3, States = { 1 2 3 }
* Dataflow Pipeline: 0

* FSM state transitions: 
1 --> 2 
2 --> 3 
3 --> 

* FSM state operations: 

State 1 <SV = 0> <Delay = 4.46>
ST_1 : Operation 6 [1/1] (0.00ns)   --->   "%c = alloca i32 1"   --->   Operation 6 'alloca' 'c' <Predicate = true> <Delay = 0.00>
ST_1 : Operation 7 [1/1] (0.00ns)   --->   "%w = alloca i32 1"   --->   Operation 7 'alloca' 'w' <Predicate = true> <Delay = 0.00>
ST_1 : Operation 8 [1/1] (0.00ns)   --->   "%indvar_flatten32 = alloca i32 1"   --->   Operation 8 'alloca' 'indvar_flatten32' <Predicate = true> <Delay = 0.00>
ST_1 : Operation 9 [1/1] (0.00ns)   --->   "%h = alloca i32 1"   --->   Operation 9 'alloca' 'h' <Predicate = true> <Delay = 0.00>
ST_1 : Operation 10 [1/1] (0.00ns)   --->   "%indvar_flatten64 = alloca i32 1"   --->   Operation 10 'alloca' 'indvar_flatten64' <Predicate = true> <Delay = 0.00>
ST_1 : Operation 11 [1/1] (0.00ns)   --->   "%specbramwithbyteenable_ln0 = specbramwithbyteenable void @_ssdm_op_SpecBRAMWithByteEnable, i16 %d"   --->   Operation 11 'specbramwithbyteenable' 'specbramwithbyteenable_ln0' <Predicate = true> <Delay = 0.00>
ST_1 : Operation 12 [1/1] (0.42ns)   --->   "%store_ln0 = store i10 0, i10 %indvar_flatten64"   --->   Operation 12 'store' 'store_ln0' <Predicate = true> <Delay = 0.42>
ST_1 : Operation 13 [1/1] (0.42ns)   --->   "%store_ln0 = store i4 0, i4 %h"   --->   Operation 13 'store' 'store_ln0' <Predicate = true> <Delay = 0.42>
ST_1 : Operation 14 [1/1] (0.42ns)   --->   "%store_ln0 = store i7 0, i7 %indvar_flatten32"   --->   Operation 14 'store' 'store_ln0' <Predicate = true> <Delay = 0.42>
ST_1 : Operation 15 [1/1] (0.42ns)   --->   "%store_ln0 = store i4 0, i4 %w"   --->   Operation 15 'store' 'store_ln0' <Predicate = true> <Delay = 0.42>
ST_1 : Operation 16 [1/1] (0.42ns)   --->   "%store_ln0 = store i3 0, i3 %c"   --->   Operation 16 'store' 'store_ln0' <Predicate = true> <Delay = 0.42>
ST_1 : Operation 17 [1/1] (0.00ns)   --->   "%br_ln0 = br void %for.body9.i26"   --->   Operation 17 'br' 'br_ln0' <Predicate = true> <Delay = 0.00>
ST_1 : Operation 18 [1/1] (0.00ns)   --->   "%w_2 = load i4 %w"   --->   Operation 18 'load' 'w_2' <Predicate = true> <Delay = 0.00>
ST_1 : Operation 19 [1/1] (0.00ns)   --->   "%h_2 = load i4 %h" [../denoiser_c_to_hls/denoiser.cpp:45]   --->   Operation 19 'load' 'h_2' <Predicate = true> <Delay = 0.00>
ST_1 : Operation 20 [1/1] (0.00ns)   --->   "%indvar_flatten64_load = load i10 %indvar_flatten64" [../denoiser_c_to_hls/denoiser.cpp:45]   --->   Operation 20 'load' 'indvar_flatten64_load' <Predicate = true> <Delay = 0.00>
ST_1 : Operation 21 [1/1] (0.00ns)   --->   "%shl_ln49_1 = bitconcatenate i13 @_ssdm_op_BitConcatenate.i13.i4.i9, i4 %h_2, i9 0" [../denoiser_c_to_hls/denoiser.cpp:49]   --->   Operation 21 'bitconcatenate' 'shl_ln49_1' <Predicate = true> <Delay = 0.00>
ST_1 : Operation 22 [1/1] (0.00ns)   --->   "%zext_ln49 = zext i13 %shl_ln49_1" [../denoiser_c_to_hls/denoiser.cpp:49]   --->   Operation 22 'zext' 'zext_ln49' <Predicate = true> <Delay = 0.00>
ST_1 : Operation 23 [1/1] (0.00ns)   --->   "%shl_ln49_2 = bitconcatenate i10 @_ssdm_op_BitConcatenate.i10.i4.i6, i4 %h_2, i6 0" [../denoiser_c_to_hls/denoiser.cpp:49]   --->   Operation 23 'bitconcatenate' 'shl_ln49_2' <Predicate = true> <Delay = 0.00>
ST_1 : Operation 24 [1/1] (0.00ns)   --->   "%zext_ln49_1 = zext i10 %shl_ln49_2" [../denoiser_c_to_hls/denoiser.cpp:49]   --->   Operation 24 'zext' 'zext_ln49_1' <Predicate = true> <Delay = 0.00>
ST_1 : Operation 25 [1/1] (0.82ns)   --->   "%sub_ln49 = sub i14 %zext_ln49, i14 %zext_ln49_1" [../denoiser_c_to_hls/denoiser.cpp:49]   --->   Operation 25 'sub' 'sub_ln49' <Predicate = true> <Delay = 0.82> <CoreInst = "Adder">   --->   Core 1 'Adder' <Latency = 0> <II = 1> <Delay = 0.83> <FuncUnit> <Opcode : 'add' 'sub'> <InPorts = 2> <OutPorts = 1>
ST_1 : Operation 26 [1/1] (0.00ns)   --->   "%shl_ln = bitconcatenate i11 @_ssdm_op_BitConcatenate.i11.i4.i7, i4 %h_2, i7 0" [../denoiser_c_to_hls/denoiser.cpp:56]   --->   Operation 26 'bitconcatenate' 'shl_ln' <Predicate = true> <Delay = 0.00>
ST_1 : Operation 27 [1/1] (0.00ns)   --->   "%zext_ln56 = zext i11 %shl_ln" [../denoiser_c_to_hls/denoiser.cpp:56]   --->   Operation 27 'zext' 'zext_ln56' <Predicate = true> <Delay = 0.00>
ST_1 : Operation 28 [1/1] (0.00ns)   --->   "%shl_ln56_1 = bitconcatenate i8 @_ssdm_op_BitConcatenate.i8.i4.i4, i4 %h_2, i4 0" [../denoiser_c_to_hls/denoiser.cpp:56]   --->   Operation 28 'bitconcatenate' 'shl_ln56_1' <Predicate = true> <Delay = 0.00>
ST_1 : Operation 29 [1/1] (0.00ns)   --->   "%zext_ln56_1 = zext i8 %shl_ln56_1" [../denoiser_c_to_hls/denoiser.cpp:56]   --->   Operation 29 'zext' 'zext_ln56_1' <Predicate = true> <Delay = 0.00>
ST_1 : Operation 30 [1/1] (0.79ns)   --->   "%sub_ln56 = sub i12 %zext_ln56, i12 %zext_ln56_1" [../denoiser_c_to_hls/denoiser.cpp:56]   --->   Operation 30 'sub' 'sub_ln56' <Predicate = true> <Delay = 0.79> <CoreInst = "Adder">   --->   Core 1 'Adder' <Latency = 0> <II = 1> <Delay = 0.80> <FuncUnit> <Opcode : 'add' 'sub'> <InPorts = 2> <OutPorts = 1>
ST_1 : Operation 31 [1/1] (0.00ns)   --->   "%tmp_7 = bitconcatenate i8 @_ssdm_op_BitConcatenate.i8.i4.i4, i4 %w_2, i4 0"   --->   Operation 31 'bitconcatenate' 'tmp_7' <Predicate = true> <Delay = 0.00>
ST_1 : Operation 32 [1/1] (0.00ns)   --->   "%or_ln50 = or i8 %tmp_7, i8 8" [../denoiser_c_to_hls/denoiser.cpp:50]   --->   Operation 32 'or' 'or_ln50' <Predicate = true> <Delay = 0.00>
ST_1 : Operation 33 [1/1] (0.00ns)   --->   "%shl_ln56_2 = bitconcatenate i7 @_ssdm_op_BitConcatenate.i7.i4.i3, i4 %w_2, i3 0" [../denoiser_c_to_hls/denoiser.cpp:56]   --->   Operation 33 'bitconcatenate' 'shl_ln56_2' <Predicate = true> <Delay = 0.00>
ST_1 : Operation 34 [1/1] (0.00ns)   --->   "%zext_ln47 = zext i7 %shl_ln56_2" [../denoiser_c_to_hls/denoiser.cpp:47]   --->   Operation 34 'zext' 'zext_ln47' <Predicate = true> <Delay = 0.00>
ST_1 : Operation 35 [1/1] (0.80ns)   --->   "%add_ln56 = add i12 %sub_ln56, i12 %zext_ln47" [../denoiser_c_to_hls/denoiser.cpp:56]   --->   Operation 35 'add' 'add_ln56' <Predicate = true> <Delay = 0.80> <CoreInst = "Adder">   --->   Core 1 'Adder' <Latency = 0> <II = 1> <Delay = 0.80> <FuncUnit> <Opcode : 'add' 'sub'> <InPorts = 2> <OutPorts = 1>
ST_1 : Operation 36 [1/1] (0.00ns)   --->   "%specpipeline_ln0 = specpipeline void @_ssdm_op_SpecPipeline, i32 4294967295, i32 0, i32 1, i32 0, void @p_str"   --->   Operation 36 'specpipeline' 'specpipeline_ln0' <Predicate = true> <Delay = 0.00>
ST_1 : Operation 37 [1/1] (0.91ns)   --->   "%icmp_ln45 = icmp_eq  i10 %indvar_flatten64_load, i10 784" [../denoiser_c_to_hls/denoiser.cpp:45]   --->   Operation 37 'icmp' 'icmp_ln45' <Predicate = true> <Delay = 0.91> <CoreInst = "Cmp">   --->   Core 9 'Cmp' <Latency = 0> <II = 1> <Delay = 0.91> <FuncUnit> <Opcode : 'icmp'> <InPorts = 2> <OutPorts = 1>
ST_1 : Operation 38 [1/1] (0.78ns)   --->   "%add_ln45_2 = add i10 %indvar_flatten64_load, i10 1" [../denoiser_c_to_hls/denoiser.cpp:45]   --->   Operation 38 'add' 'add_ln45_2' <Predicate = true> <Delay = 0.78> <CoreInst = "Adder">   --->   Core 1 'Adder' <Latency = 0> <II = 1> <Delay = 0.78> <FuncUnit> <Opcode : 'add' 'sub'> <InPorts = 2> <OutPorts = 1>
ST_1 : Operation 39 [1/1] (0.00ns)   --->   "%br_ln45 = br i1 %icmp_ln45, void %for.cond.cleanup4.i16, void %for.body9.i214.preheader.exitStub" [../denoiser_c_to_hls/denoiser.cpp:45]   --->   Operation 39 'br' 'br_ln45' <Predicate = true> <Delay = 0.00>
ST_1 : Operation 40 [1/1] (0.00ns)   --->   "%c_load = load i3 %c" [../denoiser_c_to_hls/denoiser.cpp:47]   --->   Operation 40 'load' 'c_load' <Predicate = (!icmp_ln45)> <Delay = 0.00>
ST_1 : Operation 41 [1/1] (0.00ns)   --->   "%indvar_flatten32_load = load i7 %indvar_flatten32" [../denoiser_c_to_hls/denoiser.cpp:46]   --->   Operation 41 'load' 'indvar_flatten32_load' <Predicate = (!icmp_ln45)> <Delay = 0.00>
ST_1 : Operation 42 [1/1] (0.79ns)   --->   "%add_ln45 = add i4 %h_2, i4 1" [../denoiser_c_to_hls/denoiser.cpp:45]   --->   Operation 42 'add' 'add_ln45' <Predicate = (!icmp_ln45)> <Delay = 0.79> <CoreInst = "Adder">   --->   Core 1 'Adder' <Latency = 0> <II = 1> <Delay = 0.79> <FuncUnit> <Opcode : 'add' 'sub'> <InPorts = 2> <OutPorts = 1>
ST_1 : Operation 43 [1/1] (0.81ns)   --->   "%icmp_ln46 = icmp_eq  i7 %indvar_flatten32_load, i7 56" [../denoiser_c_to_hls/denoiser.cpp:46]   --->   Operation 43 'icmp' 'icmp_ln46' <Predicate = (!icmp_ln45)> <Delay = 0.81> <CoreInst = "Cmp">   --->   Core 9 'Cmp' <Latency = 0> <II = 1> <Delay = 0.81> <FuncUnit> <Opcode : 'icmp'> <InPorts = 2> <OutPorts = 1>
ST_1 : Operation 44 [1/1] (0.39ns)   --->   "%select_ln45 = select i1 %icmp_ln46, i4 0, i4 %w_2" [../denoiser_c_to_hls/denoiser.cpp:45]   --->   Operation 44 'select' 'select_ln45' <Predicate = (!icmp_ln45)> <Delay = 0.39> <CoreInst = "Sel">   --->   Core 73 'Sel' <Latency = 0> <II = 1> <Delay = 0.39> <FuncUnit> <Opcode : 'select'> <InPorts = 3> <OutPorts = 1>
ST_1 : Operation 45 [1/1] (0.00ns)   --->   "%shl_ln49_1_mid1 = bitconcatenate i13 @_ssdm_op_BitConcatenate.i13.i4.i9, i4 %add_ln45, i9 0" [../denoiser_c_to_hls/denoiser.cpp:49]   --->   Operation 45 'bitconcatenate' 'shl_ln49_1_mid1' <Predicate = (!icmp_ln45)> <Delay = 0.00>
ST_1 : Operation 46 [1/1] (0.00ns)   --->   "%zext_ln49_2 = zext i13 %shl_ln49_1_mid1" [../denoiser_c_to_hls/denoiser.cpp:49]   --->   Operation 46 'zext' 'zext_ln49_2' <Predicate = (!icmp_ln45)> <Delay = 0.00>
ST_1 : Operation 47 [1/1] (0.00ns)   --->   "%shl_ln49_2_mid1 = bitconcatenate i10 @_ssdm_op_BitConcatenate.i10.i4.i6, i4 %add_ln45, i6 0" [../denoiser_c_to_hls/denoiser.cpp:49]   --->   Operation 47 'bitconcatenate' 'shl_ln49_2_mid1' <Predicate = (!icmp_ln45)> <Delay = 0.00>
ST_1 : Operation 48 [1/1] (0.00ns)   --->   "%zext_ln49_3 = zext i10 %shl_ln49_2_mid1" [../denoiser_c_to_hls/denoiser.cpp:49]   --->   Operation 48 'zext' 'zext_ln49_3' <Predicate = (!icmp_ln45)> <Delay = 0.00>
ST_1 : Operation 49 [1/1] (0.82ns)   --->   "%sub_ln49_1 = sub i14 %zext_ln49_2, i14 %zext_ln49_3" [../denoiser_c_to_hls/denoiser.cpp:49]   --->   Operation 49 'sub' 'sub_ln49_1' <Predicate = (!icmp_ln45)> <Delay = 0.82> <CoreInst = "Adder">   --->   Core 1 'Adder' <Latency = 0> <II = 1> <Delay = 0.83> <FuncUnit> <Opcode : 'add' 'sub'> <InPorts = 2> <OutPorts = 1>
ST_1 : Operation 50 [1/1] (0.23ns)   --->   "%select_ln45_1 = select i1 %icmp_ln46, i14 %sub_ln49_1, i14 %sub_ln49" [../denoiser_c_to_hls/denoiser.cpp:45]   --->   Operation 50 'select' 'select_ln45_1' <Predicate = (!icmp_ln45)> <Delay = 0.23> <CoreInst = "Sel">   --->   Core 73 'Sel' <Latency = 0> <II = 1> <Delay = 0.23> <FuncUnit> <Opcode : 'select'> <InPorts = 3> <OutPorts = 1>
ST_1 : Operation 51 [1/1] (0.83ns)   --->   "%add_ln45_1 = add i14 %select_ln45_1, i14 224" [../denoiser_c_to_hls/denoiser.cpp:45]   --->   Operation 51 'add' 'add_ln45_1' <Predicate = (!icmp_ln45)> <Delay = 0.83> <CoreInst = "Adder">   --->   Core 1 'Adder' <Latency = 0> <II = 1> <Delay = 0.83> <FuncUnit> <Opcode : 'add' 'sub'> <InPorts = 2> <OutPorts = 1>
ST_1 : Operation 52 [1/1] (0.00ns)   --->   "%shl_ln56_mid1 = bitconcatenate i11 @_ssdm_op_BitConcatenate.i11.i4.i7, i4 %add_ln45, i7 0" [../denoiser_c_to_hls/denoiser.cpp:56]   --->   Operation 52 'bitconcatenate' 'shl_ln56_mid1' <Predicate = (!icmp_ln45)> <Delay = 0.00>
ST_1 : Operation 53 [1/1] (0.00ns)   --->   "%zext_ln56_2 = zext i11 %shl_ln56_mid1" [../denoiser_c_to_hls/denoiser.cpp:56]   --->   Operation 53 'zext' 'zext_ln56_2' <Predicate = (!icmp_ln45)> <Delay = 0.00>
ST_1 : Operation 54 [1/1] (0.00ns)   --->   "%shl_ln56_1_mid1 = bitconcatenate i8 @_ssdm_op_BitConcatenate.i8.i4.i4, i4 %add_ln45, i4 0" [../denoiser_c_to_hls/denoiser.cpp:56]   --->   Operation 54 'bitconcatenate' 'shl_ln56_1_mid1' <Predicate = (!icmp_ln45)> <Delay = 0.00>
ST_1 : Operation 55 [1/1] (0.00ns)   --->   "%zext_ln56_4 = zext i8 %shl_ln56_1_mid1" [../denoiser_c_to_hls/denoiser.cpp:56]   --->   Operation 55 'zext' 'zext_ln56_4' <Predicate = (!icmp_ln45)> <Delay = 0.00>
ST_1 : Operation 56 [1/1] (0.79ns)   --->   "%sub_ln56_1 = sub i12 %zext_ln56_2, i12 %zext_ln56_4" [../denoiser_c_to_hls/denoiser.cpp:56]   --->   Operation 56 'sub' 'sub_ln56_1' <Predicate = (!icmp_ln45)> <Delay = 0.79> <CoreInst = "Adder">   --->   Core 1 'Adder' <Latency = 0> <II = 1> <Delay = 0.80> <FuncUnit> <Opcode : 'add' 'sub'> <InPorts = 2> <OutPorts = 1>
ST_1 : Operation 57 [1/1] (0.00ns) (grouped into LUT with out node add_ln56_2)   --->   "%select_ln45_2 = select i1 %icmp_ln46, i12 %sub_ln56_1, i12 %sub_ln56" [../denoiser_c_to_hls/denoiser.cpp:45]   --->   Operation 57 'select' 'select_ln45_2' <Predicate = (!icmp_ln45)> <Delay = 0.00> <CoreInst = "Sel">   --->   Core 73 'Sel' <Latency = 0> <II = 1> <Delay = 0.37> <FuncUnit> <Opcode : 'select'> <InPorts = 3> <OutPorts = 1>
ST_1 : Operation 58 [1/1] (0.00ns) (grouped into LUT with out node select_ln46_1)   --->   "%select_ln45_3 = select i1 %icmp_ln46, i8 0, i8 %tmp_7" [../denoiser_c_to_hls/denoiser.cpp:45]   --->   Operation 58 'select' 'select_ln45_3' <Predicate = (!icmp_ln45)> <Delay = 0.00> <CoreInst = "Sel">   --->   Core 73 'Sel' <Latency = 0> <II = 1> <Delay = 0.39> <FuncUnit> <Opcode : 'select'> <InPorts = 3> <OutPorts = 1>
ST_1 : Operation 59 [1/1] (0.00ns) (grouped into LUT with out node select_ln46_2)   --->   "%select_ln45_4 = select i1 %icmp_ln46, i8 8, i8 %or_ln50" [../denoiser_c_to_hls/denoiser.cpp:45]   --->   Operation 59 'select' 'select_ln45_4' <Predicate = (!icmp_ln45)> <Delay = 0.00> <CoreInst = "Sel">   --->   Core 73 'Sel' <Latency = 0> <II = 1> <Delay = 0.39> <FuncUnit> <Opcode : 'select'> <InPorts = 3> <OutPorts = 1>
ST_1 : Operation 60 [1/1] (0.00ns) (grouped into LUT with out node add_ln56_1)   --->   "%select_ln45_5 = select i1 %icmp_ln46, i12 %sub_ln56_1, i12 %add_ln56" [../denoiser_c_to_hls/denoiser.cpp:45]   --->   Operation 60 'select' 'select_ln45_5' <Predicate = (!icmp_ln45)> <Delay = 0.00> <CoreInst = "Sel">   --->   Core 73 'Sel' <Latency = 0> <II = 1> <Delay = 0.37> <FuncUnit> <Opcode : 'select'> <InPorts = 3> <OutPorts = 1>
ST_1 : Operation 61 [1/1] (0.00ns) (grouped into LUT with out node and_ln45)   --->   "%xor_ln45 = xor i1 %icmp_ln46, i1 1" [../denoiser_c_to_hls/denoiser.cpp:45]   --->   Operation 61 'xor' 'xor_ln45' <Predicate = (!icmp_ln45)> <Delay = 0.00> <CoreInst = "LogicGate">   --->   Core 74 'LogicGate' <Latency = 0> <II = 1> <Delay = 0.28> <FuncUnit> <Opcode : 'and' 'or' 'xor'> <InPorts = 2> <OutPorts = 1>
ST_1 : Operation 62 [1/1] (0.58ns)   --->   "%icmp_ln47 = icmp_eq  i3 %c_load, i3 4" [../denoiser_c_to_hls/denoiser.cpp:47]   --->   Operation 62 'icmp' 'icmp_ln47' <Predicate = (!icmp_ln45)> <Delay = 0.58> <CoreInst = "Cmp">   --->   Core 9 'Cmp' <Latency = 0> <II = 1> <Delay = 0.72> <FuncUnit> <Opcode : 'icmp'> <InPorts = 2> <OutPorts = 1>
ST_1 : Operation 63 [1/1] (0.28ns) (out node of the LUT)   --->   "%and_ln45 = and i1 %icmp_ln47, i1 %xor_ln45" [../denoiser_c_to_hls/denoiser.cpp:45]   --->   Operation 63 'and' 'and_ln45' <Predicate = (!icmp_ln45)> <Delay = 0.28> <CoreInst = "LogicGate">   --->   Core 74 'LogicGate' <Latency = 0> <II = 1> <Delay = 0.28> <FuncUnit> <Opcode : 'and' 'or' 'xor'> <InPorts = 2> <OutPorts = 1>
ST_1 : Operation 64 [1/1] (0.39ns)   --->   "%select_ln45_6 = select i1 %icmp_ln46, i4 %add_ln45, i4 %h_2" [../denoiser_c_to_hls/denoiser.cpp:45]   --->   Operation 64 'select' 'select_ln45_6' <Predicate = (!icmp_ln45)> <Delay = 0.39> <CoreInst = "Sel">   --->   Core 73 'Sel' <Latency = 0> <II = 1> <Delay = 0.39> <FuncUnit> <Opcode : 'select'> <InPorts = 3> <OutPorts = 1>
ST_1 : Operation 65 [1/1] (0.79ns)   --->   "%add_ln46 = add i4 %select_ln45, i4 1" [../denoiser_c_to_hls/denoiser.cpp:46]   --->   Operation 65 'add' 'add_ln46' <Predicate = (!icmp_ln45)> <Delay = 0.79> <CoreInst = "Adder">   --->   Core 1 'Adder' <Latency = 0> <II = 1> <Delay = 0.79> <FuncUnit> <Opcode : 'add' 'sub'> <InPorts = 2> <OutPorts = 1>
ST_1 : Operation 66 [1/1] (0.00ns) (grouped into LUT with out node select_ln46)   --->   "%or_ln46 = or i1 %and_ln45, i1 %icmp_ln46" [../denoiser_c_to_hls/denoiser.cpp:46]   --->   Operation 66 'or' 'or_ln46' <Predicate = (!icmp_ln45)> <Delay = 0.00> <CoreInst = "LogicGate">   --->   Core 74 'LogicGate' <Latency = 0> <II = 1> <Delay = 0.28> <FuncUnit> <Opcode : 'and' 'or' 'xor'> <InPorts = 2> <OutPorts = 1>
ST_1 : Operation 67 [1/1] (0.28ns) (out node of the LUT)   --->   "%select_ln46 = select i1 %or_ln46, i3 0, i3 %c_load" [../denoiser_c_to_hls/denoiser.cpp:46]   --->   Operation 67 'select' 'select_ln46' <Predicate = (!icmp_ln45)> <Delay = 0.28> <CoreInst = "Sel">   --->   Core 73 'Sel' <Latency = 0> <II = 1> <Delay = 0.20> <FuncUnit> <Opcode : 'select'> <InPorts = 3> <OutPorts = 1>
ST_1 : Operation 68 [1/1] (0.00ns)   --->   "%p_mid1 = bitconcatenate i8 @_ssdm_op_BitConcatenate.i8.i4.i4, i4 %add_ln46, i4 0" [../denoiser_c_to_hls/denoiser.cpp:46]   --->   Operation 68 'bitconcatenate' 'p_mid1' <Predicate = (!icmp_ln45)> <Delay = 0.00>
ST_1 : Operation 69 [1/1] (0.39ns) (out node of the LUT)   --->   "%select_ln46_1 = select i1 %and_ln45, i8 %p_mid1, i8 %select_ln45_3" [../denoiser_c_to_hls/denoiser.cpp:46]   --->   Operation 69 'select' 'select_ln46_1' <Predicate = (!icmp_ln45)> <Delay = 0.39> <CoreInst = "Sel">   --->   Core 73 'Sel' <Latency = 0> <II = 1> <Delay = 0.39> <FuncUnit> <Opcode : 'select'> <InPorts = 3> <OutPorts = 1>
ST_1 : Operation 70 [1/1] (0.00ns)   --->   "%zext_ln50 = zext i8 %select_ln46_1" [../denoiser_c_to_hls/denoiser.cpp:50]   --->   Operation 70 'zext' 'zext_ln50' <Predicate = (!icmp_ln45)> <Delay = 0.00>
ST_1 : Operation 71 [1/1] (0.00ns) (grouped into LUT with out node select_ln46_2)   --->   "%or_ln50_1 = or i8 %p_mid1, i8 8" [../denoiser_c_to_hls/denoiser.cpp:50]   --->   Operation 71 'or' 'or_ln50_1' <Predicate = (!icmp_ln45)> <Delay = 0.00>
ST_1 : Operation 72 [1/1] (0.39ns) (out node of the LUT)   --->   "%select_ln46_2 = select i1 %and_ln45, i8 %or_ln50_1, i8 %select_ln45_4" [../denoiser_c_to_hls/denoiser.cpp:46]   --->   Operation 72 'select' 'select_ln46_2' <Predicate = (!icmp_ln45)> <Delay = 0.39> <CoreInst = "Sel">   --->   Core 73 'Sel' <Latency = 0> <II = 1> <Delay = 0.39> <FuncUnit> <Opcode : 'select'> <InPorts = 3> <OutPorts = 1>
ST_1 : Operation 73 [1/1] (0.00ns)   --->   "%zext_ln56_5 = zext i8 %select_ln46_2" [../denoiser_c_to_hls/denoiser.cpp:56]   --->   Operation 73 'zext' 'zext_ln56_5' <Predicate = (!icmp_ln45)> <Delay = 0.00>
ST_1 : Operation 74 [1/1] (0.00ns) (grouped into LUT with out node add_ln56_2)   --->   "%shl_ln56_2_mid1 = bitconcatenate i7 @_ssdm_op_BitConcatenate.i7.i4.i3, i4 %add_ln46, i3 0" [../denoiser_c_to_hls/denoiser.cpp:56]   --->   Operation 74 'bitconcatenate' 'shl_ln56_2_mid1' <Predicate = (!icmp_ln45)> <Delay = 0.00>
ST_1 : Operation 75 [1/1] (0.00ns) (grouped into LUT with out node add_ln56_2)   --->   "%zext_ln47_1 = zext i7 %shl_ln56_2_mid1" [../denoiser_c_to_hls/denoiser.cpp:47]   --->   Operation 75 'zext' 'zext_ln47_1' <Predicate = (!icmp_ln45)> <Delay = 0.00>
ST_1 : Operation 76 [1/1] (0.80ns) (out node of the LUT)   --->   "%add_ln56_2 = add i12 %select_ln45_2, i12 %zext_ln47_1" [../denoiser_c_to_hls/denoiser.cpp:56]   --->   Operation 76 'add' 'add_ln56_2' <Predicate = (!icmp_ln45)> <Delay = 0.80> <CoreInst = "Adder">   --->   Core 1 'Adder' <Latency = 0> <II = 1> <Delay = 0.80> <FuncUnit> <Opcode : 'add' 'sub'> <InPorts = 2> <OutPorts = 1>
ST_1 : Operation 77 [1/1] (0.00ns) (grouped into LUT with out node add_ln56_1)   --->   "%select_ln46_3 = select i1 %and_ln45, i12 %add_ln56_2, i12 %select_ln45_5" [../denoiser_c_to_hls/denoiser.cpp:46]   --->   Operation 77 'select' 'select_ln46_3' <Predicate = (!icmp_ln45)> <Delay = 0.00> <CoreInst = "Sel">   --->   Core 73 'Sel' <Latency = 0> <II = 1> <Delay = 0.37> <FuncUnit> <Opcode : 'select'> <InPorts = 3> <OutPorts = 1>
ST_1 : Operation 78 [1/1] (0.00ns) (grouped into LUT with out node add_ln56_1)   --->   "%sext_ln46 = sext i12 %select_ln46_3" [../denoiser_c_to_hls/denoiser.cpp:46]   --->   Operation 78 'sext' 'sext_ln46' <Predicate = (!icmp_ln45)> <Delay = 0.00>
ST_1 : Operation 79 [1/1] (0.39ns)   --->   "%select_ln46_4 = select i1 %and_ln45, i4 %add_ln46, i4 %select_ln45" [../denoiser_c_to_hls/denoiser.cpp:46]   --->   Operation 79 'select' 'select_ln46_4' <Predicate = (!icmp_ln45)> <Delay = 0.39> <CoreInst = "Sel">   --->   Core 73 'Sel' <Latency = 0> <II = 1> <Delay = 0.39> <FuncUnit> <Opcode : 'select'> <InPorts = 3> <OutPorts = 1>
ST_1 : Operation 80 [1/1] (0.00ns)   --->   "%trunc_ln49 = trunc i3 %select_ln46" [../denoiser_c_to_hls/denoiser.cpp:49]   --->   Operation 80 'trunc' 'trunc_ln49' <Predicate = (!icmp_ln45)> <Delay = 0.00>
ST_1 : Operation 81 [1/1] (0.00ns)   --->   "%tmp_6 = partselect i11 @_ssdm_op_PartSelect.i11.i14.i32.i32, i14 %select_ln45_1, i32 3, i32 13" [../denoiser_c_to_hls/denoiser.cpp:49]   --->   Operation 81 'partselect' 'tmp_6' <Predicate = (!icmp_ln45)> <Delay = 0.00>
ST_1 : Operation 82 [1/1] (0.00ns)   --->   "%tmp5 = bitconcatenate i14 @_ssdm_op_BitConcatenate.i14.i11.i2.i1, i11 %tmp_6, i2 %trunc_ln49, i1 0" [../denoiser_c_to_hls/denoiser.cpp:49]   --->   Operation 82 'bitconcatenate' 'tmp5' <Predicate = (!icmp_ln45)> <Delay = 0.00>
ST_1 : Operation 83 [1/1] (0.83ns)   --->   "%add_ln49 = add i14 %tmp5, i14 %zext_ln50" [../denoiser_c_to_hls/denoiser.cpp:49]   --->   Operation 83 'add' 'add_ln49' <Predicate = (!icmp_ln45)> <Delay = 0.83> <CoreInst = "Adder">   --->   Core 1 'Adder' <Latency = 0> <II = 1> <Delay = 0.83> <FuncUnit> <Opcode : 'add' 'sub'> <InPorts = 2> <OutPorts = 1>
ST_1 : Operation 84 [1/1] (0.00ns)   --->   "%trunc_ln = partselect i13 @_ssdm_op_PartSelect.i13.i14.i32.i32, i14 %add_ln49, i32 1, i32 13" [../denoiser_c_to_hls/denoiser.cpp:49]   --->   Operation 84 'partselect' 'trunc_ln' <Predicate = (!icmp_ln45)> <Delay = 0.00>
ST_1 : Operation 85 [1/1] (0.00ns)   --->   "%sext_ln49 = sext i13 %trunc_ln" [../denoiser_c_to_hls/denoiser.cpp:49]   --->   Operation 85 'sext' 'sext_ln49' <Predicate = (!icmp_ln45)> <Delay = 0.00>
ST_1 : Operation 86 [1/1] (0.00ns)   --->   "%zext_ln49_4 = zext i14 %sext_ln49" [../denoiser_c_to_hls/denoiser.cpp:49]   --->   Operation 86 'zext' 'zext_ln49_4' <Predicate = (!icmp_ln45)> <Delay = 0.00>
ST_1 : Operation 87 [1/1] (0.00ns)   --->   "%d_addr = getelementptr i16 %d, i64 0, i64 %zext_ln49_4" [../denoiser_c_to_hls/denoiser.cpp:49]   --->   Operation 87 'getelementptr' 'd_addr' <Predicate = (!icmp_ln45)> <Delay = 0.00>
ST_1 : Operation 88 [2/2] (1.23ns)   --->   "%max_val_V = load i14 %d_addr" [../denoiser_c_to_hls/denoiser.cpp:49]   --->   Operation 88 'load' 'max_val_V' <Predicate = (!icmp_ln45)> <Delay = 1.23> <CoreInst = "RAM">   --->   Core 83 'RAM' <Latency = 1> <II = 1> <Delay = 1.23> <Storage> <Opcode : 'load' 'store'> <Ports = 2> <Width = 16> <Depth = 12544> <RAM>
ST_1 : Operation 89 [1/1] (0.83ns)   --->   "%add_ln50 = add i14 %tmp5, i14 %zext_ln56_5" [../denoiser_c_to_hls/denoiser.cpp:50]   --->   Operation 89 'add' 'add_ln50' <Predicate = (!icmp_ln45)> <Delay = 0.83> <CoreInst = "Adder">   --->   Core 1 'Adder' <Latency = 0> <II = 1> <Delay = 0.83> <FuncUnit> <Opcode : 'add' 'sub'> <InPorts = 2> <OutPorts = 1>
ST_1 : Operation 90 [1/1] (0.00ns)   --->   "%trunc_ln1 = partselect i13 @_ssdm_op_PartSelect.i13.i14.i32.i32, i14 %add_ln50, i32 1, i32 13" [../denoiser_c_to_hls/denoiser.cpp:50]   --->   Operation 90 'partselect' 'trunc_ln1' <Predicate = (!icmp_ln45)> <Delay = 0.00>
ST_1 : Operation 91 [1/1] (0.00ns)   --->   "%sext_ln50 = sext i13 %trunc_ln1" [../denoiser_c_to_hls/denoiser.cpp:50]   --->   Operation 91 'sext' 'sext_ln50' <Predicate = (!icmp_ln45)> <Delay = 0.00>
ST_1 : Operation 92 [1/1] (0.00ns)   --->   "%zext_ln50_1 = zext i14 %sext_ln50" [../denoiser_c_to_hls/denoiser.cpp:50]   --->   Operation 92 'zext' 'zext_ln50_1' <Predicate = (!icmp_ln45)> <Delay = 0.00>
ST_1 : Operation 93 [1/1] (0.00ns)   --->   "%d_addr_1 = getelementptr i16 %d, i64 0, i64 %zext_ln50_1" [../denoiser_c_to_hls/denoiser.cpp:50]   --->   Operation 93 'getelementptr' 'd_addr_1' <Predicate = (!icmp_ln45)> <Delay = 0.00>
ST_1 : Operation 94 [2/2] (1.23ns)   --->   "%v1_V = load i14 %d_addr_1" [../denoiser_c_to_hls/denoiser.cpp:50]   --->   Operation 94 'load' 'v1_V' <Predicate = (!icmp_ln45)> <Delay = 1.23> <CoreInst = "RAM">   --->   Core 83 'RAM' <Latency = 1> <II = 1> <Delay = 1.23> <Storage> <Opcode : 'load' 'store'> <Ports = 2> <Width = 16> <Depth = 12544> <RAM>
ST_1 : Operation 95 [1/1] (0.00ns)   --->   "%tmp_8 = partselect i11 @_ssdm_op_PartSelect.i11.i14.i32.i32, i14 %add_ln45_1, i32 3, i32 13" [../denoiser_c_to_hls/denoiser.cpp:52]   --->   Operation 95 'partselect' 'tmp_8' <Predicate = (!icmp_ln45)> <Delay = 0.00>
ST_1 : Operation 96 [1/1] (0.00ns)   --->   "%tmp7 = bitconcatenate i14 @_ssdm_op_BitConcatenate.i14.i11.i2.i1, i11 %tmp_8, i2 %trunc_ln49, i1 0" [../denoiser_c_to_hls/denoiser.cpp:52]   --->   Operation 96 'bitconcatenate' 'tmp7' <Predicate = (!icmp_ln45)> <Delay = 0.00>
ST_1 : Operation 97 [1/1] (0.83ns)   --->   "%add_ln52 = add i14 %tmp7, i14 %zext_ln50" [../denoiser_c_to_hls/denoiser.cpp:52]   --->   Operation 97 'add' 'add_ln52' <Predicate = (!icmp_ln45)> <Delay = 0.83> <CoreInst = "Adder">   --->   Core 1 'Adder' <Latency = 0> <II = 1> <Delay = 0.83> <FuncUnit> <Opcode : 'add' 'sub'> <InPorts = 2> <OutPorts = 1>
ST_1 : Operation 98 [1/1] (0.00ns)   --->   "%trunc_ln2 = partselect i13 @_ssdm_op_PartSelect.i13.i14.i32.i32, i14 %add_ln52, i32 1, i32 13" [../denoiser_c_to_hls/denoiser.cpp:52]   --->   Operation 98 'partselect' 'trunc_ln2' <Predicate = (!icmp_ln45)> <Delay = 0.00>
ST_1 : Operation 99 [1/1] (0.83ns)   --->   "%add_ln54 = add i14 %tmp7, i14 %zext_ln56_5" [../denoiser_c_to_hls/denoiser.cpp:54]   --->   Operation 99 'add' 'add_ln54' <Predicate = (!icmp_ln45)> <Delay = 0.83> <CoreInst = "Adder">   --->   Core 1 'Adder' <Latency = 0> <II = 1> <Delay = 0.83> <FuncUnit> <Opcode : 'add' 'sub'> <InPorts = 2> <OutPorts = 1>
ST_1 : Operation 100 [1/1] (0.00ns)   --->   "%trunc_ln3 = partselect i13 @_ssdm_op_PartSelect.i13.i14.i32.i32, i14 %add_ln54, i32 1, i32 13" [../denoiser_c_to_hls/denoiser.cpp:54]   --->   Operation 100 'partselect' 'trunc_ln3' <Predicate = (!icmp_ln45)> <Delay = 0.00>
ST_1 : Operation 101 [1/1] (0.00ns) (grouped into LUT with out node add_ln56_1)   --->   "%or_ln = bitconcatenate i13 @_ssdm_op_BitConcatenate.i13.i10.i2.i1, i10 544, i2 %trunc_ln49, i1 0" [../denoiser_c_to_hls/denoiser.cpp:56]   --->   Operation 101 'bitconcatenate' 'or_ln' <Predicate = (!icmp_ln45)> <Delay = 0.00>
ST_1 : Operation 102 [1/1] (0.00ns) (grouped into LUT with out node add_ln56_1)   --->   "%sext_ln56 = sext i13 %or_ln" [../denoiser_c_to_hls/denoiser.cpp:56]   --->   Operation 102 'sext' 'sext_ln56' <Predicate = (!icmp_ln45)> <Delay = 0.00>
ST_1 : Operation 103 [1/1] (0.82ns) (out node of the LUT)   --->   "%add_ln56_1 = add i14 %sext_ln56, i14 %sext_ln46" [../denoiser_c_to_hls/denoiser.cpp:56]   --->   Operation 103 'add' 'add_ln56_1' <Predicate = (!icmp_ln45)> <Delay = 0.82> <CoreInst = "Adder">   --->   Core 1 'Adder' <Latency = 0> <II = 1> <Delay = 0.83> <FuncUnit> <Opcode : 'add' 'sub'> <InPorts = 2> <OutPorts = 1>
ST_1 : Operation 104 [1/1] (0.00ns)   --->   "%lshr_ln = partselect i13 @_ssdm_op_PartSelect.i13.i14.i32.i32, i14 %add_ln56_1, i32 1, i32 13" [../denoiser_c_to_hls/denoiser.cpp:56]   --->   Operation 104 'partselect' 'lshr_ln' <Predicate = (!icmp_ln45)> <Delay = 0.00>
ST_1 : Operation 105 [1/1] (0.67ns)   --->   "%add_ln47 = add i3 %select_ln46, i3 1" [../denoiser_c_to_hls/denoiser.cpp:47]   --->   Operation 105 'add' 'add_ln47' <Predicate = (!icmp_ln45)> <Delay = 0.67> <CoreInst = "Adder">   --->   Core 1 'Adder' <Latency = 0> <II = 1> <Delay = 0.67> <FuncUnit> <Opcode : 'add' 'sub'> <InPorts = 2> <OutPorts = 1>
ST_1 : Operation 106 [1/1] (0.77ns)   --->   "%add_ln46_1 = add i7 %indvar_flatten32_load, i7 1" [../denoiser_c_to_hls/denoiser.cpp:46]   --->   Operation 106 'add' 'add_ln46_1' <Predicate = (!icmp_ln45)> <Delay = 0.77> <CoreInst = "Adder">   --->   Core 1 'Adder' <Latency = 0> <II = 1> <Delay = 0.77> <FuncUnit> <Opcode : 'add' 'sub'> <InPorts = 2> <OutPorts = 1>
ST_1 : Operation 107 [1/1] (0.36ns)   --->   "%select_ln46_5 = select i1 %icmp_ln46, i7 1, i7 %add_ln46_1" [../denoiser_c_to_hls/denoiser.cpp:46]   --->   Operation 107 'select' 'select_ln46_5' <Predicate = (!icmp_ln45)> <Delay = 0.36> <CoreInst = "Sel">   --->   Core 73 'Sel' <Latency = 0> <II = 1> <Delay = 0.36> <FuncUnit> <Opcode : 'select'> <InPorts = 3> <OutPorts = 1>
ST_1 : Operation 108 [1/1] (0.42ns)   --->   "%store_ln47 = store i10 %add_ln45_2, i10 %indvar_flatten64" [../denoiser_c_to_hls/denoiser.cpp:47]   --->   Operation 108 'store' 'store_ln47' <Predicate = (!icmp_ln45)> <Delay = 0.42>
ST_1 : Operation 109 [1/1] (0.42ns)   --->   "%store_ln47 = store i4 %select_ln45_6, i4 %h" [../denoiser_c_to_hls/denoiser.cpp:47]   --->   Operation 109 'store' 'store_ln47' <Predicate = (!icmp_ln45)> <Delay = 0.42>
ST_1 : Operation 110 [1/1] (0.42ns)   --->   "%store_ln47 = store i7 %select_ln46_5, i7 %indvar_flatten32" [../denoiser_c_to_hls/denoiser.cpp:47]   --->   Operation 110 'store' 'store_ln47' <Predicate = (!icmp_ln45)> <Delay = 0.42>
ST_1 : Operation 111 [1/1] (0.42ns)   --->   "%store_ln47 = store i4 %select_ln46_4, i4 %w" [../denoiser_c_to_hls/denoiser.cpp:47]   --->   Operation 111 'store' 'store_ln47' <Predicate = (!icmp_ln45)> <Delay = 0.42>
ST_1 : Operation 112 [1/1] (0.42ns)   --->   "%store_ln47 = store i3 %add_ln47, i3 %c" [../denoiser_c_to_hls/denoiser.cpp:47]   --->   Operation 112 'store' 'store_ln47' <Predicate = (!icmp_ln45)> <Delay = 0.42>
ST_1 : Operation 141 [1/1] (0.00ns)   --->   "%ret_ln0 = ret"   --->   Operation 141 'ret' 'ret_ln0' <Predicate = (icmp_ln45)> <Delay = 0.00>

State 2 <SV = 1> <Delay = 2.69>
ST_2 : Operation 113 [1/2] (1.23ns)   --->   "%max_val_V = load i14 %d_addr" [../denoiser_c_to_hls/denoiser.cpp:49]   --->   Operation 113 'load' 'max_val_V' <Predicate = true> <Delay = 1.23> <CoreInst = "RAM">   --->   Core 83 'RAM' <Latency = 1> <II = 1> <Delay = 1.23> <Storage> <Opcode : 'load' 'store'> <Ports = 2> <Width = 16> <Depth = 12544> <RAM>
ST_2 : Operation 114 [1/2] (1.23ns)   --->   "%v1_V = load i14 %d_addr_1" [../denoiser_c_to_hls/denoiser.cpp:50]   --->   Operation 114 'load' 'v1_V' <Predicate = true> <Delay = 1.23> <CoreInst = "RAM">   --->   Core 83 'RAM' <Latency = 1> <II = 1> <Delay = 1.23> <Storage> <Opcode : 'load' 'store'> <Ports = 2> <Width = 16> <Depth = 12544> <RAM>
ST_2 : Operation 115 [1/1] (1.10ns)   --->   "%icmp_ln1649 = icmp_sgt  i16 %v1_V, i16 %max_val_V"   --->   Operation 115 'icmp' 'icmp_ln1649' <Predicate = true> <Delay = 1.10> <CoreInst = "Cmp">   --->   Core 9 'Cmp' <Latency = 0> <II = 1> <Delay = 1.10> <FuncUnit> <Opcode : 'icmp'> <InPorts = 2> <OutPorts = 1>
ST_2 : Operation 116 [1/1] (0.35ns)   --->   "%max_val_V_1 = select i1 %icmp_ln1649, i16 %v1_V, i16 %max_val_V" [../denoiser_c_to_hls/denoiser.cpp:51]   --->   Operation 116 'select' 'max_val_V_1' <Predicate = true> <Delay = 0.35> <CoreInst = "Sel">   --->   Core 73 'Sel' <Latency = 0> <II = 1> <Delay = 0.35> <FuncUnit> <Opcode : 'select'> <InPorts = 3> <OutPorts = 1>
ST_2 : Operation 117 [1/1] (0.00ns)   --->   "%sext_ln52 = sext i13 %trunc_ln2" [../denoiser_c_to_hls/denoiser.cpp:52]   --->   Operation 117 'sext' 'sext_ln52' <Predicate = true> <Delay = 0.00>
ST_2 : Operation 118 [1/1] (0.00ns)   --->   "%zext_ln52 = zext i14 %sext_ln52" [../denoiser_c_to_hls/denoiser.cpp:52]   --->   Operation 118 'zext' 'zext_ln52' <Predicate = true> <Delay = 0.00>
ST_2 : Operation 119 [1/1] (0.00ns)   --->   "%d_addr_2 = getelementptr i16 %d, i64 0, i64 %zext_ln52" [../denoiser_c_to_hls/denoiser.cpp:52]   --->   Operation 119 'getelementptr' 'd_addr_2' <Predicate = true> <Delay = 0.00>
ST_2 : Operation 120 [2/2] (1.23ns)   --->   "%v2_V = load i14 %d_addr_2" [../denoiser_c_to_hls/denoiser.cpp:52]   --->   Operation 120 'load' 'v2_V' <Predicate = true> <Delay = 1.23> <CoreInst = "RAM">   --->   Core 83 'RAM' <Latency = 1> <II = 1> <Delay = 1.23> <Storage> <Opcode : 'load' 'store'> <Ports = 2> <Width = 16> <Depth = 12544> <RAM>
ST_2 : Operation 121 [1/1] (0.00ns)   --->   "%sext_ln54 = sext i13 %trunc_ln3" [../denoiser_c_to_hls/denoiser.cpp:54]   --->   Operation 121 'sext' 'sext_ln54' <Predicate = true> <Delay = 0.00>
ST_2 : Operation 122 [1/1] (0.00ns)   --->   "%zext_ln54 = zext i14 %sext_ln54" [../denoiser_c_to_hls/denoiser.cpp:54]   --->   Operation 122 'zext' 'zext_ln54' <Predicate = true> <Delay = 0.00>
ST_2 : Operation 123 [1/1] (0.00ns)   --->   "%d_addr_3 = getelementptr i16 %d, i64 0, i64 %zext_ln54" [../denoiser_c_to_hls/denoiser.cpp:54]   --->   Operation 123 'getelementptr' 'd_addr_3' <Predicate = true> <Delay = 0.00>
ST_2 : Operation 124 [2/2] (1.23ns)   --->   "%v3_V = load i14 %d_addr_3" [../denoiser_c_to_hls/denoiser.cpp:54]   --->   Operation 124 'load' 'v3_V' <Predicate = true> <Delay = 1.23> <CoreInst = "RAM">   --->   Core 83 'RAM' <Latency = 1> <II = 1> <Delay = 1.23> <Storage> <Opcode : 'load' 'store'> <Ports = 2> <Width = 16> <Depth = 12544> <RAM>

State 3 <SV = 2> <Delay = 5.39>
ST_3 : Operation 125 [1/1] (0.00ns)   --->   "%specloopname_ln0 = specloopname void @_ssdm_op_SpecLoopName, void @VITIS_LOOP_45_1_VITIS_LOOP_46_2_VITIS_LOOP_47_3_str"   --->   Operation 125 'specloopname' 'specloopname_ln0' <Predicate = true> <Delay = 0.00>
ST_3 : Operation 126 [1/1] (0.00ns)   --->   "%empty = speclooptripcount i32 @_ssdm_op_SpecLoopTripCount, i64 784, i64 784, i64 784"   --->   Operation 126 'speclooptripcount' 'empty' <Predicate = true> <Delay = 0.00>
ST_3 : Operation 127 [1/1] (0.00ns)   --->   "%specpipeline_ln0 = specpipeline void @_ssdm_op_SpecPipeline, i32 4294967295, i32 0, i32 1, i32 0, void @p_str"   --->   Operation 127 'specpipeline' 'specpipeline_ln0' <Predicate = true> <Delay = 0.00>
ST_3 : Operation 128 [1/1] (0.00ns)   --->   "%specloopname_ln0 = specloopname void @_ssdm_op_SpecLoopName, void @VITIS_LOOP_46_2_VITIS_LOOP_47_3_str"   --->   Operation 128 'specloopname' 'specloopname_ln0' <Predicate = true> <Delay = 0.00>
ST_3 : Operation 129 [1/1] (0.00ns)   --->   "%specpipeline_ln0 = specpipeline void @_ssdm_op_SpecPipeline, i32 4294967295, i32 0, i32 1, i32 0, void @p_str"   --->   Operation 129 'specpipeline' 'specpipeline_ln0' <Predicate = true> <Delay = 0.00>
ST_3 : Operation 130 [1/1] (0.00ns)   --->   "%specloopname_ln47 = specloopname void @_ssdm_op_SpecLoopName, void @empty_14" [../denoiser_c_to_hls/denoiser.cpp:47]   --->   Operation 130 'specloopname' 'specloopname_ln47' <Predicate = true> <Delay = 0.00>
ST_3 : Operation 131 [1/2] (1.23ns)   --->   "%v2_V = load i14 %d_addr_2" [../denoiser_c_to_hls/denoiser.cpp:52]   --->   Operation 131 'load' 'v2_V' <Predicate = true> <Delay = 1.23> <CoreInst = "RAM">   --->   Core 83 'RAM' <Latency = 1> <II = 1> <Delay = 1.23> <Storage> <Opcode : 'load' 'store'> <Ports = 2> <Width = 16> <Depth = 12544> <RAM>
ST_3 : Operation 132 [1/1] (1.10ns)   --->   "%icmp_ln1649_1 = icmp_sgt  i16 %v2_V, i16 %max_val_V_1"   --->   Operation 132 'icmp' 'icmp_ln1649_1' <Predicate = true> <Delay = 1.10> <CoreInst = "Cmp">   --->   Core 9 'Cmp' <Latency = 0> <II = 1> <Delay = 1.10> <FuncUnit> <Opcode : 'icmp'> <InPorts = 2> <OutPorts = 1>
ST_3 : Operation 133 [1/1] (0.35ns)   --->   "%max_val_V_3 = select i1 %icmp_ln1649_1, i16 %v2_V, i16 %max_val_V_1" [../denoiser_c_to_hls/denoiser.cpp:53]   --->   Operation 133 'select' 'max_val_V_3' <Predicate = true> <Delay = 0.35> <CoreInst = "Sel">   --->   Core 73 'Sel' <Latency = 0> <II = 1> <Delay = 0.35> <FuncUnit> <Opcode : 'select'> <InPorts = 3> <OutPorts = 1>
ST_3 : Operation 134 [1/2] (1.23ns)   --->   "%v3_V = load i14 %d_addr_3" [../denoiser_c_to_hls/denoiser.cpp:54]   --->   Operation 134 'load' 'v3_V' <Predicate = true> <Delay = 1.23> <CoreInst = "RAM">   --->   Core 83 'RAM' <Latency = 1> <II = 1> <Delay = 1.23> <Storage> <Opcode : 'load' 'store'> <Ports = 2> <Width = 16> <Depth = 12544> <RAM>
ST_3 : Operation 135 [1/1] (1.10ns)   --->   "%icmp_ln1649_2 = icmp_sgt  i16 %v3_V, i16 %max_val_V_3"   --->   Operation 135 'icmp' 'icmp_ln1649_2' <Predicate = true> <Delay = 1.10> <CoreInst = "Cmp">   --->   Core 9 'Cmp' <Latency = 0> <II = 1> <Delay = 1.10> <FuncUnit> <Opcode : 'icmp'> <InPorts = 2> <OutPorts = 1>
ST_3 : Operation 136 [1/1] (0.35ns)   --->   "%max_val_V_4 = select i1 %icmp_ln1649_2, i16 %v3_V, i16 %max_val_V_3" [../denoiser_c_to_hls/denoiser.cpp:55]   --->   Operation 136 'select' 'max_val_V_4' <Predicate = true> <Delay = 0.35> <CoreInst = "Sel">   --->   Core 73 'Sel' <Latency = 0> <II = 1> <Delay = 0.35> <FuncUnit> <Opcode : 'select'> <InPorts = 3> <OutPorts = 1>
ST_3 : Operation 137 [1/1] (0.00ns)   --->   "%zext_ln56_3 = zext i13 %lshr_ln" [../denoiser_c_to_hls/denoiser.cpp:56]   --->   Operation 137 'zext' 'zext_ln56_3' <Predicate = true> <Delay = 0.00>
ST_3 : Operation 138 [1/1] (0.00ns)   --->   "%d_addr_4 = getelementptr i16 %d, i64 0, i64 %zext_ln56_3" [../denoiser_c_to_hls/denoiser.cpp:56]   --->   Operation 138 'getelementptr' 'd_addr_4' <Predicate = true> <Delay = 0.00>
ST_3 : Operation 139 [1/1] (1.23ns)   --->   "%store_ln56 = store void @_ssdm_op_Write.bram.i16, i14 %d_addr_4, i16 %max_val_V_4, i2 3" [../denoiser_c_to_hls/denoiser.cpp:56]   --->   Operation 139 'store' 'store_ln56' <Predicate = true> <Delay = 1.23> <CoreInst = "RAM">   --->   Core 83 'RAM' <Latency = 1> <II = 1> <Delay = 1.23> <Storage> <Opcode : 'load' 'store'> <Ports = 2> <Width = 16> <Depth = 12544> <RAM>
ST_3 : Operation 140 [1/1] (0.00ns)   --->   "%br_ln47 = br void %for.body9.i26" [../denoiser_c_to_hls/denoiser.cpp:47]   --->   Operation 140 'br' 'br_ln47' <Predicate = true> <Delay = 0.00>


============================================================
+ Verbose Summary: Binding
============================================================
STG Binding: 
---------------- STG Properties BEGIN ----------------
- Is combinational: 0
- Is one-state seq: 0
- Is datapath-only: 0
- Is pipelined: 0
- Is top level: 0
Port [ Return ] is wired: 1; IO mode=ap_ctrl_hs:ce=0
Port [ d]:  wired=1; compound=1; hidden=0; nouse=0; global=0; static=0; extern=0; dir=2; type=1; pingpong=0; private_global=0; MemPort=[21]; IO mode=ap_memory:ce=0
---------------- STG Properties END ------------------

---------------- Datapath Model BEGIN ----------------

<LifeTime>
<method=bitvector/>
c                          (alloca                ) [ 0100]
w                          (alloca                ) [ 0100]
indvar_flatten32           (alloca                ) [ 0100]
h                          (alloca                ) [ 0100]
indvar_flatten64           (alloca                ) [ 0100]
specbramwithbyteenable_ln0 (specbramwithbyteenable) [ 0000]
store_ln0                  (store                 ) [ 0000]
store_ln0                  (store                 ) [ 0000]
store_ln0                  (store                 ) [ 0000]
store_ln0                  (store                 ) [ 0000]
store_ln0                  (store                 ) [ 0000]
br_ln0                     (br                    ) [ 0000]
w_2                        (load                  ) [ 0000]
h_2                        (load                  ) [ 0000]
indvar_flatten64_load      (load                  ) [ 0000]
shl_ln49_1                 (bitconcatenate        ) [ 0000]
zext_ln49                  (zext                  ) [ 0000]
shl_ln49_2                 (bitconcatenate        ) [ 0000]
zext_ln49_1                (zext                  ) [ 0000]
sub_ln49                   (sub                   ) [ 0000]
shl_ln                     (bitconcatenate        ) [ 0000]
zext_ln56                  (zext                  ) [ 0000]
shl_ln56_1                 (bitconcatenate        ) [ 0000]
zext_ln56_1                (zext                  ) [ 0000]
sub_ln56                   (sub                   ) [ 0000]
tmp_7                      (bitconcatenate        ) [ 0000]
or_ln50                    (or                    ) [ 0000]
shl_ln56_2                 (bitconcatenate        ) [ 0000]
zext_ln47                  (zext                  ) [ 0000]
add_ln56                   (add                   ) [ 0000]
specpipeline_ln0           (specpipeline          ) [ 0000]
icmp_ln45                  (icmp                  ) [ 0100]
add_ln45_2                 (add                   ) [ 0000]
br_ln45                    (br                    ) [ 0000]
c_load                     (load                  ) [ 0000]
indvar_flatten32_load      (load                  ) [ 0000]
add_ln45                   (add                   ) [ 0000]
icmp_ln46                  (icmp                  ) [ 0000]
select_ln45                (select                ) [ 0000]
shl_ln49_1_mid1            (bitconcatenate        ) [ 0000]
zext_ln49_2                (zext                  ) [ 0000]
shl_ln49_2_mid1            (bitconcatenate        ) [ 0000]
zext_ln49_3                (zext                  ) [ 0000]
sub_ln49_1                 (sub                   ) [ 0000]
select_ln45_1              (select                ) [ 0000]
add_ln45_1                 (add                   ) [ 0000]
shl_ln56_mid1              (bitconcatenate        ) [ 0000]
zext_ln56_2                (zext                  ) [ 0000]
shl_ln56_1_mid1            (bitconcatenate        ) [ 0000]
zext_ln56_4                (zext                  ) [ 0000]
sub_ln56_1                 (sub                   ) [ 0000]
select_ln45_2              (select                ) [ 0000]
select_ln45_3              (select                ) [ 0000]
select_ln45_4              (select                ) [ 0000]
select_ln45_5              (select                ) [ 0000]
xor_ln45                   (xor                   ) [ 0000]
icmp_ln47                  (icmp                  ) [ 0000]
and_ln45                   (and                   ) [ 0000]
select_ln45_6              (select                ) [ 0000]
add_ln46                   (add                   ) [ 0000]
or_ln46                    (or                    ) [ 0000]
select_ln46                (select                ) [ 0000]
p_mid1                     (bitconcatenate        ) [ 0000]
select_ln46_1              (select                ) [ 0000]
zext_ln50                  (zext                  ) [ 0000]
or_ln50_1                  (or                    ) [ 0000]
select_ln46_2              (select                ) [ 0000]
zext_ln56_5                (zext                  ) [ 0000]
shl_ln56_2_mid1            (bitconcatenate        ) [ 0000]
zext_ln47_1                (zext                  ) [ 0000]
add_ln56_2                 (add                   ) [ 0000]
select_ln46_3              (select                ) [ 0000]
sext_ln46                  (sext                  ) [ 0000]
select_ln46_4              (select                ) [ 0000]
trunc_ln49                 (trunc                 ) [ 0000]
tmp_6                      (partselect            ) [ 0000]
tmp5                       (bitconcatenate        ) [ 0000]
add_ln49                   (add                   ) [ 0000]
trunc_ln                   (partselect            ) [ 0000]
sext_ln49                  (sext                  ) [ 0000]
zext_ln49_4                (zext                  ) [ 0000]
d_addr                     (getelementptr         ) [ 0010]
add_ln50                   (add                   ) [ 0000]
trunc_ln1                  (partselect            ) [ 0000]
sext_ln50                  (sext                  ) [ 0000]
zext_ln50_1                (zext                  ) [ 0000]
d_addr_1                   (getelementptr         ) [ 0010]
tmp_8                      (partselect            ) [ 0000]
tmp7                       (bitconcatenate        ) [ 0000]
add_ln52                   (add                   ) [ 0000]
trunc_ln2                  (partselect            ) [ 0010]
add_ln54                   (add                   ) [ 0000]
trunc_ln3                  (partselect            ) [ 0010]
or_ln                      (bitconcatenate        ) [ 0000]
sext_ln56                  (sext                  ) [ 0000]
add_ln56_1                 (add                   ) [ 0000]
lshr_ln                    (partselect            ) [ 0011]
add_ln47                   (add                   ) [ 0000]
add_ln46_1                 (add                   ) [ 0000]
select_ln46_5              (select                ) [ 0000]
store_ln47                 (store                 ) [ 0000]
store_ln47                 (store                 ) [ 0000]
store_ln47                 (store                 ) [ 0000]
store_ln47                 (store                 ) [ 0000]
store_ln47                 (store                 ) [ 0000]
max_val_V                  (load                  ) [ 0000]
v1_V                       (load                  ) [ 0000]
icmp_ln1649                (icmp                  ) [ 0000]
max_val_V_1                (select                ) [ 0001]
sext_ln52                  (sext                  ) [ 0000]
zext_ln52                  (zext                  ) [ 0000]
d_addr_2                   (getelementptr         ) [ 0001]
sext_ln54                  (sext                  ) [ 0000]
zext_ln54                  (zext                  ) [ 0000]
d_addr_3                   (getelementptr         ) [ 0001]
specloopname_ln0           (specloopname          ) [ 0000]
empty                      (speclooptripcount     ) [ 0000]
specpipeline_ln0           (specpipeline          ) [ 0000]
specloopname_ln0           (specloopname          ) [ 0000]
specpipeline_ln0           (specpipeline          ) [ 0000]
specloopname_ln47          (specloopname          ) [ 0000]
v2_V                       (load                  ) [ 0000]
icmp_ln1649_1              (icmp                  ) [ 0000]
max_val_V_3                (select                ) [ 0000]
v3_V                       (load                  ) [ 0000]
icmp_ln1649_2              (icmp                  ) [ 0000]
max_val_V_4                (select                ) [ 0000]
zext_ln56_3                (zext                  ) [ 0000]
d_addr_4                   (getelementptr         ) [ 0000]
store_ln56                 (store                 ) [ 0000]
br_ln47                    (br                    ) [ 0000]
ret_ln0                    (ret                   ) [ 0000]
</LifeTime>

<model>

<comp_list>
<comp id="0" class="1000" name="d">
<pin_list>
<pin id="1" dir="1" index="0" bw="1" slack="0"/>
</pin_list>
<bind>
<StgValue><ssdm name="d"/><MemPortTyVec>2 1 </MemPortTyVec>
</StgValue>
</bind>
</comp>

<comp id="2" class="1001" name="const_2">
<pin_list>
<pin id="3" dir="1" index="0" bw="1" slack="0"/>
</pin_list>
<bind>
<StgValue><ssdm name=""/></StgValue>
</bind>
</comp>

<comp id="4" class="1001" name="const_4">
<pin_list>
<pin id="5" dir="1" index="0" bw="1" slack="2147483647"/>
</pin_list>
<bind>
<StgValue><ssdm name="_ssdm_op_SpecBRAMWithByteEnable"/></StgValue>
</bind>
</comp>

<comp id="6" class="1001" name="const_6">
<pin_list>
<pin id="7" dir="1" index="0" bw="1" slack="0"/>
</pin_list>
<bind>
<StgValue><ssdm name=""/></StgValue>
</bind>
</comp>

<comp id="8" class="1001" name="const_8">
<pin_list>
<pin id="9" dir="1" index="0" bw="1" slack="0"/>
</pin_list>
<bind>
<StgValue><ssdm name=""/></StgValue>
</bind>
</comp>

<comp id="10" class="1001" name="const_10">
<pin_list>
<pin id="11" dir="1" index="0" bw="1" slack="0"/>
</pin_list>
<bind>
<StgValue><ssdm name=""/></StgValue>
</bind>
</comp>

<comp id="12" class="1001" name="const_12">
<pin_list>
<pin id="13" dir="1" index="0" bw="1" slack="0"/>
</pin_list>
<bind>
<StgValue><ssdm name=""/></StgValue>
</bind>
</comp>

<comp id="14" class="1001" name="const_14">
<pin_list>
<pin id="15" dir="1" index="0" bw="1" slack="0"/>
</pin_list>
<bind>
<StgValue><ssdm name="_ssdm_op_BitConcatenate.i13.i4.i9"/></StgValue>
</bind>
</comp>

<comp id="16" class="1001" name="const_16">
<pin_list>
<pin id="17" dir="1" index="0" bw="1" slack="0"/>
</pin_list>
<bind>
<StgValue><ssdm name=""/></StgValue>
</bind>
</comp>

<comp id="18" class="1001" name="const_18">
<pin_list>
<pin id="19" dir="1" index="0" bw="1" slack="0"/>
</pin_list>
<bind>
<StgValue><ssdm name="_ssdm_op_BitConcatenate.i10.i4.i6"/></StgValue>
</bind>
</comp>

<comp id="20" class="1001" name="const_20">
<pin_list>
<pin id="21" dir="1" index="0" bw="1" slack="0"/>
</pin_list>
<bind>
<StgValue><ssdm name=""/></StgValue>
</bind>
</comp>

<comp id="22" class="1001" name="const_22">
<pin_list>
<pin id="23" dir="1" index="0" bw="1" slack="0"/>
</pin_list>
<bind>
<StgValue><ssdm name="_ssdm_op_BitConcatenate.i11.i4.i7"/></StgValue>
</bind>
</comp>

<comp id="24" class="1001" name="const_24">
<pin_list>
<pin id="25" dir="1" index="0" bw="1" slack="0"/>
</pin_list>
<bind>
<StgValue><ssdm name="_ssdm_op_BitConcatenate.i8.i4.i4"/></StgValue>
</bind>
</comp>

<comp id="26" class="1001" name="const_26">
<pin_list>
<pin id="27" dir="1" index="0" bw="1" slack="0"/>
</pin_list>
<bind>
<StgValue><ssdm name=""/></StgValue>
</bind>
</comp>

<comp id="28" class="1001" name="const_28">
<pin_list>
<pin id="29" dir="1" index="0" bw="1" slack="0"/>
</pin_list>
<bind>
<StgValue><ssdm name="_ssdm_op_BitConcatenate.i7.i4.i3"/></StgValue>
</bind>
</comp>

<comp id="30" class="1001" name="const_30">
<pin_list>
<pin id="31" dir="1" index="0" bw="1" slack="2147483647"/>
</pin_list>
<bind>
<StgValue><ssdm name="_ssdm_op_SpecPipeline"/></StgValue>
</bind>
</comp>

<comp id="32" class="1001" name="const_32">
<pin_list>
<pin id="33" dir="1" index="0" bw="1" slack="2147483647"/>
</pin_list>
<bind>
<StgValue><ssdm name=""/></StgValue>
</bind>
</comp>

<comp id="34" class="1001" name="const_34">
<pin_list>
<pin id="35" dir="1" index="0" bw="1" slack="2147483647"/>
</pin_list>
<bind>
<StgValue><ssdm name=""/></StgValue>
</bind>
</comp>

<comp id="36" class="1001" name="const_36">
<pin_list>
<pin id="37" dir="1" index="0" bw="1" slack="2147483647"/>
</pin_list>
<bind>
<StgValue><ssdm name="p_str"/></StgValue>
</bind>
</comp>

<comp id="38" class="1001" name="const_38">
<pin_list>
<pin id="39" dir="1" index="0" bw="1" slack="0"/>
</pin_list>
<bind>
<StgValue><ssdm name=""/></StgValue>
</bind>
</comp>

<comp id="40" class="1001" name="const_40">
<pin_list>
<pin id="41" dir="1" index="0" bw="1" slack="0"/>
</pin_list>
<bind>
<StgValue><ssdm name=""/></StgValue>
</bind>
</comp>

<comp id="42" class="1001" name="const_42">
<pin_list>
<pin id="43" dir="1" index="0" bw="1" slack="0"/>
</pin_list>
<bind>
<StgValue><ssdm name=""/></StgValue>
</bind>
</comp>

<comp id="44" class="1001" name="const_44">
<pin_list>
<pin id="45" dir="1" index="0" bw="1" slack="0"/>
</pin_list>
<bind>
<StgValue><ssdm name=""/></StgValue>
</bind>
</comp>

<comp id="46" class="1001" name="const_46">
<pin_list>
<pin id="47" dir="1" index="0" bw="1" slack="0"/>
</pin_list>
<bind>
<StgValue><ssdm name=""/></StgValue>
</bind>
</comp>

<comp id="48" class="1001" name="const_48">
<pin_list>
<pin id="49" dir="1" index="0" bw="1" slack="0"/>
</pin_list>
<bind>
<StgValue><ssdm name=""/></StgValue>
</bind>
</comp>

<comp id="50" class="1001" name="const_50">
<pin_list>
<pin id="51" dir="1" index="0" bw="1" slack="0"/>
</pin_list>
<bind>
<StgValue><ssdm name=""/></StgValue>
</bind>
</comp>

<comp id="52" class="1001" name="const_52">
<pin_list>
<pin id="53" dir="1" index="0" bw="1" slack="0"/>
</pin_list>
<bind>
<StgValue><ssdm name=""/></StgValue>
</bind>
</comp>

<comp id="54" class="1001" name="const_54">
<pin_list>
<pin id="55" dir="1" index="0" bw="1" slack="0"/>
</pin_list>
<bind>
<StgValue><ssdm name="_ssdm_op_PartSelect.i11.i14.i32.i32"/></StgValue>
</bind>
</comp>

<comp id="56" class="1001" name="const_56">
<pin_list>
<pin id="57" dir="1" index="0" bw="1" slack="0"/>
</pin_list>
<bind>
<StgValue><ssdm name=""/></StgValue>
</bind>
</comp>

<comp id="58" class="1001" name="const_58">
<pin_list>
<pin id="59" dir="1" index="0" bw="1" slack="0"/>
</pin_list>
<bind>
<StgValue><ssdm name=""/></StgValue>
</bind>
</comp>

<comp id="60" class="1001" name="const_60">
<pin_list>
<pin id="61" dir="1" index="0" bw="1" slack="0"/>
</pin_list>
<bind>
<StgValue><ssdm name="_ssdm_op_BitConcatenate.i14.i11.i2.i1"/></StgValue>
</bind>
</comp>

<comp id="62" class="1001" name="const_62">
<pin_list>
<pin id="63" dir="1" index="0" bw="1" slack="0"/>
</pin_list>
<bind>
<StgValue><ssdm name=""/></StgValue>
</bind>
</comp>

<comp id="64" class="1001" name="const_64">
<pin_list>
<pin id="65" dir="1" index="0" bw="1" slack="0"/>
</pin_list>
<bind>
<StgValue><ssdm name="_ssdm_op_PartSelect.i13.i14.i32.i32"/></StgValue>
</bind>
</comp>

<comp id="66" class="1001" name="const_66">
<pin_list>
<pin id="67" dir="1" index="0" bw="1" slack="0"/>
</pin_list>
<bind>
<StgValue><ssdm name=""/></StgValue>
</bind>
</comp>

<comp id="68" class="1001" name="const_68">
<pin_list>
<pin id="69" dir="1" index="0" bw="1" slack="0"/>
</pin_list>
<bind>
<StgValue><ssdm name="_ssdm_op_BitConcatenate.i13.i10.i2.i1"/></StgValue>
</bind>
</comp>

<comp id="70" class="1001" name="const_70">
<pin_list>
<pin id="71" dir="1" index="0" bw="1" slack="0"/>
</pin_list>
<bind>
<StgValue><ssdm name=""/></StgValue>
</bind>
</comp>

<comp id="72" class="1001" name="const_72">
<pin_list>
<pin id="73" dir="1" index="0" bw="1" slack="0"/>
</pin_list>
<bind>
<StgValue><ssdm name=""/></StgValue>
</bind>
</comp>

<comp id="74" class="1001" name="const_74">
<pin_list>
<pin id="75" dir="1" index="0" bw="1" slack="0"/>
</pin_list>
<bind>
<StgValue><ssdm name=""/></StgValue>
</bind>
</comp>

<comp id="76" class="1001" name="const_76">
<pin_list>
<pin id="77" dir="1" index="0" bw="1" slack="2147483647"/>
</pin_list>
<bind>
<StgValue><ssdm name="_ssdm_op_SpecLoopName"/></StgValue>
</bind>
</comp>

<comp id="78" class="1001" name="const_78">
<pin_list>
<pin id="79" dir="1" index="0" bw="1" slack="2147483647"/>
</pin_list>
<bind>
<StgValue><ssdm name="VITIS_LOOP_45_1_VITIS_LOOP_46_2_VITIS_LOOP_47_3_str"/></StgValue>
</bind>
</comp>

<comp id="80" class="1001" name="const_80">
<pin_list>
<pin id="81" dir="1" index="0" bw="1" slack="2147483647"/>
</pin_list>
<bind>
<StgValue><ssdm name="_ssdm_op_SpecLoopTripCount"/></StgValue>
</bind>
</comp>

<comp id="82" class="1001" name="const_82">
<pin_list>
<pin id="83" dir="1" index="0" bw="1" slack="2147483647"/>
</pin_list>
<bind>
<StgValue><ssdm name=""/></StgValue>
</bind>
</comp>

<comp id="84" class="1001" name="const_84">
<pin_list>
<pin id="85" dir="1" index="0" bw="1" slack="2147483647"/>
</pin_list>
<bind>
<StgValue><ssdm name="VITIS_LOOP_46_2_VITIS_LOOP_47_3_str"/></StgValue>
</bind>
</comp>

<comp id="86" class="1001" name="const_86">
<pin_list>
<pin id="87" dir="1" index="0" bw="1" slack="2147483647"/>
</pin_list>
<bind>
<StgValue><ssdm name="empty_14"/></StgValue>
</bind>
</comp>

<comp id="88" class="1001" name="const_88">
<pin_list>
<pin id="89" dir="1" index="0" bw="1" slack="2147483647"/>
</pin_list>
<bind>
<StgValue><ssdm name="_ssdm_op_Write.bram.i16"/></StgValue>
</bind>
</comp>

<comp id="90" class="1001" name="const_90">
<pin_list>
<pin id="91" dir="1" index="0" bw="1" slack="2147483647"/>
</pin_list>
<bind>
<StgValue><ssdm name=""/></StgValue>
</bind>
</comp>

<comp id="92" class="1004" name="c_fu_92">
<pin_list>
<pin id="93" dir="0" index="0" bw="1" slack="0"/>
<pin id="94" dir="1" index="1" bw="3" slack="0"/>
</pin_list>
<bind>
<opcode="alloca(26) " fcode="alloca"/>
<opset="c/1 "/>
</bind>
</comp>

<comp id="96" class="1004" name="w_fu_96">
<pin_list>
<pin id="97" dir="0" index="0" bw="1" slack="0"/>
<pin id="98" dir="1" index="1" bw="4" slack="0"/>
</pin_list>
<bind>
<opcode="alloca(26) " fcode="alloca"/>
<opset="w/1 "/>
</bind>
</comp>

<comp id="100" class="1004" name="indvar_flatten32_fu_100">
<pin_list>
<pin id="101" dir="0" index="0" bw="1" slack="0"/>
<pin id="102" dir="1" index="1" bw="7" slack="0"/>
</pin_list>
<bind>
<opcode="alloca(26) " fcode="alloca"/>
<opset="indvar_flatten32/1 "/>
</bind>
</comp>

<comp id="104" class="1004" name="h_fu_104">
<pin_list>
<pin id="105" dir="0" index="0" bw="1" slack="0"/>
<pin id="106" dir="1" index="1" bw="4" slack="0"/>
</pin_list>
<bind>
<opcode="alloca(26) " fcode="alloca"/>
<opset="h/1 "/>
</bind>
</comp>

<comp id="108" class="1004" name="indvar_flatten64_fu_108">
<pin_list>
<pin id="109" dir="0" index="0" bw="1" slack="0"/>
<pin id="110" dir="1" index="1" bw="10" slack="0"/>
</pin_list>
<bind>
<opcode="alloca(26) " fcode="alloca"/>
<opset="indvar_flatten64/1 "/>
</bind>
</comp>

<comp id="112" class="1004" name="d_addr_gep_fu_112">
<pin_list>
<pin id="113" dir="0" index="0" bw="16" slack="0"/>
<pin id="114" dir="0" index="1" bw="1" slack="0"/>
<pin id="115" dir="0" index="2" bw="14" slack="0"/>
<pin id="116" dir="1" index="3" bw="14" slack="0"/>
</pin_list>
<bind>
<opcode="getelementptr(29) " fcode="getelementptr"/>
<opset="d_addr/1 "/>
</bind>
</comp>

<comp id="119" class="1004" name="grp_access_fu_119">
<pin_list>
<pin id="120" dir="0" index="0" bw="14" slack="0"/>
<pin id="121" dir="0" index="1" bw="16" slack="0"/>
<pin id="122" dir="0" index="2" bw="0" slack="0"/>
<pin id="124" dir="0" index="4" bw="14" slack="2147483647"/>
<pin id="125" dir="0" index="5" bw="16" slack="2147483647"/>
<pin id="126" dir="0" index="6" bw="0" slack="2147483647"/>
<pin id="123" dir="1" index="3" bw="16" slack="0"/>
<pin id="127" dir="1" index="7" bw="16" slack="0"/>
</pin_list>
<bind>
<opcode="load(27) store(28) " fcode="store"/>
<opset="max_val_V/1 v1_V/1 v2_V/2 v3_V/2 store_ln56/3 "/>
</bind>
</comp>

<comp id="129" class="1004" name="d_addr_1_gep_fu_129">
<pin_list>
<pin id="130" dir="0" index="0" bw="16" slack="0"/>
<pin id="131" dir="0" index="1" bw="1" slack="0"/>
<pin id="132" dir="0" index="2" bw="14" slack="0"/>
<pin id="133" dir="1" index="3" bw="14" slack="0"/>
</pin_list>
<bind>
<opcode="getelementptr(29) " fcode="getelementptr"/>
<opset="d_addr_1/1 "/>
</bind>
</comp>

<comp id="137" class="1004" name="d_addr_2_gep_fu_137">
<pin_list>
<pin id="138" dir="0" index="0" bw="16" slack="0"/>
<pin id="139" dir="0" index="1" bw="1" slack="0"/>
<pin id="140" dir="0" index="2" bw="14" slack="0"/>
<pin id="141" dir="1" index="3" bw="14" slack="0"/>
</pin_list>
<bind>
<opcode="getelementptr(29) " fcode="getelementptr"/>
<opset="d_addr_2/2 "/>
</bind>
</comp>

<comp id="145" class="1004" name="d_addr_3_gep_fu_145">
<pin_list>
<pin id="146" dir="0" index="0" bw="16" slack="0"/>
<pin id="147" dir="0" index="1" bw="1" slack="0"/>
<pin id="148" dir="0" index="2" bw="14" slack="0"/>
<pin id="149" dir="1" index="3" bw="14" slack="0"/>
</pin_list>
<bind>
<opcode="getelementptr(29) " fcode="getelementptr"/>
<opset="d_addr_3/2 "/>
</bind>
</comp>

<comp id="153" class="1004" name="d_addr_4_gep_fu_153">
<pin_list>
<pin id="154" dir="0" index="0" bw="16" slack="0"/>
<pin id="155" dir="0" index="1" bw="1" slack="0"/>
<pin id="156" dir="0" index="2" bw="13" slack="0"/>
<pin id="157" dir="1" index="3" bw="14" slack="2147483647"/>
</pin_list>
<bind>
<opcode="getelementptr(29) " fcode="getelementptr"/>
<opset="d_addr_4/3 "/>
</bind>
</comp>

<comp id="160" class="1004" name="store_ln0_store_fu_160">
<pin_list>
<pin id="161" dir="0" index="0" bw="1" slack="0"/>
<pin id="162" dir="0" index="1" bw="10" slack="0"/>
<pin id="163" dir="1" index="2" bw="0" slack="2147483647"/>
</pin_list>
<bind>
<opcode="store(28) " fcode="store"/>
<opset="store_ln0/1 "/>
</bind>
</comp>

<comp id="165" class="1004" name="store_ln0_store_fu_165">
<pin_list>
<pin id="166" dir="0" index="0" bw="1" slack="0"/>
<pin id="167" dir="0" index="1" bw="4" slack="0"/>
<pin id="168" dir="1" index="2" bw="0" slack="2147483647"/>
</pin_list>
<bind>
<opcode="store(28) " fcode="store"/>
<opset="store_ln0/1 "/>
</bind>
</comp>

<comp id="170" class="1004" name="store_ln0_store_fu_170">
<pin_list>
<pin id="171" dir="0" index="0" bw="1" slack="0"/>
<pin id="172" dir="0" index="1" bw="7" slack="0"/>
<pin id="173" dir="1" index="2" bw="0" slack="2147483647"/>
</pin_list>
<bind>
<opcode="store(28) " fcode="store"/>
<opset="store_ln0/1 "/>
</bind>
</comp>

<comp id="175" class="1004" name="store_ln0_store_fu_175">
<pin_list>
<pin id="176" dir="0" index="0" bw="1" slack="0"/>
<pin id="177" dir="0" index="1" bw="4" slack="0"/>
<pin id="178" dir="1" index="2" bw="0" slack="2147483647"/>
</pin_list>
<bind>
<opcode="store(28) " fcode="store"/>
<opset="store_ln0/1 "/>
</bind>
</comp>

<comp id="180" class="1004" name="store_ln0_store_fu_180">
<pin_list>
<pin id="181" dir="0" index="0" bw="1" slack="0"/>
<pin id="182" dir="0" index="1" bw="3" slack="0"/>
<pin id="183" dir="1" index="2" bw="0" slack="2147483647"/>
</pin_list>
<bind>
<opcode="store(28) " fcode="store"/>
<opset="store_ln0/1 "/>
</bind>
</comp>

<comp id="185" class="1004" name="w_2_load_fu_185">
<pin_list>
<pin id="186" dir="0" index="0" bw="4" slack="0"/>
<pin id="187" dir="1" index="1" bw="4" slack="0"/>
</pin_list>
<bind>
<opcode="load(27) " fcode="load"/>
<opset="w_2/1 "/>
</bind>
</comp>

<comp id="188" class="1004" name="h_2_load_fu_188">
<pin_list>
<pin id="189" dir="0" index="0" bw="4" slack="0"/>
<pin id="190" dir="1" index="1" bw="4" slack="0"/>
</pin_list>
<bind>
<opcode="load(27) " fcode="load"/>
<opset="h_2/1 "/>
</bind>
</comp>

<comp id="191" class="1004" name="indvar_flatten64_load_load_fu_191">
<pin_list>
<pin id="192" dir="0" index="0" bw="10" slack="0"/>
<pin id="193" dir="1" index="1" bw="10" slack="0"/>
</pin_list>
<bind>
<opcode="load(27) " fcode="load"/>
<opset="indvar_flatten64_load/1 "/>
</bind>
</comp>

<comp id="194" class="1004" name="shl_ln49_1_fu_194">
<pin_list>
<pin id="195" dir="0" index="0" bw="13" slack="0"/>
<pin id="196" dir="0" index="1" bw="4" slack="0"/>
<pin id="197" dir="0" index="2" bw="1" slack="0"/>
<pin id="198" dir="1" index="3" bw="13" slack="0"/>
</pin_list>
<bind>
<opcode="bitconcatenate(1004) " fcode="bitconcatenate"/>
<opset="shl_ln49_1/1 "/>
</bind>
</comp>

<comp id="202" class="1004" name="zext_ln49_fu_202">
<pin_list>
<pin id="203" dir="0" index="0" bw="13" slack="0"/>
<pin id="204" dir="1" index="1" bw="14" slack="0"/>
</pin_list>
<bind>
<opcode="zext(34) " fcode="zext"/>
<opset="zext_ln49/1 "/>
</bind>
</comp>

<comp id="206" class="1004" name="shl_ln49_2_fu_206">
<pin_list>
<pin id="207" dir="0" index="0" bw="10" slack="0"/>
<pin id="208" dir="0" index="1" bw="4" slack="0"/>
<pin id="209" dir="0" index="2" bw="1" slack="0"/>
<pin id="210" dir="1" index="3" bw="10" slack="0"/>
</pin_list>
<bind>
<opcode="bitconcatenate(1004) " fcode="bitconcatenate"/>
<opset="shl_ln49_2/1 "/>
</bind>
</comp>

<comp id="214" class="1004" name="zext_ln49_1_fu_214">
<pin_list>
<pin id="215" dir="0" index="0" bw="10" slack="0"/>
<pin id="216" dir="1" index="1" bw="14" slack="0"/>
</pin_list>
<bind>
<opcode="zext(34) " fcode="zext"/>
<opset="zext_ln49_1/1 "/>
</bind>
</comp>

<comp id="218" class="1004" name="sub_ln49_fu_218">
<pin_list>
<pin id="219" dir="0" index="0" bw="13" slack="0"/>
<pin id="220" dir="0" index="1" bw="10" slack="0"/>
<pin id="221" dir="1" index="2" bw="14" slack="0"/>
</pin_list>
<bind>
<opcode="sub(10) " fcode="sub"/>
<opset="sub_ln49/1 "/>
</bind>
</comp>

<comp id="224" class="1004" name="shl_ln_fu_224">
<pin_list>
<pin id="225" dir="0" index="0" bw="11" slack="0"/>
<pin id="226" dir="0" index="1" bw="4" slack="0"/>
<pin id="227" dir="0" index="2" bw="1" slack="0"/>
<pin id="228" dir="1" index="3" bw="11" slack="0"/>
</pin_list>
<bind>
<opcode="bitconcatenate(1004) " fcode="bitconcatenate"/>
<opset="shl_ln/1 "/>
</bind>
</comp>

<comp id="232" class="1004" name="zext_ln56_fu_232">
<pin_list>
<pin id="233" dir="0" index="0" bw="11" slack="0"/>
<pin id="234" dir="1" index="1" bw="12" slack="0"/>
</pin_list>
<bind>
<opcode="zext(34) " fcode="zext"/>
<opset="zext_ln56/1 "/>
</bind>
</comp>

<comp id="236" class="1004" name="shl_ln56_1_fu_236">
<pin_list>
<pin id="237" dir="0" index="0" bw="8" slack="0"/>
<pin id="238" dir="0" index="1" bw="4" slack="0"/>
<pin id="239" dir="0" index="2" bw="1" slack="0"/>
<pin id="240" dir="1" index="3" bw="8" slack="0"/>
</pin_list>
<bind>
<opcode="bitconcatenate(1004) " fcode="bitconcatenate"/>
<opset="shl_ln56_1/1 "/>
</bind>
</comp>

<comp id="244" class="1004" name="zext_ln56_1_fu_244">
<pin_list>
<pin id="245" dir="0" index="0" bw="8" slack="0"/>
<pin id="246" dir="1" index="1" bw="12" slack="0"/>
</pin_list>
<bind>
<opcode="zext(34) " fcode="zext"/>
<opset="zext_ln56_1/1 "/>
</bind>
</comp>

<comp id="248" class="1004" name="sub_ln56_fu_248">
<pin_list>
<pin id="249" dir="0" index="0" bw="11" slack="0"/>
<pin id="250" dir="0" index="1" bw="8" slack="0"/>
<pin id="251" dir="1" index="2" bw="12" slack="0"/>
</pin_list>
<bind>
<opcode="sub(10) " fcode="sub"/>
<opset="sub_ln56/1 "/>
</bind>
</comp>

<comp id="254" class="1004" name="tmp_7_fu_254">
<pin_list>
<pin id="255" dir="0" index="0" bw="8" slack="0"/>
<pin id="256" dir="0" index="1" bw="4" slack="0"/>
<pin id="257" dir="0" index="2" bw="1" slack="0"/>
<pin id="258" dir="1" index="3" bw="8" slack="0"/>
</pin_list>
<bind>
<opcode="bitconcatenate(1004) " fcode="bitconcatenate"/>
<opset="tmp_7/1 "/>
</bind>
</comp>

<comp id="262" class="1004" name="or_ln50_fu_262">
<pin_list>
<pin id="263" dir="0" index="0" bw="8" slack="0"/>
<pin id="264" dir="0" index="1" bw="8" slack="0"/>
<pin id="265" dir="1" index="2" bw="8" slack="0"/>
</pin_list>
<bind>
<opcode="or(24) " fcode="or"/>
<opset="or_ln50/1 "/>
</bind>
</comp>

<comp id="268" class="1004" name="shl_ln56_2_fu_268">
<pin_list>
<pin id="269" dir="0" index="0" bw="7" slack="0"/>
<pin id="270" dir="0" index="1" bw="4" slack="0"/>
<pin id="271" dir="0" index="2" bw="1" slack="0"/>
<pin id="272" dir="1" index="3" bw="7" slack="0"/>
</pin_list>
<bind>
<opcode="bitconcatenate(1004) " fcode="bitconcatenate"/>
<opset="shl_ln56_2/1 "/>
</bind>
</comp>

<comp id="276" class="1004" name="zext_ln47_fu_276">
<pin_list>
<pin id="277" dir="0" index="0" bw="7" slack="0"/>
<pin id="278" dir="1" index="1" bw="12" slack="0"/>
</pin_list>
<bind>
<opcode="zext(34) " fcode="zext"/>
<opset="zext_ln47/1 "/>
</bind>
</comp>

<comp id="280" class="1004" name="add_ln56_fu_280">
<pin_list>
<pin id="281" dir="0" index="0" bw="12" slack="0"/>
<pin id="282" dir="0" index="1" bw="7" slack="0"/>
<pin id="283" dir="1" index="2" bw="12" slack="0"/>
</pin_list>
<bind>
<opcode="add(8) " fcode="add"/>
<opset="add_ln56/1 "/>
</bind>
</comp>

<comp id="286" class="1004" name="icmp_ln45_fu_286">
<pin_list>
<pin id="287" dir="0" index="0" bw="10" slack="0"/>
<pin id="288" dir="0" index="1" bw="10" slack="0"/>
<pin id="289" dir="1" index="2" bw="1" slack="2147483647"/>
</pin_list>
<bind>
<opcode="icmp(45) " fcode="icmp"/>
<opset="icmp_ln45/1 "/>
</bind>
</comp>

<comp id="292" class="1004" name="add_ln45_2_fu_292">
<pin_list>
<pin id="293" dir="0" index="0" bw="10" slack="0"/>
<pin id="294" dir="0" index="1" bw="1" slack="0"/>
<pin id="295" dir="1" index="2" bw="10" slack="0"/>
</pin_list>
<bind>
<opcode="add(8) " fcode="add"/>
<opset="add_ln45_2/1 "/>
</bind>
</comp>

<comp id="298" class="1004" name="c_load_load_fu_298">
<pin_list>
<pin id="299" dir="0" index="0" bw="3" slack="0"/>
<pin id="300" dir="1" index="1" bw="3" slack="0"/>
</pin_list>
<bind>
<opcode="load(27) " fcode="load"/>
<opset="c_load/1 "/>
</bind>
</comp>

<comp id="301" class="1004" name="indvar_flatten32_load_load_fu_301">
<pin_list>
<pin id="302" dir="0" index="0" bw="7" slack="0"/>
<pin id="303" dir="1" index="1" bw="7" slack="0"/>
</pin_list>
<bind>
<opcode="load(27) " fcode="load"/>
<opset="indvar_flatten32_load/1 "/>
</bind>
</comp>

<comp id="304" class="1004" name="add_ln45_fu_304">
<pin_list>
<pin id="305" dir="0" index="0" bw="4" slack="0"/>
<pin id="306" dir="0" index="1" bw="1" slack="0"/>
<pin id="307" dir="1" index="2" bw="4" slack="0"/>
</pin_list>
<bind>
<opcode="add(8) " fcode="add"/>
<opset="add_ln45/1 "/>
</bind>
</comp>

<comp id="310" class="1004" name="icmp_ln46_fu_310">
<pin_list>
<pin id="311" dir="0" index="0" bw="7" slack="0"/>
<pin id="312" dir="0" index="1" bw="7" slack="0"/>
<pin id="313" dir="1" index="2" bw="1" slack="0"/>
</pin_list>
<bind>
<opcode="icmp(45) " fcode="icmp"/>
<opset="icmp_ln46/1 "/>
</bind>
</comp>

<comp id="316" class="1004" name="select_ln45_fu_316">
<pin_list>
<pin id="317" dir="0" index="0" bw="1" slack="0"/>
<pin id="318" dir="0" index="1" bw="4" slack="0"/>
<pin id="319" dir="0" index="2" bw="4" slack="0"/>
<pin id="320" dir="1" index="3" bw="4" slack="0"/>
</pin_list>
<bind>
<opcode="select(49) " fcode="select"/>
<opset="select_ln45/1 "/>
</bind>
</comp>

<comp id="324" class="1004" name="shl_ln49_1_mid1_fu_324">
<pin_list>
<pin id="325" dir="0" index="0" bw="13" slack="0"/>
<pin id="326" dir="0" index="1" bw="4" slack="0"/>
<pin id="327" dir="0" index="2" bw="1" slack="0"/>
<pin id="328" dir="1" index="3" bw="13" slack="0"/>
</pin_list>
<bind>
<opcode="bitconcatenate(1004) " fcode="bitconcatenate"/>
<opset="shl_ln49_1_mid1/1 "/>
</bind>
</comp>

<comp id="332" class="1004" name="zext_ln49_2_fu_332">
<pin_list>
<pin id="333" dir="0" index="0" bw="13" slack="0"/>
<pin id="334" dir="1" index="1" bw="14" slack="0"/>
</pin_list>
<bind>
<opcode="zext(34) " fcode="zext"/>
<opset="zext_ln49_2/1 "/>
</bind>
</comp>

<comp id="336" class="1004" name="shl_ln49_2_mid1_fu_336">
<pin_list>
<pin id="337" dir="0" index="0" bw="10" slack="0"/>
<pin id="338" dir="0" index="1" bw="4" slack="0"/>
<pin id="339" dir="0" index="2" bw="1" slack="0"/>
<pin id="340" dir="1" index="3" bw="10" slack="0"/>
</pin_list>
<bind>
<opcode="bitconcatenate(1004) " fcode="bitconcatenate"/>
<opset="shl_ln49_2_mid1/1 "/>
</bind>
</comp>

<comp id="344" class="1004" name="zext_ln49_3_fu_344">
<pin_list>
<pin id="345" dir="0" index="0" bw="10" slack="0"/>
<pin id="346" dir="1" index="1" bw="14" slack="0"/>
</pin_list>
<bind>
<opcode="zext(34) " fcode="zext"/>
<opset="zext_ln49_3/1 "/>
</bind>
</comp>

<comp id="348" class="1004" name="sub_ln49_1_fu_348">
<pin_list>
<pin id="349" dir="0" index="0" bw="13" slack="0"/>
<pin id="350" dir="0" index="1" bw="10" slack="0"/>
<pin id="351" dir="1" index="2" bw="14" slack="0"/>
</pin_list>
<bind>
<opcode="sub(10) " fcode="sub"/>
<opset="sub_ln49_1/1 "/>
</bind>
</comp>

<comp id="354" class="1004" name="select_ln45_1_fu_354">
<pin_list>
<pin id="355" dir="0" index="0" bw="1" slack="0"/>
<pin id="356" dir="0" index="1" bw="14" slack="0"/>
<pin id="357" dir="0" index="2" bw="14" slack="0"/>
<pin id="358" dir="1" index="3" bw="14" slack="0"/>
</pin_list>
<bind>
<opcode="select(49) " fcode="select"/>
<opset="select_ln45_1/1 "/>
</bind>
</comp>

<comp id="362" class="1004" name="add_ln45_1_fu_362">
<pin_list>
<pin id="363" dir="0" index="0" bw="14" slack="0"/>
<pin id="364" dir="0" index="1" bw="9" slack="0"/>
<pin id="365" dir="1" index="2" bw="14" slack="0"/>
</pin_list>
<bind>
<opcode="add(8) " fcode="add"/>
<opset="add_ln45_1/1 "/>
</bind>
</comp>

<comp id="368" class="1004" name="shl_ln56_mid1_fu_368">
<pin_list>
<pin id="369" dir="0" index="0" bw="11" slack="0"/>
<pin id="370" dir="0" index="1" bw="4" slack="0"/>
<pin id="371" dir="0" index="2" bw="1" slack="0"/>
<pin id="372" dir="1" index="3" bw="11" slack="0"/>
</pin_list>
<bind>
<opcode="bitconcatenate(1004) " fcode="bitconcatenate"/>
<opset="shl_ln56_mid1/1 "/>
</bind>
</comp>

<comp id="376" class="1004" name="zext_ln56_2_fu_376">
<pin_list>
<pin id="377" dir="0" index="0" bw="11" slack="0"/>
<pin id="378" dir="1" index="1" bw="12" slack="0"/>
</pin_list>
<bind>
<opcode="zext(34) " fcode="zext"/>
<opset="zext_ln56_2/1 "/>
</bind>
</comp>

<comp id="380" class="1004" name="shl_ln56_1_mid1_fu_380">
<pin_list>
<pin id="381" dir="0" index="0" bw="8" slack="0"/>
<pin id="382" dir="0" index="1" bw="4" slack="0"/>
<pin id="383" dir="0" index="2" bw="1" slack="0"/>
<pin id="384" dir="1" index="3" bw="8" slack="0"/>
</pin_list>
<bind>
<opcode="bitconcatenate(1004) " fcode="bitconcatenate"/>
<opset="shl_ln56_1_mid1/1 "/>
</bind>
</comp>

<comp id="388" class="1004" name="zext_ln56_4_fu_388">
<pin_list>
<pin id="389" dir="0" index="0" bw="8" slack="0"/>
<pin id="390" dir="1" index="1" bw="12" slack="0"/>
</pin_list>
<bind>
<opcode="zext(34) " fcode="zext"/>
<opset="zext_ln56_4/1 "/>
</bind>
</comp>

<comp id="392" class="1004" name="sub_ln56_1_fu_392">
<pin_list>
<pin id="393" dir="0" index="0" bw="11" slack="0"/>
<pin id="394" dir="0" index="1" bw="8" slack="0"/>
<pin id="395" dir="1" index="2" bw="12" slack="0"/>
</pin_list>
<bind>
<opcode="sub(10) " fcode="sub"/>
<opset="sub_ln56_1/1 "/>
</bind>
</comp>

<comp id="398" class="1004" name="select_ln45_2_fu_398">
<pin_list>
<pin id="399" dir="0" index="0" bw="1" slack="0"/>
<pin id="400" dir="0" index="1" bw="12" slack="0"/>
<pin id="401" dir="0" index="2" bw="12" slack="0"/>
<pin id="402" dir="1" index="3" bw="12" slack="0"/>
</pin_list>
<bind>
<opcode="select(49) " fcode="select"/>
<opset="select_ln45_2/1 "/>
</bind>
</comp>

<comp id="406" class="1004" name="select_ln45_3_fu_406">
<pin_list>
<pin id="407" dir="0" index="0" bw="1" slack="0"/>
<pin id="408" dir="0" index="1" bw="8" slack="0"/>
<pin id="409" dir="0" index="2" bw="8" slack="0"/>
<pin id="410" dir="1" index="3" bw="8" slack="0"/>
</pin_list>
<bind>
<opcode="select(49) " fcode="select"/>
<opset="select_ln45_3/1 "/>
</bind>
</comp>

<comp id="414" class="1004" name="select_ln45_4_fu_414">
<pin_list>
<pin id="415" dir="0" index="0" bw="1" slack="0"/>
<pin id="416" dir="0" index="1" bw="8" slack="0"/>
<pin id="417" dir="0" index="2" bw="8" slack="0"/>
<pin id="418" dir="1" index="3" bw="8" slack="0"/>
</pin_list>
<bind>
<opcode="select(49) " fcode="select"/>
<opset="select_ln45_4/1 "/>
</bind>
</comp>

<comp id="422" class="1004" name="select_ln45_5_fu_422">
<pin_list>
<pin id="423" dir="0" index="0" bw="1" slack="0"/>
<pin id="424" dir="0" index="1" bw="12" slack="0"/>
<pin id="425" dir="0" index="2" bw="12" slack="0"/>
<pin id="426" dir="1" index="3" bw="12" slack="0"/>
</pin_list>
<bind>
<opcode="select(49) " fcode="select"/>
<opset="select_ln45_5/1 "/>
</bind>
</comp>

<comp id="430" class="1004" name="xor_ln45_fu_430">
<pin_list>
<pin id="431" dir="0" index="0" bw="1" slack="0"/>
<pin id="432" dir="0" index="1" bw="1" slack="0"/>
<pin id="433" dir="1" index="2" bw="1" slack="0"/>
</pin_list>
<bind>
<opcode="xor(25) " fcode="xor"/>
<opset="xor_ln45/1 "/>
</bind>
</comp>

<comp id="436" class="1004" name="icmp_ln47_fu_436">
<pin_list>
<pin id="437" dir="0" index="0" bw="3" slack="0"/>
<pin id="438" dir="0" index="1" bw="3" slack="0"/>
<pin id="439" dir="1" index="2" bw="1" slack="0"/>
</pin_list>
<bind>
<opcode="icmp(45) " fcode="icmp"/>
<opset="icmp_ln47/1 "/>
</bind>
</comp>

<comp id="442" class="1004" name="and_ln45_fu_442">
<pin_list>
<pin id="443" dir="0" index="0" bw="1" slack="0"/>
<pin id="444" dir="0" index="1" bw="1" slack="0"/>
<pin id="445" dir="1" index="2" bw="1" slack="0"/>
</pin_list>
<bind>
<opcode="and(23) " fcode="and"/>
<opset="and_ln45/1 "/>
</bind>
</comp>

<comp id="448" class="1004" name="select_ln45_6_fu_448">
<pin_list>
<pin id="449" dir="0" index="0" bw="1" slack="0"/>
<pin id="450" dir="0" index="1" bw="4" slack="0"/>
<pin id="451" dir="0" index="2" bw="4" slack="0"/>
<pin id="452" dir="1" index="3" bw="4" slack="0"/>
</pin_list>
<bind>
<opcode="select(49) " fcode="select"/>
<opset="select_ln45_6/1 "/>
</bind>
</comp>

<comp id="456" class="1004" name="add_ln46_fu_456">
<pin_list>
<pin id="457" dir="0" index="0" bw="4" slack="0"/>
<pin id="458" dir="0" index="1" bw="1" slack="0"/>
<pin id="459" dir="1" index="2" bw="4" slack="0"/>
</pin_list>
<bind>
<opcode="add(8) " fcode="add"/>
<opset="add_ln46/1 "/>
</bind>
</comp>

<comp id="462" class="1004" name="or_ln46_fu_462">
<pin_list>
<pin id="463" dir="0" index="0" bw="1" slack="0"/>
<pin id="464" dir="0" index="1" bw="1" slack="0"/>
<pin id="465" dir="1" index="2" bw="1" slack="0"/>
</pin_list>
<bind>
<opcode="or(24) " fcode="or"/>
<opset="or_ln46/1 "/>
</bind>
</comp>

<comp id="468" class="1004" name="select_ln46_fu_468">
<pin_list>
<pin id="469" dir="0" index="0" bw="1" slack="0"/>
<pin id="470" dir="0" index="1" bw="3" slack="0"/>
<pin id="471" dir="0" index="2" bw="3" slack="0"/>
<pin id="472" dir="1" index="3" bw="3" slack="0"/>
</pin_list>
<bind>
<opcode="select(49) " fcode="select"/>
<opset="select_ln46/1 "/>
</bind>
</comp>

<comp id="476" class="1004" name="p_mid1_fu_476">
<pin_list>
<pin id="477" dir="0" index="0" bw="8" slack="0"/>
<pin id="478" dir="0" index="1" bw="4" slack="0"/>
<pin id="479" dir="0" index="2" bw="1" slack="0"/>
<pin id="480" dir="1" index="3" bw="8" slack="0"/>
</pin_list>
<bind>
<opcode="bitconcatenate(1004) " fcode="bitconcatenate"/>
<opset="p_mid1/1 "/>
</bind>
</comp>

<comp id="484" class="1004" name="select_ln46_1_fu_484">
<pin_list>
<pin id="485" dir="0" index="0" bw="1" slack="0"/>
<pin id="486" dir="0" index="1" bw="8" slack="0"/>
<pin id="487" dir="0" index="2" bw="8" slack="0"/>
<pin id="488" dir="1" index="3" bw="8" slack="0"/>
</pin_list>
<bind>
<opcode="select(49) " fcode="select"/>
<opset="select_ln46_1/1 "/>
</bind>
</comp>

<comp id="492" class="1004" name="zext_ln50_fu_492">
<pin_list>
<pin id="493" dir="0" index="0" bw="8" slack="0"/>
<pin id="494" dir="1" index="1" bw="14" slack="0"/>
</pin_list>
<bind>
<opcode="zext(34) " fcode="zext"/>
<opset="zext_ln50/1 "/>
</bind>
</comp>

<comp id="496" class="1004" name="or_ln50_1_fu_496">
<pin_list>
<pin id="497" dir="0" index="0" bw="8" slack="0"/>
<pin id="498" dir="0" index="1" bw="8" slack="0"/>
<pin id="499" dir="1" index="2" bw="8" slack="0"/>
</pin_list>
<bind>
<opcode="or(24) " fcode="or"/>
<opset="or_ln50_1/1 "/>
</bind>
</comp>

<comp id="502" class="1004" name="select_ln46_2_fu_502">
<pin_list>
<pin id="503" dir="0" index="0" bw="1" slack="0"/>
<pin id="504" dir="0" index="1" bw="8" slack="0"/>
<pin id="505" dir="0" index="2" bw="8" slack="0"/>
<pin id="506" dir="1" index="3" bw="8" slack="0"/>
</pin_list>
<bind>
<opcode="select(49) " fcode="select"/>
<opset="select_ln46_2/1 "/>
</bind>
</comp>

<comp id="510" class="1004" name="zext_ln56_5_fu_510">
<pin_list>
<pin id="511" dir="0" index="0" bw="8" slack="0"/>
<pin id="512" dir="1" index="1" bw="14" slack="0"/>
</pin_list>
<bind>
<opcode="zext(34) " fcode="zext"/>
<opset="zext_ln56_5/1 "/>
</bind>
</comp>

<comp id="514" class="1004" name="shl_ln56_2_mid1_fu_514">
<pin_list>
<pin id="515" dir="0" index="0" bw="7" slack="0"/>
<pin id="516" dir="0" index="1" bw="4" slack="0"/>
<pin id="517" dir="0" index="2" bw="1" slack="0"/>
<pin id="518" dir="1" index="3" bw="7" slack="0"/>
</pin_list>
<bind>
<opcode="bitconcatenate(1004) " fcode="bitconcatenate"/>
<opset="shl_ln56_2_mid1/1 "/>
</bind>
</comp>

<comp id="522" class="1004" name="zext_ln47_1_fu_522">
<pin_list>
<pin id="523" dir="0" index="0" bw="7" slack="0"/>
<pin id="524" dir="1" index="1" bw="12" slack="0"/>
</pin_list>
<bind>
<opcode="zext(34) " fcode="zext"/>
<opset="zext_ln47_1/1 "/>
</bind>
</comp>

<comp id="526" class="1004" name="add_ln56_2_fu_526">
<pin_list>
<pin id="527" dir="0" index="0" bw="12" slack="0"/>
<pin id="528" dir="0" index="1" bw="7" slack="0"/>
<pin id="529" dir="1" index="2" bw="12" slack="0"/>
</pin_list>
<bind>
<opcode="add(8) " fcode="add"/>
<opset="add_ln56_2/1 "/>
</bind>
</comp>

<comp id="532" class="1004" name="select_ln46_3_fu_532">
<pin_list>
<pin id="533" dir="0" index="0" bw="1" slack="0"/>
<pin id="534" dir="0" index="1" bw="12" slack="0"/>
<pin id="535" dir="0" index="2" bw="12" slack="0"/>
<pin id="536" dir="1" index="3" bw="12" slack="0"/>
</pin_list>
<bind>
<opcode="select(49) " fcode="select"/>
<opset="select_ln46_3/1 "/>
</bind>
</comp>

<comp id="540" class="1004" name="sext_ln46_fu_540">
<pin_list>
<pin id="541" dir="0" index="0" bw="12" slack="0"/>
<pin id="542" dir="1" index="1" bw="14" slack="0"/>
</pin_list>
<bind>
<opcode="sext(35) " fcode="sext"/>
<opset="sext_ln46/1 "/>
</bind>
</comp>

<comp id="544" class="1004" name="select_ln46_4_fu_544">
<pin_list>
<pin id="545" dir="0" index="0" bw="1" slack="0"/>
<pin id="546" dir="0" index="1" bw="4" slack="0"/>
<pin id="547" dir="0" index="2" bw="4" slack="0"/>
<pin id="548" dir="1" index="3" bw="4" slack="0"/>
</pin_list>
<bind>
<opcode="select(49) " fcode="select"/>
<opset="select_ln46_4/1 "/>
</bind>
</comp>

<comp id="552" class="1004" name="trunc_ln49_fu_552">
<pin_list>
<pin id="553" dir="0" index="0" bw="3" slack="0"/>
<pin id="554" dir="1" index="1" bw="2" slack="0"/>
</pin_list>
<bind>
<opcode="trunc(33) " fcode="trunc"/>
<opset="trunc_ln49/1 "/>
</bind>
</comp>

<comp id="556" class="1004" name="tmp_6_fu_556">
<pin_list>
<pin id="557" dir="0" index="0" bw="11" slack="0"/>
<pin id="558" dir="0" index="1" bw="14" slack="0"/>
<pin id="559" dir="0" index="2" bw="3" slack="0"/>
<pin id="560" dir="0" index="3" bw="5" slack="0"/>
<pin id="561" dir="1" index="4" bw="11" slack="0"/>
</pin_list>
<bind>
<opcode="partselect(1002) " fcode="partselect"/>
<opset="tmp_6/1 "/>
</bind>
</comp>

<comp id="566" class="1004" name="tmp5_fu_566">
<pin_list>
<pin id="567" dir="0" index="0" bw="14" slack="0"/>
<pin id="568" dir="0" index="1" bw="11" slack="0"/>
<pin id="569" dir="0" index="2" bw="2" slack="0"/>
<pin id="570" dir="0" index="3" bw="1" slack="0"/>
<pin id="571" dir="1" index="4" bw="14" slack="0"/>
</pin_list>
<bind>
<opcode="bitconcatenate(1004) " fcode="bitconcatenate"/>
<opset="tmp5/1 "/>
</bind>
</comp>

<comp id="576" class="1004" name="add_ln49_fu_576">
<pin_list>
<pin id="577" dir="0" index="0" bw="14" slack="0"/>
<pin id="578" dir="0" index="1" bw="8" slack="0"/>
<pin id="579" dir="1" index="2" bw="14" slack="0"/>
</pin_list>
<bind>
<opcode="add(8) " fcode="add"/>
<opset="add_ln49/1 "/>
</bind>
</comp>

<comp id="582" class="1004" name="trunc_ln_fu_582">
<pin_list>
<pin id="583" dir="0" index="0" bw="13" slack="0"/>
<pin id="584" dir="0" index="1" bw="14" slack="0"/>
<pin id="585" dir="0" index="2" bw="1" slack="0"/>
<pin id="586" dir="0" index="3" bw="5" slack="0"/>
<pin id="587" dir="1" index="4" bw="13" slack="0"/>
</pin_list>
<bind>
<opcode="partselect(1002) " fcode="partselect"/>
<opset="trunc_ln/1 "/>
</bind>
</comp>

<comp id="592" class="1004" name="sext_ln49_fu_592">
<pin_list>
<pin id="593" dir="0" index="0" bw="13" slack="0"/>
<pin id="594" dir="1" index="1" bw="14" slack="0"/>
</pin_list>
<bind>
<opcode="sext(35) " fcode="sext"/>
<opset="sext_ln49/1 "/>
</bind>
</comp>

<comp id="596" class="1004" name="zext_ln49_4_fu_596">
<pin_list>
<pin id="597" dir="0" index="0" bw="13" slack="0"/>
<pin id="598" dir="1" index="1" bw="64" slack="0"/>
</pin_list>
<bind>
<opcode="zext(34) " fcode="zext"/>
<opset="zext_ln49_4/1 "/>
</bind>
</comp>

<comp id="601" class="1004" name="add_ln50_fu_601">
<pin_list>
<pin id="602" dir="0" index="0" bw="14" slack="0"/>
<pin id="603" dir="0" index="1" bw="8" slack="0"/>
<pin id="604" dir="1" index="2" bw="14" slack="0"/>
</pin_list>
<bind>
<opcode="add(8) " fcode="add"/>
<opset="add_ln50/1 "/>
</bind>
</comp>

<comp id="607" class="1004" name="trunc_ln1_fu_607">
<pin_list>
<pin id="608" dir="0" index="0" bw="13" slack="0"/>
<pin id="609" dir="0" index="1" bw="14" slack="0"/>
<pin id="610" dir="0" index="2" bw="1" slack="0"/>
<pin id="611" dir="0" index="3" bw="5" slack="0"/>
<pin id="612" dir="1" index="4" bw="13" slack="0"/>
</pin_list>
<bind>
<opcode="partselect(1002) " fcode="partselect"/>
<opset="trunc_ln1/1 "/>
</bind>
</comp>

<comp id="617" class="1004" name="sext_ln50_fu_617">
<pin_list>
<pin id="618" dir="0" index="0" bw="13" slack="0"/>
<pin id="619" dir="1" index="1" bw="14" slack="0"/>
</pin_list>
<bind>
<opcode="sext(35) " fcode="sext"/>
<opset="sext_ln50/1 "/>
</bind>
</comp>

<comp id="621" class="1004" name="zext_ln50_1_fu_621">
<pin_list>
<pin id="622" dir="0" index="0" bw="13" slack="0"/>
<pin id="623" dir="1" index="1" bw="64" slack="0"/>
</pin_list>
<bind>
<opcode="zext(34) " fcode="zext"/>
<opset="zext_ln50_1/1 "/>
</bind>
</comp>

<comp id="626" class="1004" name="tmp_8_fu_626">
<pin_list>
<pin id="627" dir="0" index="0" bw="11" slack="0"/>
<pin id="628" dir="0" index="1" bw="14" slack="0"/>
<pin id="629" dir="0" index="2" bw="3" slack="0"/>
<pin id="630" dir="0" index="3" bw="5" slack="0"/>
<pin id="631" dir="1" index="4" bw="11" slack="0"/>
</pin_list>
<bind>
<opcode="partselect(1002) " fcode="partselect"/>
<opset="tmp_8/1 "/>
</bind>
</comp>

<comp id="636" class="1004" name="tmp7_fu_636">
<pin_list>
<pin id="637" dir="0" index="0" bw="14" slack="0"/>
<pin id="638" dir="0" index="1" bw="11" slack="0"/>
<pin id="639" dir="0" index="2" bw="2" slack="0"/>
<pin id="640" dir="0" index="3" bw="1" slack="0"/>
<pin id="641" dir="1" index="4" bw="14" slack="0"/>
</pin_list>
<bind>
<opcode="bitconcatenate(1004) " fcode="bitconcatenate"/>
<opset="tmp7/1 "/>
</bind>
</comp>

<comp id="646" class="1004" name="add_ln52_fu_646">
<pin_list>
<pin id="647" dir="0" index="0" bw="14" slack="0"/>
<pin id="648" dir="0" index="1" bw="8" slack="0"/>
<pin id="649" dir="1" index="2" bw="14" slack="0"/>
</pin_list>
<bind>
<opcode="add(8) " fcode="add"/>
<opset="add_ln52/1 "/>
</bind>
</comp>

<comp id="652" class="1004" name="trunc_ln2_fu_652">
<pin_list>
<pin id="653" dir="0" index="0" bw="13" slack="0"/>
<pin id="654" dir="0" index="1" bw="14" slack="0"/>
<pin id="655" dir="0" index="2" bw="1" slack="0"/>
<pin id="656" dir="0" index="3" bw="5" slack="0"/>
<pin id="657" dir="1" index="4" bw="13" slack="1"/>
</pin_list>
<bind>
<opcode="partselect(1002) " fcode="partselect"/>
<opset="trunc_ln2/1 "/>
</bind>
</comp>

<comp id="662" class="1004" name="add_ln54_fu_662">
<pin_list>
<pin id="663" dir="0" index="0" bw="14" slack="0"/>
<pin id="664" dir="0" index="1" bw="8" slack="0"/>
<pin id="665" dir="1" index="2" bw="14" slack="0"/>
</pin_list>
<bind>
<opcode="add(8) " fcode="add"/>
<opset="add_ln54/1 "/>
</bind>
</comp>

<comp id="668" class="1004" name="trunc_ln3_fu_668">
<pin_list>
<pin id="669" dir="0" index="0" bw="13" slack="0"/>
<pin id="670" dir="0" index="1" bw="14" slack="0"/>
<pin id="671" dir="0" index="2" bw="1" slack="0"/>
<pin id="672" dir="0" index="3" bw="5" slack="0"/>
<pin id="673" dir="1" index="4" bw="13" slack="1"/>
</pin_list>
<bind>
<opcode="partselect(1002) " fcode="partselect"/>
<opset="trunc_ln3/1 "/>
</bind>
</comp>

<comp id="678" class="1004" name="or_ln_fu_678">
<pin_list>
<pin id="679" dir="0" index="0" bw="13" slack="0"/>
<pin id="680" dir="0" index="1" bw="10" slack="0"/>
<pin id="681" dir="0" index="2" bw="2" slack="0"/>
<pin id="682" dir="0" index="3" bw="1" slack="0"/>
<pin id="683" dir="1" index="4" bw="13" slack="0"/>
</pin_list>
<bind>
<opcode="bitconcatenate(1004) " fcode="bitconcatenate"/>
<opset="or_ln/1 "/>
</bind>
</comp>

<comp id="688" class="1004" name="sext_ln56_fu_688">
<pin_list>
<pin id="689" dir="0" index="0" bw="13" slack="0"/>
<pin id="690" dir="1" index="1" bw="14" slack="0"/>
</pin_list>
<bind>
<opcode="sext(35) " fcode="sext"/>
<opset="sext_ln56/1 "/>
</bind>
</comp>

<comp id="692" class="1004" name="add_ln56_1_fu_692">
<pin_list>
<pin id="693" dir="0" index="0" bw="13" slack="0"/>
<pin id="694" dir="0" index="1" bw="12" slack="0"/>
<pin id="695" dir="1" index="2" bw="14" slack="0"/>
</pin_list>
<bind>
<opcode="add(8) " fcode="add"/>
<opset="add_ln56_1/1 "/>
</bind>
</comp>

<comp id="698" class="1004" name="lshr_ln_fu_698">
<pin_list>
<pin id="699" dir="0" index="0" bw="13" slack="0"/>
<pin id="700" dir="0" index="1" bw="14" slack="0"/>
<pin id="701" dir="0" index="2" bw="1" slack="0"/>
<pin id="702" dir="0" index="3" bw="5" slack="0"/>
<pin id="703" dir="1" index="4" bw="13" slack="2"/>
</pin_list>
<bind>
<opcode="partselect(1002) " fcode="partselect"/>
<opset="lshr_ln/1 "/>
</bind>
</comp>

<comp id="708" class="1004" name="add_ln47_fu_708">
<pin_list>
<pin id="709" dir="0" index="0" bw="3" slack="0"/>
<pin id="710" dir="0" index="1" bw="1" slack="0"/>
<pin id="711" dir="1" index="2" bw="3" slack="0"/>
</pin_list>
<bind>
<opcode="add(8) " fcode="add"/>
<opset="add_ln47/1 "/>
</bind>
</comp>

<comp id="714" class="1004" name="add_ln46_1_fu_714">
<pin_list>
<pin id="715" dir="0" index="0" bw="7" slack="0"/>
<pin id="716" dir="0" index="1" bw="1" slack="0"/>
<pin id="717" dir="1" index="2" bw="7" slack="0"/>
</pin_list>
<bind>
<opcode="add(8) " fcode="add"/>
<opset="add_ln46_1/1 "/>
</bind>
</comp>

<comp id="720" class="1004" name="select_ln46_5_fu_720">
<pin_list>
<pin id="721" dir="0" index="0" bw="1" slack="0"/>
<pin id="722" dir="0" index="1" bw="7" slack="0"/>
<pin id="723" dir="0" index="2" bw="7" slack="0"/>
<pin id="724" dir="1" index="3" bw="7" slack="0"/>
</pin_list>
<bind>
<opcode="select(49) " fcode="select"/>
<opset="select_ln46_5/1 "/>
</bind>
</comp>

<comp id="728" class="1004" name="store_ln47_store_fu_728">
<pin_list>
<pin id="729" dir="0" index="0" bw="10" slack="0"/>
<pin id="730" dir="0" index="1" bw="10" slack="0"/>
<pin id="731" dir="1" index="2" bw="0" slack="2147483647"/>
</pin_list>
<bind>
<opcode="store(28) " fcode="store"/>
<opset="store_ln47/1 "/>
</bind>
</comp>

<comp id="733" class="1004" name="store_ln47_store_fu_733">
<pin_list>
<pin id="734" dir="0" index="0" bw="4" slack="0"/>
<pin id="735" dir="0" index="1" bw="4" slack="0"/>
<pin id="736" dir="1" index="2" bw="0" slack="2147483647"/>
</pin_list>
<bind>
<opcode="store(28) " fcode="store"/>
<opset="store_ln47/1 "/>
</bind>
</comp>

<comp id="738" class="1004" name="store_ln47_store_fu_738">
<pin_list>
<pin id="739" dir="0" index="0" bw="7" slack="0"/>
<pin id="740" dir="0" index="1" bw="7" slack="0"/>
<pin id="741" dir="1" index="2" bw="0" slack="2147483647"/>
</pin_list>
<bind>
<opcode="store(28) " fcode="store"/>
<opset="store_ln47/1 "/>
</bind>
</comp>

<comp id="743" class="1004" name="store_ln47_store_fu_743">
<pin_list>
<pin id="744" dir="0" index="0" bw="4" slack="0"/>
<pin id="745" dir="0" index="1" bw="4" slack="0"/>
<pin id="746" dir="1" index="2" bw="0" slack="2147483647"/>
</pin_list>
<bind>
<opcode="store(28) " fcode="store"/>
<opset="store_ln47/1 "/>
</bind>
</comp>

<comp id="748" class="1004" name="store_ln47_store_fu_748">
<pin_list>
<pin id="749" dir="0" index="0" bw="3" slack="0"/>
<pin id="750" dir="0" index="1" bw="3" slack="0"/>
<pin id="751" dir="1" index="2" bw="0" slack="2147483647"/>
</pin_list>
<bind>
<opcode="store(28) " fcode="store"/>
<opset="store_ln47/1 "/>
</bind>
</comp>

<comp id="753" class="1004" name="icmp_ln1649_fu_753">
<pin_list>
<pin id="754" dir="0" index="0" bw="16" slack="0"/>
<pin id="755" dir="0" index="1" bw="16" slack="0"/>
<pin id="756" dir="1" index="2" bw="1" slack="0"/>
</pin_list>
<bind>
<opcode="icmp(45) " fcode="icmp"/>
<opset="icmp_ln1649/2 "/>
</bind>
</comp>

<comp id="759" class="1004" name="max_val_V_1_fu_759">
<pin_list>
<pin id="760" dir="0" index="0" bw="1" slack="0"/>
<pin id="761" dir="0" index="1" bw="16" slack="0"/>
<pin id="762" dir="0" index="2" bw="16" slack="0"/>
<pin id="763" dir="1" index="3" bw="16" slack="1"/>
</pin_list>
<bind>
<opcode="select(49) " fcode="select"/>
<opset="max_val_V_1/2 "/>
</bind>
</comp>

<comp id="767" class="1004" name="sext_ln52_fu_767">
<pin_list>
<pin id="768" dir="0" index="0" bw="13" slack="1"/>
<pin id="769" dir="1" index="1" bw="14" slack="0"/>
</pin_list>
<bind>
<opcode="sext(35) " fcode="sext"/>
<opset="sext_ln52/2 "/>
</bind>
</comp>

<comp id="770" class="1004" name="zext_ln52_fu_770">
<pin_list>
<pin id="771" dir="0" index="0" bw="13" slack="0"/>
<pin id="772" dir="1" index="1" bw="64" slack="0"/>
</pin_list>
<bind>
<opcode="zext(34) " fcode="zext"/>
<opset="zext_ln52/2 "/>
</bind>
</comp>

<comp id="775" class="1004" name="sext_ln54_fu_775">
<pin_list>
<pin id="776" dir="0" index="0" bw="13" slack="1"/>
<pin id="777" dir="1" index="1" bw="14" slack="0"/>
</pin_list>
<bind>
<opcode="sext(35) " fcode="sext"/>
<opset="sext_ln54/2 "/>
</bind>
</comp>

<comp id="778" class="1004" name="zext_ln54_fu_778">
<pin_list>
<pin id="779" dir="0" index="0" bw="13" slack="0"/>
<pin id="780" dir="1" index="1" bw="64" slack="0"/>
</pin_list>
<bind>
<opcode="zext(34) " fcode="zext"/>
<opset="zext_ln54/2 "/>
</bind>
</comp>

<comp id="783" class="1004" name="icmp_ln1649_1_fu_783">
<pin_list>
<pin id="784" dir="0" index="0" bw="16" slack="0"/>
<pin id="785" dir="0" index="1" bw="16" slack="1"/>
<pin id="786" dir="1" index="2" bw="1" slack="0"/>
</pin_list>
<bind>
<opcode="icmp(45) " fcode="icmp"/>
<opset="icmp_ln1649_1/3 "/>
</bind>
</comp>

<comp id="788" class="1004" name="max_val_V_3_fu_788">
<pin_list>
<pin id="789" dir="0" index="0" bw="1" slack="0"/>
<pin id="790" dir="0" index="1" bw="16" slack="0"/>
<pin id="791" dir="0" index="2" bw="16" slack="1"/>
<pin id="792" dir="1" index="3" bw="16" slack="0"/>
</pin_list>
<bind>
<opcode="select(49) " fcode="select"/>
<opset="max_val_V_3/3 "/>
</bind>
</comp>

<comp id="795" class="1004" name="icmp_ln1649_2_fu_795">
<pin_list>
<pin id="796" dir="0" index="0" bw="16" slack="0"/>
<pin id="797" dir="0" index="1" bw="16" slack="0"/>
<pin id="798" dir="1" index="2" bw="1" slack="0"/>
</pin_list>
<bind>
<opcode="icmp(45) " fcode="icmp"/>
<opset="icmp_ln1649_2/3 "/>
</bind>
</comp>

<comp id="801" class="1004" name="max_val_V_4_fu_801">
<pin_list>
<pin id="802" dir="0" index="0" bw="1" slack="0"/>
<pin id="803" dir="0" index="1" bw="16" slack="0"/>
<pin id="804" dir="0" index="2" bw="16" slack="0"/>
<pin id="805" dir="1" index="3" bw="16" slack="0"/>
</pin_list>
<bind>
<opcode="select(49) " fcode="select"/>
<opset="max_val_V_4/3 "/>
</bind>
</comp>

<comp id="810" class="1004" name="zext_ln56_3_fu_810">
<pin_list>
<pin id="811" dir="0" index="0" bw="13" slack="2"/>
<pin id="812" dir="1" index="1" bw="64" slack="0"/>
</pin_list>
<bind>
<opcode="zext(34) " fcode="zext"/>
<opset="zext_ln56_3/3 "/>
</bind>
</comp>

<comp id="814" class="1005" name="c_reg_814">
<pin_list>
<pin id="815" dir="0" index="0" bw="3" slack="0"/>
<pin id="816" dir="1" index="1" bw="3" slack="0"/>
</pin_list>
<bind>
<opset="c "/>
</bind>
</comp>

<comp id="821" class="1005" name="w_reg_821">
<pin_list>
<pin id="822" dir="0" index="0" bw="4" slack="0"/>
<pin id="823" dir="1" index="1" bw="4" slack="0"/>
</pin_list>
<bind>
<opset="w "/>
</bind>
</comp>

<comp id="828" class="1005" name="indvar_flatten32_reg_828">
<pin_list>
<pin id="829" dir="0" index="0" bw="7" slack="0"/>
<pin id="830" dir="1" index="1" bw="7" slack="0"/>
</pin_list>
<bind>
<opset="indvar_flatten32 "/>
</bind>
</comp>

<comp id="835" class="1005" name="h_reg_835">
<pin_list>
<pin id="836" dir="0" index="0" bw="4" slack="0"/>
<pin id="837" dir="1" index="1" bw="4" slack="0"/>
</pin_list>
<bind>
<opset="h "/>
</bind>
</comp>

<comp id="842" class="1005" name="indvar_flatten64_reg_842">
<pin_list>
<pin id="843" dir="0" index="0" bw="10" slack="0"/>
<pin id="844" dir="1" index="1" bw="10" slack="0"/>
</pin_list>
<bind>
<opset="indvar_flatten64 "/>
</bind>
</comp>

<comp id="852" class="1005" name="d_addr_reg_852">
<pin_list>
<pin id="853" dir="0" index="0" bw="14" slack="1"/>
<pin id="854" dir="1" index="1" bw="14" slack="1"/>
</pin_list>
<bind>
<opset="d_addr "/>
</bind>
</comp>

<comp id="857" class="1005" name="d_addr_1_reg_857">
<pin_list>
<pin id="858" dir="0" index="0" bw="14" slack="1"/>
<pin id="859" dir="1" index="1" bw="14" slack="1"/>
</pin_list>
<bind>
<opset="d_addr_1 "/>
</bind>
</comp>

<comp id="862" class="1005" name="trunc_ln2_reg_862">
<pin_list>
<pin id="863" dir="0" index="0" bw="13" slack="1"/>
<pin id="864" dir="1" index="1" bw="13" slack="1"/>
</pin_list>
<bind>
<opset="trunc_ln2 "/>
</bind>
</comp>

<comp id="867" class="1005" name="trunc_ln3_reg_867">
<pin_list>
<pin id="868" dir="0" index="0" bw="13" slack="1"/>
<pin id="869" dir="1" index="1" bw="13" slack="1"/>
</pin_list>
<bind>
<opset="trunc_ln3 "/>
</bind>
</comp>

<comp id="872" class="1005" name="lshr_ln_reg_872">
<pin_list>
<pin id="873" dir="0" index="0" bw="13" slack="2"/>
<pin id="874" dir="1" index="1" bw="13" slack="2"/>
</pin_list>
<bind>
<opset="lshr_ln "/>
</bind>
</comp>

<comp id="877" class="1005" name="max_val_V_1_reg_877">
<pin_list>
<pin id="878" dir="0" index="0" bw="16" slack="1"/>
<pin id="879" dir="1" index="1" bw="16" slack="1"/>
</pin_list>
<bind>
<opset="max_val_V_1 "/>
</bind>
</comp>

<comp id="883" class="1005" name="d_addr_2_reg_883">
<pin_list>
<pin id="884" dir="0" index="0" bw="14" slack="1"/>
<pin id="885" dir="1" index="1" bw="14" slack="1"/>
</pin_list>
<bind>
<opset="d_addr_2 "/>
</bind>
</comp>

<comp id="888" class="1005" name="d_addr_3_reg_888">
<pin_list>
<pin id="889" dir="0" index="0" bw="14" slack="1"/>
<pin id="890" dir="1" index="1" bw="14" slack="1"/>
</pin_list>
<bind>
<opset="d_addr_3 "/>
</bind>
</comp>

</comp_list>

<net_list>
<net id="95"><net_src comp="2" pin="0"/><net_sink comp="92" pin=0"/></net>

<net id="99"><net_src comp="2" pin="0"/><net_sink comp="96" pin=0"/></net>

<net id="103"><net_src comp="2" pin="0"/><net_sink comp="100" pin=0"/></net>

<net id="107"><net_src comp="2" pin="0"/><net_sink comp="104" pin=0"/></net>

<net id="111"><net_src comp="2" pin="0"/><net_sink comp="108" pin=0"/></net>

<net id="117"><net_src comp="0" pin="0"/><net_sink comp="112" pin=0"/></net>

<net id="118"><net_src comp="66" pin="0"/><net_sink comp="112" pin=1"/></net>

<net id="128"><net_src comp="112" pin="3"/><net_sink comp="119" pin=2"/></net>

<net id="134"><net_src comp="0" pin="0"/><net_sink comp="129" pin=0"/></net>

<net id="135"><net_src comp="66" pin="0"/><net_sink comp="129" pin=1"/></net>

<net id="136"><net_src comp="129" pin="3"/><net_sink comp="119" pin=0"/></net>

<net id="142"><net_src comp="0" pin="0"/><net_sink comp="137" pin=0"/></net>

<net id="143"><net_src comp="66" pin="0"/><net_sink comp="137" pin=1"/></net>

<net id="144"><net_src comp="137" pin="3"/><net_sink comp="119" pin=2"/></net>

<net id="150"><net_src comp="0" pin="0"/><net_sink comp="145" pin=0"/></net>

<net id="151"><net_src comp="66" pin="0"/><net_sink comp="145" pin=1"/></net>

<net id="152"><net_src comp="145" pin="3"/><net_sink comp="119" pin=0"/></net>

<net id="158"><net_src comp="0" pin="0"/><net_sink comp="153" pin=0"/></net>

<net id="159"><net_src comp="66" pin="0"/><net_sink comp="153" pin=1"/></net>

<net id="164"><net_src comp="6" pin="0"/><net_sink comp="160" pin=0"/></net>

<net id="169"><net_src comp="8" pin="0"/><net_sink comp="165" pin=0"/></net>

<net id="174"><net_src comp="10" pin="0"/><net_sink comp="170" pin=0"/></net>

<net id="179"><net_src comp="8" pin="0"/><net_sink comp="175" pin=0"/></net>

<net id="184"><net_src comp="12" pin="0"/><net_sink comp="180" pin=0"/></net>

<net id="199"><net_src comp="14" pin="0"/><net_sink comp="194" pin=0"/></net>

<net id="200"><net_src comp="188" pin="1"/><net_sink comp="194" pin=1"/></net>

<net id="201"><net_src comp="16" pin="0"/><net_sink comp="194" pin=2"/></net>

<net id="205"><net_src comp="194" pin="3"/><net_sink comp="202" pin=0"/></net>

<net id="211"><net_src comp="18" pin="0"/><net_sink comp="206" pin=0"/></net>

<net id="212"><net_src comp="188" pin="1"/><net_sink comp="206" pin=1"/></net>

<net id="213"><net_src comp="20" pin="0"/><net_sink comp="206" pin=2"/></net>

<net id="217"><net_src comp="206" pin="3"/><net_sink comp="214" pin=0"/></net>

<net id="222"><net_src comp="202" pin="1"/><net_sink comp="218" pin=0"/></net>

<net id="223"><net_src comp="214" pin="1"/><net_sink comp="218" pin=1"/></net>

<net id="229"><net_src comp="22" pin="0"/><net_sink comp="224" pin=0"/></net>

<net id="230"><net_src comp="188" pin="1"/><net_sink comp="224" pin=1"/></net>

<net id="231"><net_src comp="10" pin="0"/><net_sink comp="224" pin=2"/></net>

<net id="235"><net_src comp="224" pin="3"/><net_sink comp="232" pin=0"/></net>

<net id="241"><net_src comp="24" pin="0"/><net_sink comp="236" pin=0"/></net>

<net id="242"><net_src comp="188" pin="1"/><net_sink comp="236" pin=1"/></net>

<net id="243"><net_src comp="8" pin="0"/><net_sink comp="236" pin=2"/></net>

<net id="247"><net_src comp="236" pin="3"/><net_sink comp="244" pin=0"/></net>

<net id="252"><net_src comp="232" pin="1"/><net_sink comp="248" pin=0"/></net>

<net id="253"><net_src comp="244" pin="1"/><net_sink comp="248" pin=1"/></net>

<net id="259"><net_src comp="24" pin="0"/><net_sink comp="254" pin=0"/></net>

<net id="260"><net_src comp="185" pin="1"/><net_sink comp="254" pin=1"/></net>

<net id="261"><net_src comp="8" pin="0"/><net_sink comp="254" pin=2"/></net>

<net id="266"><net_src comp="254" pin="3"/><net_sink comp="262" pin=0"/></net>

<net id="267"><net_src comp="26" pin="0"/><net_sink comp="262" pin=1"/></net>

<net id="273"><net_src comp="28" pin="0"/><net_sink comp="268" pin=0"/></net>

<net id="274"><net_src comp="185" pin="1"/><net_sink comp="268" pin=1"/></net>

<net id="275"><net_src comp="12" pin="0"/><net_sink comp="268" pin=2"/></net>

<net id="279"><net_src comp="268" pin="3"/><net_sink comp="276" pin=0"/></net>

<net id="284"><net_src comp="248" pin="2"/><net_sink comp="280" pin=0"/></net>

<net id="285"><net_src comp="276" pin="1"/><net_sink comp="280" pin=1"/></net>

<net id="290"><net_src comp="191" pin="1"/><net_sink comp="286" pin=0"/></net>

<net id="291"><net_src comp="38" pin="0"/><net_sink comp="286" pin=1"/></net>

<net id="296"><net_src comp="191" pin="1"/><net_sink comp="292" pin=0"/></net>

<net id="297"><net_src comp="40" pin="0"/><net_sink comp="292" pin=1"/></net>

<net id="308"><net_src comp="188" pin="1"/><net_sink comp="304" pin=0"/></net>

<net id="309"><net_src comp="42" pin="0"/><net_sink comp="304" pin=1"/></net>

<net id="314"><net_src comp="301" pin="1"/><net_sink comp="310" pin=0"/></net>

<net id="315"><net_src comp="44" pin="0"/><net_sink comp="310" pin=1"/></net>

<net id="321"><net_src comp="310" pin="2"/><net_sink comp="316" pin=0"/></net>

<net id="322"><net_src comp="8" pin="0"/><net_sink comp="316" pin=1"/></net>

<net id="323"><net_src comp="185" pin="1"/><net_sink comp="316" pin=2"/></net>

<net id="329"><net_src comp="14" pin="0"/><net_sink comp="324" pin=0"/></net>

<net id="330"><net_src comp="304" pin="2"/><net_sink comp="324" pin=1"/></net>

<net id="331"><net_src comp="16" pin="0"/><net_sink comp="324" pin=2"/></net>

<net id="335"><net_src comp="324" pin="3"/><net_sink comp="332" pin=0"/></net>

<net id="341"><net_src comp="18" pin="0"/><net_sink comp="336" pin=0"/></net>

<net id="342"><net_src comp="304" pin="2"/><net_sink comp="336" pin=1"/></net>

<net id="343"><net_src comp="20" pin="0"/><net_sink comp="336" pin=2"/></net>

<net id="347"><net_src comp="336" pin="3"/><net_sink comp="344" pin=0"/></net>

<net id="352"><net_src comp="332" pin="1"/><net_sink comp="348" pin=0"/></net>

<net id="353"><net_src comp="344" pin="1"/><net_sink comp="348" pin=1"/></net>

<net id="359"><net_src comp="310" pin="2"/><net_sink comp="354" pin=0"/></net>

<net id="360"><net_src comp="348" pin="2"/><net_sink comp="354" pin=1"/></net>

<net id="361"><net_src comp="218" pin="2"/><net_sink comp="354" pin=2"/></net>

<net id="366"><net_src comp="354" pin="3"/><net_sink comp="362" pin=0"/></net>

<net id="367"><net_src comp="46" pin="0"/><net_sink comp="362" pin=1"/></net>

<net id="373"><net_src comp="22" pin="0"/><net_sink comp="368" pin=0"/></net>

<net id="374"><net_src comp="304" pin="2"/><net_sink comp="368" pin=1"/></net>

<net id="375"><net_src comp="10" pin="0"/><net_sink comp="368" pin=2"/></net>

<net id="379"><net_src comp="368" pin="3"/><net_sink comp="376" pin=0"/></net>

<net id="385"><net_src comp="24" pin="0"/><net_sink comp="380" pin=0"/></net>

<net id="386"><net_src comp="304" pin="2"/><net_sink comp="380" pin=1"/></net>

<net id="387"><net_src comp="8" pin="0"/><net_sink comp="380" pin=2"/></net>

<net id="391"><net_src comp="380" pin="3"/><net_sink comp="388" pin=0"/></net>

<net id="396"><net_src comp="376" pin="1"/><net_sink comp="392" pin=0"/></net>

<net id="397"><net_src comp="388" pin="1"/><net_sink comp="392" pin=1"/></net>

<net id="403"><net_src comp="310" pin="2"/><net_sink comp="398" pin=0"/></net>

<net id="404"><net_src comp="392" pin="2"/><net_sink comp="398" pin=1"/></net>

<net id="405"><net_src comp="248" pin="2"/><net_sink comp="398" pin=2"/></net>

<net id="411"><net_src comp="310" pin="2"/><net_sink comp="406" pin=0"/></net>

<net id="412"><net_src comp="48" pin="0"/><net_sink comp="406" pin=1"/></net>

<net id="413"><net_src comp="254" pin="3"/><net_sink comp="406" pin=2"/></net>

<net id="419"><net_src comp="310" pin="2"/><net_sink comp="414" pin=0"/></net>

<net id="420"><net_src comp="26" pin="0"/><net_sink comp="414" pin=1"/></net>

<net id="421"><net_src comp="262" pin="2"/><net_sink comp="414" pin=2"/></net>

<net id="427"><net_src comp="310" pin="2"/><net_sink comp="422" pin=0"/></net>

<net id="428"><net_src comp="392" pin="2"/><net_sink comp="422" pin=1"/></net>

<net id="429"><net_src comp="280" pin="2"/><net_sink comp="422" pin=2"/></net>

<net id="434"><net_src comp="310" pin="2"/><net_sink comp="430" pin=0"/></net>

<net id="435"><net_src comp="50" pin="0"/><net_sink comp="430" pin=1"/></net>

<net id="440"><net_src comp="298" pin="1"/><net_sink comp="436" pin=0"/></net>

<net id="441"><net_src comp="52" pin="0"/><net_sink comp="436" pin=1"/></net>

<net id="446"><net_src comp="436" pin="2"/><net_sink comp="442" pin=0"/></net>

<net id="447"><net_src comp="430" pin="2"/><net_sink comp="442" pin=1"/></net>

<net id="453"><net_src comp="310" pin="2"/><net_sink comp="448" pin=0"/></net>

<net id="454"><net_src comp="304" pin="2"/><net_sink comp="448" pin=1"/></net>

<net id="455"><net_src comp="188" pin="1"/><net_sink comp="448" pin=2"/></net>

<net id="460"><net_src comp="316" pin="3"/><net_sink comp="456" pin=0"/></net>

<net id="461"><net_src comp="42" pin="0"/><net_sink comp="456" pin=1"/></net>

<net id="466"><net_src comp="442" pin="2"/><net_sink comp="462" pin=0"/></net>

<net id="467"><net_src comp="310" pin="2"/><net_sink comp="462" pin=1"/></net>

<net id="473"><net_src comp="462" pin="2"/><net_sink comp="468" pin=0"/></net>

<net id="474"><net_src comp="12" pin="0"/><net_sink comp="468" pin=1"/></net>

<net id="475"><net_src comp="298" pin="1"/><net_sink comp="468" pin=2"/></net>

<net id="481"><net_src comp="24" pin="0"/><net_sink comp="476" pin=0"/></net>

<net id="482"><net_src comp="456" pin="2"/><net_sink comp="476" pin=1"/></net>

<net id="483"><net_src comp="8" pin="0"/><net_sink comp="476" pin=2"/></net>

<net id="489"><net_src comp="442" pin="2"/><net_sink comp="484" pin=0"/></net>

<net id="490"><net_src comp="476" pin="3"/><net_sink comp="484" pin=1"/></net>

<net id="491"><net_src comp="406" pin="3"/><net_sink comp="484" pin=2"/></net>

<net id="495"><net_src comp="484" pin="3"/><net_sink comp="492" pin=0"/></net>

<net id="500"><net_src comp="476" pin="3"/><net_sink comp="496" pin=0"/></net>

<net id="501"><net_src comp="26" pin="0"/><net_sink comp="496" pin=1"/></net>

<net id="507"><net_src comp="442" pin="2"/><net_sink comp="502" pin=0"/></net>

<net id="508"><net_src comp="496" pin="2"/><net_sink comp="502" pin=1"/></net>

<net id="509"><net_src comp="414" pin="3"/><net_sink comp="502" pin=2"/></net>

<net id="513"><net_src comp="502" pin="3"/><net_sink comp="510" pin=0"/></net>

<net id="519"><net_src comp="28" pin="0"/><net_sink comp="514" pin=0"/></net>

<net id="520"><net_src comp="456" pin="2"/><net_sink comp="514" pin=1"/></net>

<net id="521"><net_src comp="12" pin="0"/><net_sink comp="514" pin=2"/></net>

<net id="525"><net_src comp="514" pin="3"/><net_sink comp="522" pin=0"/></net>

<net id="530"><net_src comp="398" pin="3"/><net_sink comp="526" pin=0"/></net>

<net id="531"><net_src comp="522" pin="1"/><net_sink comp="526" pin=1"/></net>

<net id="537"><net_src comp="442" pin="2"/><net_sink comp="532" pin=0"/></net>

<net id="538"><net_src comp="526" pin="2"/><net_sink comp="532" pin=1"/></net>

<net id="539"><net_src comp="422" pin="3"/><net_sink comp="532" pin=2"/></net>

<net id="543"><net_src comp="532" pin="3"/><net_sink comp="540" pin=0"/></net>

<net id="549"><net_src comp="442" pin="2"/><net_sink comp="544" pin=0"/></net>

<net id="550"><net_src comp="456" pin="2"/><net_sink comp="544" pin=1"/></net>

<net id="551"><net_src comp="316" pin="3"/><net_sink comp="544" pin=2"/></net>

<net id="555"><net_src comp="468" pin="3"/><net_sink comp="552" pin=0"/></net>

<net id="562"><net_src comp="54" pin="0"/><net_sink comp="556" pin=0"/></net>

<net id="563"><net_src comp="354" pin="3"/><net_sink comp="556" pin=1"/></net>

<net id="564"><net_src comp="56" pin="0"/><net_sink comp="556" pin=2"/></net>

<net id="565"><net_src comp="58" pin="0"/><net_sink comp="556" pin=3"/></net>

<net id="572"><net_src comp="60" pin="0"/><net_sink comp="566" pin=0"/></net>

<net id="573"><net_src comp="556" pin="4"/><net_sink comp="566" pin=1"/></net>

<net id="574"><net_src comp="552" pin="1"/><net_sink comp="566" pin=2"/></net>

<net id="575"><net_src comp="62" pin="0"/><net_sink comp="566" pin=3"/></net>

<net id="580"><net_src comp="566" pin="4"/><net_sink comp="576" pin=0"/></net>

<net id="581"><net_src comp="492" pin="1"/><net_sink comp="576" pin=1"/></net>

<net id="588"><net_src comp="64" pin="0"/><net_sink comp="582" pin=0"/></net>

<net id="589"><net_src comp="576" pin="2"/><net_sink comp="582" pin=1"/></net>

<net id="590"><net_src comp="2" pin="0"/><net_sink comp="582" pin=2"/></net>

<net id="591"><net_src comp="58" pin="0"/><net_sink comp="582" pin=3"/></net>

<net id="595"><net_src comp="582" pin="4"/><net_sink comp="592" pin=0"/></net>

<net id="599"><net_src comp="592" pin="1"/><net_sink comp="596" pin=0"/></net>

<net id="600"><net_src comp="596" pin="1"/><net_sink comp="112" pin=2"/></net>

<net id="605"><net_src comp="566" pin="4"/><net_sink comp="601" pin=0"/></net>

<net id="606"><net_src comp="510" pin="1"/><net_sink comp="601" pin=1"/></net>

<net id="613"><net_src comp="64" pin="0"/><net_sink comp="607" pin=0"/></net>

<net id="614"><net_src comp="601" pin="2"/><net_sink comp="607" pin=1"/></net>

<net id="615"><net_src comp="2" pin="0"/><net_sink comp="607" pin=2"/></net>

<net id="616"><net_src comp="58" pin="0"/><net_sink comp="607" pin=3"/></net>

<net id="620"><net_src comp="607" pin="4"/><net_sink comp="617" pin=0"/></net>

<net id="624"><net_src comp="617" pin="1"/><net_sink comp="621" pin=0"/></net>

<net id="625"><net_src comp="621" pin="1"/><net_sink comp="129" pin=2"/></net>

<net id="632"><net_src comp="54" pin="0"/><net_sink comp="626" pin=0"/></net>

<net id="633"><net_src comp="362" pin="2"/><net_sink comp="626" pin=1"/></net>

<net id="634"><net_src comp="56" pin="0"/><net_sink comp="626" pin=2"/></net>

<net id="635"><net_src comp="58" pin="0"/><net_sink comp="626" pin=3"/></net>

<net id="642"><net_src comp="60" pin="0"/><net_sink comp="636" pin=0"/></net>

<net id="643"><net_src comp="626" pin="4"/><net_sink comp="636" pin=1"/></net>

<net id="644"><net_src comp="552" pin="1"/><net_sink comp="636" pin=2"/></net>

<net id="645"><net_src comp="62" pin="0"/><net_sink comp="636" pin=3"/></net>

<net id="650"><net_src comp="636" pin="4"/><net_sink comp="646" pin=0"/></net>

<net id="651"><net_src comp="492" pin="1"/><net_sink comp="646" pin=1"/></net>

<net id="658"><net_src comp="64" pin="0"/><net_sink comp="652" pin=0"/></net>

<net id="659"><net_src comp="646" pin="2"/><net_sink comp="652" pin=1"/></net>

<net id="660"><net_src comp="2" pin="0"/><net_sink comp="652" pin=2"/></net>

<net id="661"><net_src comp="58" pin="0"/><net_sink comp="652" pin=3"/></net>

<net id="666"><net_src comp="636" pin="4"/><net_sink comp="662" pin=0"/></net>

<net id="667"><net_src comp="510" pin="1"/><net_sink comp="662" pin=1"/></net>

<net id="674"><net_src comp="64" pin="0"/><net_sink comp="668" pin=0"/></net>

<net id="675"><net_src comp="662" pin="2"/><net_sink comp="668" pin=1"/></net>

<net id="676"><net_src comp="2" pin="0"/><net_sink comp="668" pin=2"/></net>

<net id="677"><net_src comp="58" pin="0"/><net_sink comp="668" pin=3"/></net>

<net id="684"><net_src comp="68" pin="0"/><net_sink comp="678" pin=0"/></net>

<net id="685"><net_src comp="70" pin="0"/><net_sink comp="678" pin=1"/></net>

<net id="686"><net_src comp="552" pin="1"/><net_sink comp="678" pin=2"/></net>

<net id="687"><net_src comp="62" pin="0"/><net_sink comp="678" pin=3"/></net>

<net id="691"><net_src comp="678" pin="4"/><net_sink comp="688" pin=0"/></net>

<net id="696"><net_src comp="688" pin="1"/><net_sink comp="692" pin=0"/></net>

<net id="697"><net_src comp="540" pin="1"/><net_sink comp="692" pin=1"/></net>

<net id="704"><net_src comp="64" pin="0"/><net_sink comp="698" pin=0"/></net>

<net id="705"><net_src comp="692" pin="2"/><net_sink comp="698" pin=1"/></net>

<net id="706"><net_src comp="2" pin="0"/><net_sink comp="698" pin=2"/></net>

<net id="707"><net_src comp="58" pin="0"/><net_sink comp="698" pin=3"/></net>

<net id="712"><net_src comp="468" pin="3"/><net_sink comp="708" pin=0"/></net>

<net id="713"><net_src comp="72" pin="0"/><net_sink comp="708" pin=1"/></net>

<net id="718"><net_src comp="301" pin="1"/><net_sink comp="714" pin=0"/></net>

<net id="719"><net_src comp="74" pin="0"/><net_sink comp="714" pin=1"/></net>

<net id="725"><net_src comp="310" pin="2"/><net_sink comp="720" pin=0"/></net>

<net id="726"><net_src comp="74" pin="0"/><net_sink comp="720" pin=1"/></net>

<net id="727"><net_src comp="714" pin="2"/><net_sink comp="720" pin=2"/></net>

<net id="732"><net_src comp="292" pin="2"/><net_sink comp="728" pin=0"/></net>

<net id="737"><net_src comp="448" pin="3"/><net_sink comp="733" pin=0"/></net>

<net id="742"><net_src comp="720" pin="3"/><net_sink comp="738" pin=0"/></net>

<net id="747"><net_src comp="544" pin="3"/><net_sink comp="743" pin=0"/></net>

<net id="752"><net_src comp="708" pin="2"/><net_sink comp="748" pin=0"/></net>

<net id="757"><net_src comp="119" pin="3"/><net_sink comp="753" pin=0"/></net>

<net id="758"><net_src comp="119" pin="7"/><net_sink comp="753" pin=1"/></net>

<net id="764"><net_src comp="753" pin="2"/><net_sink comp="759" pin=0"/></net>

<net id="765"><net_src comp="119" pin="3"/><net_sink comp="759" pin=1"/></net>

<net id="766"><net_src comp="119" pin="7"/><net_sink comp="759" pin=2"/></net>

<net id="773"><net_src comp="767" pin="1"/><net_sink comp="770" pin=0"/></net>

<net id="774"><net_src comp="770" pin="1"/><net_sink comp="137" pin=2"/></net>

<net id="781"><net_src comp="775" pin="1"/><net_sink comp="778" pin=0"/></net>

<net id="782"><net_src comp="778" pin="1"/><net_sink comp="145" pin=2"/></net>

<net id="787"><net_src comp="119" pin="7"/><net_sink comp="783" pin=0"/></net>

<net id="793"><net_src comp="783" pin="2"/><net_sink comp="788" pin=0"/></net>

<net id="794"><net_src comp="119" pin="7"/><net_sink comp="788" pin=1"/></net>

<net id="799"><net_src comp="119" pin="3"/><net_sink comp="795" pin=0"/></net>

<net id="800"><net_src comp="788" pin="3"/><net_sink comp="795" pin=1"/></net>

<net id="806"><net_src comp="795" pin="2"/><net_sink comp="801" pin=0"/></net>

<net id="807"><net_src comp="119" pin="3"/><net_sink comp="801" pin=1"/></net>

<net id="808"><net_src comp="788" pin="3"/><net_sink comp="801" pin=2"/></net>

<net id="809"><net_src comp="801" pin="3"/><net_sink comp="119" pin=1"/></net>

<net id="813"><net_src comp="810" pin="1"/><net_sink comp="153" pin=2"/></net>

<net id="817"><net_src comp="92" pin="1"/><net_sink comp="814" pin=0"/></net>

<net id="818"><net_src comp="814" pin="1"/><net_sink comp="180" pin=1"/></net>

<net id="819"><net_src comp="814" pin="1"/><net_sink comp="298" pin=0"/></net>

<net id="820"><net_src comp="814" pin="1"/><net_sink comp="748" pin=1"/></net>

<net id="824"><net_src comp="96" pin="1"/><net_sink comp="821" pin=0"/></net>

<net id="825"><net_src comp="821" pin="1"/><net_sink comp="175" pin=1"/></net>

<net id="826"><net_src comp="821" pin="1"/><net_sink comp="185" pin=0"/></net>

<net id="827"><net_src comp="821" pin="1"/><net_sink comp="743" pin=1"/></net>

<net id="831"><net_src comp="100" pin="1"/><net_sink comp="828" pin=0"/></net>

<net id="832"><net_src comp="828" pin="1"/><net_sink comp="170" pin=1"/></net>

<net id="833"><net_src comp="828" pin="1"/><net_sink comp="301" pin=0"/></net>

<net id="834"><net_src comp="828" pin="1"/><net_sink comp="738" pin=1"/></net>

<net id="838"><net_src comp="104" pin="1"/><net_sink comp="835" pin=0"/></net>

<net id="839"><net_src comp="835" pin="1"/><net_sink comp="165" pin=1"/></net>

<net id="840"><net_src comp="835" pin="1"/><net_sink comp="188" pin=0"/></net>

<net id="841"><net_src comp="835" pin="1"/><net_sink comp="733" pin=1"/></net>

<net id="845"><net_src comp="108" pin="1"/><net_sink comp="842" pin=0"/></net>

<net id="846"><net_src comp="842" pin="1"/><net_sink comp="160" pin=1"/></net>

<net id="847"><net_src comp="842" pin="1"/><net_sink comp="191" pin=0"/></net>

<net id="848"><net_src comp="842" pin="1"/><net_sink comp="728" pin=1"/></net>

<net id="855"><net_src comp="112" pin="3"/><net_sink comp="852" pin=0"/></net>

<net id="856"><net_src comp="852" pin="1"/><net_sink comp="119" pin=2"/></net>

<net id="860"><net_src comp="129" pin="3"/><net_sink comp="857" pin=0"/></net>

<net id="861"><net_src comp="857" pin="1"/><net_sink comp="119" pin=0"/></net>

<net id="865"><net_src comp="652" pin="4"/><net_sink comp="862" pin=0"/></net>

<net id="866"><net_src comp="862" pin="1"/><net_sink comp="767" pin=0"/></net>

<net id="870"><net_src comp="668" pin="4"/><net_sink comp="867" pin=0"/></net>

<net id="871"><net_src comp="867" pin="1"/><net_sink comp="775" pin=0"/></net>

<net id="875"><net_src comp="698" pin="4"/><net_sink comp="872" pin=0"/></net>

<net id="876"><net_src comp="872" pin="1"/><net_sink comp="810" pin=0"/></net>

<net id="880"><net_src comp="759" pin="3"/><net_sink comp="877" pin=0"/></net>

<net id="881"><net_src comp="877" pin="1"/><net_sink comp="783" pin=1"/></net>

<net id="882"><net_src comp="877" pin="1"/><net_sink comp="788" pin=2"/></net>

<net id="886"><net_src comp="137" pin="3"/><net_sink comp="883" pin=0"/></net>

<net id="887"><net_src comp="883" pin="1"/><net_sink comp="119" pin=2"/></net>

<net id="891"><net_src comp="145" pin="3"/><net_sink comp="888" pin=0"/></net>

<net id="892"><net_src comp="888" pin="1"/><net_sink comp="119" pin=0"/></net>

</net_list>

</model> 
---------------- Datapath Model END ------------------

* FSMD analyzer results:
  - Output states:
	Port: d | {3 }
 - Input state : 
	Port: inference_Pipeline_VITIS_LOOP_45_1_VITIS_LOOP_46_2_VITIS_LOOP_47_3 : d | {1 2 3 }
  - Chain level:
	State 1
		store_ln0 : 1
		store_ln0 : 1
		store_ln0 : 1
		store_ln0 : 1
		store_ln0 : 1
		w_2 : 1
		h_2 : 1
		indvar_flatten64_load : 1
		shl_ln49_1 : 2
		zext_ln49 : 3
		shl_ln49_2 : 2
		zext_ln49_1 : 3
		sub_ln49 : 4
		shl_ln : 2
		zext_ln56 : 3
		shl_ln56_1 : 2
		zext_ln56_1 : 3
		sub_ln56 : 4
		tmp_7 : 2
		or_ln50 : 3
		shl_ln56_2 : 2
		zext_ln47 : 3
		add_ln56 : 5
		icmp_ln45 : 2
		add_ln45_2 : 2
		br_ln45 : 3
		c_load : 1
		indvar_flatten32_load : 1
		add_ln45 : 2
		icmp_ln46 : 2
		select_ln45 : 3
		shl_ln49_1_mid1 : 3
		zext_ln49_2 : 4
		shl_ln49_2_mid1 : 3
		zext_ln49_3 : 4
		sub_ln49_1 : 5
		select_ln45_1 : 6
		add_ln45_1 : 7
		shl_ln56_mid1 : 3
		zext_ln56_2 : 4
		shl_ln56_1_mid1 : 3
		zext_ln56_4 : 4
		sub_ln56_1 : 5
		select_ln45_2 : 6
		select_ln45_3 : 3
		select_ln45_4 : 3
		select_ln45_5 : 6
		xor_ln45 : 3
		icmp_ln47 : 2
		and_ln45 : 3
		select_ln45_6 : 3
		add_ln46 : 4
		or_ln46 : 3
		select_ln46 : 3
		p_mid1 : 5
		select_ln46_1 : 6
		zext_ln50 : 7
		or_ln50_1 : 6
		select_ln46_2 : 6
		zext_ln56_5 : 7
		shl_ln56_2_mid1 : 5
		zext_ln47_1 : 6
		add_ln56_2 : 7
		select_ln46_3 : 8
		sext_ln46 : 9
		select_ln46_4 : 3
		trunc_ln49 : 4
		tmp_6 : 7
		tmp5 : 8
		add_ln49 : 9
		trunc_ln : 10
		sext_ln49 : 11
		zext_ln49_4 : 12
		d_addr : 13
		max_val_V : 14
		add_ln50 : 9
		trunc_ln1 : 10
		sext_ln50 : 11
		zext_ln50_1 : 12
		d_addr_1 : 13
		v1_V : 14
		tmp_8 : 8
		tmp7 : 9
		add_ln52 : 10
		trunc_ln2 : 11
		add_ln54 : 10
		trunc_ln3 : 11
		or_ln : 5
		sext_ln56 : 6
		add_ln56_1 : 10
		lshr_ln : 11
		add_ln47 : 4
		add_ln46_1 : 2
		select_ln46_5 : 3
		store_ln47 : 3
		store_ln47 : 4
		store_ln47 : 4
		store_ln47 : 4
		store_ln47 : 5
	State 2
		icmp_ln1649 : 1
		max_val_V_1 : 2
		zext_ln52 : 1
		d_addr_2 : 2
		v2_V : 3
		zext_ln54 : 1
		d_addr_3 : 2
		v3_V : 3
	State 3
		icmp_ln1649_1 : 1
		max_val_V_3 : 2
		icmp_ln1649_2 : 3
		max_val_V_4 : 4
		d_addr_4 : 1
		store_ln56 : 5


============================================================
+ Verbose Summary: Datapath Resource usage 
============================================================

* Functional unit list:
|----------|------------------------|---------|---------|
| Operation|     Functional Unit    |    FF   |   LUT   |
|----------|------------------------|---------|---------|
|          |     add_ln56_fu_280    |    0    |    19   |
|          |    add_ln45_2_fu_292   |    0    |    17   |
|          |     add_ln45_fu_304    |    0    |    12   |
|          |    add_ln45_1_fu_362   |    0    |    21   |
|          |     add_ln46_fu_456    |    0    |    12   |
|          |    add_ln56_2_fu_526   |    0    |    19   |
|    add   |     add_ln49_fu_576    |    0    |    21   |
|          |     add_ln50_fu_601    |    0    |    21   |
|          |     add_ln52_fu_646    |    0    |    21   |
|          |     add_ln54_fu_662    |    0    |    21   |
|          |    add_ln56_1_fu_692   |    0    |    20   |
|          |     add_ln47_fu_708    |    0    |    10   |
|          |    add_ln46_1_fu_714   |    0    |    14   |
|----------|------------------------|---------|---------|
|          |   select_ln45_fu_316   |    0    |    4    |
|          |  select_ln45_1_fu_354  |    0    |    14   |
|          |  select_ln45_2_fu_398  |    0    |    11   |
|          |  select_ln45_3_fu_406  |    0    |    8    |
|          |  select_ln45_4_fu_414  |    0    |    8    |
|          |  select_ln45_5_fu_422  |    0    |    11   |
|          |  select_ln45_6_fu_448  |    0    |    4    |
|  select  |   select_ln46_fu_468   |    0    |    3    |
|          |  select_ln46_1_fu_484  |    0    |    8    |
|          |  select_ln46_2_fu_502  |    0    |    8    |
|          |  select_ln46_3_fu_532  |    0    |    11   |
|          |  select_ln46_4_fu_544  |    0    |    4    |
|          |  select_ln46_5_fu_720  |    0    |    7    |
|          |   max_val_V_1_fu_759   |    0    |    16   |
|          |   max_val_V_3_fu_788   |    0    |    16   |
|          |   max_val_V_4_fu_801   |    0    |    16   |
|----------|------------------------|---------|---------|
|          |     sub_ln49_fu_218    |    0    |    20   |
|    sub   |     sub_ln56_fu_248    |    0    |    18   |
|          |    sub_ln49_1_fu_348   |    0    |    20   |
|          |    sub_ln56_1_fu_392   |    0    |    18   |
|----------|------------------------|---------|---------|
|          |    icmp_ln45_fu_286    |    0    |    11   |
|          |    icmp_ln46_fu_310    |    0    |    10   |
|   icmp   |    icmp_ln47_fu_436    |    0    |    8    |
|          |   icmp_ln1649_fu_753   |    0    |    13   |
|          |  icmp_ln1649_1_fu_783  |    0    |    13   |
|          |  icmp_ln1649_2_fu_795  |    0    |    13   |
|----------|------------------------|---------|---------|
|          |     or_ln50_fu_262     |    0    |    0    |
|    or    |     or_ln46_fu_462     |    0    |    2    |
|          |    or_ln50_1_fu_496    |    0    |    0    |
|----------|------------------------|---------|---------|
|    xor   |     xor_ln45_fu_430    |    0    |    2    |
|----------|------------------------|---------|---------|
|    and   |     and_ln45_fu_442    |    0    |    2    |
|----------|------------------------|---------|---------|
|          |    shl_ln49_1_fu_194   |    0    |    0    |
|          |    shl_ln49_2_fu_206   |    0    |    0    |
|          |      shl_ln_fu_224     |    0    |    0    |
|          |    shl_ln56_1_fu_236   |    0    |    0    |
|          |      tmp_7_fu_254      |    0    |    0    |
|          |    shl_ln56_2_fu_268   |    0    |    0    |
|          | shl_ln49_1_mid1_fu_324 |    0    |    0    |
|bitconcatenate| shl_ln49_2_mid1_fu_336 |    0    |    0    |
|          |  shl_ln56_mid1_fu_368  |    0    |    0    |
|          | shl_ln56_1_mid1_fu_380 |    0    |    0    |
|          |      p_mid1_fu_476     |    0    |    0    |
|          | shl_ln56_2_mid1_fu_514 |    0    |    0    |
|          |       tmp5_fu_566      |    0    |    0    |
|          |       tmp7_fu_636      |    0    |    0    |
|          |      or_ln_fu_678      |    0    |    0    |
|----------|------------------------|---------|---------|
|          |    zext_ln49_fu_202    |    0    |    0    |
|          |   zext_ln49_1_fu_214   |    0    |    0    |
|          |    zext_ln56_fu_232    |    0    |    0    |
|          |   zext_ln56_1_fu_244   |    0    |    0    |
|          |    zext_ln47_fu_276    |    0    |    0    |
|          |   zext_ln49_2_fu_332   |    0    |    0    |
|          |   zext_ln49_3_fu_344   |    0    |    0    |
|          |   zext_ln56_2_fu_376   |    0    |    0    |
|   zext   |   zext_ln56_4_fu_388   |    0    |    0    |
|          |    zext_ln50_fu_492    |    0    |    0    |
|          |   zext_ln56_5_fu_510   |    0    |    0    |
|          |   zext_ln47_1_fu_522   |    0    |    0    |
|          |   zext_ln49_4_fu_596   |    0    |    0    |
|          |   zext_ln50_1_fu_621   |    0    |    0    |
|          |    zext_ln52_fu_770    |    0    |    0    |
|          |    zext_ln54_fu_778    |    0    |    0    |
|          |   zext_ln56_3_fu_810   |    0    |    0    |
|----------|------------------------|---------|---------|
|          |    sext_ln46_fu_540    |    0    |    0    |
|          |    sext_ln49_fu_592    |    0    |    0    |
|   sext   |    sext_ln50_fu_617    |    0    |    0    |
|          |    sext_ln56_fu_688    |    0    |    0    |
|          |    sext_ln52_fu_767    |    0    |    0    |
|          |    sext_ln54_fu_775    |    0    |    0    |
|----------|------------------------|---------|---------|
|   trunc  |    trunc_ln49_fu_552   |    0    |    0    |
|----------|------------------------|---------|---------|
|          |      tmp_6_fu_556      |    0    |    0    |
|          |     trunc_ln_fu_582    |    0    |    0    |
|          |    trunc_ln1_fu_607    |    0    |    0    |
|partselect|      tmp_8_fu_626      |    0    |    0    |
|          |    trunc_ln2_fu_652    |    0    |    0    |
|          |    trunc_ln3_fu_668    |    0    |    0    |
|          |     lshr_ln_fu_698     |    0    |    0    |
|----------|------------------------|---------|---------|
|   Total  |                        |    0    |   527   |
|----------|------------------------|---------|---------|

Memories:
N/A

* Register list:
+------------------------+--------+
|                        |   FF   |
+------------------------+--------+
|        c_reg_814       |    3   |
|    d_addr_1_reg_857    |   14   |
|    d_addr_2_reg_883    |   14   |
|    d_addr_3_reg_888    |   14   |
|     d_addr_reg_852     |   14   |
|        h_reg_835       |    4   |
|indvar_flatten32_reg_828|    7   |
|indvar_flatten64_reg_842|   10   |
|     lshr_ln_reg_872    |   13   |
|   max_val_V_1_reg_877  |   16   |
|    trunc_ln2_reg_862   |   13   |
|    trunc_ln3_reg_867   |   13   |
|        w_reg_821       |    4   |
+------------------------+--------+
|          Total         |   139  |
+------------------------+--------+

* Multiplexer (MUX) list: 
|-------------------|------|------|------|--------||---------||---------|
|        Comp       |  Pin | Size |  BW  | S x BW ||  Delay  ||   LUT   |
|-------------------|------|------|------|--------||---------||---------|
| grp_access_fu_119 |  p0  |   4  |  14  |   56   ||    20   |
| grp_access_fu_119 |  p2  |   4  |   0  |    0   ||    20   |
|-------------------|------|------|------|--------||---------||---------|
|       Total       |      |      |      |   56   ||   1.05  ||    40   |
|-------------------|------|------|------|--------||---------||---------|



* Summary:
+-----------+--------+--------+--------+
|           |  Delay |   FF   |   LUT  |
+-----------+--------+--------+--------+
|  Function |    -   |    0   |   527  |
|   Memory  |    -   |    -   |    -   |
|Multiplexer|    1   |    -   |   40   |
|  Register |    -   |   139  |    -   |
+-----------+--------+--------+--------+
|   Total   |    1   |   139  |   567  |
+-----------+--------+--------+--------+
