

================================================================
== Vitis HLS Report for 'inference_Pipeline_loop_kh_3_loop_kw_3_loop_ic_3'
================================================================
* Date:           Tue Jun 30 22:18:34 2026

* Version:        2022.2 (Build 3670227 on Oct 13 2022)
* Project:        denoiser
* Solution:       solution1 (Vivado IP Flow Target)
* Product family: zynquplus
* Target device:  xck26-sfvc784-2LV-c


================================================================
== Performance Estimates
================================================================
+ Timing: 
    * Summary: 
    +--------+----------+----------+------------+
    |  Clock |  Target  | Estimated| Uncertainty|
    +--------+----------+----------+------------+
    |ap_clk  |  10.00 ns|  6.346 ns|     2.70 ns|
    +--------+----------+----------+------------+

+ Latency: 
    * Summary: 
    +---------+---------+----------+----------+-----+-----+---------+
    |  Latency (cycles) |  Latency (absolute) |  Interval | Pipeline|
    |   min   |   max   |    min   |    max   | min | max |   Type  |
    +---------+---------+----------+----------+-----+-----+---------+
    |       77|       77|  0.770 us|  0.770 us|   77|   77|       no|
    +---------+---------+----------+----------+-----+-----+---------+

    + Detail: 
        * Instance: 
        N/A

        * Loop: 
        +---------------------------------+---------+---------+----------+-----------+-----------+------+----------+
        |                                 |  Latency (cycles) | Iteration|  Initiation Interval  | Trip |          |
        |            Loop Name            |   min   |   max   |  Latency |  achieved |   target  | Count| Pipelined|
        +---------------------------------+---------+---------+----------+-----------+-----------+------+----------+
        |- loop_kh_3_loop_kw_3_loop_ic_3  |       75|       75|         6|          2|          1|    36|       yes|
        +---------------------------------+---------+---------+----------+-----------+-----------+------+----------+

============================================================
+ Verbose Summary: Synthesis Manager
============================================================
InlineROM: 1
ExposeGlobal: 0
============================================================
+ Verbose Summary: CDFG Model
============================================================
IsTopModel: 0
ResetActiveHigh: 1
IsCombinational: 0
IsDatapathOnly: 0
HasWiredReturn: 1
HasMFsm: 2
HasVarLatency: 1
IsPipeline: 0
IsRtlPipelined: 0
IsInstanceOverlapped: 0
IsDontTouch: 0
HasImplIP: 0
IsGatedGlobalClock: 0

+ Individual pipeline summary: 
  * Pipeline-0: initiation interval (II) = 2, depth = 6


============================================================
+ Verbose Summary: Schedule
============================================================
* Number of FSM states : 6
* Pipeline : 1
  Pipeline-0 : II = 2, D = 6, States = { 1 2 3 4 5 6 }
* Dataflow Pipeline: 0

* FSM state transitions: 
1 --> 2 
2 --> 3 
3 --> 4 
4 --> 5 
5 --> 6 
6 --> 

* FSM state operations: 

State 1 <SV = 0> <Delay = 6.34>
ST_1 : Operation 9 [1/1] (0.00ns)   --->   "%lhs = alloca i32 1"   --->   Operation 9 'alloca' 'lhs' <Predicate = true> <Delay = 0.00>
ST_1 : Operation 10 [1/1] (0.00ns)   --->   "%k = alloca i32 1"   --->   Operation 10 'alloca' 'k' <Predicate = true> <Delay = 0.00>
ST_1 : Operation 11 [1/1] (0.00ns)   --->   "%j = alloca i32 1"   --->   Operation 11 'alloca' 'j' <Predicate = true> <Delay = 0.00>
ST_1 : Operation 12 [1/1] (0.00ns)   --->   "%indvar_flatten222 = alloca i32 1"   --->   Operation 12 'alloca' 'indvar_flatten222' <Predicate = true> <Delay = 0.00>
ST_1 : Operation 13 [1/1] (0.00ns)   --->   "%i = alloca i32 1"   --->   Operation 13 'alloca' 'i' <Predicate = true> <Delay = 0.00>
ST_1 : Operation 14 [1/1] (0.00ns)   --->   "%indvar_flatten282 = alloca i32 1"   --->   Operation 14 'alloca' 'indvar_flatten282' <Predicate = true> <Delay = 0.00>
ST_1 : Operation 15 [1/1] (0.00ns)   --->   "%specbramwithbyteenable_ln0 = specbramwithbyteenable void @_ssdm_op_SpecBRAMWithByteEnable, i16 %d"   --->   Operation 15 'specbramwithbyteenable' 'specbramwithbyteenable_ln0' <Predicate = true> <Delay = 0.00>
ST_1 : Operation 16 [1/1] (0.00ns)   --->   "%zext_ln132_3_read = read i13 @_ssdm_op_Read.ap_auto.i13, i13 %zext_ln132_3"   --->   Operation 16 'read' 'zext_ln132_3_read' <Predicate = true> <Delay = 0.00>
ST_1 : Operation 17 [1/1] (0.00ns)   --->   "%cmp29_i433_not_mid1260_read = read i1 @_ssdm_op_Read.ap_auto.i1, i1 %cmp29_i433_not_mid1260"   --->   Operation 17 'read' 'cmp29_i433_not_mid1260_read' <Predicate = true> <Delay = 0.00>
ST_1 : Operation 18 [1/1] (0.00ns)   --->   "%cmp27_i431_not_mid1258_read = read i1 @_ssdm_op_Read.ap_auto.i1, i1 %cmp27_i431_not_mid1258"   --->   Operation 18 'read' 'cmp27_i431_not_mid1258_read' <Predicate = true> <Delay = 0.00>
ST_1 : Operation 19 [1/1] (0.00ns)   --->   "%zext_ln115_read = read i8 @_ssdm_op_Read.ap_auto.i8, i8 %zext_ln115"   --->   Operation 19 'read' 'zext_ln115_read' <Predicate = true> <Delay = 0.00>
ST_1 : Operation 20 [1/1] (0.00ns)   --->   "%select_ln117_read = read i5 @_ssdm_op_Read.ap_auto.i5, i5 %select_ln117"   --->   Operation 20 'read' 'select_ln117_read' <Predicate = true> <Delay = 0.00>
ST_1 : Operation 21 [1/1] (0.00ns)   --->   "%select_ln117_2_read = read i5 @_ssdm_op_Read.ap_auto.i5, i5 %select_ln117_2"   --->   Operation 21 'read' 'select_ln117_2_read' <Predicate = true> <Delay = 0.00>
ST_1 : Operation 22 [1/1] (0.00ns)   --->   "%select_ln115_2_read = read i16 @_ssdm_op_Read.ap_auto.i16, i16 %select_ln115_2"   --->   Operation 22 'read' 'select_ln115_2_read' <Predicate = true> <Delay = 0.00>
ST_1 : Operation 23 [1/1] (0.00ns)   --->   "%zext_ln132_3_cast = sext i13 %zext_ln132_3_read"   --->   Operation 23 'sext' 'zext_ln132_3_cast' <Predicate = true> <Delay = 0.00>
ST_1 : Operation 24 [1/1] (0.00ns)   --->   "%zext_ln132_3_cast_cast = zext i14 %zext_ln132_3_cast"   --->   Operation 24 'zext' 'zext_ln132_3_cast_cast' <Predicate = true> <Delay = 0.00>
ST_1 : Operation 25 [1/1] (0.00ns)   --->   "%zext_ln115_cast = zext i8 %zext_ln115_read"   --->   Operation 25 'zext' 'zext_ln115_cast' <Predicate = true> <Delay = 0.00>
ST_1 : Operation 26 [1/1] (0.42ns)   --->   "%store_ln0 = store i6 0, i6 %indvar_flatten282"   --->   Operation 26 'store' 'store_ln0' <Predicate = true> <Delay = 0.42>
ST_1 : Operation 27 [1/1] (0.42ns)   --->   "%store_ln0 = store i2 0, i2 %i"   --->   Operation 27 'store' 'store_ln0' <Predicate = true> <Delay = 0.42>
ST_1 : Operation 28 [1/1] (0.42ns)   --->   "%store_ln0 = store i5 0, i5 %indvar_flatten222"   --->   Operation 28 'store' 'store_ln0' <Predicate = true> <Delay = 0.42>
ST_1 : Operation 29 [1/1] (0.42ns)   --->   "%store_ln0 = store i2 0, i2 %j"   --->   Operation 29 'store' 'store_ln0' <Predicate = true> <Delay = 0.42>
ST_1 : Operation 30 [1/1] (0.42ns)   --->   "%store_ln0 = store i4 0, i4 %k"   --->   Operation 30 'store' 'store_ln0' <Predicate = true> <Delay = 0.42>
ST_1 : Operation 31 [1/1] (0.42ns)   --->   "%store_ln0 = store i16 %select_ln115_2_read, i16 %lhs"   --->   Operation 31 'store' 'store_ln0' <Predicate = true> <Delay = 0.42>
ST_1 : Operation 32 [1/1] (0.00ns)   --->   "%br_ln0 = br void %for.body21.i428"   --->   Operation 32 'br' 'br_ln0' <Predicate = true> <Delay = 0.00>
ST_1 : Operation 33 [1/1] (0.00ns)   --->   "%j_3 = load i2 %j" [../denoiser_c_to_hls/denoiser.cpp:125]   --->   Operation 33 'load' 'j_3' <Predicate = true> <Delay = 0.00>
ST_1 : Operation 34 [1/1] (0.00ns)   --->   "%i_2 = load i2 %i" [../denoiser_c_to_hls/denoiser.cpp:123]   --->   Operation 34 'load' 'i_2' <Predicate = true> <Delay = 0.00>
ST_1 : Operation 35 [1/1] (0.00ns)   --->   "%indvar_flatten282_load = load i6 %indvar_flatten282" [../denoiser_c_to_hls/denoiser.cpp:123]   --->   Operation 35 'load' 'indvar_flatten282_load' <Predicate = true> <Delay = 0.00>
ST_1 : Operation 36 [1/1] (0.00ns)   --->   "%zext_ln123 = zext i2 %i_2" [../denoiser_c_to_hls/denoiser.cpp:123]   --->   Operation 36 'zext' 'zext_ln123' <Predicate = true> <Delay = 0.00>
ST_1 : Operation 37 [1/1] (0.78ns)   --->   "%empty = add i5 %zext_ln123, i5 %select_ln117_2_read" [../denoiser_c_to_hls/denoiser.cpp:123]   --->   Operation 37 'add' 'empty' <Predicate = true> <Delay = 0.78> <CoreInst = "Adder">   --->   Core 1 'Adder' <Latency = 0> <II = 1> <Delay = 0.78> <FuncUnit> <Opcode : 'add' 'sub'> <InPorts = 2> <OutPorts = 1>
ST_1 : Operation 38 [1/1] (0.00ns)   --->   "%p_cast119 = zext i5 %empty" [../denoiser_c_to_hls/denoiser.cpp:123]   --->   Operation 38 'zext' 'p_cast119' <Predicate = true> <Delay = 0.00>
ST_1 : Operation 39 [1/1] (0.78ns)   --->   "%empty_69 = add i6 %p_cast119, i6 63" [../denoiser_c_to_hls/denoiser.cpp:123]   --->   Operation 39 'add' 'empty_69' <Predicate = true> <Delay = 0.78> <CoreInst = "Adder">   --->   Core 1 'Adder' <Latency = 0> <II = 1> <Delay = 0.78> <FuncUnit> <Opcode : 'add' 'sub'> <InPorts = 2> <OutPorts = 1>
ST_1 : Operation 40 [1/1] (0.00ns)   --->   "%p_shl1 = bitconcatenate i4 @_ssdm_op_BitConcatenate.i4.i2.i2, i2 %i_2, i2 0" [../denoiser_c_to_hls/denoiser.cpp:123]   --->   Operation 40 'bitconcatenate' 'p_shl1' <Predicate = true> <Delay = 0.00>
ST_1 : Operation 41 [1/1] (0.00ns)   --->   "%p_shl26_cast = zext i4 %p_shl1" [../denoiser_c_to_hls/denoiser.cpp:123]   --->   Operation 41 'zext' 'p_shl26_cast' <Predicate = true> <Delay = 0.00>
ST_1 : Operation 42 [1/1] (0.79ns)   --->   "%empty_70 = sub i5 %p_shl26_cast, i5 %zext_ln123" [../denoiser_c_to_hls/denoiser.cpp:123]   --->   Operation 42 'sub' 'empty_70' <Predicate = true> <Delay = 0.79> <CoreInst = "Adder">   --->   Core 1 'Adder' <Latency = 0> <II = 1> <Delay = 0.79> <FuncUnit> <Opcode : 'add' 'sub'> <InPorts = 2> <OutPorts = 1>
ST_1 : Operation 43 [1/1] (0.75ns)   --->   "%cmp24_i427_not = icmp_eq  i5 %empty, i5 0" [../denoiser_c_to_hls/denoiser.cpp:123]   --->   Operation 43 'icmp' 'cmp24_i427_not' <Predicate = true> <Delay = 0.75> <CoreInst = "Cmp">   --->   Core 9 'Cmp' <Latency = 0> <II = 1> <Delay = 0.75> <FuncUnit> <Opcode : 'icmp'> <InPorts = 2> <OutPorts = 1>
ST_1 : Operation 44 [1/1] (0.78ns)   --->   "%cmp25_i429_not = icmp_sgt  i6 %empty_69, i6 27" [../denoiser_c_to_hls/denoiser.cpp:123]   --->   Operation 44 'icmp' 'cmp25_i429_not' <Predicate = true> <Delay = 0.78> <CoreInst = "Cmp">   --->   Core 9 'Cmp' <Latency = 0> <II = 1> <Delay = 0.78> <FuncUnit> <Opcode : 'icmp'> <InPorts = 2> <OutPorts = 1>
ST_1 : Operation 45 [1/1] (0.00ns)   --->   "%shl_ln132_1 = bitconcatenate i15 @_ssdm_op_BitConcatenate.i15.i6.i9, i6 %empty_69, i9 0" [../denoiser_c_to_hls/denoiser.cpp:132]   --->   Operation 45 'bitconcatenate' 'shl_ln132_1' <Predicate = true> <Delay = 0.00>
ST_1 : Operation 46 [1/1] (0.00ns)   --->   "%shl_ln132_2 = bitconcatenate i12 @_ssdm_op_BitConcatenate.i12.i6.i6, i6 %empty_69, i6 0" [../denoiser_c_to_hls/denoiser.cpp:132]   --->   Operation 46 'bitconcatenate' 'shl_ln132_2' <Predicate = true> <Delay = 0.00>
ST_1 : Operation 47 [1/1] (0.00ns)   --->   "%sext_ln132 = sext i12 %shl_ln132_2" [../denoiser_c_to_hls/denoiser.cpp:132]   --->   Operation 47 'sext' 'sext_ln132' <Predicate = true> <Delay = 0.00>
ST_1 : Operation 48 [1/1] (0.84ns)   --->   "%sub_ln132 = sub i15 %shl_ln132_1, i15 %sext_ln132" [../denoiser_c_to_hls/denoiser.cpp:132]   --->   Operation 48 'sub' 'sub_ln132' <Predicate = true> <Delay = 0.84> <CoreInst = "Adder">   --->   Core 1 'Adder' <Latency = 0> <II = 1> <Delay = 0.84> <FuncUnit> <Opcode : 'add' 'sub'> <InPorts = 2> <OutPorts = 1>
ST_1 : Operation 49 [1/1] (0.00ns)   --->   "%zext_ln125 = zext i2 %j_3" [../denoiser_c_to_hls/denoiser.cpp:125]   --->   Operation 49 'zext' 'zext_ln125' <Predicate = true> <Delay = 0.00>
ST_1 : Operation 50 [1/1] (0.78ns)   --->   "%empty_71 = add i5 %zext_ln125, i5 %select_ln117_read" [../denoiser_c_to_hls/denoiser.cpp:125]   --->   Operation 50 'add' 'empty_71' <Predicate = true> <Delay = 0.78> <CoreInst = "Adder">   --->   Core 1 'Adder' <Latency = 0> <II = 1> <Delay = 0.78> <FuncUnit> <Opcode : 'add' 'sub'> <InPorts = 2> <OutPorts = 1>
ST_1 : Operation 51 [1/1] (0.00ns)   --->   "%p_cast127 = zext i5 %empty_71" [../denoiser_c_to_hls/denoiser.cpp:125]   --->   Operation 51 'zext' 'p_cast127' <Predicate = true> <Delay = 0.00>
ST_1 : Operation 52 [1/1] (0.78ns)   --->   "%empty_72 = add i6 %p_cast127, i6 63" [../denoiser_c_to_hls/denoiser.cpp:125]   --->   Operation 52 'add' 'empty_72' <Predicate = true> <Delay = 0.78> <CoreInst = "Adder">   --->   Core 1 'Adder' <Latency = 0> <II = 1> <Delay = 0.78> <FuncUnit> <Opcode : 'add' 'sub'> <InPorts = 2> <OutPorts = 1>
ST_1 : Operation 53 [1/1] (0.75ns)   --->   "%cmp27_i431_not = icmp_eq  i5 %empty_71, i5 0" [../denoiser_c_to_hls/denoiser.cpp:125]   --->   Operation 53 'icmp' 'cmp27_i431_not' <Predicate = true> <Delay = 0.75> <CoreInst = "Cmp">   --->   Core 9 'Cmp' <Latency = 0> <II = 1> <Delay = 0.75> <FuncUnit> <Opcode : 'icmp'> <InPorts = 2> <OutPorts = 1>
ST_1 : Operation 54 [1/1] (0.78ns)   --->   "%cmp29_i433_not = icmp_sgt  i6 %empty_72, i6 27" [../denoiser_c_to_hls/denoiser.cpp:125]   --->   Operation 54 'icmp' 'cmp29_i433_not' <Predicate = true> <Delay = 0.78> <CoreInst = "Cmp">   --->   Core 9 'Cmp' <Latency = 0> <II = 1> <Delay = 0.78> <FuncUnit> <Opcode : 'icmp'> <InPorts = 2> <OutPorts = 1>
ST_1 : Operation 55 [1/1] (0.00ns) (grouped into LUT with out node brmerge88)   --->   "%tmp28 = or i1 %cmp25_i429_not, i1 %cmp27_i431_not" [../denoiser_c_to_hls/denoiser.cpp:123]   --->   Operation 55 'or' 'tmp28' <Predicate = true> <Delay = 0.00> <CoreInst = "LogicGate">   --->   Core 74 'LogicGate' <Latency = 0> <II = 1> <Delay = 0.28> <FuncUnit> <Opcode : 'and' 'or' 'xor'> <InPorts = 2> <OutPorts = 1>
ST_1 : Operation 56 [1/1] (0.00ns) (grouped into LUT with out node brmerge88)   --->   "%tmp29 = or i1 %cmp24_i427_not, i1 %cmp29_i433_not" [../denoiser_c_to_hls/denoiser.cpp:123]   --->   Operation 56 'or' 'tmp29' <Predicate = true> <Delay = 0.00> <CoreInst = "LogicGate">   --->   Core 74 'LogicGate' <Latency = 0> <II = 1> <Delay = 0.28> <FuncUnit> <Opcode : 'and' 'or' 'xor'> <InPorts = 2> <OutPorts = 1>
ST_1 : Operation 57 [1/1] (0.28ns) (out node of the LUT)   --->   "%brmerge88 = or i1 %tmp29, i1 %tmp28" [../denoiser_c_to_hls/denoiser.cpp:123]   --->   Operation 57 'or' 'brmerge88' <Predicate = true> <Delay = 0.28> <CoreInst = "LogicGate">   --->   Core 74 'LogicGate' <Latency = 0> <II = 1> <Delay = 0.28> <FuncUnit> <Opcode : 'and' 'or' 'xor'> <InPorts = 2> <OutPorts = 1>
ST_1 : Operation 58 [1/1] (0.00ns)   --->   "%shl_ln3 = bitconcatenate i10 @_ssdm_op_BitConcatenate.i10.i6.i4, i6 %empty_72, i4 0" [../denoiser_c_to_hls/denoiser.cpp:132]   --->   Operation 58 'bitconcatenate' 'shl_ln3' <Predicate = true> <Delay = 0.00>
ST_1 : Operation 59 [1/1] (0.00ns)   --->   "%sext_ln132_1 = sext i10 %shl_ln3" [../denoiser_c_to_hls/denoiser.cpp:132]   --->   Operation 59 'sext' 'sext_ln132_1' <Predicate = true> <Delay = 0.00>
ST_1 : Operation 60 [1/1] (0.82ns)   --->   "%add_ln132 = add i13 %sext_ln132_1, i13 4352" [../denoiser_c_to_hls/denoiser.cpp:132]   --->   Operation 60 'add' 'add_ln132' <Predicate = true> <Delay = 0.82> <CoreInst = "Adder">   --->   Core 1 'Adder' <Latency = 0> <II = 1> <Delay = 0.82> <FuncUnit> <Opcode : 'add' 'sub'> <InPorts = 2> <OutPorts = 1>
ST_1 : Operation 61 [1/1] (0.00ns)   --->   "%sext_ln132_2 = sext i13 %add_ln132" [../denoiser_c_to_hls/denoiser.cpp:132]   --->   Operation 61 'sext' 'sext_ln132_2' <Predicate = true> <Delay = 0.00>
ST_1 : Operation 62 [1/1] (0.00ns)   --->   "%zext_ln132_2 = zext i14 %sext_ln132_2" [../denoiser_c_to_hls/denoiser.cpp:132]   --->   Operation 62 'zext' 'zext_ln132_2' <Predicate = true> <Delay = 0.00>
ST_1 : Operation 63 [1/1] (0.84ns)   --->   "%add_ln132_1 = add i15 %zext_ln132_2, i15 %sub_ln132" [../denoiser_c_to_hls/denoiser.cpp:132]   --->   Operation 63 'add' 'add_ln132_1' <Predicate = true> <Delay = 0.84> <CoreInst = "Adder">   --->   Core 1 'Adder' <Latency = 0> <II = 1> <Delay = 0.84> <FuncUnit> <Opcode : 'add' 'sub'> <InPorts = 2> <OutPorts = 1>
ST_1 : Operation 64 [1/1] (0.00ns)   --->   "%specpipeline_ln0 = specpipeline void @_ssdm_op_SpecPipeline, i32 4294967295, i32 0, i32 1, i32 0, void @p_str"   --->   Operation 64 'specpipeline' 'specpipeline_ln0' <Predicate = true> <Delay = 0.00>
ST_1 : Operation 65 [1/1] (0.78ns)   --->   "%icmp_ln123 = icmp_eq  i6 %indvar_flatten282_load, i6 36" [../denoiser_c_to_hls/denoiser.cpp:123]   --->   Operation 65 'icmp' 'icmp_ln123' <Predicate = true> <Delay = 0.78> <CoreInst = "Cmp">   --->   Core 9 'Cmp' <Latency = 0> <II = 1> <Delay = 0.78> <FuncUnit> <Opcode : 'icmp'> <InPorts = 2> <OutPorts = 1>
ST_1 : Operation 66 [1/1] (0.78ns)   --->   "%add_ln123_2 = add i6 %indvar_flatten282_load, i6 1" [../denoiser_c_to_hls/denoiser.cpp:123]   --->   Operation 66 'add' 'add_ln123_2' <Predicate = true> <Delay = 0.78> <CoreInst = "Adder">   --->   Core 1 'Adder' <Latency = 0> <II = 1> <Delay = 0.78> <FuncUnit> <Opcode : 'add' 'sub'> <InPorts = 2> <OutPorts = 1>
ST_1 : Operation 67 [1/1] (0.00ns)   --->   "%br_ln123 = br i1 %icmp_ln123, void %for.cond.cleanup16.i417, void %for.cond.cleanup12.i412.exitStub" [../denoiser_c_to_hls/denoiser.cpp:123]   --->   Operation 67 'br' 'br_ln123' <Predicate = true> <Delay = 0.00>
ST_1 : Operation 68 [1/1] (0.00ns)   --->   "%k_load = load i4 %k" [../denoiser_c_to_hls/denoiser.cpp:127]   --->   Operation 68 'load' 'k_load' <Predicate = (!icmp_ln123)> <Delay = 0.00>
ST_1 : Operation 69 [1/1] (0.00ns)   --->   "%indvar_flatten222_load = load i5 %indvar_flatten222" [../denoiser_c_to_hls/denoiser.cpp:125]   --->   Operation 69 'load' 'indvar_flatten222_load' <Predicate = (!icmp_ln123)> <Delay = 0.00>
ST_1 : Operation 70 [1/1] (0.54ns)   --->   "%add_ln123 = add i2 %i_2, i2 1" [../denoiser_c_to_hls/denoiser.cpp:123]   --->   Operation 70 'add' 'add_ln123' <Predicate = (!icmp_ln123)> <Delay = 0.54> <CoreInst = "Adder">   --->   Core 1 'Adder' <Latency = 0> <II = 1> <Delay = 0.54> <FuncUnit> <Opcode : 'add' 'sub'> <InPorts = 2> <OutPorts = 1>
ST_1 : Operation 71 [1/1] (0.75ns)   --->   "%icmp_ln125 = icmp_eq  i5 %indvar_flatten222_load, i5 12" [../denoiser_c_to_hls/denoiser.cpp:125]   --->   Operation 71 'icmp' 'icmp_ln125' <Predicate = (!icmp_ln123)> <Delay = 0.75> <CoreInst = "Cmp">   --->   Core 9 'Cmp' <Latency = 0> <II = 1> <Delay = 0.75> <FuncUnit> <Opcode : 'icmp'> <InPorts = 2> <OutPorts = 1>
ST_1 : Operation 72 [1/1] (0.17ns)   --->   "%select_ln123 = select i1 %icmp_ln125, i2 0, i2 %j_3" [../denoiser_c_to_hls/denoiser.cpp:123]   --->   Operation 72 'select' 'select_ln123' <Predicate = (!icmp_ln123)> <Delay = 0.17> <CoreInst = "Sel">   --->   Core 73 'Sel' <Latency = 0> <II = 1> <Delay = 0.17> <FuncUnit> <Opcode : 'select'> <InPorts = 3> <OutPorts = 1>
ST_1 : Operation 73 [1/1] (0.00ns) (grouped into LUT with out node select_ln125)   --->   "%select_ln123_1 = select i1 %icmp_ln125, i4 0, i4 %k_load" [../denoiser_c_to_hls/denoiser.cpp:123]   --->   Operation 73 'select' 'select_ln123_1' <Predicate = (!icmp_ln123)> <Delay = 0.00> <CoreInst = "Sel">   --->   Core 73 'Sel' <Latency = 0> <II = 1> <Delay = 0.39> <FuncUnit> <Opcode : 'select'> <InPorts = 3> <OutPorts = 1>
ST_1 : Operation 74 [1/1] (0.00ns)   --->   "%zext_ln123_1 = zext i2 %add_ln123" [../denoiser_c_to_hls/denoiser.cpp:123]   --->   Operation 74 'zext' 'zext_ln123_1' <Predicate = (!icmp_ln123)> <Delay = 0.00>
ST_1 : Operation 75 [1/1] (0.78ns)   --->   "%p_mid1240 = add i5 %zext_ln123_1, i5 %select_ln117_2_read" [../denoiser_c_to_hls/denoiser.cpp:123]   --->   Operation 75 'add' 'p_mid1240' <Predicate = (!icmp_ln123)> <Delay = 0.78> <CoreInst = "Adder">   --->   Core 1 'Adder' <Latency = 0> <II = 1> <Delay = 0.78> <FuncUnit> <Opcode : 'add' 'sub'> <InPorts = 2> <OutPorts = 1>
ST_1 : Operation 76 [1/1] (0.00ns)   --->   "%p_cast119_mid1 = zext i5 %p_mid1240" [../denoiser_c_to_hls/denoiser.cpp:123]   --->   Operation 76 'zext' 'p_cast119_mid1' <Predicate = (!icmp_ln123)> <Delay = 0.00>
ST_1 : Operation 77 [1/1] (0.78ns)   --->   "%p_mid1242 = add i6 %p_cast119_mid1, i6 63" [../denoiser_c_to_hls/denoiser.cpp:123]   --->   Operation 77 'add' 'p_mid1242' <Predicate = (!icmp_ln123)> <Delay = 0.78> <CoreInst = "Adder">   --->   Core 1 'Adder' <Latency = 0> <II = 1> <Delay = 0.78> <FuncUnit> <Opcode : 'add' 'sub'> <InPorts = 2> <OutPorts = 1>
ST_1 : Operation 78 [1/1] (0.00ns)   --->   "%p_shl26_mid1 = bitconcatenate i4 @_ssdm_op_BitConcatenate.i4.i2.i2, i2 %add_ln123, i2 0" [../denoiser_c_to_hls/denoiser.cpp:123]   --->   Operation 78 'bitconcatenate' 'p_shl26_mid1' <Predicate = (!icmp_ln123)> <Delay = 0.00>
ST_1 : Operation 79 [1/1] (0.00ns)   --->   "%p_shl26_cast_mid1 = zext i4 %p_shl26_mid1" [../denoiser_c_to_hls/denoiser.cpp:123]   --->   Operation 79 'zext' 'p_shl26_cast_mid1' <Predicate = (!icmp_ln123)> <Delay = 0.00>
ST_1 : Operation 80 [1/1] (0.79ns)   --->   "%p_mid1244 = sub i5 %p_shl26_cast_mid1, i5 %zext_ln123_1" [../denoiser_c_to_hls/denoiser.cpp:123]   --->   Operation 80 'sub' 'p_mid1244' <Predicate = (!icmp_ln123)> <Delay = 0.79> <CoreInst = "Adder">   --->   Core 1 'Adder' <Latency = 0> <II = 1> <Delay = 0.79> <FuncUnit> <Opcode : 'add' 'sub'> <InPorts = 2> <OutPorts = 1>
ST_1 : Operation 81 [1/1] (0.75ns)   --->   "%cmp24_i427_not_mid1 = icmp_eq  i5 %p_mid1240, i5 0" [../denoiser_c_to_hls/denoiser.cpp:123]   --->   Operation 81 'icmp' 'cmp24_i427_not_mid1' <Predicate = (!icmp_ln123)> <Delay = 0.75> <CoreInst = "Cmp">   --->   Core 9 'Cmp' <Latency = 0> <II = 1> <Delay = 0.75> <FuncUnit> <Opcode : 'icmp'> <InPorts = 2> <OutPorts = 1>
ST_1 : Operation 82 [1/1] (0.00ns) (grouped into LUT with out node brmerge88_mid1)   --->   "%select_ln123_2 = select i1 %icmp_ln125, i1 %cmp24_i427_not_mid1, i1 %cmp24_i427_not" [../denoiser_c_to_hls/denoiser.cpp:123]   --->   Operation 82 'select' 'select_ln123_2' <Predicate = (!icmp_ln123)> <Delay = 0.00> <CoreInst = "Sel">   --->   Core 73 'Sel' <Latency = 0> <II = 1> <Delay = 0.17> <FuncUnit> <Opcode : 'select'> <InPorts = 3> <OutPorts = 1>
ST_1 : Operation 83 [1/1] (0.78ns)   --->   "%cmp25_i429_not_mid1 = icmp_sgt  i6 %p_mid1242, i6 27" [../denoiser_c_to_hls/denoiser.cpp:123]   --->   Operation 83 'icmp' 'cmp25_i429_not_mid1' <Predicate = (!icmp_ln123)> <Delay = 0.78> <CoreInst = "Cmp">   --->   Core 9 'Cmp' <Latency = 0> <II = 1> <Delay = 0.78> <FuncUnit> <Opcode : 'icmp'> <InPorts = 2> <OutPorts = 1>
ST_1 : Operation 84 [1/1] (0.00ns) (grouped into LUT with out node tmp28_mid1)   --->   "%select_ln123_3 = select i1 %icmp_ln125, i1 %cmp25_i429_not_mid1, i1 %cmp25_i429_not" [../denoiser_c_to_hls/denoiser.cpp:123]   --->   Operation 84 'select' 'select_ln123_3' <Predicate = (!icmp_ln123)> <Delay = 0.00> <CoreInst = "Sel">   --->   Core 73 'Sel' <Latency = 0> <II = 1> <Delay = 0.17> <FuncUnit> <Opcode : 'select'> <InPorts = 3> <OutPorts = 1>
ST_1 : Operation 85 [1/1] (0.00ns)   --->   "%shl_ln132_1_mid1 = bitconcatenate i15 @_ssdm_op_BitConcatenate.i15.i6.i9, i6 %p_mid1242, i9 0" [../denoiser_c_to_hls/denoiser.cpp:132]   --->   Operation 85 'bitconcatenate' 'shl_ln132_1_mid1' <Predicate = (!icmp_ln123)> <Delay = 0.00>
ST_1 : Operation 86 [1/1] (0.00ns)   --->   "%shl_ln132_2_mid1 = bitconcatenate i12 @_ssdm_op_BitConcatenate.i12.i6.i6, i6 %p_mid1242, i6 0" [../denoiser_c_to_hls/denoiser.cpp:132]   --->   Operation 86 'bitconcatenate' 'shl_ln132_2_mid1' <Predicate = (!icmp_ln123)> <Delay = 0.00>
ST_1 : Operation 87 [1/1] (0.00ns)   --->   "%sext_ln132_3 = sext i12 %shl_ln132_2_mid1" [../denoiser_c_to_hls/denoiser.cpp:132]   --->   Operation 87 'sext' 'sext_ln132_3' <Predicate = (!icmp_ln123)> <Delay = 0.00>
ST_1 : Operation 88 [1/1] (0.84ns)   --->   "%sub_ln132_1 = sub i15 %shl_ln132_1_mid1, i15 %sext_ln132_3" [../denoiser_c_to_hls/denoiser.cpp:132]   --->   Operation 88 'sub' 'sub_ln132_1' <Predicate = (!icmp_ln123)> <Delay = 0.84> <CoreInst = "Adder">   --->   Core 1 'Adder' <Latency = 0> <II = 1> <Delay = 0.84> <FuncUnit> <Opcode : 'add' 'sub'> <InPorts = 2> <OutPorts = 1>
ST_1 : Operation 89 [1/1] (0.00ns) (grouped into LUT with out node add_ln132_4)   --->   "%select_ln123_4 = select i1 %icmp_ln125, i15 %sub_ln132_1, i15 %sub_ln132" [../denoiser_c_to_hls/denoiser.cpp:123]   --->   Operation 89 'select' 'select_ln123_4' <Predicate = (!icmp_ln123)> <Delay = 0.00> <CoreInst = "Sel">   --->   Core 73 'Sel' <Latency = 0> <II = 1> <Delay = 0.29> <FuncUnit> <Opcode : 'select'> <InPorts = 3> <OutPorts = 1>
ST_1 : Operation 90 [1/1] (0.00ns) (grouped into LUT with out node add_ln123_1)   --->   "%select_ln123_5 = select i1 %icmp_ln125, i5 %p_mid1244, i5 %empty_70" [../denoiser_c_to_hls/denoiser.cpp:123]   --->   Operation 90 'select' 'select_ln123_5' <Predicate = (!icmp_ln123)> <Delay = 0.00> <CoreInst = "Sel">   --->   Core 73 'Sel' <Latency = 0> <II = 1> <Delay = 0.41> <FuncUnit> <Opcode : 'select'> <InPorts = 3> <OutPorts = 1>
ST_1 : Operation 91 [1/1] (0.00ns) (grouped into LUT with out node add_ln123_1)   --->   "%sext_ln123 = sext i5 %select_ln123_5" [../denoiser_c_to_hls/denoiser.cpp:123]   --->   Operation 91 'sext' 'sext_ln123' <Predicate = (!icmp_ln123)> <Delay = 0.00>
ST_1 : Operation 92 [1/1] (0.76ns) (out node of the LUT)   --->   "%add_ln123_1 = add i9 %sext_ln123, i9 %zext_ln115_cast" [../denoiser_c_to_hls/denoiser.cpp:123]   --->   Operation 92 'add' 'add_ln123_1' <Predicate = (!icmp_ln123)> <Delay = 0.76> <CoreInst = "Adder">   --->   Core 1 'Adder' <Latency = 0> <II = 1> <Delay = 0.76> <FuncUnit> <Opcode : 'add' 'sub'> <InPorts = 2> <OutPorts = 1>
ST_1 : Operation 93 [1/1] (0.00ns) (grouped into LUT with out node select_ln123_6)   --->   "%tmp28_mid1262 = or i1 %cmp25_i429_not_mid1, i1 %cmp27_i431_not_mid1258_read" [../denoiser_c_to_hls/denoiser.cpp:123]   --->   Operation 93 'or' 'tmp28_mid1262' <Predicate = (!icmp_ln123)> <Delay = 0.00> <CoreInst = "LogicGate">   --->   Core 74 'LogicGate' <Latency = 0> <II = 1> <Delay = 0.28> <FuncUnit> <Opcode : 'and' 'or' 'xor'> <InPorts = 2> <OutPorts = 1>
ST_1 : Operation 94 [1/1] (0.00ns) (grouped into LUT with out node select_ln123_6)   --->   "%tmp29_mid1264 = or i1 %cmp24_i427_not_mid1, i1 %cmp29_i433_not_mid1260_read" [../denoiser_c_to_hls/denoiser.cpp:123]   --->   Operation 94 'or' 'tmp29_mid1264' <Predicate = (!icmp_ln123)> <Delay = 0.00> <CoreInst = "LogicGate">   --->   Core 74 'LogicGate' <Latency = 0> <II = 1> <Delay = 0.28> <FuncUnit> <Opcode : 'and' 'or' 'xor'> <InPorts = 2> <OutPorts = 1>
ST_1 : Operation 95 [1/1] (0.00ns) (grouped into LUT with out node select_ln123_6)   --->   "%brmerge88_mid1266 = or i1 %tmp29_mid1264, i1 %tmp28_mid1262" [../denoiser_c_to_hls/denoiser.cpp:123]   --->   Operation 95 'or' 'brmerge88_mid1266' <Predicate = (!icmp_ln123)> <Delay = 0.00> <CoreInst = "LogicGate">   --->   Core 74 'LogicGate' <Latency = 0> <II = 1> <Delay = 0.28> <FuncUnit> <Opcode : 'and' 'or' 'xor'> <InPorts = 2> <OutPorts = 1>
ST_1 : Operation 96 [1/1] (0.28ns) (out node of the LUT)   --->   "%select_ln123_6 = select i1 %icmp_ln125, i1 %brmerge88_mid1266, i1 %brmerge88" [../denoiser_c_to_hls/denoiser.cpp:123]   --->   Operation 96 'select' 'select_ln123_6' <Predicate = (!icmp_ln123)> <Delay = 0.28> <CoreInst = "Sel">   --->   Core 73 'Sel' <Latency = 0> <II = 1> <Delay = 0.17> <FuncUnit> <Opcode : 'select'> <InPorts = 3> <OutPorts = 1>
ST_1 : Operation 97 [1/1] (0.84ns)   --->   "%add_ln132_2 = add i15 %zext_ln132_3_cast_cast, i15 %sub_ln132_1" [../denoiser_c_to_hls/denoiser.cpp:132]   --->   Operation 97 'add' 'add_ln132_2' <Predicate = (!icmp_ln123)> <Delay = 0.84> <CoreInst = "Adder">   --->   Core 1 'Adder' <Latency = 0> <II = 1> <Delay = 0.84> <FuncUnit> <Opcode : 'add' 'sub'> <InPorts = 2> <OutPorts = 1>
ST_1 : Operation 98 [1/1] (0.00ns) (grouped into LUT with out node or_ln123)   --->   "%tmp = bitselect i1 @_ssdm_op_BitSelect.i1.i4.i32, i4 %k_load, i32 3" [../denoiser_c_to_hls/denoiser.cpp:127]   --->   Operation 98 'bitselect' 'tmp' <Predicate = (!icmp_ln123)> <Delay = 0.00>
ST_1 : Operation 99 [1/1] (0.00ns) (grouped into LUT with out node or_ln123)   --->   "%xor_ln127 = xor i1 %tmp, i1 1" [../denoiser_c_to_hls/denoiser.cpp:127]   --->   Operation 99 'xor' 'xor_ln127' <Predicate = (!icmp_ln123)> <Delay = 0.00> <CoreInst = "LogicGate">   --->   Core 74 'LogicGate' <Latency = 0> <II = 1> <Delay = 0.28> <FuncUnit> <Opcode : 'and' 'or' 'xor'> <InPorts = 2> <OutPorts = 1>
ST_1 : Operation 100 [1/1] (0.28ns) (out node of the LUT)   --->   "%or_ln123 = or i1 %icmp_ln125, i1 %xor_ln127" [../denoiser_c_to_hls/denoiser.cpp:123]   --->   Operation 100 'or' 'or_ln123' <Predicate = (!icmp_ln123)> <Delay = 0.28> <CoreInst = "LogicGate">   --->   Core 74 'LogicGate' <Latency = 0> <II = 1> <Delay = 0.28> <FuncUnit> <Opcode : 'and' 'or' 'xor'> <InPorts = 2> <OutPorts = 1>
ST_1 : Operation 101 [1/1] (0.17ns)   --->   "%select_ln123_7 = select i1 %icmp_ln125, i2 %add_ln123, i2 %i_2" [../denoiser_c_to_hls/denoiser.cpp:123]   --->   Operation 101 'select' 'select_ln123_7' <Predicate = (!icmp_ln123)> <Delay = 0.17> <CoreInst = "Sel">   --->   Core 73 'Sel' <Latency = 0> <II = 1> <Delay = 0.17> <FuncUnit> <Opcode : 'select'> <InPorts = 3> <OutPorts = 1>
ST_1 : Operation 102 [1/1] (0.54ns)   --->   "%add_ln125 = add i2 %select_ln123, i2 1" [../denoiser_c_to_hls/denoiser.cpp:125]   --->   Operation 102 'add' 'add_ln125' <Predicate = (!icmp_ln123)> <Delay = 0.54> <CoreInst = "Adder">   --->   Core 1 'Adder' <Latency = 0> <II = 1> <Delay = 0.54> <FuncUnit> <Opcode : 'add' 'sub'> <InPorts = 2> <OutPorts = 1>
ST_1 : Operation 103 [1/1] (0.39ns) (out node of the LUT)   --->   "%select_ln125 = select i1 %or_ln123, i4 %select_ln123_1, i4 0" [../denoiser_c_to_hls/denoiser.cpp:125]   --->   Operation 103 'select' 'select_ln125' <Predicate = (!icmp_ln123)> <Delay = 0.39> <CoreInst = "Sel">   --->   Core 73 'Sel' <Latency = 0> <II = 1> <Delay = 0.39> <FuncUnit> <Opcode : 'select'> <InPorts = 3> <OutPorts = 1>
ST_1 : Operation 104 [1/1] (0.17ns)   --->   "%select_ln125_1 = select i1 %or_ln123, i2 %select_ln123, i2 %add_ln125" [../denoiser_c_to_hls/denoiser.cpp:125]   --->   Operation 104 'select' 'select_ln125_1' <Predicate = (!icmp_ln123)> <Delay = 0.17> <CoreInst = "Sel">   --->   Core 73 'Sel' <Latency = 0> <II = 1> <Delay = 0.17> <FuncUnit> <Opcode : 'select'> <InPorts = 3> <OutPorts = 1>
ST_1 : Operation 105 [1/1] (0.00ns)   --->   "%zext_ln125_1 = zext i2 %select_ln125_1" [../denoiser_c_to_hls/denoiser.cpp:125]   --->   Operation 105 'zext' 'zext_ln125_1' <Predicate = (!icmp_ln123)> <Delay = 0.00>
ST_1 : Operation 106 [1/1] (0.00ns)   --->   "%zext_ln125_2 = zext i2 %add_ln125" [../denoiser_c_to_hls/denoiser.cpp:125]   --->   Operation 106 'zext' 'zext_ln125_2' <Predicate = (!icmp_ln123)> <Delay = 0.00>
ST_1 : Operation 107 [1/1] (0.78ns)   --->   "%p_mid1218 = add i5 %zext_ln125_2, i5 %select_ln117_read" [../denoiser_c_to_hls/denoiser.cpp:125]   --->   Operation 107 'add' 'p_mid1218' <Predicate = (!icmp_ln123)> <Delay = 0.78> <CoreInst = "Adder">   --->   Core 1 'Adder' <Latency = 0> <II = 1> <Delay = 0.78> <FuncUnit> <Opcode : 'add' 'sub'> <InPorts = 2> <OutPorts = 1>
ST_1 : Operation 108 [1/1] (0.00ns)   --->   "%p_cast127_mid1 = zext i5 %p_mid1218" [../denoiser_c_to_hls/denoiser.cpp:125]   --->   Operation 108 'zext' 'p_cast127_mid1' <Predicate = (!icmp_ln123)> <Delay = 0.00>
ST_1 : Operation 109 [1/1] (0.78ns)   --->   "%p_mid1220 = add i6 %p_cast127_mid1, i6 63" [../denoiser_c_to_hls/denoiser.cpp:125]   --->   Operation 109 'add' 'p_mid1220' <Predicate = (!icmp_ln123)> <Delay = 0.78> <CoreInst = "Adder">   --->   Core 1 'Adder' <Latency = 0> <II = 1> <Delay = 0.78> <FuncUnit> <Opcode : 'add' 'sub'> <InPorts = 2> <OutPorts = 1>
ST_1 : Operation 110 [1/1] (0.75ns)   --->   "%cmp27_i431_not_mid1 = icmp_eq  i5 %p_mid1218, i5 0" [../denoiser_c_to_hls/denoiser.cpp:125]   --->   Operation 110 'icmp' 'cmp27_i431_not_mid1' <Predicate = (!icmp_ln123)> <Delay = 0.75> <CoreInst = "Cmp">   --->   Core 9 'Cmp' <Latency = 0> <II = 1> <Delay = 0.75> <FuncUnit> <Opcode : 'icmp'> <InPorts = 2> <OutPorts = 1>
ST_1 : Operation 111 [1/1] (0.78ns)   --->   "%cmp29_i433_not_mid1 = icmp_sgt  i6 %p_mid1220, i6 27" [../denoiser_c_to_hls/denoiser.cpp:125]   --->   Operation 111 'icmp' 'cmp29_i433_not_mid1' <Predicate = (!icmp_ln123)> <Delay = 0.78> <CoreInst = "Cmp">   --->   Core 9 'Cmp' <Latency = 0> <II = 1> <Delay = 0.78> <FuncUnit> <Opcode : 'icmp'> <InPorts = 2> <OutPorts = 1>
ST_1 : Operation 112 [1/1] (0.28ns) (out node of the LUT)   --->   "%tmp28_mid1 = or i1 %select_ln123_3, i1 %cmp27_i431_not_mid1" [../denoiser_c_to_hls/denoiser.cpp:123]   --->   Operation 112 'or' 'tmp28_mid1' <Predicate = (!icmp_ln123)> <Delay = 0.28> <CoreInst = "LogicGate">   --->   Core 74 'LogicGate' <Latency = 0> <II = 1> <Delay = 0.28> <FuncUnit> <Opcode : 'and' 'or' 'xor'> <InPorts = 2> <OutPorts = 1>
ST_1 : Operation 113 [1/1] (0.00ns) (grouped into LUT with out node brmerge88_mid1)   --->   "%tmp29_mid1 = or i1 %select_ln123_2, i1 %cmp29_i433_not_mid1" [../denoiser_c_to_hls/denoiser.cpp:123]   --->   Operation 113 'or' 'tmp29_mid1' <Predicate = (!icmp_ln123)> <Delay = 0.00> <CoreInst = "LogicGate">   --->   Core 74 'LogicGate' <Latency = 0> <II = 1> <Delay = 0.28> <FuncUnit> <Opcode : 'and' 'or' 'xor'> <InPorts = 2> <OutPorts = 1>
ST_1 : Operation 114 [1/1] (0.28ns) (out node of the LUT)   --->   "%brmerge88_mid1 = or i1 %tmp29_mid1, i1 %tmp28_mid1" [../denoiser_c_to_hls/denoiser.cpp:123]   --->   Operation 114 'or' 'brmerge88_mid1' <Predicate = (!icmp_ln123)> <Delay = 0.28> <CoreInst = "LogicGate">   --->   Core 74 'LogicGate' <Latency = 0> <II = 1> <Delay = 0.28> <FuncUnit> <Opcode : 'and' 'or' 'xor'> <InPorts = 2> <OutPorts = 1>
ST_1 : Operation 115 [1/1] (0.17ns) (out node of the LUT)   --->   "%select_ln125_2 = select i1 %or_ln123, i1 %select_ln123_6, i1 %brmerge88_mid1" [../denoiser_c_to_hls/denoiser.cpp:125]   --->   Operation 115 'select' 'select_ln125_2' <Predicate = (!icmp_ln123)> <Delay = 0.17> <CoreInst = "Sel">   --->   Core 73 'Sel' <Latency = 0> <II = 1> <Delay = 0.17> <FuncUnit> <Opcode : 'select'> <InPorts = 3> <OutPorts = 1>
ST_1 : Operation 116 [1/1] (0.00ns)   --->   "%shl_ln132_mid1 = bitconcatenate i10 @_ssdm_op_BitConcatenate.i10.i6.i4, i6 %p_mid1220, i4 0" [../denoiser_c_to_hls/denoiser.cpp:132]   --->   Operation 116 'bitconcatenate' 'shl_ln132_mid1' <Predicate = (!icmp_ln123)> <Delay = 0.00>
ST_1 : Operation 117 [1/1] (0.00ns)   --->   "%sext_ln132_4 = sext i10 %shl_ln132_mid1" [../denoiser_c_to_hls/denoiser.cpp:132]   --->   Operation 117 'sext' 'sext_ln132_4' <Predicate = (!icmp_ln123)> <Delay = 0.00>
ST_1 : Operation 118 [1/1] (0.82ns)   --->   "%add_ln132_3 = add i13 %sext_ln132_4, i13 4352" [../denoiser_c_to_hls/denoiser.cpp:132]   --->   Operation 118 'add' 'add_ln132_3' <Predicate = (!icmp_ln123)> <Delay = 0.82> <CoreInst = "Adder">   --->   Core 1 'Adder' <Latency = 0> <II = 1> <Delay = 0.82> <FuncUnit> <Opcode : 'add' 'sub'> <InPorts = 2> <OutPorts = 1>
ST_1 : Operation 119 [1/1] (0.00ns) (grouped into LUT with out node add_ln132_4)   --->   "%sext_ln132_5 = sext i13 %add_ln132_3" [../denoiser_c_to_hls/denoiser.cpp:132]   --->   Operation 119 'sext' 'sext_ln132_5' <Predicate = (!icmp_ln123)> <Delay = 0.00>
ST_1 : Operation 120 [1/1] (0.00ns) (grouped into LUT with out node add_ln132_4)   --->   "%zext_ln132_4 = zext i14 %sext_ln132_5" [../denoiser_c_to_hls/denoiser.cpp:132]   --->   Operation 120 'zext' 'zext_ln132_4' <Predicate = (!icmp_ln123)> <Delay = 0.00>
ST_1 : Operation 121 [1/1] (0.84ns) (out node of the LUT)   --->   "%add_ln132_4 = add i15 %zext_ln132_4, i15 %select_ln123_4" [../denoiser_c_to_hls/denoiser.cpp:132]   --->   Operation 121 'add' 'add_ln132_4' <Predicate = (!icmp_ln123)> <Delay = 0.84> <CoreInst = "Adder">   --->   Core 1 'Adder' <Latency = 0> <II = 1> <Delay = 0.84> <FuncUnit> <Opcode : 'add' 'sub'> <InPorts = 2> <OutPorts = 1>
ST_1 : Operation 122 [1/1] (0.00ns)   --->   "%trunc_ln132 = trunc i4 %select_ln125" [../denoiser_c_to_hls/denoiser.cpp:132]   --->   Operation 122 'trunc' 'trunc_ln132' <Predicate = (!icmp_ln123)> <Delay = 0.00>
ST_1 : Operation 123 [1/1] (0.00ns)   --->   "%shl_ln132 = shl i4 %select_ln125, i4 1" [../denoiser_c_to_hls/denoiser.cpp:132]   --->   Operation 123 'shl' 'shl_ln132' <Predicate = (!icmp_ln123)> <Delay = 0.00>
ST_1 : Operation 124 [1/1] (0.00ns) (grouped into LUT with out node select_ln125_3)   --->   "%tmp_s = partselect i11 @_ssdm_op_PartSelect.i11.i15.i32.i32, i15 %add_ln132_2, i32 4, i32 14" [../denoiser_c_to_hls/denoiser.cpp:132]   --->   Operation 124 'partselect' 'tmp_s' <Predicate = (!icmp_ln123)> <Delay = 0.00>
ST_1 : Operation 125 [1/1] (0.00ns) (grouped into LUT with out node select_ln125_3)   --->   "%tmp_5 = partselect i11 @_ssdm_op_PartSelect.i11.i15.i32.i32, i15 %add_ln132_1, i32 4, i32 14" [../denoiser_c_to_hls/denoiser.cpp:132]   --->   Operation 125 'partselect' 'tmp_5' <Predicate = (!icmp_ln123)> <Delay = 0.00>
ST_1 : Operation 126 [1/1] (0.00ns) (grouped into LUT with out node select_ln125_3)   --->   "%select_ln123_8 = select i1 %icmp_ln125, i11 %tmp_s, i11 %tmp_5" [../denoiser_c_to_hls/denoiser.cpp:123]   --->   Operation 126 'select' 'select_ln123_8' <Predicate = (!icmp_ln123)> <Delay = 0.00> <CoreInst = "Sel">   --->   Core 73 'Sel' <Latency = 0> <II = 1> <Delay = 0.38> <FuncUnit> <Opcode : 'select'> <InPorts = 3> <OutPorts = 1>
ST_1 : Operation 127 [1/1] (0.00ns) (grouped into LUT with out node select_ln125_3)   --->   "%tmp_6 = partselect i11 @_ssdm_op_PartSelect.i11.i15.i32.i32, i15 %add_ln132_4, i32 4, i32 14" [../denoiser_c_to_hls/denoiser.cpp:132]   --->   Operation 127 'partselect' 'tmp_6' <Predicate = (!icmp_ln123)> <Delay = 0.00>
ST_1 : Operation 128 [1/1] (0.38ns) (out node of the LUT)   --->   "%select_ln125_3 = select i1 %or_ln123, i11 %select_ln123_8, i11 %tmp_6" [../denoiser_c_to_hls/denoiser.cpp:125]   --->   Operation 128 'select' 'select_ln125_3' <Predicate = (!icmp_ln123)> <Delay = 0.38> <CoreInst = "Sel">   --->   Core 73 'Sel' <Latency = 0> <II = 1> <Delay = 0.38> <FuncUnit> <Opcode : 'select'> <InPorts = 3> <OutPorts = 1>
ST_1 : Operation 129 [1/1] (0.00ns)   --->   "%lshr_ln5 = bitconcatenate i14 @_ssdm_op_BitConcatenate.i14.i11.i3, i11 %select_ln125_3, i3 %trunc_ln132" [../denoiser_c_to_hls/denoiser.cpp:132]   --->   Operation 129 'bitconcatenate' 'lshr_ln5' <Predicate = (!icmp_ln123)> <Delay = 0.00>
ST_1 : Operation 130 [1/1] (0.00ns)   --->   "%zext_ln132 = zext i14 %lshr_ln5" [../denoiser_c_to_hls/denoiser.cpp:132]   --->   Operation 130 'zext' 'zext_ln132' <Predicate = (!icmp_ln123)> <Delay = 0.00>
ST_1 : Operation 131 [1/1] (0.00ns)   --->   "%d_addr = getelementptr i16 %d, i64 0, i64 %zext_ln132" [../denoiser_c_to_hls/denoiser.cpp:132]   --->   Operation 131 'getelementptr' 'd_addr' <Predicate = (!icmp_ln123)> <Delay = 0.00>
ST_1 : Operation 132 [2/2] (1.23ns)   --->   "%val_V = load i14 %d_addr" [../denoiser_c_to_hls/denoiser.cpp:132]   --->   Operation 132 'load' 'val_V' <Predicate = (!icmp_ln123)> <Delay = 1.23> <CoreInst = "RAM">   --->   Core 83 'RAM' <Latency = 1> <II = 1> <Delay = 1.23> <Storage> <Opcode : 'load' 'store'> <Ports = 2> <Width = 16> <Depth = 12544> <RAM>
ST_1 : Operation 133 [1/1] (0.00ns)   --->   "%tmp_7 = partselect i2 @_ssdm_op_PartSelect.i2.i4.i32.i32, i4 %select_ln125, i32 1, i32 2" [../denoiser_c_to_hls/denoiser.cpp:133]   --->   Operation 133 'partselect' 'tmp_7' <Predicate = (!icmp_ln123)> <Delay = 0.00>
ST_1 : Operation 134 [1/1] (0.00ns)   --->   "%add_ln133_7 = bitconcatenate i6 @_ssdm_op_BitConcatenate.i6.i2.i4, i2 %tmp_7, i4 %select_ln125" [../denoiser_c_to_hls/denoiser.cpp:133]   --->   Operation 134 'bitconcatenate' 'add_ln133_7' <Predicate = (!icmp_ln123)> <Delay = 0.00>
ST_1 : Operation 135 [1/1] (0.00ns)   --->   "%zext_ln133 = zext i6 %add_ln133_7" [../denoiser_c_to_hls/denoiser.cpp:133]   --->   Operation 135 'zext' 'zext_ln133' <Predicate = (!icmp_ln123)> <Delay = 0.00>
ST_1 : Operation 136 [1/1] (0.78ns)   --->   "%add_ln133 = add i7 %zext_ln125_1, i7 %zext_ln133" [../denoiser_c_to_hls/denoiser.cpp:133]   --->   Operation 136 'add' 'add_ln133' <Predicate = (!icmp_ln123)> <Delay = 0.78> <CoreInst = "Adder">   --->   Core 1 'Adder' <Latency = 0> <II = 1> <Delay = 0.78> <FuncUnit> <Opcode : 'add' 'sub'> <InPorts = 2> <OutPorts = 1>
ST_1 : Operation 137 [1/1] (0.00ns)   --->   "%zext_ln133_1 = zext i7 %add_ln133" [../denoiser_c_to_hls/denoiser.cpp:133]   --->   Operation 137 'zext' 'zext_ln133_1' <Predicate = (!icmp_ln123)> <Delay = 0.00>
ST_1 : Operation 138 [1/1] (0.77ns)   --->   "%add_ln133_1 = add i9 %zext_ln133_1, i9 %add_ln123_1" [../denoiser_c_to_hls/denoiser.cpp:133]   --->   Operation 138 'add' 'add_ln133_1' <Predicate = (!icmp_ln123)> <Delay = 0.77> <CoreInst = "Adder">   --->   Core 1 'Adder' <Latency = 0> <II = 1> <Delay = 0.77> <FuncUnit> <Opcode : 'add' 'sub'> <InPorts = 2> <OutPorts = 1>
ST_1 : Operation 139 [1/1] (0.00ns)   --->   "%zext_ln1271 = zext i9 %add_ln133_1"   --->   Operation 139 'zext' 'zext_ln1271' <Predicate = (!icmp_ln123)> <Delay = 0.00>
ST_1 : Operation 140 [1/1] (0.00ns)   --->   "%conv3_kernel_V_addr = getelementptr i12 %conv3_kernel_V, i64 0, i64 %zext_ln1271"   --->   Operation 140 'getelementptr' 'conv3_kernel_V_addr' <Predicate = (!icmp_ln123)> <Delay = 0.00>
ST_1 : Operation 141 [2/2] (1.23ns)   --->   "%conv3_kernel_V_load = load i9 %conv3_kernel_V_addr"   --->   Operation 141 'load' 'conv3_kernel_V_load' <Predicate = (!icmp_ln123)> <Delay = 1.23> <CoreInst = "ROM">   --->   Core 101 'ROM' <Latency = 1> <II = 1> <Delay = 1.23> <Storage> <Opcode : 'load'> <Ports = 0> <Width = 12> <Depth = 288> <ROM>
ST_1 : Operation 142 [1/1] (0.00ns)   --->   "%or_ln132 = or i4 %shl_ln132, i4 2" [../denoiser_c_to_hls/denoiser.cpp:132]   --->   Operation 142 'or' 'or_ln132' <Predicate = (!icmp_ln123)> <Delay = 0.00>
ST_1 : Operation 143 [1/1] (0.00ns)   --->   "%tmp_8 = partselect i3 @_ssdm_op_PartSelect.i3.i4.i32.i32, i4 %or_ln132, i32 1, i32 3" [../denoiser_c_to_hls/denoiser.cpp:132]   --->   Operation 143 'partselect' 'tmp_8' <Predicate = (!icmp_ln123)> <Delay = 0.00>
ST_1 : Operation 144 [1/1] (0.00ns)   --->   "%lshr_ln132_1 = bitconcatenate i14 @_ssdm_op_BitConcatenate.i14.i11.i3, i11 %select_ln125_3, i3 %tmp_8" [../denoiser_c_to_hls/denoiser.cpp:132]   --->   Operation 144 'bitconcatenate' 'lshr_ln132_1' <Predicate = (!icmp_ln123)> <Delay = 0.00>
ST_1 : Operation 145 [1/1] (0.00ns)   --->   "%zext_ln132_1 = zext i14 %lshr_ln132_1" [../denoiser_c_to_hls/denoiser.cpp:132]   --->   Operation 145 'zext' 'zext_ln132_1' <Predicate = (!icmp_ln123)> <Delay = 0.00>
ST_1 : Operation 146 [1/1] (0.00ns)   --->   "%d_addr_2 = getelementptr i16 %d, i64 0, i64 %zext_ln132_1" [../denoiser_c_to_hls/denoiser.cpp:132]   --->   Operation 146 'getelementptr' 'd_addr_2' <Predicate = (!icmp_ln123)> <Delay = 0.00>
ST_1 : Operation 147 [2/2] (1.23ns)   --->   "%val_V_13 = load i14 %d_addr_2" [../denoiser_c_to_hls/denoiser.cpp:132]   --->   Operation 147 'load' 'val_V_13' <Predicate = (!icmp_ln123)> <Delay = 1.23> <CoreInst = "RAM">   --->   Core 83 'RAM' <Latency = 1> <II = 1> <Delay = 1.23> <Storage> <Opcode : 'load' 'store'> <Ports = 2> <Width = 16> <Depth = 12544> <RAM>
ST_1 : Operation 148 [1/1] (0.00ns) (grouped into TernaryAdder)   --->   "%add_ln133_2 = add i7 %zext_ln133, i7 9" [../denoiser_c_to_hls/denoiser.cpp:133]   --->   Operation 148 'add' 'add_ln133_2' <Predicate = (!icmp_ln123)> <Delay = 0.00> <CoreInst = "TAddSub">   --->   Core 10 'TAddSub' <Latency = 0> <II = 1> <Delay = 0.45> <IPBlock> <Opcode : 'add' 'sub'> <InPorts = 3> <OutPorts = 1> <Sync> <CReg>
ST_1 : Operation 149 [1/1] (0.90ns) (root node of TernaryAdder)   --->   "%add_ln133_3 = add i7 %add_ln133_2, i7 %zext_ln125_1" [../denoiser_c_to_hls/denoiser.cpp:133]   --->   Operation 149 'add' 'add_ln133_3' <Predicate = (!icmp_ln123)> <Delay = 0.90> <CoreInst = "TAddSub">   --->   Core 10 'TAddSub' <Latency = 0> <II = 1> <Delay = 0.45> <IPBlock> <Opcode : 'add' 'sub'> <InPorts = 3> <OutPorts = 1> <Sync> <CReg>
ST_1 : Operation 150 [1/1] (0.00ns)   --->   "%zext_ln133_2 = zext i7 %add_ln133_3" [../denoiser_c_to_hls/denoiser.cpp:133]   --->   Operation 150 'zext' 'zext_ln133_2' <Predicate = (!icmp_ln123)> <Delay = 0.00>
ST_1 : Operation 151 [1/1] (0.77ns)   --->   "%add_ln133_4 = add i9 %zext_ln133_2, i9 %add_ln123_1" [../denoiser_c_to_hls/denoiser.cpp:133]   --->   Operation 151 'add' 'add_ln133_4' <Predicate = (!icmp_ln123)> <Delay = 0.77> <CoreInst = "Adder">   --->   Core 1 'Adder' <Latency = 0> <II = 1> <Delay = 0.77> <FuncUnit> <Opcode : 'add' 'sub'> <InPorts = 2> <OutPorts = 1>
ST_1 : Operation 152 [1/1] (0.79ns)   --->   "%add_ln127 = add i4 %select_ln125, i4 2" [../denoiser_c_to_hls/denoiser.cpp:127]   --->   Operation 152 'add' 'add_ln127' <Predicate = (!icmp_ln123)> <Delay = 0.79> <CoreInst = "Adder">   --->   Core 1 'Adder' <Latency = 0> <II = 1> <Delay = 0.79> <FuncUnit> <Opcode : 'add' 'sub'> <InPorts = 2> <OutPorts = 1>
ST_1 : Operation 153 [1/1] (0.78ns)   --->   "%add_ln125_1 = add i5 %indvar_flatten222_load, i5 1" [../denoiser_c_to_hls/denoiser.cpp:125]   --->   Operation 153 'add' 'add_ln125_1' <Predicate = (!icmp_ln123)> <Delay = 0.78> <CoreInst = "Adder">   --->   Core 1 'Adder' <Latency = 0> <II = 1> <Delay = 0.78> <FuncUnit> <Opcode : 'add' 'sub'> <InPorts = 2> <OutPorts = 1>
ST_1 : Operation 154 [1/1] (0.41ns)   --->   "%select_ln125_4 = select i1 %icmp_ln125, i5 1, i5 %add_ln125_1" [../denoiser_c_to_hls/denoiser.cpp:125]   --->   Operation 154 'select' 'select_ln125_4' <Predicate = (!icmp_ln123)> <Delay = 0.41> <CoreInst = "Sel">   --->   Core 73 'Sel' <Latency = 0> <II = 1> <Delay = 0.41> <FuncUnit> <Opcode : 'select'> <InPorts = 3> <OutPorts = 1>
ST_1 : Operation 155 [1/1] (0.42ns)   --->   "%store_ln127 = store i6 %add_ln123_2, i6 %indvar_flatten282" [../denoiser_c_to_hls/denoiser.cpp:127]   --->   Operation 155 'store' 'store_ln127' <Predicate = (!icmp_ln123)> <Delay = 0.42>
ST_1 : Operation 156 [1/1] (0.42ns)   --->   "%store_ln127 = store i2 %select_ln123_7, i2 %i" [../denoiser_c_to_hls/denoiser.cpp:127]   --->   Operation 156 'store' 'store_ln127' <Predicate = (!icmp_ln123)> <Delay = 0.42>
ST_1 : Operation 157 [1/1] (0.42ns)   --->   "%store_ln127 = store i5 %select_ln125_4, i5 %indvar_flatten222" [../denoiser_c_to_hls/denoiser.cpp:127]   --->   Operation 157 'store' 'store_ln127' <Predicate = (!icmp_ln123)> <Delay = 0.42>
ST_1 : Operation 158 [1/1] (0.42ns)   --->   "%store_ln127 = store i2 %select_ln125_1, i2 %j" [../denoiser_c_to_hls/denoiser.cpp:127]   --->   Operation 158 'store' 'store_ln127' <Predicate = (!icmp_ln123)> <Delay = 0.42>
ST_1 : Operation 159 [1/1] (0.42ns)   --->   "%store_ln127 = store i4 %add_ln127, i4 %k" [../denoiser_c_to_hls/denoiser.cpp:127]   --->   Operation 159 'store' 'store_ln127' <Predicate = (!icmp_ln123)> <Delay = 0.42>

State 2 <SV = 1> <Delay = 2.59>
ST_2 : Operation 160 [1/2] (1.23ns)   --->   "%val_V = load i14 %d_addr" [../denoiser_c_to_hls/denoiser.cpp:132]   --->   Operation 160 'load' 'val_V' <Predicate = (!icmp_ln123)> <Delay = 1.23> <CoreInst = "RAM">   --->   Core 83 'RAM' <Latency = 1> <II = 1> <Delay = 1.23> <Storage> <Opcode : 'load' 'store'> <Ports = 2> <Width = 16> <Depth = 12544> <RAM>
ST_2 : Operation 161 [1/1] (0.35ns)   --->   "%val_V_15 = select i1 %select_ln125_2, i16 0, i16 %val_V" [../denoiser_c_to_hls/denoiser.cpp:125]   --->   Operation 161 'select' 'val_V_15' <Predicate = (!icmp_ln123)> <Delay = 0.35> <CoreInst = "Sel">   --->   Core 73 'Sel' <Latency = 0> <II = 1> <Delay = 0.35> <FuncUnit> <Opcode : 'select'> <InPorts = 3> <OutPorts = 1>
ST_2 : Operation 162 [1/1] (0.00ns)   --->   "%sext_ln1347 = sext i16 %val_V_15"   --->   Operation 162 'sext' 'sext_ln1347' <Predicate = (!icmp_ln123)> <Delay = 0.00>
ST_2 : Operation 163 [1/2] (1.23ns)   --->   "%conv3_kernel_V_load = load i9 %conv3_kernel_V_addr"   --->   Operation 163 'load' 'conv3_kernel_V_load' <Predicate = (!icmp_ln123)> <Delay = 1.23> <CoreInst = "ROM">   --->   Core 101 'ROM' <Latency = 1> <II = 1> <Delay = 1.23> <Storage> <Opcode : 'load'> <Ports = 0> <Width = 12> <Depth = 288> <ROM>
ST_2 : Operation 164 [1/1] (0.00ns)   --->   "%sext_ln1347_4 = sext i12 %conv3_kernel_V_load"   --->   Operation 164 'sext' 'sext_ln1347_4' <Predicate = (!icmp_ln123)> <Delay = 0.00>
ST_2 : Operation 165 [3/3] (0.99ns) (grouped into DSP with root node ret_V)   --->   "%mul_ln1347 = mul i26 %sext_ln1347_4, i26 %sext_ln1347"   --->   Operation 165 'mul' 'mul_ln1347' <Predicate = (!icmp_ln123)> <Delay = 0.99> <CoreInst = "DSP48">   --->   Core 127 'DSP48' <Latency = 3> <II = 1> <Delay = 0.53> <IPBlock> <Opcode : 'mul' 'add' 'sub' 'select'> <InPorts = 0> <OutPorts = 1> <Sync> <CReg>
ST_2 : Operation 166 [1/2] (1.23ns)   --->   "%val_V_13 = load i14 %d_addr_2" [../denoiser_c_to_hls/denoiser.cpp:132]   --->   Operation 166 'load' 'val_V_13' <Predicate = (!icmp_ln123)> <Delay = 1.23> <CoreInst = "RAM">   --->   Core 83 'RAM' <Latency = 1> <II = 1> <Delay = 1.23> <Storage> <Opcode : 'load' 'store'> <Ports = 2> <Width = 16> <Depth = 12544> <RAM>
ST_2 : Operation 167 [1/1] (0.35ns)   --->   "%val_V_16 = select i1 %select_ln125_2, i16 0, i16 %val_V_13" [../denoiser_c_to_hls/denoiser.cpp:125]   --->   Operation 167 'select' 'val_V_16' <Predicate = (!icmp_ln123)> <Delay = 0.35> <CoreInst = "Sel">   --->   Core 73 'Sel' <Latency = 0> <II = 1> <Delay = 0.35> <FuncUnit> <Opcode : 'select'> <InPorts = 3> <OutPorts = 1>
ST_2 : Operation 168 [1/1] (0.00ns)   --->   "%zext_ln1271_3 = zext i9 %add_ln133_4"   --->   Operation 168 'zext' 'zext_ln1271_3' <Predicate = (!icmp_ln123)> <Delay = 0.00>
ST_2 : Operation 169 [1/1] (0.00ns)   --->   "%conv3_kernel_V_addr_1 = getelementptr i12 %conv3_kernel_V, i64 0, i64 %zext_ln1271_3"   --->   Operation 169 'getelementptr' 'conv3_kernel_V_addr_1' <Predicate = (!icmp_ln123)> <Delay = 0.00>
ST_2 : Operation 170 [2/2] (1.23ns)   --->   "%conv3_kernel_V_load_1 = load i9 %conv3_kernel_V_addr_1"   --->   Operation 170 'load' 'conv3_kernel_V_load_1' <Predicate = (!icmp_ln123)> <Delay = 1.23> <CoreInst = "ROM">   --->   Core 101 'ROM' <Latency = 1> <II = 1> <Delay = 1.23> <Storage> <Opcode : 'load'> <Ports = 0> <Width = 12> <Depth = 288> <ROM>

State 3 <SV = 2> <Delay = 2.23>
ST_3 : Operation 171 [2/3] (0.99ns) (grouped into DSP with root node ret_V)   --->   "%mul_ln1347 = mul i26 %sext_ln1347_4, i26 %sext_ln1347"   --->   Operation 171 'mul' 'mul_ln1347' <Predicate = true> <Delay = 0.99> <CoreInst = "DSP48">   --->   Core 127 'DSP48' <Latency = 3> <II = 1> <Delay = 0.53> <IPBlock> <Opcode : 'mul' 'add' 'sub' 'select'> <InPorts = 0> <OutPorts = 1> <Sync> <CReg>
ST_3 : Operation 172 [1/1] (0.00ns)   --->   "%sext_ln1347_5 = sext i16 %val_V_16"   --->   Operation 172 'sext' 'sext_ln1347_5' <Predicate = true> <Delay = 0.00>
ST_3 : Operation 173 [1/2] (1.23ns)   --->   "%conv3_kernel_V_load_1 = load i9 %conv3_kernel_V_addr_1"   --->   Operation 173 'load' 'conv3_kernel_V_load_1' <Predicate = true> <Delay = 1.23> <CoreInst = "ROM">   --->   Core 101 'ROM' <Latency = 1> <II = 1> <Delay = 1.23> <Storage> <Opcode : 'load'> <Ports = 0> <Width = 12> <Depth = 288> <ROM>
ST_3 : Operation 174 [1/1] (0.00ns)   --->   "%sext_ln1347_6 = sext i12 %conv3_kernel_V_load_1"   --->   Operation 174 'sext' 'sext_ln1347_6' <Predicate = true> <Delay = 0.00>
ST_3 : Operation 175 [3/3] (0.99ns) (grouped into DSP with root node ret_V_3)   --->   "%mul_ln1347_2 = mul i26 %sext_ln1347_6, i26 %sext_ln1347_5"   --->   Operation 175 'mul' 'mul_ln1347_2' <Predicate = true> <Delay = 0.99> <CoreInst = "DSP48">   --->   Core 127 'DSP48' <Latency = 3> <II = 1> <Delay = 0.53> <IPBlock> <Opcode : 'mul' 'add' 'sub' 'select'> <InPorts = 0> <OutPorts = 1> <Sync> <CReg>

State 4 <SV = 3> <Delay = 0.99>
ST_4 : Operation 176 [1/1] (0.00ns)   --->   "%lhs_load_3 = load i16 %lhs"   --->   Operation 176 'load' 'lhs_load_3' <Predicate = true> <Delay = 0.00>
ST_4 : Operation 177 [1/3] (0.00ns) (grouped into DSP with root node ret_V)   --->   "%mul_ln1347 = mul i26 %sext_ln1347_4, i26 %sext_ln1347"   --->   Operation 177 'mul' 'mul_ln1347' <Predicate = true> <Delay = 0.00> <CoreInst = "DSP48">   --->   Core 127 'DSP48' <Latency = 3> <II = 1> <Delay = 0.53> <IPBlock> <Opcode : 'mul' 'add' 'sub' 'select'> <InPorts = 0> <OutPorts = 1> <Sync> <CReg>
ST_4 : Operation 178 [1/1] (0.00ns)   --->   "%lhs_6 = bitconcatenate i26 @_ssdm_op_BitConcatenate.i26.i16.i10, i16 %lhs_load_3, i10 0"   --->   Operation 178 'bitconcatenate' 'lhs_6' <Predicate = true> <Delay = 0.00>
ST_4 : Operation 179 [2/2] (0.64ns) (root node of the DSP)   --->   "%ret_V = add i26 %lhs_6, i26 %mul_ln1347"   --->   Operation 179 'add' 'ret_V' <Predicate = true> <Delay = 0.64> <CoreInst = "DSP48">   --->   Core 127 'DSP48' <Latency = 3> <II = 1> <Delay = 0.53> <IPBlock> <Opcode : 'mul' 'add' 'sub' 'select'> <InPorts = 0> <OutPorts = 1> <Sync> <CReg>
ST_4 : Operation 180 [2/3] (0.99ns) (grouped into DSP with root node ret_V_3)   --->   "%mul_ln1347_2 = mul i26 %sext_ln1347_6, i26 %sext_ln1347_5"   --->   Operation 180 'mul' 'mul_ln1347_2' <Predicate = true> <Delay = 0.99> <CoreInst = "DSP48">   --->   Core 127 'DSP48' <Latency = 3> <II = 1> <Delay = 0.53> <IPBlock> <Opcode : 'mul' 'add' 'sub' 'select'> <InPorts = 0> <OutPorts = 1> <Sync> <CReg>
ST_4 : Operation 196 [1/1] (0.00ns)   --->   "%lhs_load = load i16 %lhs"   --->   Operation 196 'load' 'lhs_load' <Predicate = (icmp_ln123)> <Delay = 0.00>
ST_4 : Operation 197 [1/1] (0.00ns)   --->   "%write_ln0 = write void @_ssdm_op_Write.ap_auto.i16P0A, i16 %s_V_16_out, i16 %lhs_load"   --->   Operation 197 'write' 'write_ln0' <Predicate = (icmp_ln123)> <Delay = 0.00>
ST_4 : Operation 198 [1/1] (0.00ns)   --->   "%ret_ln0 = ret"   --->   Operation 198 'ret' 'ret_ln0' <Predicate = (icmp_ln123)> <Delay = 0.00>

State 5 <SV = 4> <Delay = 1.29>
ST_5 : Operation 181 [1/2] (0.64ns) (root node of the DSP)   --->   "%ret_V = add i26 %lhs_6, i26 %mul_ln1347"   --->   Operation 181 'add' 'ret_V' <Predicate = true> <Delay = 0.64> <CoreInst = "DSP48">   --->   Core 127 'DSP48' <Latency = 3> <II = 1> <Delay = 0.53> <IPBlock> <Opcode : 'mul' 'add' 'sub' 'select'> <InPorts = 0> <OutPorts = 1> <Sync> <CReg>
ST_5 : Operation 182 [1/3] (0.00ns) (grouped into DSP with root node ret_V_3)   --->   "%mul_ln1347_2 = mul i26 %sext_ln1347_6, i26 %sext_ln1347_5"   --->   Operation 182 'mul' 'mul_ln1347_2' <Predicate = true> <Delay = 0.00> <CoreInst = "DSP48">   --->   Core 127 'DSP48' <Latency = 3> <II = 1> <Delay = 0.53> <IPBlock> <Opcode : 'mul' 'add' 'sub' 'select'> <InPorts = 0> <OutPorts = 1> <Sync> <CReg>
ST_5 : Operation 183 [1/1] (0.00ns)   --->   "%tmp_9 = partselect i16 @_ssdm_op_PartSelect.i16.i26.i32.i32, i26 %ret_V, i32 10, i32 25"   --->   Operation 183 'partselect' 'tmp_9' <Predicate = true> <Delay = 0.00>
ST_5 : Operation 184 [1/1] (0.00ns)   --->   "%lhs_7 = bitconcatenate i26 @_ssdm_op_BitConcatenate.i26.i16.i10, i16 %tmp_9, i10 0"   --->   Operation 184 'bitconcatenate' 'lhs_7' <Predicate = true> <Delay = 0.00>
ST_5 : Operation 185 [2/2] (0.64ns) (root node of the DSP)   --->   "%ret_V_3 = add i26 %lhs_7, i26 %mul_ln1347_2"   --->   Operation 185 'add' 'ret_V_3' <Predicate = true> <Delay = 0.64> <CoreInst = "DSP48">   --->   Core 127 'DSP48' <Latency = 3> <II = 1> <Delay = 0.53> <IPBlock> <Opcode : 'mul' 'add' 'sub' 'select'> <InPorts = 0> <OutPorts = 1> <Sync> <CReg>

State 6 <SV = 5> <Delay = 1.07>
ST_6 : Operation 186 [1/1] (0.00ns)   --->   "%specloopname_ln0 = specloopname void @_ssdm_op_SpecLoopName, void @loop_kh_3_loop_kw_3_loop_ic_3_str"   --->   Operation 186 'specloopname' 'specloopname_ln0' <Predicate = true> <Delay = 0.00>
ST_6 : Operation 187 [1/1] (0.00ns)   --->   "%empty_73 = speclooptripcount i32 @_ssdm_op_SpecLoopTripCount, i64 36, i64 36, i64 36"   --->   Operation 187 'speclooptripcount' 'empty_73' <Predicate = true> <Delay = 0.00>
ST_6 : Operation 188 [1/1] (0.00ns)   --->   "%specpipeline_ln0 = specpipeline void @_ssdm_op_SpecPipeline, i32 4294967295, i32 0, i32 1, i32 0, void @p_str"   --->   Operation 188 'specpipeline' 'specpipeline_ln0' <Predicate = true> <Delay = 0.00>
ST_6 : Operation 189 [1/1] (0.00ns)   --->   "%specloopname_ln0 = specloopname void @_ssdm_op_SpecLoopName, void @loop_kw_3_loop_ic_3_str"   --->   Operation 189 'specloopname' 'specloopname_ln0' <Predicate = true> <Delay = 0.00>
ST_6 : Operation 190 [1/1] (0.00ns)   --->   "%specpipeline_ln0 = specpipeline void @_ssdm_op_SpecPipeline, i32 4294967295, i32 0, i32 1, i32 0, void @p_str"   --->   Operation 190 'specpipeline' 'specpipeline_ln0' <Predicate = true> <Delay = 0.00>
ST_6 : Operation 191 [1/1] (0.00ns)   --->   "%specloopname_ln121 = specloopname void @_ssdm_op_SpecLoopName, void @empty_11" [../denoiser_c_to_hls/denoiser.cpp:121]   --->   Operation 191 'specloopname' 'specloopname_ln121' <Predicate = true> <Delay = 0.00>
ST_6 : Operation 192 [1/2] (0.64ns) (root node of the DSP)   --->   "%ret_V_3 = add i26 %lhs_7, i26 %mul_ln1347_2"   --->   Operation 192 'add' 'ret_V_3' <Predicate = true> <Delay = 0.64> <CoreInst = "DSP48">   --->   Core 127 'DSP48' <Latency = 3> <II = 1> <Delay = 0.53> <IPBlock> <Opcode : 'mul' 'add' 'sub' 'select'> <InPorts = 0> <OutPorts = 1> <Sync> <CReg>
ST_6 : Operation 193 [1/1] (0.00ns)   --->   "%s_V = partselect i16 @_ssdm_op_PartSelect.i16.i26.i32.i32, i26 %ret_V_3, i32 10, i32 25"   --->   Operation 193 'partselect' 's_V' <Predicate = true> <Delay = 0.00>
ST_6 : Operation 194 [1/1] (0.42ns)   --->   "%store_ln127 = store i16 %s_V, i16 %lhs" [../denoiser_c_to_hls/denoiser.cpp:127]   --->   Operation 194 'store' 'store_ln127' <Predicate = true> <Delay = 0.42>
ST_6 : Operation 195 [1/1] (0.00ns)   --->   "%br_ln127 = br void %for.body21.i428" [../denoiser_c_to_hls/denoiser.cpp:127]   --->   Operation 195 'br' 'br_ln127' <Predicate = true> <Delay = 0.00>


============================================================
+ Verbose Summary: Binding
============================================================
STG Binding: 
---------------- STG Properties BEGIN ----------------
- Is combinational: 0
- Is one-state seq: 0
- Is datapath-only: 0
- Is pipelined: 0
- Is top level: 0
Port [ Return ] is wired: 1; IO mode=ap_ctrl_hs:ce=0
Port [ select_ln115_2]:  wired=1; compound=0; hidden=0; nouse=0; global=0; static=0; extern=0; dir=0; type=0; pingpong=0; private_global=0; IO mode=ap_none:ce=0
Port [ select_ln117_2]:  wired=1; compound=0; hidden=0; nouse=0; global=0; static=0; extern=0; dir=0; type=0; pingpong=0; private_global=0; IO mode=ap_none:ce=0
Port [ select_ln117]:  wired=1; compound=0; hidden=0; nouse=0; global=0; static=0; extern=0; dir=0; type=0; pingpong=0; private_global=0; IO mode=ap_none:ce=0
Port [ zext_ln115]:  wired=1; compound=0; hidden=0; nouse=0; global=0; static=0; extern=0; dir=0; type=0; pingpong=0; private_global=0; IO mode=ap_none:ce=0
Port [ cmp27_i431_not_mid1258]:  wired=1; compound=0; hidden=0; nouse=0; global=0; static=0; extern=0; dir=0; type=0; pingpong=0; private_global=0; IO mode=ap_none:ce=0
Port [ cmp29_i433_not_mid1260]:  wired=1; compound=0; hidden=0; nouse=0; global=0; static=0; extern=0; dir=0; type=0; pingpong=0; private_global=0; IO mode=ap_none:ce=0
Port [ zext_ln132_3]:  wired=1; compound=0; hidden=0; nouse=0; global=0; static=0; extern=0; dir=0; type=0; pingpong=0; private_global=0; IO mode=ap_none:ce=0
Port [ d]:  wired=1; compound=1; hidden=0; nouse=0; global=0; static=0; extern=0; dir=0; type=1; pingpong=0; private_global=0; MemPort=[11]; IO mode=ap_memory:ce=0
Port [ s_V_16_out]:  wired=1; compound=0; hidden=0; nouse=0; global=0; static=0; extern=0; dir=1; type=0; pingpong=0; private_global=0; IO mode=ap_vld:ce=0
Port [ conv3_kernel_V]:  wired=0; compound=1; hidden=1; nouse=0; global=1; static=1; extern=0; dir=0; type=1; pingpong=0; private_global=1; MemPort=[1]; IO mode=ap_memory:ce=0
---------------- STG Properties END ------------------

---------------- Datapath Model BEGIN ----------------

<LifeTime>
<method=bitvector/>
lhs                         (alloca                ) [ 0111111]
k                           (alloca                ) [ 0100000]
j                           (alloca                ) [ 0100000]
indvar_flatten222           (alloca                ) [ 0100000]
i                           (alloca                ) [ 0100000]
indvar_flatten282           (alloca                ) [ 0100000]
specbramwithbyteenable_ln0  (specbramwithbyteenable) [ 0000000]
zext_ln132_3_read           (read                  ) [ 0000000]
cmp29_i433_not_mid1260_read (read                  ) [ 0000000]
cmp27_i431_not_mid1258_read (read                  ) [ 0000000]
zext_ln115_read             (read                  ) [ 0000000]
select_ln117_read           (read                  ) [ 0000000]
select_ln117_2_read         (read                  ) [ 0000000]
select_ln115_2_read         (read                  ) [ 0000000]
zext_ln132_3_cast           (sext                  ) [ 0000000]
zext_ln132_3_cast_cast      (zext                  ) [ 0000000]
zext_ln115_cast             (zext                  ) [ 0000000]
store_ln0                   (store                 ) [ 0000000]
store_ln0                   (store                 ) [ 0000000]
store_ln0                   (store                 ) [ 0000000]
store_ln0                   (store                 ) [ 0000000]
store_ln0                   (store                 ) [ 0000000]
store_ln0                   (store                 ) [ 0000000]
br_ln0                      (br                    ) [ 0000000]
j_3                         (load                  ) [ 0000000]
i_2                         (load                  ) [ 0000000]
indvar_flatten282_load      (load                  ) [ 0000000]
zext_ln123                  (zext                  ) [ 0000000]
empty                       (add                   ) [ 0000000]
p_cast119                   (zext                  ) [ 0000000]
empty_69                    (add                   ) [ 0000000]
p_shl1                      (bitconcatenate        ) [ 0000000]
p_shl26_cast                (zext                  ) [ 0000000]
empty_70                    (sub                   ) [ 0000000]
cmp24_i427_not              (icmp                  ) [ 0000000]
cmp25_i429_not              (icmp                  ) [ 0000000]
shl_ln132_1                 (bitconcatenate        ) [ 0000000]
shl_ln132_2                 (bitconcatenate        ) [ 0000000]
sext_ln132                  (sext                  ) [ 0000000]
sub_ln132                   (sub                   ) [ 0000000]
zext_ln125                  (zext                  ) [ 0000000]
empty_71                    (add                   ) [ 0000000]
p_cast127                   (zext                  ) [ 0000000]
empty_72                    (add                   ) [ 0000000]
cmp27_i431_not              (icmp                  ) [ 0000000]
cmp29_i433_not              (icmp                  ) [ 0000000]
tmp28                       (or                    ) [ 0000000]
tmp29                       (or                    ) [ 0000000]
brmerge88                   (or                    ) [ 0000000]
shl_ln3                     (bitconcatenate        ) [ 0000000]
sext_ln132_1                (sext                  ) [ 0000000]
add_ln132                   (add                   ) [ 0000000]
sext_ln132_2                (sext                  ) [ 0000000]
zext_ln132_2                (zext                  ) [ 0000000]
add_ln132_1                 (add                   ) [ 0000000]
specpipeline_ln0            (specpipeline          ) [ 0000000]
icmp_ln123                  (icmp                  ) [ 0111100]
add_ln123_2                 (add                   ) [ 0000000]
br_ln123                    (br                    ) [ 0000000]
k_load                      (load                  ) [ 0000000]
indvar_flatten222_load      (load                  ) [ 0000000]
add_ln123                   (add                   ) [ 0000000]
icmp_ln125                  (icmp                  ) [ 0000000]
select_ln123                (select                ) [ 0000000]
select_ln123_1              (select                ) [ 0000000]
zext_ln123_1                (zext                  ) [ 0000000]
p_mid1240                   (add                   ) [ 0000000]
p_cast119_mid1              (zext                  ) [ 0000000]
p_mid1242                   (add                   ) [ 0000000]
p_shl26_mid1                (bitconcatenate        ) [ 0000000]
p_shl26_cast_mid1           (zext                  ) [ 0000000]
p_mid1244                   (sub                   ) [ 0000000]
cmp24_i427_not_mid1         (icmp                  ) [ 0000000]
select_ln123_2              (select                ) [ 0000000]
cmp25_i429_not_mid1         (icmp                  ) [ 0000000]
select_ln123_3              (select                ) [ 0000000]
shl_ln132_1_mid1            (bitconcatenate        ) [ 0000000]
shl_ln132_2_mid1            (bitconcatenate        ) [ 0000000]
sext_ln132_3                (sext                  ) [ 0000000]
sub_ln132_1                 (sub                   ) [ 0000000]
select_ln123_4              (select                ) [ 0000000]
select_ln123_5              (select                ) [ 0000000]
sext_ln123                  (sext                  ) [ 0000000]
add_ln123_1                 (add                   ) [ 0000000]
tmp28_mid1262               (or                    ) [ 0000000]
tmp29_mid1264               (or                    ) [ 0000000]
brmerge88_mid1266           (or                    ) [ 0000000]
select_ln123_6              (select                ) [ 0000000]
add_ln132_2                 (add                   ) [ 0000000]
tmp                         (bitselect             ) [ 0000000]
xor_ln127                   (xor                   ) [ 0000000]
or_ln123                    (or                    ) [ 0000000]
select_ln123_7              (select                ) [ 0000000]
add_ln125                   (add                   ) [ 0000000]
select_ln125                (select                ) [ 0000000]
select_ln125_1              (select                ) [ 0000000]
zext_ln125_1                (zext                  ) [ 0000000]
zext_ln125_2                (zext                  ) [ 0000000]
p_mid1218                   (add                   ) [ 0000000]
p_cast127_mid1              (zext                  ) [ 0000000]
p_mid1220                   (add                   ) [ 0000000]
cmp27_i431_not_mid1         (icmp                  ) [ 0000000]
cmp29_i433_not_mid1         (icmp                  ) [ 0000000]
tmp28_mid1                  (or                    ) [ 0000000]
tmp29_mid1                  (or                    ) [ 0000000]
brmerge88_mid1              (or                    ) [ 0000000]
select_ln125_2              (select                ) [ 0010000]
shl_ln132_mid1              (bitconcatenate        ) [ 0000000]
sext_ln132_4                (sext                  ) [ 0000000]
add_ln132_3                 (add                   ) [ 0000000]
sext_ln132_5                (sext                  ) [ 0000000]
zext_ln132_4                (zext                  ) [ 0000000]
add_ln132_4                 (add                   ) [ 0000000]
trunc_ln132                 (trunc                 ) [ 0000000]
shl_ln132                   (shl                   ) [ 0000000]
tmp_s                       (partselect            ) [ 0000000]
tmp_5                       (partselect            ) [ 0000000]
select_ln123_8              (select                ) [ 0000000]
tmp_6                       (partselect            ) [ 0000000]
select_ln125_3              (select                ) [ 0000000]
lshr_ln5                    (bitconcatenate        ) [ 0000000]
zext_ln132                  (zext                  ) [ 0000000]
d_addr                      (getelementptr         ) [ 0010000]
tmp_7                       (partselect            ) [ 0000000]
add_ln133_7                 (bitconcatenate        ) [ 0000000]
zext_ln133                  (zext                  ) [ 0000000]
add_ln133                   (add                   ) [ 0000000]
zext_ln133_1                (zext                  ) [ 0000000]
add_ln133_1                 (add                   ) [ 0000000]
zext_ln1271                 (zext                  ) [ 0000000]
conv3_kernel_V_addr         (getelementptr         ) [ 0010000]
or_ln132                    (or                    ) [ 0000000]
tmp_8                       (partselect            ) [ 0000000]
lshr_ln132_1                (bitconcatenate        ) [ 0000000]
zext_ln132_1                (zext                  ) [ 0000000]
d_addr_2                    (getelementptr         ) [ 0010000]
add_ln133_2                 (add                   ) [ 0000000]
add_ln133_3                 (add                   ) [ 0000000]
zext_ln133_2                (zext                  ) [ 0000000]
add_ln133_4                 (add                   ) [ 0010000]
add_ln127                   (add                   ) [ 0000000]
add_ln125_1                 (add                   ) [ 0000000]
select_ln125_4              (select                ) [ 0000000]
store_ln127                 (store                 ) [ 0000000]
store_ln127                 (store                 ) [ 0000000]
store_ln127                 (store                 ) [ 0000000]
store_ln127                 (store                 ) [ 0000000]
store_ln127                 (store                 ) [ 0000000]
val_V                       (load                  ) [ 0000000]
val_V_15                    (select                ) [ 0000000]
sext_ln1347                 (sext                  ) [ 0111100]
conv3_kernel_V_load         (load                  ) [ 0000000]
sext_ln1347_4               (sext                  ) [ 0111100]
val_V_13                    (load                  ) [ 0000000]
val_V_16                    (select                ) [ 0101000]
zext_ln1271_3               (zext                  ) [ 0000000]
conv3_kernel_V_addr_1       (getelementptr         ) [ 0101000]
sext_ln1347_5               (sext                  ) [ 0110110]
conv3_kernel_V_load_1       (load                  ) [ 0000000]
sext_ln1347_6               (sext                  ) [ 0110110]
lhs_load_3                  (load                  ) [ 0000000]
mul_ln1347                  (mul                   ) [ 0100010]
lhs_6                       (bitconcatenate        ) [ 0100010]
ret_V                       (add                   ) [ 0000000]
mul_ln1347_2                (mul                   ) [ 0010001]
tmp_9                       (partselect            ) [ 0000000]
lhs_7                       (bitconcatenate        ) [ 0010001]
specloopname_ln0            (specloopname          ) [ 0000000]
empty_73                    (speclooptripcount     ) [ 0000000]
specpipeline_ln0            (specpipeline          ) [ 0000000]
specloopname_ln0            (specloopname          ) [ 0000000]
specpipeline_ln0            (specpipeline          ) [ 0000000]
specloopname_ln121          (specloopname          ) [ 0000000]
ret_V_3                     (add                   ) [ 0000000]
s_V                         (partselect            ) [ 0000000]
store_ln127                 (store                 ) [ 0000000]
br_ln127                    (br                    ) [ 0000000]
lhs_load                    (load                  ) [ 0000000]
write_ln0                   (write                 ) [ 0000000]
ret_ln0                     (ret                   ) [ 0000000]
</LifeTime>

<model>

<comp_list>
<comp id="0" class="1000" name="select_ln115_2">
<pin_list>
<pin id="1" dir="1" index="0" bw="1" slack="0"/>
</pin_list>
<bind>
<StgValue><ssdm name="select_ln115_2"/></StgValue>
</bind>
</comp>

<comp id="2" class="1000" name="select_ln117_2">
<pin_list>
<pin id="3" dir="1" index="0" bw="1" slack="0"/>
</pin_list>
<bind>
<StgValue><ssdm name="select_ln117_2"/></StgValue>
</bind>
</comp>

<comp id="4" class="1000" name="select_ln117">
<pin_list>
<pin id="5" dir="1" index="0" bw="1" slack="0"/>
</pin_list>
<bind>
<StgValue><ssdm name="select_ln117"/></StgValue>
</bind>
</comp>

<comp id="6" class="1000" name="zext_ln115">
<pin_list>
<pin id="7" dir="1" index="0" bw="1" slack="0"/>
</pin_list>
<bind>
<StgValue><ssdm name="zext_ln115"/></StgValue>
</bind>
</comp>

<comp id="8" class="1000" name="cmp27_i431_not_mid1258">
<pin_list>
<pin id="9" dir="1" index="0" bw="1" slack="0"/>
</pin_list>
<bind>
<StgValue><ssdm name="cmp27_i431_not_mid1258"/></StgValue>
</bind>
</comp>

<comp id="10" class="1000" name="cmp29_i433_not_mid1260">
<pin_list>
<pin id="11" dir="1" index="0" bw="1" slack="0"/>
</pin_list>
<bind>
<StgValue><ssdm name="cmp29_i433_not_mid1260"/></StgValue>
</bind>
</comp>

<comp id="12" class="1000" name="zext_ln132_3">
<pin_list>
<pin id="13" dir="1" index="0" bw="1" slack="0"/>
</pin_list>
<bind>
<StgValue><ssdm name="zext_ln132_3"/></StgValue>
</bind>
</comp>

<comp id="14" class="1000" name="d">
<pin_list>
<pin id="15" dir="1" index="0" bw="1" slack="0"/>
</pin_list>
<bind>
<StgValue><ssdm name="d"/><MemPortTyVec>1 1 </MemPortTyVec>
</StgValue>
</bind>
</comp>

<comp id="16" class="1000" name="s_V_16_out">
<pin_list>
<pin id="17" dir="1" index="0" bw="1" slack="0"/>
</pin_list>
<bind>
<StgValue><ssdm name="s_V_16_out"/></StgValue>
</bind>
</comp>

<comp id="18" class="1000" name="conv3_kernel_V">
<pin_list>
<pin id="19" dir="1" index="0" bw="1" slack="0"/>
</pin_list>
<bind>
<StgValue><ssdm name="conv3_kernel_V"/><MemPortTyVec>1 </MemPortTyVec>
</StgValue>
</bind>
</comp>

<comp id="20" class="1001" name="const_20">
<pin_list>
<pin id="21" dir="1" index="0" bw="1" slack="0"/>
</pin_list>
<bind>
<StgValue><ssdm name=""/></StgValue>
</bind>
</comp>

<comp id="22" class="1001" name="const_22">
<pin_list>
<pin id="23" dir="1" index="0" bw="1" slack="2147483647"/>
</pin_list>
<bind>
<StgValue><ssdm name="_ssdm_op_SpecBRAMWithByteEnable"/></StgValue>
</bind>
</comp>

<comp id="24" class="1001" name="const_24">
<pin_list>
<pin id="25" dir="1" index="0" bw="1" slack="0"/>
</pin_list>
<bind>
<StgValue><ssdm name="_ssdm_op_Read.ap_auto.i13"/></StgValue>
</bind>
</comp>

<comp id="26" class="1001" name="const_26">
<pin_list>
<pin id="27" dir="1" index="0" bw="1" slack="0"/>
</pin_list>
<bind>
<StgValue><ssdm name="_ssdm_op_Read.ap_auto.i1"/></StgValue>
</bind>
</comp>

<comp id="28" class="1001" name="const_28">
<pin_list>
<pin id="29" dir="1" index="0" bw="1" slack="0"/>
</pin_list>
<bind>
<StgValue><ssdm name="_ssdm_op_Read.ap_auto.i8"/></StgValue>
</bind>
</comp>

<comp id="30" class="1001" name="const_30">
<pin_list>
<pin id="31" dir="1" index="0" bw="1" slack="0"/>
</pin_list>
<bind>
<StgValue><ssdm name="_ssdm_op_Read.ap_auto.i5"/></StgValue>
</bind>
</comp>

<comp id="32" class="1001" name="const_32">
<pin_list>
<pin id="33" dir="1" index="0" bw="1" slack="0"/>
</pin_list>
<bind>
<StgValue><ssdm name="_ssdm_op_Read.ap_auto.i16"/></StgValue>
</bind>
</comp>

<comp id="34" class="1001" name="const_34">
<pin_list>
<pin id="35" dir="1" index="0" bw="1" slack="0"/>
</pin_list>
<bind>
<StgValue><ssdm name=""/></StgValue>
</bind>
</comp>

<comp id="36" class="1001" name="const_36">
<pin_list>
<pin id="37" dir="1" index="0" bw="1" slack="0"/>
</pin_list>
<bind>
<StgValue><ssdm name=""/></StgValue>
</bind>
</comp>

<comp id="38" class="1001" name="const_38">
<pin_list>
<pin id="39" dir="1" index="0" bw="1" slack="0"/>
</pin_list>
<bind>
<StgValue><ssdm name=""/></StgValue>
</bind>
</comp>

<comp id="40" class="1001" name="const_40">
<pin_list>
<pin id="41" dir="1" index="0" bw="1" slack="0"/>
</pin_list>
<bind>
<StgValue><ssdm name=""/></StgValue>
</bind>
</comp>

<comp id="42" class="1001" name="const_42">
<pin_list>
<pin id="43" dir="1" index="0" bw="1" slack="0"/>
</pin_list>
<bind>
<StgValue><ssdm name=""/></StgValue>
</bind>
</comp>

<comp id="44" class="1001" name="const_44">
<pin_list>
<pin id="45" dir="1" index="0" bw="1" slack="0"/>
</pin_list>
<bind>
<StgValue><ssdm name="_ssdm_op_BitConcatenate.i4.i2.i2"/></StgValue>
</bind>
</comp>

<comp id="46" class="1001" name="const_46">
<pin_list>
<pin id="47" dir="1" index="0" bw="1" slack="0"/>
</pin_list>
<bind>
<StgValue><ssdm name=""/></StgValue>
</bind>
</comp>

<comp id="48" class="1001" name="const_48">
<pin_list>
<pin id="49" dir="1" index="0" bw="1" slack="0"/>
</pin_list>
<bind>
<StgValue><ssdm name="_ssdm_op_BitConcatenate.i15.i6.i9"/></StgValue>
</bind>
</comp>

<comp id="50" class="1001" name="const_50">
<pin_list>
<pin id="51" dir="1" index="0" bw="1" slack="0"/>
</pin_list>
<bind>
<StgValue><ssdm name=""/></StgValue>
</bind>
</comp>

<comp id="52" class="1001" name="const_52">
<pin_list>
<pin id="53" dir="1" index="0" bw="1" slack="0"/>
</pin_list>
<bind>
<StgValue><ssdm name="_ssdm_op_BitConcatenate.i12.i6.i6"/></StgValue>
</bind>
</comp>

<comp id="54" class="1001" name="const_54">
<pin_list>
<pin id="55" dir="1" index="0" bw="1" slack="0"/>
</pin_list>
<bind>
<StgValue><ssdm name="_ssdm_op_BitConcatenate.i10.i6.i4"/></StgValue>
</bind>
</comp>

<comp id="56" class="1001" name="const_56">
<pin_list>
<pin id="57" dir="1" index="0" bw="1" slack="0"/>
</pin_list>
<bind>
<StgValue><ssdm name=""/></StgValue>
</bind>
</comp>

<comp id="58" class="1001" name="const_58">
<pin_list>
<pin id="59" dir="1" index="0" bw="1" slack="2147483647"/>
</pin_list>
<bind>
<StgValue><ssdm name="_ssdm_op_SpecPipeline"/></StgValue>
</bind>
</comp>

<comp id="60" class="1001" name="const_60">
<pin_list>
<pin id="61" dir="1" index="0" bw="1" slack="2147483647"/>
</pin_list>
<bind>
<StgValue><ssdm name=""/></StgValue>
</bind>
</comp>

<comp id="62" class="1001" name="const_62">
<pin_list>
<pin id="63" dir="1" index="0" bw="1" slack="2147483647"/>
</pin_list>
<bind>
<StgValue><ssdm name=""/></StgValue>
</bind>
</comp>

<comp id="64" class="1001" name="const_64">
<pin_list>
<pin id="65" dir="1" index="0" bw="1" slack="2147483647"/>
</pin_list>
<bind>
<StgValue><ssdm name="p_str"/></StgValue>
</bind>
</comp>

<comp id="66" class="1001" name="const_66">
<pin_list>
<pin id="67" dir="1" index="0" bw="1" slack="0"/>
</pin_list>
<bind>
<StgValue><ssdm name=""/></StgValue>
</bind>
</comp>

<comp id="68" class="1001" name="const_68">
<pin_list>
<pin id="69" dir="1" index="0" bw="1" slack="0"/>
</pin_list>
<bind>
<StgValue><ssdm name=""/></StgValue>
</bind>
</comp>

<comp id="70" class="1001" name="const_70">
<pin_list>
<pin id="71" dir="1" index="0" bw="1" slack="0"/>
</pin_list>
<bind>
<StgValue><ssdm name=""/></StgValue>
</bind>
</comp>

<comp id="72" class="1001" name="const_72">
<pin_list>
<pin id="73" dir="1" index="0" bw="1" slack="0"/>
</pin_list>
<bind>
<StgValue><ssdm name=""/></StgValue>
</bind>
</comp>

<comp id="74" class="1001" name="const_74">
<pin_list>
<pin id="75" dir="1" index="0" bw="1" slack="0"/>
</pin_list>
<bind>
<StgValue><ssdm name="_ssdm_op_BitSelect.i1.i4.i32"/></StgValue>
</bind>
</comp>

<comp id="76" class="1001" name="const_76">
<pin_list>
<pin id="77" dir="1" index="0" bw="1" slack="0"/>
</pin_list>
<bind>
<StgValue><ssdm name=""/></StgValue>
</bind>
</comp>

<comp id="78" class="1001" name="const_78">
<pin_list>
<pin id="79" dir="1" index="0" bw="1" slack="0"/>
</pin_list>
<bind>
<StgValue><ssdm name=""/></StgValue>
</bind>
</comp>

<comp id="80" class="1001" name="const_80">
<pin_list>
<pin id="81" dir="1" index="0" bw="1" slack="0"/>
</pin_list>
<bind>
<StgValue><ssdm name=""/></StgValue>
</bind>
</comp>

<comp id="82" class="1001" name="const_82">
<pin_list>
<pin id="83" dir="1" index="0" bw="1" slack="0"/>
</pin_list>
<bind>
<StgValue><ssdm name="_ssdm_op_PartSelect.i11.i15.i32.i32"/></StgValue>
</bind>
</comp>

<comp id="84" class="1001" name="const_84">
<pin_list>
<pin id="85" dir="1" index="0" bw="1" slack="0"/>
</pin_list>
<bind>
<StgValue><ssdm name=""/></StgValue>
</bind>
</comp>

<comp id="86" class="1001" name="const_86">
<pin_list>
<pin id="87" dir="1" index="0" bw="1" slack="0"/>
</pin_list>
<bind>
<StgValue><ssdm name=""/></StgValue>
</bind>
</comp>

<comp id="88" class="1001" name="const_88">
<pin_list>
<pin id="89" dir="1" index="0" bw="1" slack="0"/>
</pin_list>
<bind>
<StgValue><ssdm name="_ssdm_op_BitConcatenate.i14.i11.i3"/></StgValue>
</bind>
</comp>

<comp id="90" class="1001" name="const_90">
<pin_list>
<pin id="91" dir="1" index="0" bw="1" slack="0"/>
</pin_list>
<bind>
<StgValue><ssdm name=""/></StgValue>
</bind>
</comp>

<comp id="92" class="1001" name="const_92">
<pin_list>
<pin id="93" dir="1" index="0" bw="1" slack="0"/>
</pin_list>
<bind>
<StgValue><ssdm name="_ssdm_op_PartSelect.i2.i4.i32.i32"/></StgValue>
</bind>
</comp>

<comp id="94" class="1001" name="const_94">
<pin_list>
<pin id="95" dir="1" index="0" bw="1" slack="0"/>
</pin_list>
<bind>
<StgValue><ssdm name=""/></StgValue>
</bind>
</comp>

<comp id="96" class="1001" name="const_96">
<pin_list>
<pin id="97" dir="1" index="0" bw="1" slack="0"/>
</pin_list>
<bind>
<StgValue><ssdm name="_ssdm_op_BitConcatenate.i6.i2.i4"/></StgValue>
</bind>
</comp>

<comp id="98" class="1001" name="const_98">
<pin_list>
<pin id="99" dir="1" index="0" bw="1" slack="0"/>
</pin_list>
<bind>
<StgValue><ssdm name=""/></StgValue>
</bind>
</comp>

<comp id="100" class="1001" name="const_100">
<pin_list>
<pin id="101" dir="1" index="0" bw="1" slack="0"/>
</pin_list>
<bind>
<StgValue><ssdm name="_ssdm_op_PartSelect.i3.i4.i32.i32"/></StgValue>
</bind>
</comp>

<comp id="102" class="1001" name="const_102">
<pin_list>
<pin id="103" dir="1" index="0" bw="1" slack="0"/>
</pin_list>
<bind>
<StgValue><ssdm name=""/></StgValue>
</bind>
</comp>

<comp id="104" class="1001" name="const_104">
<pin_list>
<pin id="105" dir="1" index="0" bw="1" slack="0"/>
</pin_list>
<bind>
<StgValue><ssdm name=""/></StgValue>
</bind>
</comp>

<comp id="106" class="1001" name="const_106">
<pin_list>
<pin id="107" dir="1" index="0" bw="1" slack="0"/>
</pin_list>
<bind>
<StgValue><ssdm name=""/></StgValue>
</bind>
</comp>

<comp id="108" class="1001" name="const_108">
<pin_list>
<pin id="109" dir="1" index="0" bw="1" slack="0"/>
</pin_list>
<bind>
<StgValue><ssdm name="_ssdm_op_BitConcatenate.i26.i16.i10"/></StgValue>
</bind>
</comp>

<comp id="110" class="1001" name="const_110">
<pin_list>
<pin id="111" dir="1" index="0" bw="1" slack="0"/>
</pin_list>
<bind>
<StgValue><ssdm name=""/></StgValue>
</bind>
</comp>

<comp id="112" class="1001" name="const_112">
<pin_list>
<pin id="113" dir="1" index="0" bw="1" slack="0"/>
</pin_list>
<bind>
<StgValue><ssdm name="_ssdm_op_PartSelect.i16.i26.i32.i32"/></StgValue>
</bind>
</comp>

<comp id="114" class="1001" name="const_114">
<pin_list>
<pin id="115" dir="1" index="0" bw="1" slack="0"/>
</pin_list>
<bind>
<StgValue><ssdm name=""/></StgValue>
</bind>
</comp>

<comp id="116" class="1001" name="const_116">
<pin_list>
<pin id="117" dir="1" index="0" bw="1" slack="0"/>
</pin_list>
<bind>
<StgValue><ssdm name=""/></StgValue>
</bind>
</comp>

<comp id="118" class="1001" name="const_118">
<pin_list>
<pin id="119" dir="1" index="0" bw="1" slack="2147483647"/>
</pin_list>
<bind>
<StgValue><ssdm name="_ssdm_op_SpecLoopName"/></StgValue>
</bind>
</comp>

<comp id="120" class="1001" name="const_120">
<pin_list>
<pin id="121" dir="1" index="0" bw="1" slack="2147483647"/>
</pin_list>
<bind>
<StgValue><ssdm name="loop_kh_3_loop_kw_3_loop_ic_3_str"/></StgValue>
</bind>
</comp>

<comp id="122" class="1001" name="const_122">
<pin_list>
<pin id="123" dir="1" index="0" bw="1" slack="2147483647"/>
</pin_list>
<bind>
<StgValue><ssdm name="_ssdm_op_SpecLoopTripCount"/></StgValue>
</bind>
</comp>

<comp id="124" class="1001" name="const_124">
<pin_list>
<pin id="125" dir="1" index="0" bw="1" slack="2147483647"/>
</pin_list>
<bind>
<StgValue><ssdm name=""/></StgValue>
</bind>
</comp>

<comp id="126" class="1001" name="const_126">
<pin_list>
<pin id="127" dir="1" index="0" bw="1" slack="2147483647"/>
</pin_list>
<bind>
<StgValue><ssdm name="loop_kw_3_loop_ic_3_str"/></StgValue>
</bind>
</comp>

<comp id="128" class="1001" name="const_128">
<pin_list>
<pin id="129" dir="1" index="0" bw="1" slack="2147483647"/>
</pin_list>
<bind>
<StgValue><ssdm name="empty_11"/></StgValue>
</bind>
</comp>

<comp id="130" class="1001" name="const_130">
<pin_list>
<pin id="131" dir="1" index="0" bw="1" slack="0"/>
</pin_list>
<bind>
<StgValue><ssdm name="_ssdm_op_Write.ap_auto.i16P0A"/></StgValue>
</bind>
</comp>

<comp id="132" class="1004" name="lhs_fu_132">
<pin_list>
<pin id="133" dir="0" index="0" bw="1" slack="0"/>
<pin id="134" dir="1" index="1" bw="16" slack="0"/>
</pin_list>
<bind>
<opcode="alloca(26) " fcode="alloca"/>
<opset="lhs/1 "/>
</bind>
</comp>

<comp id="136" class="1004" name="k_fu_136">
<pin_list>
<pin id="137" dir="0" index="0" bw="1" slack="0"/>
<pin id="138" dir="1" index="1" bw="4" slack="0"/>
</pin_list>
<bind>
<opcode="alloca(26) " fcode="alloca"/>
<opset="k/1 "/>
</bind>
</comp>

<comp id="140" class="1004" name="j_fu_140">
<pin_list>
<pin id="141" dir="0" index="0" bw="1" slack="0"/>
<pin id="142" dir="1" index="1" bw="2" slack="0"/>
</pin_list>
<bind>
<opcode="alloca(26) " fcode="alloca"/>
<opset="j/1 "/>
</bind>
</comp>

<comp id="144" class="1004" name="indvar_flatten222_fu_144">
<pin_list>
<pin id="145" dir="0" index="0" bw="1" slack="0"/>
<pin id="146" dir="1" index="1" bw="5" slack="0"/>
</pin_list>
<bind>
<opcode="alloca(26) " fcode="alloca"/>
<opset="indvar_flatten222/1 "/>
</bind>
</comp>

<comp id="148" class="1004" name="i_fu_148">
<pin_list>
<pin id="149" dir="0" index="0" bw="1" slack="0"/>
<pin id="150" dir="1" index="1" bw="2" slack="0"/>
</pin_list>
<bind>
<opcode="alloca(26) " fcode="alloca"/>
<opset="i/1 "/>
</bind>
</comp>

<comp id="152" class="1004" name="indvar_flatten282_fu_152">
<pin_list>
<pin id="153" dir="0" index="0" bw="1" slack="0"/>
<pin id="154" dir="1" index="1" bw="6" slack="0"/>
</pin_list>
<bind>
<opcode="alloca(26) " fcode="alloca"/>
<opset="indvar_flatten282/1 "/>
</bind>
</comp>

<comp id="156" class="1004" name="zext_ln132_3_read_read_fu_156">
<pin_list>
<pin id="157" dir="0" index="0" bw="13" slack="0"/>
<pin id="158" dir="0" index="1" bw="13" slack="0"/>
<pin id="159" dir="1" index="2" bw="13" slack="0"/>
</pin_list>
<bind>
<opcode="read(1150) " fcode="read"/>
<opset="zext_ln132_3_read/1 "/>
</bind>
</comp>

<comp id="162" class="1004" name="cmp29_i433_not_mid1260_read_read_fu_162">
<pin_list>
<pin id="163" dir="0" index="0" bw="1" slack="0"/>
<pin id="164" dir="0" index="1" bw="1" slack="0"/>
<pin id="165" dir="1" index="2" bw="1" slack="0"/>
</pin_list>
<bind>
<opcode="read(1150) " fcode="read"/>
<opset="cmp29_i433_not_mid1260_read/1 "/>
</bind>
</comp>

<comp id="168" class="1004" name="cmp27_i431_not_mid1258_read_read_fu_168">
<pin_list>
<pin id="169" dir="0" index="0" bw="1" slack="0"/>
<pin id="170" dir="0" index="1" bw="1" slack="0"/>
<pin id="171" dir="1" index="2" bw="1" slack="0"/>
</pin_list>
<bind>
<opcode="read(1150) " fcode="read"/>
<opset="cmp27_i431_not_mid1258_read/1 "/>
</bind>
</comp>

<comp id="174" class="1004" name="zext_ln115_read_read_fu_174">
<pin_list>
<pin id="175" dir="0" index="0" bw="8" slack="0"/>
<pin id="176" dir="0" index="1" bw="8" slack="0"/>
<pin id="177" dir="1" index="2" bw="8" slack="0"/>
</pin_list>
<bind>
<opcode="read(1150) " fcode="read"/>
<opset="zext_ln115_read/1 "/>
</bind>
</comp>

<comp id="180" class="1004" name="select_ln117_read_read_fu_180">
<pin_list>
<pin id="181" dir="0" index="0" bw="5" slack="0"/>
<pin id="182" dir="0" index="1" bw="5" slack="0"/>
<pin id="183" dir="1" index="2" bw="5" slack="0"/>
</pin_list>
<bind>
<opcode="read(1150) " fcode="read"/>
<opset="select_ln117_read/1 "/>
</bind>
</comp>

<comp id="186" class="1004" name="select_ln117_2_read_read_fu_186">
<pin_list>
<pin id="187" dir="0" index="0" bw="5" slack="0"/>
<pin id="188" dir="0" index="1" bw="5" slack="0"/>
<pin id="189" dir="1" index="2" bw="5" slack="0"/>
</pin_list>
<bind>
<opcode="read(1150) " fcode="read"/>
<opset="select_ln117_2_read/1 "/>
</bind>
</comp>

<comp id="192" class="1004" name="select_ln115_2_read_read_fu_192">
<pin_list>
<pin id="193" dir="0" index="0" bw="16" slack="0"/>
<pin id="194" dir="0" index="1" bw="16" slack="0"/>
<pin id="195" dir="1" index="2" bw="16" slack="0"/>
</pin_list>
<bind>
<opcode="read(1150) " fcode="read"/>
<opset="select_ln115_2_read/1 "/>
</bind>
</comp>

<comp id="198" class="1004" name="write_ln0_write_fu_198">
<pin_list>
<pin id="199" dir="0" index="0" bw="0" slack="0"/>
<pin id="200" dir="0" index="1" bw="16" slack="0"/>
<pin id="201" dir="0" index="2" bw="16" slack="0"/>
<pin id="202" dir="1" index="3" bw="0" slack="2147483647"/>
</pin_list>
<bind>
<opcode="write(1151) " fcode="write"/>
<opset="write_ln0/4 "/>
</bind>
</comp>

<comp id="205" class="1004" name="d_addr_gep_fu_205">
<pin_list>
<pin id="206" dir="0" index="0" bw="16" slack="0"/>
<pin id="207" dir="0" index="1" bw="1" slack="0"/>
<pin id="208" dir="0" index="2" bw="14" slack="0"/>
<pin id="209" dir="1" index="3" bw="14" slack="0"/>
</pin_list>
<bind>
<opcode="getelementptr(29) " fcode="getelementptr"/>
<opset="d_addr/1 "/>
</bind>
</comp>

<comp id="212" class="1004" name="grp_access_fu_212">
<pin_list>
<pin id="213" dir="0" index="0" bw="14" slack="0"/>
<pin id="214" dir="0" index="1" bw="16" slack="2147483647"/>
<pin id="215" dir="0" index="2" bw="0" slack="0"/>
<pin id="217" dir="0" index="4" bw="14" slack="2147483647"/>
<pin id="218" dir="0" index="5" bw="16" slack="2147483647"/>
<pin id="219" dir="0" index="6" bw="0" slack="2147483647"/>
<pin id="216" dir="1" index="3" bw="16" slack="0"/>
<pin id="220" dir="1" index="7" bw="16" slack="0"/>
</pin_list>
<bind>
<opcode="load(27) " fcode="load"/>
<opset="val_V/1 val_V_13/1 "/>
</bind>
</comp>

<comp id="222" class="1004" name="conv3_kernel_V_addr_gep_fu_222">
<pin_list>
<pin id="223" dir="0" index="0" bw="12" slack="0"/>
<pin id="224" dir="0" index="1" bw="1" slack="0"/>
<pin id="225" dir="0" index="2" bw="9" slack="0"/>
<pin id="226" dir="1" index="3" bw="9" slack="0"/>
</pin_list>
<bind>
<opcode="getelementptr(29) " fcode="getelementptr"/>
<opset="conv3_kernel_V_addr/1 "/>
</bind>
</comp>

<comp id="229" class="1004" name="grp_access_fu_229">
<pin_list>
<pin id="230" dir="0" index="0" bw="9" slack="0"/>
<pin id="231" dir="0" index="1" bw="12" slack="2147483647"/>
<pin id="232" dir="0" index="2" bw="0" slack="2147483647"/>
<pin id="233" dir="1" index="3" bw="12" slack="0"/>
</pin_list>
<bind>
<opcode="load(27) " fcode="load"/>
<opset="conv3_kernel_V_load/1 conv3_kernel_V_load_1/2 "/>
</bind>
</comp>

<comp id="235" class="1004" name="d_addr_2_gep_fu_235">
<pin_list>
<pin id="236" dir="0" index="0" bw="16" slack="0"/>
<pin id="237" dir="0" index="1" bw="1" slack="0"/>
<pin id="238" dir="0" index="2" bw="14" slack="0"/>
<pin id="239" dir="1" index="3" bw="14" slack="0"/>
</pin_list>
<bind>
<opcode="getelementptr(29) " fcode="getelementptr"/>
<opset="d_addr_2/1 "/>
</bind>
</comp>

<comp id="243" class="1004" name="conv3_kernel_V_addr_1_gep_fu_243">
<pin_list>
<pin id="244" dir="0" index="0" bw="12" slack="0"/>
<pin id="245" dir="0" index="1" bw="1" slack="0"/>
<pin id="246" dir="0" index="2" bw="9" slack="0"/>
<pin id="247" dir="1" index="3" bw="9" slack="0"/>
</pin_list>
<bind>
<opcode="getelementptr(29) " fcode="getelementptr"/>
<opset="conv3_kernel_V_addr_1/2 "/>
</bind>
</comp>

<comp id="251" class="1004" name="zext_ln132_3_cast_fu_251">
<pin_list>
<pin id="252" dir="0" index="0" bw="13" slack="0"/>
<pin id="253" dir="1" index="1" bw="14" slack="0"/>
</pin_list>
<bind>
<opcode="sext(35) " fcode="sext"/>
<opset="zext_ln132_3_cast/1 "/>
</bind>
</comp>

<comp id="255" class="1004" name="zext_ln132_3_cast_cast_fu_255">
<pin_list>
<pin id="256" dir="0" index="0" bw="13" slack="0"/>
<pin id="257" dir="1" index="1" bw="15" slack="0"/>
</pin_list>
<bind>
<opcode="zext(34) " fcode="zext"/>
<opset="zext_ln132_3_cast_cast/1 "/>
</bind>
</comp>

<comp id="259" class="1004" name="zext_ln115_cast_fu_259">
<pin_list>
<pin id="260" dir="0" index="0" bw="8" slack="0"/>
<pin id="261" dir="1" index="1" bw="9" slack="0"/>
</pin_list>
<bind>
<opcode="zext(34) " fcode="zext"/>
<opset="zext_ln115_cast/1 "/>
</bind>
</comp>

<comp id="263" class="1004" name="store_ln0_store_fu_263">
<pin_list>
<pin id="264" dir="0" index="0" bw="1" slack="0"/>
<pin id="265" dir="0" index="1" bw="6" slack="0"/>
<pin id="266" dir="1" index="2" bw="0" slack="2147483647"/>
</pin_list>
<bind>
<opcode="store(28) " fcode="store"/>
<opset="store_ln0/1 "/>
</bind>
</comp>

<comp id="268" class="1004" name="store_ln0_store_fu_268">
<pin_list>
<pin id="269" dir="0" index="0" bw="1" slack="0"/>
<pin id="270" dir="0" index="1" bw="2" slack="0"/>
<pin id="271" dir="1" index="2" bw="0" slack="2147483647"/>
</pin_list>
<bind>
<opcode="store(28) " fcode="store"/>
<opset="store_ln0/1 "/>
</bind>
</comp>

<comp id="273" class="1004" name="store_ln0_store_fu_273">
<pin_list>
<pin id="274" dir="0" index="0" bw="1" slack="0"/>
<pin id="275" dir="0" index="1" bw="5" slack="0"/>
<pin id="276" dir="1" index="2" bw="0" slack="2147483647"/>
</pin_list>
<bind>
<opcode="store(28) " fcode="store"/>
<opset="store_ln0/1 "/>
</bind>
</comp>

<comp id="278" class="1004" name="store_ln0_store_fu_278">
<pin_list>
<pin id="279" dir="0" index="0" bw="1" slack="0"/>
<pin id="280" dir="0" index="1" bw="2" slack="0"/>
<pin id="281" dir="1" index="2" bw="0" slack="2147483647"/>
</pin_list>
<bind>
<opcode="store(28) " fcode="store"/>
<opset="store_ln0/1 "/>
</bind>
</comp>

<comp id="283" class="1004" name="store_ln0_store_fu_283">
<pin_list>
<pin id="284" dir="0" index="0" bw="1" slack="0"/>
<pin id="285" dir="0" index="1" bw="4" slack="0"/>
<pin id="286" dir="1" index="2" bw="0" slack="2147483647"/>
</pin_list>
<bind>
<opcode="store(28) " fcode="store"/>
<opset="store_ln0/1 "/>
</bind>
</comp>

<comp id="288" class="1004" name="store_ln0_store_fu_288">
<pin_list>
<pin id="289" dir="0" index="0" bw="16" slack="0"/>
<pin id="290" dir="0" index="1" bw="16" slack="0"/>
<pin id="291" dir="1" index="2" bw="0" slack="2147483647"/>
</pin_list>
<bind>
<opcode="store(28) " fcode="store"/>
<opset="store_ln0/1 "/>
</bind>
</comp>

<comp id="293" class="1004" name="j_3_load_fu_293">
<pin_list>
<pin id="294" dir="0" index="0" bw="2" slack="0"/>
<pin id="295" dir="1" index="1" bw="2" slack="0"/>
</pin_list>
<bind>
<opcode="load(27) " fcode="load"/>
<opset="j_3/1 "/>
</bind>
</comp>

<comp id="296" class="1004" name="i_2_load_fu_296">
<pin_list>
<pin id="297" dir="0" index="0" bw="2" slack="0"/>
<pin id="298" dir="1" index="1" bw="2" slack="0"/>
</pin_list>
<bind>
<opcode="load(27) " fcode="load"/>
<opset="i_2/1 "/>
</bind>
</comp>

<comp id="299" class="1004" name="indvar_flatten282_load_load_fu_299">
<pin_list>
<pin id="300" dir="0" index="0" bw="6" slack="0"/>
<pin id="301" dir="1" index="1" bw="6" slack="0"/>
</pin_list>
<bind>
<opcode="load(27) " fcode="load"/>
<opset="indvar_flatten282_load/1 "/>
</bind>
</comp>

<comp id="302" class="1004" name="zext_ln123_fu_302">
<pin_list>
<pin id="303" dir="0" index="0" bw="2" slack="0"/>
<pin id="304" dir="1" index="1" bw="5" slack="0"/>
</pin_list>
<bind>
<opcode="zext(34) " fcode="zext"/>
<opset="zext_ln123/1 "/>
</bind>
</comp>

<comp id="306" class="1004" name="empty_fu_306">
<pin_list>
<pin id="307" dir="0" index="0" bw="2" slack="0"/>
<pin id="308" dir="0" index="1" bw="5" slack="0"/>
<pin id="309" dir="1" index="2" bw="5" slack="0"/>
</pin_list>
<bind>
<opcode="add(8) " fcode="add"/>
<opset="empty/1 "/>
</bind>
</comp>

<comp id="312" class="1004" name="p_cast119_fu_312">
<pin_list>
<pin id="313" dir="0" index="0" bw="5" slack="0"/>
<pin id="314" dir="1" index="1" bw="6" slack="0"/>
</pin_list>
<bind>
<opcode="zext(34) " fcode="zext"/>
<opset="p_cast119/1 "/>
</bind>
</comp>

<comp id="316" class="1004" name="empty_69_fu_316">
<pin_list>
<pin id="317" dir="0" index="0" bw="5" slack="0"/>
<pin id="318" dir="0" index="1" bw="1" slack="0"/>
<pin id="319" dir="1" index="2" bw="6" slack="0"/>
</pin_list>
<bind>
<opcode="add(8) " fcode="add"/>
<opset="empty_69/1 "/>
</bind>
</comp>

<comp id="322" class="1004" name="p_shl1_fu_322">
<pin_list>
<pin id="323" dir="0" index="0" bw="4" slack="0"/>
<pin id="324" dir="0" index="1" bw="2" slack="0"/>
<pin id="325" dir="0" index="2" bw="1" slack="0"/>
<pin id="326" dir="1" index="3" bw="4" slack="0"/>
</pin_list>
<bind>
<opcode="bitconcatenate(1004) " fcode="bitconcatenate"/>
<opset="p_shl1/1 "/>
</bind>
</comp>

<comp id="330" class="1004" name="p_shl26_cast_fu_330">
<pin_list>
<pin id="331" dir="0" index="0" bw="4" slack="0"/>
<pin id="332" dir="1" index="1" bw="5" slack="0"/>
</pin_list>
<bind>
<opcode="zext(34) " fcode="zext"/>
<opset="p_shl26_cast/1 "/>
</bind>
</comp>

<comp id="334" class="1004" name="empty_70_fu_334">
<pin_list>
<pin id="335" dir="0" index="0" bw="4" slack="0"/>
<pin id="336" dir="0" index="1" bw="2" slack="0"/>
<pin id="337" dir="1" index="2" bw="5" slack="0"/>
</pin_list>
<bind>
<opcode="sub(10) " fcode="sub"/>
<opset="empty_70/1 "/>
</bind>
</comp>

<comp id="340" class="1004" name="cmp24_i427_not_fu_340">
<pin_list>
<pin id="341" dir="0" index="0" bw="5" slack="0"/>
<pin id="342" dir="0" index="1" bw="1" slack="0"/>
<pin id="343" dir="1" index="2" bw="1" slack="0"/>
</pin_list>
<bind>
<opcode="icmp(45) " fcode="icmp"/>
<opset="cmp24_i427_not/1 "/>
</bind>
</comp>

<comp id="346" class="1004" name="cmp25_i429_not_fu_346">
<pin_list>
<pin id="347" dir="0" index="0" bw="6" slack="0"/>
<pin id="348" dir="0" index="1" bw="6" slack="0"/>
<pin id="349" dir="1" index="2" bw="1" slack="0"/>
</pin_list>
<bind>
<opcode="icmp(45) " fcode="icmp"/>
<opset="cmp25_i429_not/1 "/>
</bind>
</comp>

<comp id="352" class="1004" name="shl_ln132_1_fu_352">
<pin_list>
<pin id="353" dir="0" index="0" bw="15" slack="0"/>
<pin id="354" dir="0" index="1" bw="6" slack="0"/>
<pin id="355" dir="0" index="2" bw="1" slack="0"/>
<pin id="356" dir="1" index="3" bw="15" slack="0"/>
</pin_list>
<bind>
<opcode="bitconcatenate(1004) " fcode="bitconcatenate"/>
<opset="shl_ln132_1/1 "/>
</bind>
</comp>

<comp id="360" class="1004" name="shl_ln132_2_fu_360">
<pin_list>
<pin id="361" dir="0" index="0" bw="12" slack="0"/>
<pin id="362" dir="0" index="1" bw="6" slack="0"/>
<pin id="363" dir="0" index="2" bw="1" slack="0"/>
<pin id="364" dir="1" index="3" bw="12" slack="0"/>
</pin_list>
<bind>
<opcode="bitconcatenate(1004) " fcode="bitconcatenate"/>
<opset="shl_ln132_2/1 "/>
</bind>
</comp>

<comp id="368" class="1004" name="sext_ln132_fu_368">
<pin_list>
<pin id="369" dir="0" index="0" bw="12" slack="0"/>
<pin id="370" dir="1" index="1" bw="15" slack="0"/>
</pin_list>
<bind>
<opcode="sext(35) " fcode="sext"/>
<opset="sext_ln132/1 "/>
</bind>
</comp>

<comp id="372" class="1004" name="sub_ln132_fu_372">
<pin_list>
<pin id="373" dir="0" index="0" bw="15" slack="0"/>
<pin id="374" dir="0" index="1" bw="12" slack="0"/>
<pin id="375" dir="1" index="2" bw="15" slack="0"/>
</pin_list>
<bind>
<opcode="sub(10) " fcode="sub"/>
<opset="sub_ln132/1 "/>
</bind>
</comp>

<comp id="378" class="1004" name="zext_ln125_fu_378">
<pin_list>
<pin id="379" dir="0" index="0" bw="2" slack="0"/>
<pin id="380" dir="1" index="1" bw="5" slack="0"/>
</pin_list>
<bind>
<opcode="zext(34) " fcode="zext"/>
<opset="zext_ln125/1 "/>
</bind>
</comp>

<comp id="382" class="1004" name="empty_71_fu_382">
<pin_list>
<pin id="383" dir="0" index="0" bw="2" slack="0"/>
<pin id="384" dir="0" index="1" bw="5" slack="0"/>
<pin id="385" dir="1" index="2" bw="5" slack="0"/>
</pin_list>
<bind>
<opcode="add(8) " fcode="add"/>
<opset="empty_71/1 "/>
</bind>
</comp>

<comp id="388" class="1004" name="p_cast127_fu_388">
<pin_list>
<pin id="389" dir="0" index="0" bw="5" slack="0"/>
<pin id="390" dir="1" index="1" bw="6" slack="0"/>
</pin_list>
<bind>
<opcode="zext(34) " fcode="zext"/>
<opset="p_cast127/1 "/>
</bind>
</comp>

<comp id="392" class="1004" name="empty_72_fu_392">
<pin_list>
<pin id="393" dir="0" index="0" bw="5" slack="0"/>
<pin id="394" dir="0" index="1" bw="1" slack="0"/>
<pin id="395" dir="1" index="2" bw="6" slack="0"/>
</pin_list>
<bind>
<opcode="add(8) " fcode="add"/>
<opset="empty_72/1 "/>
</bind>
</comp>

<comp id="398" class="1004" name="cmp27_i431_not_fu_398">
<pin_list>
<pin id="399" dir="0" index="0" bw="5" slack="0"/>
<pin id="400" dir="0" index="1" bw="1" slack="0"/>
<pin id="401" dir="1" index="2" bw="1" slack="0"/>
</pin_list>
<bind>
<opcode="icmp(45) " fcode="icmp"/>
<opset="cmp27_i431_not/1 "/>
</bind>
</comp>

<comp id="404" class="1004" name="cmp29_i433_not_fu_404">
<pin_list>
<pin id="405" dir="0" index="0" bw="6" slack="0"/>
<pin id="406" dir="0" index="1" bw="6" slack="0"/>
<pin id="407" dir="1" index="2" bw="1" slack="0"/>
</pin_list>
<bind>
<opcode="icmp(45) " fcode="icmp"/>
<opset="cmp29_i433_not/1 "/>
</bind>
</comp>

<comp id="410" class="1004" name="tmp28_fu_410">
<pin_list>
<pin id="411" dir="0" index="0" bw="1" slack="0"/>
<pin id="412" dir="0" index="1" bw="1" slack="0"/>
<pin id="413" dir="1" index="2" bw="1" slack="0"/>
</pin_list>
<bind>
<opcode="or(24) " fcode="or"/>
<opset="tmp28/1 "/>
</bind>
</comp>

<comp id="416" class="1004" name="tmp29_fu_416">
<pin_list>
<pin id="417" dir="0" index="0" bw="1" slack="0"/>
<pin id="418" dir="0" index="1" bw="1" slack="0"/>
<pin id="419" dir="1" index="2" bw="1" slack="0"/>
</pin_list>
<bind>
<opcode="or(24) " fcode="or"/>
<opset="tmp29/1 "/>
</bind>
</comp>

<comp id="422" class="1004" name="brmerge88_fu_422">
<pin_list>
<pin id="423" dir="0" index="0" bw="1" slack="0"/>
<pin id="424" dir="0" index="1" bw="1" slack="0"/>
<pin id="425" dir="1" index="2" bw="1" slack="0"/>
</pin_list>
<bind>
<opcode="or(24) " fcode="or"/>
<opset="brmerge88/1 "/>
</bind>
</comp>

<comp id="428" class="1004" name="shl_ln3_fu_428">
<pin_list>
<pin id="429" dir="0" index="0" bw="10" slack="0"/>
<pin id="430" dir="0" index="1" bw="6" slack="0"/>
<pin id="431" dir="0" index="2" bw="1" slack="0"/>
<pin id="432" dir="1" index="3" bw="10" slack="0"/>
</pin_list>
<bind>
<opcode="bitconcatenate(1004) " fcode="bitconcatenate"/>
<opset="shl_ln3/1 "/>
</bind>
</comp>

<comp id="436" class="1004" name="sext_ln132_1_fu_436">
<pin_list>
<pin id="437" dir="0" index="0" bw="10" slack="0"/>
<pin id="438" dir="1" index="1" bw="13" slack="0"/>
</pin_list>
<bind>
<opcode="sext(35) " fcode="sext"/>
<opset="sext_ln132_1/1 "/>
</bind>
</comp>

<comp id="440" class="1004" name="add_ln132_fu_440">
<pin_list>
<pin id="441" dir="0" index="0" bw="10" slack="0"/>
<pin id="442" dir="0" index="1" bw="13" slack="0"/>
<pin id="443" dir="1" index="2" bw="13" slack="0"/>
</pin_list>
<bind>
<opcode="add(8) " fcode="add"/>
<opset="add_ln132/1 "/>
</bind>
</comp>

<comp id="446" class="1004" name="sext_ln132_2_fu_446">
<pin_list>
<pin id="447" dir="0" index="0" bw="13" slack="0"/>
<pin id="448" dir="1" index="1" bw="14" slack="0"/>
</pin_list>
<bind>
<opcode="sext(35) " fcode="sext"/>
<opset="sext_ln132_2/1 "/>
</bind>
</comp>

<comp id="450" class="1004" name="zext_ln132_2_fu_450">
<pin_list>
<pin id="451" dir="0" index="0" bw="13" slack="0"/>
<pin id="452" dir="1" index="1" bw="15" slack="0"/>
</pin_list>
<bind>
<opcode="zext(34) " fcode="zext"/>
<opset="zext_ln132_2/1 "/>
</bind>
</comp>

<comp id="454" class="1004" name="add_ln132_1_fu_454">
<pin_list>
<pin id="455" dir="0" index="0" bw="14" slack="0"/>
<pin id="456" dir="0" index="1" bw="15" slack="0"/>
<pin id="457" dir="1" index="2" bw="15" slack="0"/>
</pin_list>
<bind>
<opcode="add(8) " fcode="add"/>
<opset="add_ln132_1/1 "/>
</bind>
</comp>

<comp id="460" class="1004" name="icmp_ln123_fu_460">
<pin_list>
<pin id="461" dir="0" index="0" bw="6" slack="0"/>
<pin id="462" dir="0" index="1" bw="6" slack="0"/>
<pin id="463" dir="1" index="2" bw="1" slack="1"/>
</pin_list>
<bind>
<opcode="icmp(45) " fcode="icmp"/>
<opset="icmp_ln123/1 "/>
</bind>
</comp>

<comp id="466" class="1004" name="add_ln123_2_fu_466">
<pin_list>
<pin id="467" dir="0" index="0" bw="6" slack="0"/>
<pin id="468" dir="0" index="1" bw="1" slack="0"/>
<pin id="469" dir="1" index="2" bw="6" slack="0"/>
</pin_list>
<bind>
<opcode="add(8) " fcode="add"/>
<opset="add_ln123_2/1 "/>
</bind>
</comp>

<comp id="472" class="1004" name="k_load_load_fu_472">
<pin_list>
<pin id="473" dir="0" index="0" bw="4" slack="0"/>
<pin id="474" dir="1" index="1" bw="4" slack="0"/>
</pin_list>
<bind>
<opcode="load(27) " fcode="load"/>
<opset="k_load/1 "/>
</bind>
</comp>

<comp id="475" class="1004" name="indvar_flatten222_load_load_fu_475">
<pin_list>
<pin id="476" dir="0" index="0" bw="5" slack="0"/>
<pin id="477" dir="1" index="1" bw="5" slack="0"/>
</pin_list>
<bind>
<opcode="load(27) " fcode="load"/>
<opset="indvar_flatten222_load/1 "/>
</bind>
</comp>

<comp id="478" class="1004" name="add_ln123_fu_478">
<pin_list>
<pin id="479" dir="0" index="0" bw="2" slack="0"/>
<pin id="480" dir="0" index="1" bw="1" slack="0"/>
<pin id="481" dir="1" index="2" bw="2" slack="0"/>
</pin_list>
<bind>
<opcode="add(8) " fcode="add"/>
<opset="add_ln123/1 "/>
</bind>
</comp>

<comp id="484" class="1004" name="icmp_ln125_fu_484">
<pin_list>
<pin id="485" dir="0" index="0" bw="5" slack="0"/>
<pin id="486" dir="0" index="1" bw="5" slack="0"/>
<pin id="487" dir="1" index="2" bw="1" slack="0"/>
</pin_list>
<bind>
<opcode="icmp(45) " fcode="icmp"/>
<opset="icmp_ln125/1 "/>
</bind>
</comp>

<comp id="490" class="1004" name="select_ln123_fu_490">
<pin_list>
<pin id="491" dir="0" index="0" bw="1" slack="0"/>
<pin id="492" dir="0" index="1" bw="1" slack="0"/>
<pin id="493" dir="0" index="2" bw="2" slack="0"/>
<pin id="494" dir="1" index="3" bw="2" slack="0"/>
</pin_list>
<bind>
<opcode="select(49) " fcode="select"/>
<opset="select_ln123/1 "/>
</bind>
</comp>

<comp id="498" class="1004" name="select_ln123_1_fu_498">
<pin_list>
<pin id="499" dir="0" index="0" bw="1" slack="0"/>
<pin id="500" dir="0" index="1" bw="1" slack="0"/>
<pin id="501" dir="0" index="2" bw="4" slack="0"/>
<pin id="502" dir="1" index="3" bw="4" slack="0"/>
</pin_list>
<bind>
<opcode="select(49) " fcode="select"/>
<opset="select_ln123_1/1 "/>
</bind>
</comp>

<comp id="506" class="1004" name="zext_ln123_1_fu_506">
<pin_list>
<pin id="507" dir="0" index="0" bw="2" slack="0"/>
<pin id="508" dir="1" index="1" bw="5" slack="0"/>
</pin_list>
<bind>
<opcode="zext(34) " fcode="zext"/>
<opset="zext_ln123_1/1 "/>
</bind>
</comp>

<comp id="510" class="1004" name="p_mid1240_fu_510">
<pin_list>
<pin id="511" dir="0" index="0" bw="2" slack="0"/>
<pin id="512" dir="0" index="1" bw="5" slack="0"/>
<pin id="513" dir="1" index="2" bw="5" slack="0"/>
</pin_list>
<bind>
<opcode="add(8) " fcode="add"/>
<opset="p_mid1240/1 "/>
</bind>
</comp>

<comp id="516" class="1004" name="p_cast119_mid1_fu_516">
<pin_list>
<pin id="517" dir="0" index="0" bw="5" slack="0"/>
<pin id="518" dir="1" index="1" bw="6" slack="0"/>
</pin_list>
<bind>
<opcode="zext(34) " fcode="zext"/>
<opset="p_cast119_mid1/1 "/>
</bind>
</comp>

<comp id="520" class="1004" name="p_mid1242_fu_520">
<pin_list>
<pin id="521" dir="0" index="0" bw="5" slack="0"/>
<pin id="522" dir="0" index="1" bw="1" slack="0"/>
<pin id="523" dir="1" index="2" bw="6" slack="0"/>
</pin_list>
<bind>
<opcode="add(8) " fcode="add"/>
<opset="p_mid1242/1 "/>
</bind>
</comp>

<comp id="526" class="1004" name="p_shl26_mid1_fu_526">
<pin_list>
<pin id="527" dir="0" index="0" bw="4" slack="0"/>
<pin id="528" dir="0" index="1" bw="2" slack="0"/>
<pin id="529" dir="0" index="2" bw="1" slack="0"/>
<pin id="530" dir="1" index="3" bw="4" slack="0"/>
</pin_list>
<bind>
<opcode="bitconcatenate(1004) " fcode="bitconcatenate"/>
<opset="p_shl26_mid1/1 "/>
</bind>
</comp>

<comp id="534" class="1004" name="p_shl26_cast_mid1_fu_534">
<pin_list>
<pin id="535" dir="0" index="0" bw="4" slack="0"/>
<pin id="536" dir="1" index="1" bw="5" slack="0"/>
</pin_list>
<bind>
<opcode="zext(34) " fcode="zext"/>
<opset="p_shl26_cast_mid1/1 "/>
</bind>
</comp>

<comp id="538" class="1004" name="p_mid1244_fu_538">
<pin_list>
<pin id="539" dir="0" index="0" bw="4" slack="0"/>
<pin id="540" dir="0" index="1" bw="2" slack="0"/>
<pin id="541" dir="1" index="2" bw="5" slack="0"/>
</pin_list>
<bind>
<opcode="sub(10) " fcode="sub"/>
<opset="p_mid1244/1 "/>
</bind>
</comp>

<comp id="544" class="1004" name="cmp24_i427_not_mid1_fu_544">
<pin_list>
<pin id="545" dir="0" index="0" bw="5" slack="0"/>
<pin id="546" dir="0" index="1" bw="1" slack="0"/>
<pin id="547" dir="1" index="2" bw="1" slack="0"/>
</pin_list>
<bind>
<opcode="icmp(45) " fcode="icmp"/>
<opset="cmp24_i427_not_mid1/1 "/>
</bind>
</comp>

<comp id="550" class="1004" name="select_ln123_2_fu_550">
<pin_list>
<pin id="551" dir="0" index="0" bw="1" slack="0"/>
<pin id="552" dir="0" index="1" bw="1" slack="0"/>
<pin id="553" dir="0" index="2" bw="1" slack="0"/>
<pin id="554" dir="1" index="3" bw="1" slack="0"/>
</pin_list>
<bind>
<opcode="select(49) " fcode="select"/>
<opset="select_ln123_2/1 "/>
</bind>
</comp>

<comp id="558" class="1004" name="cmp25_i429_not_mid1_fu_558">
<pin_list>
<pin id="559" dir="0" index="0" bw="6" slack="0"/>
<pin id="560" dir="0" index="1" bw="6" slack="0"/>
<pin id="561" dir="1" index="2" bw="1" slack="0"/>
</pin_list>
<bind>
<opcode="icmp(45) " fcode="icmp"/>
<opset="cmp25_i429_not_mid1/1 "/>
</bind>
</comp>

<comp id="564" class="1004" name="select_ln123_3_fu_564">
<pin_list>
<pin id="565" dir="0" index="0" bw="1" slack="0"/>
<pin id="566" dir="0" index="1" bw="1" slack="0"/>
<pin id="567" dir="0" index="2" bw="1" slack="0"/>
<pin id="568" dir="1" index="3" bw="1" slack="0"/>
</pin_list>
<bind>
<opcode="select(49) " fcode="select"/>
<opset="select_ln123_3/1 "/>
</bind>
</comp>

<comp id="572" class="1004" name="shl_ln132_1_mid1_fu_572">
<pin_list>
<pin id="573" dir="0" index="0" bw="15" slack="0"/>
<pin id="574" dir="0" index="1" bw="6" slack="0"/>
<pin id="575" dir="0" index="2" bw="1" slack="0"/>
<pin id="576" dir="1" index="3" bw="15" slack="0"/>
</pin_list>
<bind>
<opcode="bitconcatenate(1004) " fcode="bitconcatenate"/>
<opset="shl_ln132_1_mid1/1 "/>
</bind>
</comp>

<comp id="580" class="1004" name="shl_ln132_2_mid1_fu_580">
<pin_list>
<pin id="581" dir="0" index="0" bw="12" slack="0"/>
<pin id="582" dir="0" index="1" bw="6" slack="0"/>
<pin id="583" dir="0" index="2" bw="1" slack="0"/>
<pin id="584" dir="1" index="3" bw="12" slack="0"/>
</pin_list>
<bind>
<opcode="bitconcatenate(1004) " fcode="bitconcatenate"/>
<opset="shl_ln132_2_mid1/1 "/>
</bind>
</comp>

<comp id="588" class="1004" name="sext_ln132_3_fu_588">
<pin_list>
<pin id="589" dir="0" index="0" bw="12" slack="0"/>
<pin id="590" dir="1" index="1" bw="15" slack="0"/>
</pin_list>
<bind>
<opcode="sext(35) " fcode="sext"/>
<opset="sext_ln132_3/1 "/>
</bind>
</comp>

<comp id="592" class="1004" name="sub_ln132_1_fu_592">
<pin_list>
<pin id="593" dir="0" index="0" bw="15" slack="0"/>
<pin id="594" dir="0" index="1" bw="12" slack="0"/>
<pin id="595" dir="1" index="2" bw="15" slack="0"/>
</pin_list>
<bind>
<opcode="sub(10) " fcode="sub"/>
<opset="sub_ln132_1/1 "/>
</bind>
</comp>

<comp id="598" class="1004" name="select_ln123_4_fu_598">
<pin_list>
<pin id="599" dir="0" index="0" bw="1" slack="0"/>
<pin id="600" dir="0" index="1" bw="15" slack="0"/>
<pin id="601" dir="0" index="2" bw="15" slack="0"/>
<pin id="602" dir="1" index="3" bw="15" slack="0"/>
</pin_list>
<bind>
<opcode="select(49) " fcode="select"/>
<opset="select_ln123_4/1 "/>
</bind>
</comp>

<comp id="606" class="1004" name="select_ln123_5_fu_606">
<pin_list>
<pin id="607" dir="0" index="0" bw="1" slack="0"/>
<pin id="608" dir="0" index="1" bw="5" slack="0"/>
<pin id="609" dir="0" index="2" bw="5" slack="0"/>
<pin id="610" dir="1" index="3" bw="5" slack="0"/>
</pin_list>
<bind>
<opcode="select(49) " fcode="select"/>
<opset="select_ln123_5/1 "/>
</bind>
</comp>

<comp id="614" class="1004" name="sext_ln123_fu_614">
<pin_list>
<pin id="615" dir="0" index="0" bw="5" slack="0"/>
<pin id="616" dir="1" index="1" bw="9" slack="0"/>
</pin_list>
<bind>
<opcode="sext(35) " fcode="sext"/>
<opset="sext_ln123/1 "/>
</bind>
</comp>

<comp id="618" class="1004" name="add_ln123_1_fu_618">
<pin_list>
<pin id="619" dir="0" index="0" bw="5" slack="0"/>
<pin id="620" dir="0" index="1" bw="8" slack="0"/>
<pin id="621" dir="1" index="2" bw="9" slack="0"/>
</pin_list>
<bind>
<opcode="add(8) " fcode="add"/>
<opset="add_ln123_1/1 "/>
</bind>
</comp>

<comp id="624" class="1004" name="tmp28_mid1262_fu_624">
<pin_list>
<pin id="625" dir="0" index="0" bw="1" slack="0"/>
<pin id="626" dir="0" index="1" bw="1" slack="0"/>
<pin id="627" dir="1" index="2" bw="1" slack="0"/>
</pin_list>
<bind>
<opcode="or(24) " fcode="or"/>
<opset="tmp28_mid1262/1 "/>
</bind>
</comp>

<comp id="630" class="1004" name="tmp29_mid1264_fu_630">
<pin_list>
<pin id="631" dir="0" index="0" bw="1" slack="0"/>
<pin id="632" dir="0" index="1" bw="1" slack="0"/>
<pin id="633" dir="1" index="2" bw="1" slack="0"/>
</pin_list>
<bind>
<opcode="or(24) " fcode="or"/>
<opset="tmp29_mid1264/1 "/>
</bind>
</comp>

<comp id="636" class="1004" name="brmerge88_mid1266_fu_636">
<pin_list>
<pin id="637" dir="0" index="0" bw="1" slack="0"/>
<pin id="638" dir="0" index="1" bw="1" slack="0"/>
<pin id="639" dir="1" index="2" bw="1" slack="0"/>
</pin_list>
<bind>
<opcode="or(24) " fcode="or"/>
<opset="brmerge88_mid1266/1 "/>
</bind>
</comp>

<comp id="642" class="1004" name="select_ln123_6_fu_642">
<pin_list>
<pin id="643" dir="0" index="0" bw="1" slack="0"/>
<pin id="644" dir="0" index="1" bw="1" slack="0"/>
<pin id="645" dir="0" index="2" bw="1" slack="0"/>
<pin id="646" dir="1" index="3" bw="1" slack="0"/>
</pin_list>
<bind>
<opcode="select(49) " fcode="select"/>
<opset="select_ln123_6/1 "/>
</bind>
</comp>

<comp id="650" class="1004" name="add_ln132_2_fu_650">
<pin_list>
<pin id="651" dir="0" index="0" bw="14" slack="0"/>
<pin id="652" dir="0" index="1" bw="15" slack="0"/>
<pin id="653" dir="1" index="2" bw="15" slack="0"/>
</pin_list>
<bind>
<opcode="add(8) " fcode="add"/>
<opset="add_ln132_2/1 "/>
</bind>
</comp>

<comp id="656" class="1004" name="tmp_fu_656">
<pin_list>
<pin id="657" dir="0" index="0" bw="1" slack="0"/>
<pin id="658" dir="0" index="1" bw="4" slack="0"/>
<pin id="659" dir="0" index="2" bw="3" slack="0"/>
<pin id="660" dir="1" index="3" bw="1" slack="0"/>
</pin_list>
<bind>
<opcode="bitselect(1000) " fcode="bitselect"/>
<opset="tmp/1 "/>
</bind>
</comp>

<comp id="664" class="1004" name="xor_ln127_fu_664">
<pin_list>
<pin id="665" dir="0" index="0" bw="1" slack="0"/>
<pin id="666" dir="0" index="1" bw="1" slack="0"/>
<pin id="667" dir="1" index="2" bw="1" slack="0"/>
</pin_list>
<bind>
<opcode="xor(25) " fcode="xor"/>
<opset="xor_ln127/1 "/>
</bind>
</comp>

<comp id="670" class="1004" name="or_ln123_fu_670">
<pin_list>
<pin id="671" dir="0" index="0" bw="1" slack="0"/>
<pin id="672" dir="0" index="1" bw="1" slack="0"/>
<pin id="673" dir="1" index="2" bw="1" slack="0"/>
</pin_list>
<bind>
<opcode="or(24) " fcode="or"/>
<opset="or_ln123/1 "/>
</bind>
</comp>

<comp id="676" class="1004" name="select_ln123_7_fu_676">
<pin_list>
<pin id="677" dir="0" index="0" bw="1" slack="0"/>
<pin id="678" dir="0" index="1" bw="2" slack="0"/>
<pin id="679" dir="0" index="2" bw="2" slack="0"/>
<pin id="680" dir="1" index="3" bw="2" slack="0"/>
</pin_list>
<bind>
<opcode="select(49) " fcode="select"/>
<opset="select_ln123_7/1 "/>
</bind>
</comp>

<comp id="684" class="1004" name="add_ln125_fu_684">
<pin_list>
<pin id="685" dir="0" index="0" bw="2" slack="0"/>
<pin id="686" dir="0" index="1" bw="1" slack="0"/>
<pin id="687" dir="1" index="2" bw="2" slack="0"/>
</pin_list>
<bind>
<opcode="add(8) " fcode="add"/>
<opset="add_ln125/1 "/>
</bind>
</comp>

<comp id="690" class="1004" name="select_ln125_fu_690">
<pin_list>
<pin id="691" dir="0" index="0" bw="1" slack="0"/>
<pin id="692" dir="0" index="1" bw="4" slack="0"/>
<pin id="693" dir="0" index="2" bw="1" slack="0"/>
<pin id="694" dir="1" index="3" bw="4" slack="0"/>
</pin_list>
<bind>
<opcode="select(49) " fcode="select"/>
<opset="select_ln125/1 "/>
</bind>
</comp>

<comp id="698" class="1004" name="select_ln125_1_fu_698">
<pin_list>
<pin id="699" dir="0" index="0" bw="1" slack="0"/>
<pin id="700" dir="0" index="1" bw="2" slack="0"/>
<pin id="701" dir="0" index="2" bw="2" slack="0"/>
<pin id="702" dir="1" index="3" bw="2" slack="0"/>
</pin_list>
<bind>
<opcode="select(49) " fcode="select"/>
<opset="select_ln125_1/1 "/>
</bind>
</comp>

<comp id="706" class="1004" name="zext_ln125_1_fu_706">
<pin_list>
<pin id="707" dir="0" index="0" bw="2" slack="0"/>
<pin id="708" dir="1" index="1" bw="7" slack="0"/>
</pin_list>
<bind>
<opcode="zext(34) " fcode="zext"/>
<opset="zext_ln125_1/1 "/>
</bind>
</comp>

<comp id="710" class="1004" name="zext_ln125_2_fu_710">
<pin_list>
<pin id="711" dir="0" index="0" bw="2" slack="0"/>
<pin id="712" dir="1" index="1" bw="5" slack="0"/>
</pin_list>
<bind>
<opcode="zext(34) " fcode="zext"/>
<opset="zext_ln125_2/1 "/>
</bind>
</comp>

<comp id="714" class="1004" name="p_mid1218_fu_714">
<pin_list>
<pin id="715" dir="0" index="0" bw="2" slack="0"/>
<pin id="716" dir="0" index="1" bw="5" slack="0"/>
<pin id="717" dir="1" index="2" bw="5" slack="0"/>
</pin_list>
<bind>
<opcode="add(8) " fcode="add"/>
<opset="p_mid1218/1 "/>
</bind>
</comp>

<comp id="720" class="1004" name="p_cast127_mid1_fu_720">
<pin_list>
<pin id="721" dir="0" index="0" bw="5" slack="0"/>
<pin id="722" dir="1" index="1" bw="6" slack="0"/>
</pin_list>
<bind>
<opcode="zext(34) " fcode="zext"/>
<opset="p_cast127_mid1/1 "/>
</bind>
</comp>

<comp id="724" class="1004" name="p_mid1220_fu_724">
<pin_list>
<pin id="725" dir="0" index="0" bw="5" slack="0"/>
<pin id="726" dir="0" index="1" bw="1" slack="0"/>
<pin id="727" dir="1" index="2" bw="6" slack="0"/>
</pin_list>
<bind>
<opcode="add(8) " fcode="add"/>
<opset="p_mid1220/1 "/>
</bind>
</comp>

<comp id="730" class="1004" name="cmp27_i431_not_mid1_fu_730">
<pin_list>
<pin id="731" dir="0" index="0" bw="5" slack="0"/>
<pin id="732" dir="0" index="1" bw="1" slack="0"/>
<pin id="733" dir="1" index="2" bw="1" slack="0"/>
</pin_list>
<bind>
<opcode="icmp(45) " fcode="icmp"/>
<opset="cmp27_i431_not_mid1/1 "/>
</bind>
</comp>

<comp id="736" class="1004" name="cmp29_i433_not_mid1_fu_736">
<pin_list>
<pin id="737" dir="0" index="0" bw="6" slack="0"/>
<pin id="738" dir="0" index="1" bw="6" slack="0"/>
<pin id="739" dir="1" index="2" bw="1" slack="0"/>
</pin_list>
<bind>
<opcode="icmp(45) " fcode="icmp"/>
<opset="cmp29_i433_not_mid1/1 "/>
</bind>
</comp>

<comp id="742" class="1004" name="tmp28_mid1_fu_742">
<pin_list>
<pin id="743" dir="0" index="0" bw="1" slack="0"/>
<pin id="744" dir="0" index="1" bw="1" slack="0"/>
<pin id="745" dir="1" index="2" bw="1" slack="0"/>
</pin_list>
<bind>
<opcode="or(24) " fcode="or"/>
<opset="tmp28_mid1/1 "/>
</bind>
</comp>

<comp id="748" class="1004" name="tmp29_mid1_fu_748">
<pin_list>
<pin id="749" dir="0" index="0" bw="1" slack="0"/>
<pin id="750" dir="0" index="1" bw="1" slack="0"/>
<pin id="751" dir="1" index="2" bw="1" slack="0"/>
</pin_list>
<bind>
<opcode="or(24) " fcode="or"/>
<opset="tmp29_mid1/1 "/>
</bind>
</comp>

<comp id="754" class="1004" name="brmerge88_mid1_fu_754">
<pin_list>
<pin id="755" dir="0" index="0" bw="1" slack="0"/>
<pin id="756" dir="0" index="1" bw="1" slack="0"/>
<pin id="757" dir="1" index="2" bw="1" slack="0"/>
</pin_list>
<bind>
<opcode="or(24) " fcode="or"/>
<opset="brmerge88_mid1/1 "/>
</bind>
</comp>

<comp id="760" class="1004" name="select_ln125_2_fu_760">
<pin_list>
<pin id="761" dir="0" index="0" bw="1" slack="0"/>
<pin id="762" dir="0" index="1" bw="1" slack="0"/>
<pin id="763" dir="0" index="2" bw="1" slack="0"/>
<pin id="764" dir="1" index="3" bw="1" slack="1"/>
</pin_list>
<bind>
<opcode="select(49) " fcode="select"/>
<opset="select_ln125_2/1 "/>
</bind>
</comp>

<comp id="768" class="1004" name="shl_ln132_mid1_fu_768">
<pin_list>
<pin id="769" dir="0" index="0" bw="10" slack="0"/>
<pin id="770" dir="0" index="1" bw="6" slack="0"/>
<pin id="771" dir="0" index="2" bw="1" slack="0"/>
<pin id="772" dir="1" index="3" bw="10" slack="0"/>
</pin_list>
<bind>
<opcode="bitconcatenate(1004) " fcode="bitconcatenate"/>
<opset="shl_ln132_mid1/1 "/>
</bind>
</comp>

<comp id="776" class="1004" name="sext_ln132_4_fu_776">
<pin_list>
<pin id="777" dir="0" index="0" bw="10" slack="0"/>
<pin id="778" dir="1" index="1" bw="13" slack="0"/>
</pin_list>
<bind>
<opcode="sext(35) " fcode="sext"/>
<opset="sext_ln132_4/1 "/>
</bind>
</comp>

<comp id="780" class="1004" name="add_ln132_3_fu_780">
<pin_list>
<pin id="781" dir="0" index="0" bw="10" slack="0"/>
<pin id="782" dir="0" index="1" bw="13" slack="0"/>
<pin id="783" dir="1" index="2" bw="13" slack="0"/>
</pin_list>
<bind>
<opcode="add(8) " fcode="add"/>
<opset="add_ln132_3/1 "/>
</bind>
</comp>

<comp id="786" class="1004" name="sext_ln132_5_fu_786">
<pin_list>
<pin id="787" dir="0" index="0" bw="13" slack="0"/>
<pin id="788" dir="1" index="1" bw="14" slack="0"/>
</pin_list>
<bind>
<opcode="sext(35) " fcode="sext"/>
<opset="sext_ln132_5/1 "/>
</bind>
</comp>

<comp id="790" class="1004" name="zext_ln132_4_fu_790">
<pin_list>
<pin id="791" dir="0" index="0" bw="13" slack="0"/>
<pin id="792" dir="1" index="1" bw="15" slack="0"/>
</pin_list>
<bind>
<opcode="zext(34) " fcode="zext"/>
<opset="zext_ln132_4/1 "/>
</bind>
</comp>

<comp id="794" class="1004" name="add_ln132_4_fu_794">
<pin_list>
<pin id="795" dir="0" index="0" bw="14" slack="0"/>
<pin id="796" dir="0" index="1" bw="15" slack="0"/>
<pin id="797" dir="1" index="2" bw="15" slack="0"/>
</pin_list>
<bind>
<opcode="add(8) " fcode="add"/>
<opset="add_ln132_4/1 "/>
</bind>
</comp>

<comp id="800" class="1004" name="trunc_ln132_fu_800">
<pin_list>
<pin id="801" dir="0" index="0" bw="4" slack="0"/>
<pin id="802" dir="1" index="1" bw="3" slack="0"/>
</pin_list>
<bind>
<opcode="trunc(33) " fcode="trunc"/>
<opset="trunc_ln132/1 "/>
</bind>
</comp>

<comp id="804" class="1004" name="shl_ln132_fu_804">
<pin_list>
<pin id="805" dir="0" index="0" bw="4" slack="0"/>
<pin id="806" dir="0" index="1" bw="1" slack="0"/>
<pin id="807" dir="1" index="2" bw="4" slack="0"/>
</pin_list>
<bind>
<opcode="shl(20) " fcode="shl"/>
<opset="shl_ln132/1 "/>
</bind>
</comp>

<comp id="810" class="1004" name="tmp_s_fu_810">
<pin_list>
<pin id="811" dir="0" index="0" bw="11" slack="0"/>
<pin id="812" dir="0" index="1" bw="15" slack="0"/>
<pin id="813" dir="0" index="2" bw="4" slack="0"/>
<pin id="814" dir="0" index="3" bw="5" slack="0"/>
<pin id="815" dir="1" index="4" bw="11" slack="0"/>
</pin_list>
<bind>
<opcode="partselect(1002) " fcode="partselect"/>
<opset="tmp_s/1 "/>
</bind>
</comp>

<comp id="820" class="1004" name="tmp_5_fu_820">
<pin_list>
<pin id="821" dir="0" index="0" bw="11" slack="0"/>
<pin id="822" dir="0" index="1" bw="15" slack="0"/>
<pin id="823" dir="0" index="2" bw="4" slack="0"/>
<pin id="824" dir="0" index="3" bw="5" slack="0"/>
<pin id="825" dir="1" index="4" bw="11" slack="0"/>
</pin_list>
<bind>
<opcode="partselect(1002) " fcode="partselect"/>
<opset="tmp_5/1 "/>
</bind>
</comp>

<comp id="830" class="1004" name="select_ln123_8_fu_830">
<pin_list>
<pin id="831" dir="0" index="0" bw="1" slack="0"/>
<pin id="832" dir="0" index="1" bw="11" slack="0"/>
<pin id="833" dir="0" index="2" bw="11" slack="0"/>
<pin id="834" dir="1" index="3" bw="11" slack="0"/>
</pin_list>
<bind>
<opcode="select(49) " fcode="select"/>
<opset="select_ln123_8/1 "/>
</bind>
</comp>

<comp id="838" class="1004" name="tmp_6_fu_838">
<pin_list>
<pin id="839" dir="0" index="0" bw="11" slack="0"/>
<pin id="840" dir="0" index="1" bw="15" slack="0"/>
<pin id="841" dir="0" index="2" bw="4" slack="0"/>
<pin id="842" dir="0" index="3" bw="5" slack="0"/>
<pin id="843" dir="1" index="4" bw="11" slack="0"/>
</pin_list>
<bind>
<opcode="partselect(1002) " fcode="partselect"/>
<opset="tmp_6/1 "/>
</bind>
</comp>

<comp id="848" class="1004" name="select_ln125_3_fu_848">
<pin_list>
<pin id="849" dir="0" index="0" bw="1" slack="0"/>
<pin id="850" dir="0" index="1" bw="11" slack="0"/>
<pin id="851" dir="0" index="2" bw="11" slack="0"/>
<pin id="852" dir="1" index="3" bw="11" slack="0"/>
</pin_list>
<bind>
<opcode="select(49) " fcode="select"/>
<opset="select_ln125_3/1 "/>
</bind>
</comp>

<comp id="856" class="1004" name="lshr_ln5_fu_856">
<pin_list>
<pin id="857" dir="0" index="0" bw="14" slack="0"/>
<pin id="858" dir="0" index="1" bw="11" slack="0"/>
<pin id="859" dir="0" index="2" bw="3" slack="0"/>
<pin id="860" dir="1" index="3" bw="14" slack="0"/>
</pin_list>
<bind>
<opcode="bitconcatenate(1004) " fcode="bitconcatenate"/>
<opset="lshr_ln5/1 "/>
</bind>
</comp>

<comp id="864" class="1004" name="zext_ln132_fu_864">
<pin_list>
<pin id="865" dir="0" index="0" bw="14" slack="0"/>
<pin id="866" dir="1" index="1" bw="64" slack="0"/>
</pin_list>
<bind>
<opcode="zext(34) " fcode="zext"/>
<opset="zext_ln132/1 "/>
</bind>
</comp>

<comp id="869" class="1004" name="tmp_7_fu_869">
<pin_list>
<pin id="870" dir="0" index="0" bw="2" slack="0"/>
<pin id="871" dir="0" index="1" bw="4" slack="0"/>
<pin id="872" dir="0" index="2" bw="1" slack="0"/>
<pin id="873" dir="0" index="3" bw="3" slack="0"/>
<pin id="874" dir="1" index="4" bw="2" slack="0"/>
</pin_list>
<bind>
<opcode="partselect(1002) " fcode="partselect"/>
<opset="tmp_7/1 "/>
</bind>
</comp>

<comp id="879" class="1004" name="add_ln133_7_fu_879">
<pin_list>
<pin id="880" dir="0" index="0" bw="6" slack="0"/>
<pin id="881" dir="0" index="1" bw="2" slack="0"/>
<pin id="882" dir="0" index="2" bw="4" slack="0"/>
<pin id="883" dir="1" index="3" bw="6" slack="0"/>
</pin_list>
<bind>
<opcode="bitconcatenate(1004) " fcode="bitconcatenate"/>
<opset="add_ln133_7/1 "/>
</bind>
</comp>

<comp id="887" class="1004" name="zext_ln133_fu_887">
<pin_list>
<pin id="888" dir="0" index="0" bw="6" slack="0"/>
<pin id="889" dir="1" index="1" bw="7" slack="0"/>
</pin_list>
<bind>
<opcode="zext(34) " fcode="zext"/>
<opset="zext_ln133/1 "/>
</bind>
</comp>

<comp id="891" class="1004" name="add_ln133_fu_891">
<pin_list>
<pin id="892" dir="0" index="0" bw="2" slack="0"/>
<pin id="893" dir="0" index="1" bw="6" slack="0"/>
<pin id="894" dir="1" index="2" bw="7" slack="0"/>
</pin_list>
<bind>
<opcode="add(8) " fcode="add"/>
<opset="add_ln133/1 "/>
</bind>
</comp>

<comp id="897" class="1004" name="zext_ln133_1_fu_897">
<pin_list>
<pin id="898" dir="0" index="0" bw="7" slack="0"/>
<pin id="899" dir="1" index="1" bw="9" slack="0"/>
</pin_list>
<bind>
<opcode="zext(34) " fcode="zext"/>
<opset="zext_ln133_1/1 "/>
</bind>
</comp>

<comp id="901" class="1004" name="add_ln133_1_fu_901">
<pin_list>
<pin id="902" dir="0" index="0" bw="7" slack="0"/>
<pin id="903" dir="0" index="1" bw="9" slack="0"/>
<pin id="904" dir="1" index="2" bw="9" slack="0"/>
</pin_list>
<bind>
<opcode="add(8) " fcode="add"/>
<opset="add_ln133_1/1 "/>
</bind>
</comp>

<comp id="907" class="1004" name="zext_ln1271_fu_907">
<pin_list>
<pin id="908" dir="0" index="0" bw="9" slack="0"/>
<pin id="909" dir="1" index="1" bw="64" slack="0"/>
</pin_list>
<bind>
<opcode="zext(34) " fcode="zext"/>
<opset="zext_ln1271/1 "/>
</bind>
</comp>

<comp id="912" class="1004" name="or_ln132_fu_912">
<pin_list>
<pin id="913" dir="0" index="0" bw="4" slack="0"/>
<pin id="914" dir="0" index="1" bw="3" slack="0"/>
<pin id="915" dir="1" index="2" bw="4" slack="0"/>
</pin_list>
<bind>
<opcode="or(24) " fcode="or"/>
<opset="or_ln132/1 "/>
</bind>
</comp>

<comp id="918" class="1004" name="tmp_8_fu_918">
<pin_list>
<pin id="919" dir="0" index="0" bw="3" slack="0"/>
<pin id="920" dir="0" index="1" bw="4" slack="0"/>
<pin id="921" dir="0" index="2" bw="1" slack="0"/>
<pin id="922" dir="0" index="3" bw="3" slack="0"/>
<pin id="923" dir="1" index="4" bw="3" slack="0"/>
</pin_list>
<bind>
<opcode="partselect(1002) " fcode="partselect"/>
<opset="tmp_8/1 "/>
</bind>
</comp>

<comp id="928" class="1004" name="lshr_ln132_1_fu_928">
<pin_list>
<pin id="929" dir="0" index="0" bw="14" slack="0"/>
<pin id="930" dir="0" index="1" bw="11" slack="0"/>
<pin id="931" dir="0" index="2" bw="3" slack="0"/>
<pin id="932" dir="1" index="3" bw="14" slack="0"/>
</pin_list>
<bind>
<opcode="bitconcatenate(1004) " fcode="bitconcatenate"/>
<opset="lshr_ln132_1/1 "/>
</bind>
</comp>

<comp id="936" class="1004" name="zext_ln132_1_fu_936">
<pin_list>
<pin id="937" dir="0" index="0" bw="14" slack="0"/>
<pin id="938" dir="1" index="1" bw="64" slack="0"/>
</pin_list>
<bind>
<opcode="zext(34) " fcode="zext"/>
<opset="zext_ln132_1/1 "/>
</bind>
</comp>

<comp id="941" class="1004" name="add_ln133_2_fu_941">
<pin_list>
<pin id="942" dir="0" index="0" bw="6" slack="0"/>
<pin id="943" dir="0" index="1" bw="5" slack="0"/>
<pin id="944" dir="1" index="2" bw="7" slack="0"/>
</pin_list>
<bind>
<opcode="add(8) " fcode="add"/>
<opset="add_ln133_2/1 "/>
</bind>
</comp>

<comp id="947" class="1004" name="add_ln133_3_fu_947">
<pin_list>
<pin id="948" dir="0" index="0" bw="7" slack="0"/>
<pin id="949" dir="0" index="1" bw="2" slack="0"/>
<pin id="950" dir="1" index="2" bw="7" slack="0"/>
</pin_list>
<bind>
<opcode="add(8) " fcode="add"/>
<opset="add_ln133_3/1 "/>
</bind>
</comp>

<comp id="953" class="1004" name="zext_ln133_2_fu_953">
<pin_list>
<pin id="954" dir="0" index="0" bw="7" slack="0"/>
<pin id="955" dir="1" index="1" bw="9" slack="0"/>
</pin_list>
<bind>
<opcode="zext(34) " fcode="zext"/>
<opset="zext_ln133_2/1 "/>
</bind>
</comp>

<comp id="957" class="1004" name="add_ln133_4_fu_957">
<pin_list>
<pin id="958" dir="0" index="0" bw="7" slack="0"/>
<pin id="959" dir="0" index="1" bw="9" slack="0"/>
<pin id="960" dir="1" index="2" bw="9" slack="1"/>
</pin_list>
<bind>
<opcode="add(8) " fcode="add"/>
<opset="add_ln133_4/1 "/>
</bind>
</comp>

<comp id="963" class="1004" name="add_ln127_fu_963">
<pin_list>
<pin id="964" dir="0" index="0" bw="4" slack="0"/>
<pin id="965" dir="0" index="1" bw="3" slack="0"/>
<pin id="966" dir="1" index="2" bw="4" slack="0"/>
</pin_list>
<bind>
<opcode="add(8) " fcode="add"/>
<opset="add_ln127/1 "/>
</bind>
</comp>

<comp id="969" class="1004" name="add_ln125_1_fu_969">
<pin_list>
<pin id="970" dir="0" index="0" bw="5" slack="0"/>
<pin id="971" dir="0" index="1" bw="1" slack="0"/>
<pin id="972" dir="1" index="2" bw="5" slack="0"/>
</pin_list>
<bind>
<opcode="add(8) " fcode="add"/>
<opset="add_ln125_1/1 "/>
</bind>
</comp>

<comp id="975" class="1004" name="select_ln125_4_fu_975">
<pin_list>
<pin id="976" dir="0" index="0" bw="1" slack="0"/>
<pin id="977" dir="0" index="1" bw="1" slack="0"/>
<pin id="978" dir="0" index="2" bw="5" slack="0"/>
<pin id="979" dir="1" index="3" bw="5" slack="0"/>
</pin_list>
<bind>
<opcode="select(49) " fcode="select"/>
<opset="select_ln125_4/1 "/>
</bind>
</comp>

<comp id="983" class="1004" name="store_ln127_store_fu_983">
<pin_list>
<pin id="984" dir="0" index="0" bw="6" slack="0"/>
<pin id="985" dir="0" index="1" bw="6" slack="0"/>
<pin id="986" dir="1" index="2" bw="0" slack="2147483647"/>
</pin_list>
<bind>
<opcode="store(28) " fcode="store"/>
<opset="store_ln127/1 "/>
</bind>
</comp>

<comp id="988" class="1004" name="store_ln127_store_fu_988">
<pin_list>
<pin id="989" dir="0" index="0" bw="2" slack="0"/>
<pin id="990" dir="0" index="1" bw="2" slack="0"/>
<pin id="991" dir="1" index="2" bw="0" slack="2147483647"/>
</pin_list>
<bind>
<opcode="store(28) " fcode="store"/>
<opset="store_ln127/1 "/>
</bind>
</comp>

<comp id="993" class="1004" name="store_ln127_store_fu_993">
<pin_list>
<pin id="994" dir="0" index="0" bw="5" slack="0"/>
<pin id="995" dir="0" index="1" bw="5" slack="0"/>
<pin id="996" dir="1" index="2" bw="0" slack="2147483647"/>
</pin_list>
<bind>
<opcode="store(28) " fcode="store"/>
<opset="store_ln127/1 "/>
</bind>
</comp>

<comp id="998" class="1004" name="store_ln127_store_fu_998">
<pin_list>
<pin id="999" dir="0" index="0" bw="2" slack="0"/>
<pin id="1000" dir="0" index="1" bw="2" slack="0"/>
<pin id="1001" dir="1" index="2" bw="0" slack="2147483647"/>
</pin_list>
<bind>
<opcode="store(28) " fcode="store"/>
<opset="store_ln127/1 "/>
</bind>
</comp>

<comp id="1003" class="1004" name="store_ln127_store_fu_1003">
<pin_list>
<pin id="1004" dir="0" index="0" bw="4" slack="0"/>
<pin id="1005" dir="0" index="1" bw="4" slack="0"/>
<pin id="1006" dir="1" index="2" bw="0" slack="2147483647"/>
</pin_list>
<bind>
<opcode="store(28) " fcode="store"/>
<opset="store_ln127/1 "/>
</bind>
</comp>

<comp id="1008" class="1004" name="val_V_15_fu_1008">
<pin_list>
<pin id="1009" dir="0" index="0" bw="1" slack="1"/>
<pin id="1010" dir="0" index="1" bw="1" slack="0"/>
<pin id="1011" dir="0" index="2" bw="16" slack="0"/>
<pin id="1012" dir="1" index="3" bw="16" slack="0"/>
</pin_list>
<bind>
<opcode="select(49) " fcode="select"/>
<opset="val_V_15/2 "/>
</bind>
</comp>

<comp id="1015" class="1004" name="sext_ln1347_fu_1015">
<pin_list>
<pin id="1016" dir="0" index="0" bw="16" slack="0"/>
<pin id="1017" dir="1" index="1" bw="26" slack="0"/>
</pin_list>
<bind>
<opcode="sext(35) " fcode="sext"/>
<opset="sext_ln1347/2 "/>
</bind>
</comp>

<comp id="1019" class="1004" name="sext_ln1347_4_fu_1019">
<pin_list>
<pin id="1020" dir="0" index="0" bw="12" slack="0"/>
<pin id="1021" dir="1" index="1" bw="26" slack="0"/>
</pin_list>
<bind>
<opcode="sext(35) " fcode="sext"/>
<opset="sext_ln1347_4/2 "/>
</bind>
</comp>

<comp id="1023" class="1004" name="val_V_16_fu_1023">
<pin_list>
<pin id="1024" dir="0" index="0" bw="1" slack="1"/>
<pin id="1025" dir="0" index="1" bw="1" slack="0"/>
<pin id="1026" dir="0" index="2" bw="16" slack="0"/>
<pin id="1027" dir="1" index="3" bw="16" slack="1"/>
</pin_list>
<bind>
<opcode="select(49) " fcode="select"/>
<opset="val_V_16/2 "/>
</bind>
</comp>

<comp id="1030" class="1004" name="zext_ln1271_3_fu_1030">
<pin_list>
<pin id="1031" dir="0" index="0" bw="9" slack="1"/>
<pin id="1032" dir="1" index="1" bw="64" slack="0"/>
</pin_list>
<bind>
<opcode="zext(34) " fcode="zext"/>
<opset="zext_ln1271_3/2 "/>
</bind>
</comp>

<comp id="1034" class="1004" name="sext_ln1347_5_fu_1034">
<pin_list>
<pin id="1035" dir="0" index="0" bw="16" slack="1"/>
<pin id="1036" dir="1" index="1" bw="26" slack="0"/>
</pin_list>
<bind>
<opcode="sext(35) " fcode="sext"/>
<opset="sext_ln1347_5/3 "/>
</bind>
</comp>

<comp id="1037" class="1004" name="sext_ln1347_6_fu_1037">
<pin_list>
<pin id="1038" dir="0" index="0" bw="12" slack="0"/>
<pin id="1039" dir="1" index="1" bw="26" slack="0"/>
</pin_list>
<bind>
<opcode="sext(35) " fcode="sext"/>
<opset="sext_ln1347_6/3 "/>
</bind>
</comp>

<comp id="1041" class="1004" name="lhs_load_3_load_fu_1041">
<pin_list>
<pin id="1042" dir="0" index="0" bw="16" slack="3"/>
<pin id="1043" dir="1" index="1" bw="16" slack="0"/>
</pin_list>
<bind>
<opcode="load(27) " fcode="load"/>
<opset="lhs_load_3/4 "/>
</bind>
</comp>

<comp id="1044" class="1004" name="lhs_6_fu_1044">
<pin_list>
<pin id="1045" dir="0" index="0" bw="26" slack="0"/>
<pin id="1046" dir="0" index="1" bw="16" slack="0"/>
<pin id="1047" dir="0" index="2" bw="1" slack="0"/>
<pin id="1048" dir="1" index="3" bw="26" slack="0"/>
</pin_list>
<bind>
<opcode="bitconcatenate(1004) " fcode="bitconcatenate"/>
<opset="lhs_6/4 "/>
</bind>
</comp>

<comp id="1052" class="1004" name="tmp_9_fu_1052">
<pin_list>
<pin id="1053" dir="0" index="0" bw="16" slack="0"/>
<pin id="1054" dir="0" index="1" bw="26" slack="0"/>
<pin id="1055" dir="0" index="2" bw="5" slack="0"/>
<pin id="1056" dir="0" index="3" bw="6" slack="0"/>
<pin id="1057" dir="1" index="4" bw="16" slack="0"/>
</pin_list>
<bind>
<opcode="partselect(1002) " fcode="partselect"/>
<opset="tmp_9/5 "/>
</bind>
</comp>

<comp id="1061" class="1004" name="lhs_7_fu_1061">
<pin_list>
<pin id="1062" dir="0" index="0" bw="26" slack="0"/>
<pin id="1063" dir="0" index="1" bw="16" slack="0"/>
<pin id="1064" dir="0" index="2" bw="1" slack="0"/>
<pin id="1065" dir="1" index="3" bw="26" slack="0"/>
</pin_list>
<bind>
<opcode="bitconcatenate(1004) " fcode="bitconcatenate"/>
<opset="lhs_7/5 "/>
</bind>
</comp>

<comp id="1069" class="1004" name="s_V_fu_1069">
<pin_list>
<pin id="1070" dir="0" index="0" bw="16" slack="0"/>
<pin id="1071" dir="0" index="1" bw="26" slack="0"/>
<pin id="1072" dir="0" index="2" bw="5" slack="0"/>
<pin id="1073" dir="0" index="3" bw="6" slack="0"/>
<pin id="1074" dir="1" index="4" bw="16" slack="0"/>
</pin_list>
<bind>
<opcode="partselect(1002) " fcode="partselect"/>
<opset="s_V/6 "/>
</bind>
</comp>

<comp id="1078" class="1004" name="store_ln127_store_fu_1078">
<pin_list>
<pin id="1079" dir="0" index="0" bw="16" slack="0"/>
<pin id="1080" dir="0" index="1" bw="16" slack="5"/>
<pin id="1081" dir="1" index="2" bw="0" slack="2147483647"/>
</pin_list>
<bind>
<opcode="store(28) " fcode="store"/>
<opset="store_ln127/6 "/>
</bind>
</comp>

<comp id="1083" class="1004" name="lhs_load_load_fu_1083">
<pin_list>
<pin id="1084" dir="0" index="0" bw="16" slack="3"/>
<pin id="1085" dir="1" index="1" bw="16" slack="0"/>
</pin_list>
<bind>
<opcode="load(27) " fcode="load"/>
<opset="lhs_load/4 "/>
</bind>
</comp>

<comp id="1087" class="1007" name="grp_fu_1087">
<pin_list>
<pin id="1088" dir="0" index="0" bw="12" slack="0"/>
<pin id="1089" dir="0" index="1" bw="16" slack="0"/>
<pin id="1090" dir="0" index="2" bw="26" slack="0"/>
<pin id="1091" dir="1" index="3" bw="26" slack="0"/>
</pin_list>
<bind>
<opcode="muladd(1172) " fcode="muladd"/>
<opset="mul_ln1347/2 ret_V/4 "/>
</bind>
</comp>

<comp id="1096" class="1007" name="grp_fu_1096">
<pin_list>
<pin id="1097" dir="0" index="0" bw="12" slack="0"/>
<pin id="1098" dir="0" index="1" bw="16" slack="0"/>
<pin id="1099" dir="0" index="2" bw="26" slack="0"/>
<pin id="1100" dir="1" index="3" bw="26" slack="0"/>
</pin_list>
<bind>
<opcode="muladd(1172) " fcode="muladd"/>
<opset="mul_ln1347_2/3 ret_V_3/5 "/>
</bind>
</comp>

<comp id="1105" class="1005" name="lhs_reg_1105">
<pin_list>
<pin id="1106" dir="0" index="0" bw="16" slack="0"/>
<pin id="1107" dir="1" index="1" bw="16" slack="0"/>
</pin_list>
<bind>
<opset="lhs "/>
</bind>
</comp>

<comp id="1113" class="1005" name="k_reg_1113">
<pin_list>
<pin id="1114" dir="0" index="0" bw="4" slack="0"/>
<pin id="1115" dir="1" index="1" bw="4" slack="0"/>
</pin_list>
<bind>
<opset="k "/>
</bind>
</comp>

<comp id="1120" class="1005" name="j_reg_1120">
<pin_list>
<pin id="1121" dir="0" index="0" bw="2" slack="0"/>
<pin id="1122" dir="1" index="1" bw="2" slack="0"/>
</pin_list>
<bind>
<opset="j "/>
</bind>
</comp>

<comp id="1127" class="1005" name="indvar_flatten222_reg_1127">
<pin_list>
<pin id="1128" dir="0" index="0" bw="5" slack="0"/>
<pin id="1129" dir="1" index="1" bw="5" slack="0"/>
</pin_list>
<bind>
<opset="indvar_flatten222 "/>
</bind>
</comp>

<comp id="1134" class="1005" name="i_reg_1134">
<pin_list>
<pin id="1135" dir="0" index="0" bw="2" slack="0"/>
<pin id="1136" dir="1" index="1" bw="2" slack="0"/>
</pin_list>
<bind>
<opset="i "/>
</bind>
</comp>

<comp id="1141" class="1005" name="indvar_flatten282_reg_1141">
<pin_list>
<pin id="1142" dir="0" index="0" bw="6" slack="0"/>
<pin id="1143" dir="1" index="1" bw="6" slack="0"/>
</pin_list>
<bind>
<opset="indvar_flatten282 "/>
</bind>
</comp>

<comp id="1148" class="1005" name="icmp_ln123_reg_1148">
<pin_list>
<pin id="1149" dir="0" index="0" bw="1" slack="1"/>
<pin id="1150" dir="1" index="1" bw="1" slack="2147483647"/>
</pin_list>
<bind>
<opset="icmp_ln123 "/>
</bind>
</comp>

<comp id="1152" class="1005" name="select_ln125_2_reg_1152">
<pin_list>
<pin id="1153" dir="0" index="0" bw="1" slack="1"/>
<pin id="1154" dir="1" index="1" bw="1" slack="1"/>
</pin_list>
<bind>
<opset="select_ln125_2 "/>
</bind>
</comp>

<comp id="1158" class="1005" name="d_addr_reg_1158">
<pin_list>
<pin id="1159" dir="0" index="0" bw="14" slack="1"/>
<pin id="1160" dir="1" index="1" bw="14" slack="1"/>
</pin_list>
<bind>
<opset="d_addr "/>
</bind>
</comp>

<comp id="1163" class="1005" name="conv3_kernel_V_addr_reg_1163">
<pin_list>
<pin id="1164" dir="0" index="0" bw="9" slack="1"/>
<pin id="1165" dir="1" index="1" bw="9" slack="1"/>
</pin_list>
<bind>
<opset="conv3_kernel_V_addr "/>
</bind>
</comp>

<comp id="1168" class="1005" name="d_addr_2_reg_1168">
<pin_list>
<pin id="1169" dir="0" index="0" bw="14" slack="1"/>
<pin id="1170" dir="1" index="1" bw="14" slack="1"/>
</pin_list>
<bind>
<opset="d_addr_2 "/>
</bind>
</comp>

<comp id="1173" class="1005" name="add_ln133_4_reg_1173">
<pin_list>
<pin id="1174" dir="0" index="0" bw="9" slack="1"/>
<pin id="1175" dir="1" index="1" bw="9" slack="1"/>
</pin_list>
<bind>
<opset="add_ln133_4 "/>
</bind>
</comp>

<comp id="1178" class="1005" name="sext_ln1347_reg_1178">
<pin_list>
<pin id="1179" dir="0" index="0" bw="26" slack="1"/>
<pin id="1180" dir="1" index="1" bw="26" slack="1"/>
</pin_list>
<bind>
<opset="sext_ln1347 "/>
</bind>
</comp>

<comp id="1183" class="1005" name="sext_ln1347_4_reg_1183">
<pin_list>
<pin id="1184" dir="0" index="0" bw="26" slack="1"/>
<pin id="1185" dir="1" index="1" bw="26" slack="1"/>
</pin_list>
<bind>
<opset="sext_ln1347_4 "/>
</bind>
</comp>

<comp id="1188" class="1005" name="val_V_16_reg_1188">
<pin_list>
<pin id="1189" dir="0" index="0" bw="16" slack="1"/>
<pin id="1190" dir="1" index="1" bw="16" slack="1"/>
</pin_list>
<bind>
<opset="val_V_16 "/>
</bind>
</comp>

<comp id="1193" class="1005" name="conv3_kernel_V_addr_1_reg_1193">
<pin_list>
<pin id="1194" dir="0" index="0" bw="9" slack="1"/>
<pin id="1195" dir="1" index="1" bw="9" slack="1"/>
</pin_list>
<bind>
<opset="conv3_kernel_V_addr_1 "/>
</bind>
</comp>

<comp id="1198" class="1005" name="sext_ln1347_5_reg_1198">
<pin_list>
<pin id="1199" dir="0" index="0" bw="26" slack="1"/>
<pin id="1200" dir="1" index="1" bw="26" slack="1"/>
</pin_list>
<bind>
<opset="sext_ln1347_5 "/>
</bind>
</comp>

<comp id="1203" class="1005" name="sext_ln1347_6_reg_1203">
<pin_list>
<pin id="1204" dir="0" index="0" bw="26" slack="1"/>
<pin id="1205" dir="1" index="1" bw="26" slack="1"/>
</pin_list>
<bind>
<opset="sext_ln1347_6 "/>
</bind>
</comp>

<comp id="1208" class="1005" name="lhs_6_reg_1208">
<pin_list>
<pin id="1209" dir="0" index="0" bw="26" slack="1"/>
<pin id="1210" dir="1" index="1" bw="26" slack="1"/>
</pin_list>
<bind>
<opset="lhs_6 "/>
</bind>
</comp>

<comp id="1213" class="1005" name="lhs_7_reg_1213">
<pin_list>
<pin id="1214" dir="0" index="0" bw="26" slack="1"/>
<pin id="1215" dir="1" index="1" bw="26" slack="1"/>
</pin_list>
<bind>
<opset="lhs_7 "/>
</bind>
</comp>

</comp_list>

<net_list>
<net id="135"><net_src comp="20" pin="0"/><net_sink comp="132" pin=0"/></net>

<net id="139"><net_src comp="20" pin="0"/><net_sink comp="136" pin=0"/></net>

<net id="143"><net_src comp="20" pin="0"/><net_sink comp="140" pin=0"/></net>

<net id="147"><net_src comp="20" pin="0"/><net_sink comp="144" pin=0"/></net>

<net id="151"><net_src comp="20" pin="0"/><net_sink comp="148" pin=0"/></net>

<net id="155"><net_src comp="20" pin="0"/><net_sink comp="152" pin=0"/></net>

<net id="160"><net_src comp="24" pin="0"/><net_sink comp="156" pin=0"/></net>

<net id="161"><net_src comp="12" pin="0"/><net_sink comp="156" pin=1"/></net>

<net id="166"><net_src comp="26" pin="0"/><net_sink comp="162" pin=0"/></net>

<net id="167"><net_src comp="10" pin="0"/><net_sink comp="162" pin=1"/></net>

<net id="172"><net_src comp="26" pin="0"/><net_sink comp="168" pin=0"/></net>

<net id="173"><net_src comp="8" pin="0"/><net_sink comp="168" pin=1"/></net>

<net id="178"><net_src comp="28" pin="0"/><net_sink comp="174" pin=0"/></net>

<net id="179"><net_src comp="6" pin="0"/><net_sink comp="174" pin=1"/></net>

<net id="184"><net_src comp="30" pin="0"/><net_sink comp="180" pin=0"/></net>

<net id="185"><net_src comp="4" pin="0"/><net_sink comp="180" pin=1"/></net>

<net id="190"><net_src comp="30" pin="0"/><net_sink comp="186" pin=0"/></net>

<net id="191"><net_src comp="2" pin="0"/><net_sink comp="186" pin=1"/></net>

<net id="196"><net_src comp="32" pin="0"/><net_sink comp="192" pin=0"/></net>

<net id="197"><net_src comp="0" pin="0"/><net_sink comp="192" pin=1"/></net>

<net id="203"><net_src comp="130" pin="0"/><net_sink comp="198" pin=0"/></net>

<net id="204"><net_src comp="16" pin="0"/><net_sink comp="198" pin=1"/></net>

<net id="210"><net_src comp="14" pin="0"/><net_sink comp="205" pin=0"/></net>

<net id="211"><net_src comp="90" pin="0"/><net_sink comp="205" pin=1"/></net>

<net id="221"><net_src comp="205" pin="3"/><net_sink comp="212" pin=2"/></net>

<net id="227"><net_src comp="18" pin="0"/><net_sink comp="222" pin=0"/></net>

<net id="228"><net_src comp="90" pin="0"/><net_sink comp="222" pin=1"/></net>

<net id="234"><net_src comp="222" pin="3"/><net_sink comp="229" pin=0"/></net>

<net id="240"><net_src comp="14" pin="0"/><net_sink comp="235" pin=0"/></net>

<net id="241"><net_src comp="90" pin="0"/><net_sink comp="235" pin=1"/></net>

<net id="242"><net_src comp="235" pin="3"/><net_sink comp="212" pin=0"/></net>

<net id="248"><net_src comp="18" pin="0"/><net_sink comp="243" pin=0"/></net>

<net id="249"><net_src comp="90" pin="0"/><net_sink comp="243" pin=1"/></net>

<net id="250"><net_src comp="243" pin="3"/><net_sink comp="229" pin=0"/></net>

<net id="254"><net_src comp="156" pin="2"/><net_sink comp="251" pin=0"/></net>

<net id="258"><net_src comp="251" pin="1"/><net_sink comp="255" pin=0"/></net>

<net id="262"><net_src comp="174" pin="2"/><net_sink comp="259" pin=0"/></net>

<net id="267"><net_src comp="34" pin="0"/><net_sink comp="263" pin=0"/></net>

<net id="272"><net_src comp="36" pin="0"/><net_sink comp="268" pin=0"/></net>

<net id="277"><net_src comp="38" pin="0"/><net_sink comp="273" pin=0"/></net>

<net id="282"><net_src comp="36" pin="0"/><net_sink comp="278" pin=0"/></net>

<net id="287"><net_src comp="40" pin="0"/><net_sink comp="283" pin=0"/></net>

<net id="292"><net_src comp="192" pin="2"/><net_sink comp="288" pin=0"/></net>

<net id="305"><net_src comp="296" pin="1"/><net_sink comp="302" pin=0"/></net>

<net id="310"><net_src comp="302" pin="1"/><net_sink comp="306" pin=0"/></net>

<net id="311"><net_src comp="186" pin="2"/><net_sink comp="306" pin=1"/></net>

<net id="315"><net_src comp="306" pin="2"/><net_sink comp="312" pin=0"/></net>

<net id="320"><net_src comp="312" pin="1"/><net_sink comp="316" pin=0"/></net>

<net id="321"><net_src comp="42" pin="0"/><net_sink comp="316" pin=1"/></net>

<net id="327"><net_src comp="44" pin="0"/><net_sink comp="322" pin=0"/></net>

<net id="328"><net_src comp="296" pin="1"/><net_sink comp="322" pin=1"/></net>

<net id="329"><net_src comp="36" pin="0"/><net_sink comp="322" pin=2"/></net>

<net id="333"><net_src comp="322" pin="3"/><net_sink comp="330" pin=0"/></net>

<net id="338"><net_src comp="330" pin="1"/><net_sink comp="334" pin=0"/></net>

<net id="339"><net_src comp="302" pin="1"/><net_sink comp="334" pin=1"/></net>

<net id="344"><net_src comp="306" pin="2"/><net_sink comp="340" pin=0"/></net>

<net id="345"><net_src comp="38" pin="0"/><net_sink comp="340" pin=1"/></net>

<net id="350"><net_src comp="316" pin="2"/><net_sink comp="346" pin=0"/></net>

<net id="351"><net_src comp="46" pin="0"/><net_sink comp="346" pin=1"/></net>

<net id="357"><net_src comp="48" pin="0"/><net_sink comp="352" pin=0"/></net>

<net id="358"><net_src comp="316" pin="2"/><net_sink comp="352" pin=1"/></net>

<net id="359"><net_src comp="50" pin="0"/><net_sink comp="352" pin=2"/></net>

<net id="365"><net_src comp="52" pin="0"/><net_sink comp="360" pin=0"/></net>

<net id="366"><net_src comp="316" pin="2"/><net_sink comp="360" pin=1"/></net>

<net id="367"><net_src comp="34" pin="0"/><net_sink comp="360" pin=2"/></net>

<net id="371"><net_src comp="360" pin="3"/><net_sink comp="368" pin=0"/></net>

<net id="376"><net_src comp="352" pin="3"/><net_sink comp="372" pin=0"/></net>

<net id="377"><net_src comp="368" pin="1"/><net_sink comp="372" pin=1"/></net>

<net id="381"><net_src comp="293" pin="1"/><net_sink comp="378" pin=0"/></net>

<net id="386"><net_src comp="378" pin="1"/><net_sink comp="382" pin=0"/></net>

<net id="387"><net_src comp="180" pin="2"/><net_sink comp="382" pin=1"/></net>

<net id="391"><net_src comp="382" pin="2"/><net_sink comp="388" pin=0"/></net>

<net id="396"><net_src comp="388" pin="1"/><net_sink comp="392" pin=0"/></net>

<net id="397"><net_src comp="42" pin="0"/><net_sink comp="392" pin=1"/></net>

<net id="402"><net_src comp="382" pin="2"/><net_sink comp="398" pin=0"/></net>

<net id="403"><net_src comp="38" pin="0"/><net_sink comp="398" pin=1"/></net>

<net id="408"><net_src comp="392" pin="2"/><net_sink comp="404" pin=0"/></net>

<net id="409"><net_src comp="46" pin="0"/><net_sink comp="404" pin=1"/></net>

<net id="414"><net_src comp="346" pin="2"/><net_sink comp="410" pin=0"/></net>

<net id="415"><net_src comp="398" pin="2"/><net_sink comp="410" pin=1"/></net>

<net id="420"><net_src comp="340" pin="2"/><net_sink comp="416" pin=0"/></net>

<net id="421"><net_src comp="404" pin="2"/><net_sink comp="416" pin=1"/></net>

<net id="426"><net_src comp="416" pin="2"/><net_sink comp="422" pin=0"/></net>

<net id="427"><net_src comp="410" pin="2"/><net_sink comp="422" pin=1"/></net>

<net id="433"><net_src comp="54" pin="0"/><net_sink comp="428" pin=0"/></net>

<net id="434"><net_src comp="392" pin="2"/><net_sink comp="428" pin=1"/></net>

<net id="435"><net_src comp="40" pin="0"/><net_sink comp="428" pin=2"/></net>

<net id="439"><net_src comp="428" pin="3"/><net_sink comp="436" pin=0"/></net>

<net id="444"><net_src comp="436" pin="1"/><net_sink comp="440" pin=0"/></net>

<net id="445"><net_src comp="56" pin="0"/><net_sink comp="440" pin=1"/></net>

<net id="449"><net_src comp="440" pin="2"/><net_sink comp="446" pin=0"/></net>

<net id="453"><net_src comp="446" pin="1"/><net_sink comp="450" pin=0"/></net>

<net id="458"><net_src comp="450" pin="1"/><net_sink comp="454" pin=0"/></net>

<net id="459"><net_src comp="372" pin="2"/><net_sink comp="454" pin=1"/></net>

<net id="464"><net_src comp="299" pin="1"/><net_sink comp="460" pin=0"/></net>

<net id="465"><net_src comp="66" pin="0"/><net_sink comp="460" pin=1"/></net>

<net id="470"><net_src comp="299" pin="1"/><net_sink comp="466" pin=0"/></net>

<net id="471"><net_src comp="68" pin="0"/><net_sink comp="466" pin=1"/></net>

<net id="482"><net_src comp="296" pin="1"/><net_sink comp="478" pin=0"/></net>

<net id="483"><net_src comp="70" pin="0"/><net_sink comp="478" pin=1"/></net>

<net id="488"><net_src comp="475" pin="1"/><net_sink comp="484" pin=0"/></net>

<net id="489"><net_src comp="72" pin="0"/><net_sink comp="484" pin=1"/></net>

<net id="495"><net_src comp="484" pin="2"/><net_sink comp="490" pin=0"/></net>

<net id="496"><net_src comp="36" pin="0"/><net_sink comp="490" pin=1"/></net>

<net id="497"><net_src comp="293" pin="1"/><net_sink comp="490" pin=2"/></net>

<net id="503"><net_src comp="484" pin="2"/><net_sink comp="498" pin=0"/></net>

<net id="504"><net_src comp="40" pin="0"/><net_sink comp="498" pin=1"/></net>

<net id="505"><net_src comp="472" pin="1"/><net_sink comp="498" pin=2"/></net>

<net id="509"><net_src comp="478" pin="2"/><net_sink comp="506" pin=0"/></net>

<net id="514"><net_src comp="506" pin="1"/><net_sink comp="510" pin=0"/></net>

<net id="515"><net_src comp="186" pin="2"/><net_sink comp="510" pin=1"/></net>

<net id="519"><net_src comp="510" pin="2"/><net_sink comp="516" pin=0"/></net>

<net id="524"><net_src comp="516" pin="1"/><net_sink comp="520" pin=0"/></net>

<net id="525"><net_src comp="42" pin="0"/><net_sink comp="520" pin=1"/></net>

<net id="531"><net_src comp="44" pin="0"/><net_sink comp="526" pin=0"/></net>

<net id="532"><net_src comp="478" pin="2"/><net_sink comp="526" pin=1"/></net>

<net id="533"><net_src comp="36" pin="0"/><net_sink comp="526" pin=2"/></net>

<net id="537"><net_src comp="526" pin="3"/><net_sink comp="534" pin=0"/></net>

<net id="542"><net_src comp="534" pin="1"/><net_sink comp="538" pin=0"/></net>

<net id="543"><net_src comp="506" pin="1"/><net_sink comp="538" pin=1"/></net>

<net id="548"><net_src comp="510" pin="2"/><net_sink comp="544" pin=0"/></net>

<net id="549"><net_src comp="38" pin="0"/><net_sink comp="544" pin=1"/></net>

<net id="555"><net_src comp="484" pin="2"/><net_sink comp="550" pin=0"/></net>

<net id="556"><net_src comp="544" pin="2"/><net_sink comp="550" pin=1"/></net>

<net id="557"><net_src comp="340" pin="2"/><net_sink comp="550" pin=2"/></net>

<net id="562"><net_src comp="520" pin="2"/><net_sink comp="558" pin=0"/></net>

<net id="563"><net_src comp="46" pin="0"/><net_sink comp="558" pin=1"/></net>

<net id="569"><net_src comp="484" pin="2"/><net_sink comp="564" pin=0"/></net>

<net id="570"><net_src comp="558" pin="2"/><net_sink comp="564" pin=1"/></net>

<net id="571"><net_src comp="346" pin="2"/><net_sink comp="564" pin=2"/></net>

<net id="577"><net_src comp="48" pin="0"/><net_sink comp="572" pin=0"/></net>

<net id="578"><net_src comp="520" pin="2"/><net_sink comp="572" pin=1"/></net>

<net id="579"><net_src comp="50" pin="0"/><net_sink comp="572" pin=2"/></net>

<net id="585"><net_src comp="52" pin="0"/><net_sink comp="580" pin=0"/></net>

<net id="586"><net_src comp="520" pin="2"/><net_sink comp="580" pin=1"/></net>

<net id="587"><net_src comp="34" pin="0"/><net_sink comp="580" pin=2"/></net>

<net id="591"><net_src comp="580" pin="3"/><net_sink comp="588" pin=0"/></net>

<net id="596"><net_src comp="572" pin="3"/><net_sink comp="592" pin=0"/></net>

<net id="597"><net_src comp="588" pin="1"/><net_sink comp="592" pin=1"/></net>

<net id="603"><net_src comp="484" pin="2"/><net_sink comp="598" pin=0"/></net>

<net id="604"><net_src comp="592" pin="2"/><net_sink comp="598" pin=1"/></net>

<net id="605"><net_src comp="372" pin="2"/><net_sink comp="598" pin=2"/></net>

<net id="611"><net_src comp="484" pin="2"/><net_sink comp="606" pin=0"/></net>

<net id="612"><net_src comp="538" pin="2"/><net_sink comp="606" pin=1"/></net>

<net id="613"><net_src comp="334" pin="2"/><net_sink comp="606" pin=2"/></net>

<net id="617"><net_src comp="606" pin="3"/><net_sink comp="614" pin=0"/></net>

<net id="622"><net_src comp="614" pin="1"/><net_sink comp="618" pin=0"/></net>

<net id="623"><net_src comp="259" pin="1"/><net_sink comp="618" pin=1"/></net>

<net id="628"><net_src comp="558" pin="2"/><net_sink comp="624" pin=0"/></net>

<net id="629"><net_src comp="168" pin="2"/><net_sink comp="624" pin=1"/></net>

<net id="634"><net_src comp="544" pin="2"/><net_sink comp="630" pin=0"/></net>

<net id="635"><net_src comp="162" pin="2"/><net_sink comp="630" pin=1"/></net>

<net id="640"><net_src comp="630" pin="2"/><net_sink comp="636" pin=0"/></net>

<net id="641"><net_src comp="624" pin="2"/><net_sink comp="636" pin=1"/></net>

<net id="647"><net_src comp="484" pin="2"/><net_sink comp="642" pin=0"/></net>

<net id="648"><net_src comp="636" pin="2"/><net_sink comp="642" pin=1"/></net>

<net id="649"><net_src comp="422" pin="2"/><net_sink comp="642" pin=2"/></net>

<net id="654"><net_src comp="255" pin="1"/><net_sink comp="650" pin=0"/></net>

<net id="655"><net_src comp="592" pin="2"/><net_sink comp="650" pin=1"/></net>

<net id="661"><net_src comp="74" pin="0"/><net_sink comp="656" pin=0"/></net>

<net id="662"><net_src comp="472" pin="1"/><net_sink comp="656" pin=1"/></net>

<net id="663"><net_src comp="76" pin="0"/><net_sink comp="656" pin=2"/></net>

<net id="668"><net_src comp="656" pin="3"/><net_sink comp="664" pin=0"/></net>

<net id="669"><net_src comp="78" pin="0"/><net_sink comp="664" pin=1"/></net>

<net id="674"><net_src comp="484" pin="2"/><net_sink comp="670" pin=0"/></net>

<net id="675"><net_src comp="664" pin="2"/><net_sink comp="670" pin=1"/></net>

<net id="681"><net_src comp="484" pin="2"/><net_sink comp="676" pin=0"/></net>

<net id="682"><net_src comp="478" pin="2"/><net_sink comp="676" pin=1"/></net>

<net id="683"><net_src comp="296" pin="1"/><net_sink comp="676" pin=2"/></net>

<net id="688"><net_src comp="490" pin="3"/><net_sink comp="684" pin=0"/></net>

<net id="689"><net_src comp="70" pin="0"/><net_sink comp="684" pin=1"/></net>

<net id="695"><net_src comp="670" pin="2"/><net_sink comp="690" pin=0"/></net>

<net id="696"><net_src comp="498" pin="3"/><net_sink comp="690" pin=1"/></net>

<net id="697"><net_src comp="40" pin="0"/><net_sink comp="690" pin=2"/></net>

<net id="703"><net_src comp="670" pin="2"/><net_sink comp="698" pin=0"/></net>

<net id="704"><net_src comp="490" pin="3"/><net_sink comp="698" pin=1"/></net>

<net id="705"><net_src comp="684" pin="2"/><net_sink comp="698" pin=2"/></net>

<net id="709"><net_src comp="698" pin="3"/><net_sink comp="706" pin=0"/></net>

<net id="713"><net_src comp="684" pin="2"/><net_sink comp="710" pin=0"/></net>

<net id="718"><net_src comp="710" pin="1"/><net_sink comp="714" pin=0"/></net>

<net id="719"><net_src comp="180" pin="2"/><net_sink comp="714" pin=1"/></net>

<net id="723"><net_src comp="714" pin="2"/><net_sink comp="720" pin=0"/></net>

<net id="728"><net_src comp="720" pin="1"/><net_sink comp="724" pin=0"/></net>

<net id="729"><net_src comp="42" pin="0"/><net_sink comp="724" pin=1"/></net>

<net id="734"><net_src comp="714" pin="2"/><net_sink comp="730" pin=0"/></net>

<net id="735"><net_src comp="38" pin="0"/><net_sink comp="730" pin=1"/></net>

<net id="740"><net_src comp="724" pin="2"/><net_sink comp="736" pin=0"/></net>

<net id="741"><net_src comp="46" pin="0"/><net_sink comp="736" pin=1"/></net>

<net id="746"><net_src comp="564" pin="3"/><net_sink comp="742" pin=0"/></net>

<net id="747"><net_src comp="730" pin="2"/><net_sink comp="742" pin=1"/></net>

<net id="752"><net_src comp="550" pin="3"/><net_sink comp="748" pin=0"/></net>

<net id="753"><net_src comp="736" pin="2"/><net_sink comp="748" pin=1"/></net>

<net id="758"><net_src comp="748" pin="2"/><net_sink comp="754" pin=0"/></net>

<net id="759"><net_src comp="742" pin="2"/><net_sink comp="754" pin=1"/></net>

<net id="765"><net_src comp="670" pin="2"/><net_sink comp="760" pin=0"/></net>

<net id="766"><net_src comp="642" pin="3"/><net_sink comp="760" pin=1"/></net>

<net id="767"><net_src comp="754" pin="2"/><net_sink comp="760" pin=2"/></net>

<net id="773"><net_src comp="54" pin="0"/><net_sink comp="768" pin=0"/></net>

<net id="774"><net_src comp="724" pin="2"/><net_sink comp="768" pin=1"/></net>

<net id="775"><net_src comp="40" pin="0"/><net_sink comp="768" pin=2"/></net>

<net id="779"><net_src comp="768" pin="3"/><net_sink comp="776" pin=0"/></net>

<net id="784"><net_src comp="776" pin="1"/><net_sink comp="780" pin=0"/></net>

<net id="785"><net_src comp="56" pin="0"/><net_sink comp="780" pin=1"/></net>

<net id="789"><net_src comp="780" pin="2"/><net_sink comp="786" pin=0"/></net>

<net id="793"><net_src comp="786" pin="1"/><net_sink comp="790" pin=0"/></net>

<net id="798"><net_src comp="790" pin="1"/><net_sink comp="794" pin=0"/></net>

<net id="799"><net_src comp="598" pin="3"/><net_sink comp="794" pin=1"/></net>

<net id="803"><net_src comp="690" pin="3"/><net_sink comp="800" pin=0"/></net>

<net id="808"><net_src comp="690" pin="3"/><net_sink comp="804" pin=0"/></net>

<net id="809"><net_src comp="80" pin="0"/><net_sink comp="804" pin=1"/></net>

<net id="816"><net_src comp="82" pin="0"/><net_sink comp="810" pin=0"/></net>

<net id="817"><net_src comp="650" pin="2"/><net_sink comp="810" pin=1"/></net>

<net id="818"><net_src comp="84" pin="0"/><net_sink comp="810" pin=2"/></net>

<net id="819"><net_src comp="86" pin="0"/><net_sink comp="810" pin=3"/></net>

<net id="826"><net_src comp="82" pin="0"/><net_sink comp="820" pin=0"/></net>

<net id="827"><net_src comp="454" pin="2"/><net_sink comp="820" pin=1"/></net>

<net id="828"><net_src comp="84" pin="0"/><net_sink comp="820" pin=2"/></net>

<net id="829"><net_src comp="86" pin="0"/><net_sink comp="820" pin=3"/></net>

<net id="835"><net_src comp="484" pin="2"/><net_sink comp="830" pin=0"/></net>

<net id="836"><net_src comp="810" pin="4"/><net_sink comp="830" pin=1"/></net>

<net id="837"><net_src comp="820" pin="4"/><net_sink comp="830" pin=2"/></net>

<net id="844"><net_src comp="82" pin="0"/><net_sink comp="838" pin=0"/></net>

<net id="845"><net_src comp="794" pin="2"/><net_sink comp="838" pin=1"/></net>

<net id="846"><net_src comp="84" pin="0"/><net_sink comp="838" pin=2"/></net>

<net id="847"><net_src comp="86" pin="0"/><net_sink comp="838" pin=3"/></net>

<net id="853"><net_src comp="670" pin="2"/><net_sink comp="848" pin=0"/></net>

<net id="854"><net_src comp="830" pin="3"/><net_sink comp="848" pin=1"/></net>

<net id="855"><net_src comp="838" pin="4"/><net_sink comp="848" pin=2"/></net>

<net id="861"><net_src comp="88" pin="0"/><net_sink comp="856" pin=0"/></net>

<net id="862"><net_src comp="848" pin="3"/><net_sink comp="856" pin=1"/></net>

<net id="863"><net_src comp="800" pin="1"/><net_sink comp="856" pin=2"/></net>

<net id="867"><net_src comp="856" pin="3"/><net_sink comp="864" pin=0"/></net>

<net id="868"><net_src comp="864" pin="1"/><net_sink comp="205" pin=2"/></net>

<net id="875"><net_src comp="92" pin="0"/><net_sink comp="869" pin=0"/></net>

<net id="876"><net_src comp="690" pin="3"/><net_sink comp="869" pin=1"/></net>

<net id="877"><net_src comp="20" pin="0"/><net_sink comp="869" pin=2"/></net>

<net id="878"><net_src comp="94" pin="0"/><net_sink comp="869" pin=3"/></net>

<net id="884"><net_src comp="96" pin="0"/><net_sink comp="879" pin=0"/></net>

<net id="885"><net_src comp="869" pin="4"/><net_sink comp="879" pin=1"/></net>

<net id="886"><net_src comp="690" pin="3"/><net_sink comp="879" pin=2"/></net>

<net id="890"><net_src comp="879" pin="3"/><net_sink comp="887" pin=0"/></net>

<net id="895"><net_src comp="706" pin="1"/><net_sink comp="891" pin=0"/></net>

<net id="896"><net_src comp="887" pin="1"/><net_sink comp="891" pin=1"/></net>

<net id="900"><net_src comp="891" pin="2"/><net_sink comp="897" pin=0"/></net>

<net id="905"><net_src comp="897" pin="1"/><net_sink comp="901" pin=0"/></net>

<net id="906"><net_src comp="618" pin="2"/><net_sink comp="901" pin=1"/></net>

<net id="910"><net_src comp="901" pin="2"/><net_sink comp="907" pin=0"/></net>

<net id="911"><net_src comp="907" pin="1"/><net_sink comp="222" pin=2"/></net>

<net id="916"><net_src comp="804" pin="2"/><net_sink comp="912" pin=0"/></net>

<net id="917"><net_src comp="98" pin="0"/><net_sink comp="912" pin=1"/></net>

<net id="924"><net_src comp="100" pin="0"/><net_sink comp="918" pin=0"/></net>

<net id="925"><net_src comp="912" pin="2"/><net_sink comp="918" pin=1"/></net>

<net id="926"><net_src comp="20" pin="0"/><net_sink comp="918" pin=2"/></net>

<net id="927"><net_src comp="76" pin="0"/><net_sink comp="918" pin=3"/></net>

<net id="933"><net_src comp="88" pin="0"/><net_sink comp="928" pin=0"/></net>

<net id="934"><net_src comp="848" pin="3"/><net_sink comp="928" pin=1"/></net>

<net id="935"><net_src comp="918" pin="4"/><net_sink comp="928" pin=2"/></net>

<net id="939"><net_src comp="928" pin="3"/><net_sink comp="936" pin=0"/></net>

<net id="940"><net_src comp="936" pin="1"/><net_sink comp="235" pin=2"/></net>

<net id="945"><net_src comp="887" pin="1"/><net_sink comp="941" pin=0"/></net>

<net id="946"><net_src comp="102" pin="0"/><net_sink comp="941" pin=1"/></net>

<net id="951"><net_src comp="941" pin="2"/><net_sink comp="947" pin=0"/></net>

<net id="952"><net_src comp="706" pin="1"/><net_sink comp="947" pin=1"/></net>

<net id="956"><net_src comp="947" pin="2"/><net_sink comp="953" pin=0"/></net>

<net id="961"><net_src comp="953" pin="1"/><net_sink comp="957" pin=0"/></net>

<net id="962"><net_src comp="618" pin="2"/><net_sink comp="957" pin=1"/></net>

<net id="967"><net_src comp="690" pin="3"/><net_sink comp="963" pin=0"/></net>

<net id="968"><net_src comp="98" pin="0"/><net_sink comp="963" pin=1"/></net>

<net id="973"><net_src comp="475" pin="1"/><net_sink comp="969" pin=0"/></net>

<net id="974"><net_src comp="104" pin="0"/><net_sink comp="969" pin=1"/></net>

<net id="980"><net_src comp="484" pin="2"/><net_sink comp="975" pin=0"/></net>

<net id="981"><net_src comp="104" pin="0"/><net_sink comp="975" pin=1"/></net>

<net id="982"><net_src comp="969" pin="2"/><net_sink comp="975" pin=2"/></net>

<net id="987"><net_src comp="466" pin="2"/><net_sink comp="983" pin=0"/></net>

<net id="992"><net_src comp="676" pin="3"/><net_sink comp="988" pin=0"/></net>

<net id="997"><net_src comp="975" pin="3"/><net_sink comp="993" pin=0"/></net>

<net id="1002"><net_src comp="698" pin="3"/><net_sink comp="998" pin=0"/></net>

<net id="1007"><net_src comp="963" pin="2"/><net_sink comp="1003" pin=0"/></net>

<net id="1013"><net_src comp="106" pin="0"/><net_sink comp="1008" pin=1"/></net>

<net id="1014"><net_src comp="212" pin="7"/><net_sink comp="1008" pin=2"/></net>

<net id="1018"><net_src comp="1008" pin="3"/><net_sink comp="1015" pin=0"/></net>

<net id="1022"><net_src comp="229" pin="3"/><net_sink comp="1019" pin=0"/></net>

<net id="1028"><net_src comp="106" pin="0"/><net_sink comp="1023" pin=1"/></net>

<net id="1029"><net_src comp="212" pin="3"/><net_sink comp="1023" pin=2"/></net>

<net id="1033"><net_src comp="1030" pin="1"/><net_sink comp="243" pin=2"/></net>

<net id="1040"><net_src comp="229" pin="3"/><net_sink comp="1037" pin=0"/></net>

<net id="1049"><net_src comp="108" pin="0"/><net_sink comp="1044" pin=0"/></net>

<net id="1050"><net_src comp="1041" pin="1"/><net_sink comp="1044" pin=1"/></net>

<net id="1051"><net_src comp="110" pin="0"/><net_sink comp="1044" pin=2"/></net>

<net id="1058"><net_src comp="112" pin="0"/><net_sink comp="1052" pin=0"/></net>

<net id="1059"><net_src comp="114" pin="0"/><net_sink comp="1052" pin=2"/></net>

<net id="1060"><net_src comp="116" pin="0"/><net_sink comp="1052" pin=3"/></net>

<net id="1066"><net_src comp="108" pin="0"/><net_sink comp="1061" pin=0"/></net>

<net id="1067"><net_src comp="1052" pin="4"/><net_sink comp="1061" pin=1"/></net>

<net id="1068"><net_src comp="110" pin="0"/><net_sink comp="1061" pin=2"/></net>

<net id="1075"><net_src comp="112" pin="0"/><net_sink comp="1069" pin=0"/></net>

<net id="1076"><net_src comp="114" pin="0"/><net_sink comp="1069" pin=2"/></net>

<net id="1077"><net_src comp="116" pin="0"/><net_sink comp="1069" pin=3"/></net>

<net id="1082"><net_src comp="1069" pin="4"/><net_sink comp="1078" pin=0"/></net>

<net id="1086"><net_src comp="1083" pin="1"/><net_sink comp="198" pin=2"/></net>

<net id="1092"><net_src comp="1019" pin="1"/><net_sink comp="1087" pin=0"/></net>

<net id="1093"><net_src comp="1015" pin="1"/><net_sink comp="1087" pin=1"/></net>

<net id="1094"><net_src comp="1044" pin="3"/><net_sink comp="1087" pin=2"/></net>

<net id="1095"><net_src comp="1087" pin="3"/><net_sink comp="1052" pin=1"/></net>

<net id="1101"><net_src comp="1037" pin="1"/><net_sink comp="1096" pin=0"/></net>

<net id="1102"><net_src comp="1034" pin="1"/><net_sink comp="1096" pin=1"/></net>

<net id="1103"><net_src comp="1061" pin="3"/><net_sink comp="1096" pin=2"/></net>

<net id="1104"><net_src comp="1096" pin="3"/><net_sink comp="1069" pin=1"/></net>

<net id="1108"><net_src comp="132" pin="1"/><net_sink comp="1105" pin=0"/></net>

<net id="1109"><net_src comp="1105" pin="1"/><net_sink comp="288" pin=1"/></net>

<net id="1110"><net_src comp="1105" pin="1"/><net_sink comp="1041" pin=0"/></net>

<net id="1111"><net_src comp="1105" pin="1"/><net_sink comp="1078" pin=1"/></net>

<net id="1112"><net_src comp="1105" pin="1"/><net_sink comp="1083" pin=0"/></net>

<net id="1116"><net_src comp="136" pin="1"/><net_sink comp="1113" pin=0"/></net>

<net id="1117"><net_src comp="1113" pin="1"/><net_sink comp="283" pin=1"/></net>

<net id="1118"><net_src comp="1113" pin="1"/><net_sink comp="472" pin=0"/></net>

<net id="1119"><net_src comp="1113" pin="1"/><net_sink comp="1003" pin=1"/></net>

<net id="1123"><net_src comp="140" pin="1"/><net_sink comp="1120" pin=0"/></net>

<net id="1124"><net_src comp="1120" pin="1"/><net_sink comp="278" pin=1"/></net>

<net id="1125"><net_src comp="1120" pin="1"/><net_sink comp="293" pin=0"/></net>

<net id="1126"><net_src comp="1120" pin="1"/><net_sink comp="998" pin=1"/></net>

<net id="1130"><net_src comp="144" pin="1"/><net_sink comp="1127" pin=0"/></net>

<net id="1131"><net_src comp="1127" pin="1"/><net_sink comp="273" pin=1"/></net>

<net id="1132"><net_src comp="1127" pin="1"/><net_sink comp="475" pin=0"/></net>

<net id="1133"><net_src comp="1127" pin="1"/><net_sink comp="993" pin=1"/></net>

<net id="1137"><net_src comp="148" pin="1"/><net_sink comp="1134" pin=0"/></net>

<net id="1138"><net_src comp="1134" pin="1"/><net_sink comp="268" pin=1"/></net>

<net id="1139"><net_src comp="1134" pin="1"/><net_sink comp="296" pin=0"/></net>

<net id="1140"><net_src comp="1134" pin="1"/><net_sink comp="988" pin=1"/></net>

<net id="1144"><net_src comp="152" pin="1"/><net_sink comp="1141" pin=0"/></net>

<net id="1145"><net_src comp="1141" pin="1"/><net_sink comp="263" pin=1"/></net>

<net id="1146"><net_src comp="1141" pin="1"/><net_sink comp="299" pin=0"/></net>

<net id="1147"><net_src comp="1141" pin="1"/><net_sink comp="983" pin=1"/></net>

<net id="1151"><net_src comp="460" pin="2"/><net_sink comp="1148" pin=0"/></net>

<net id="1155"><net_src comp="760" pin="3"/><net_sink comp="1152" pin=0"/></net>

<net id="1156"><net_src comp="1152" pin="1"/><net_sink comp="1008" pin=0"/></net>

<net id="1157"><net_src comp="1152" pin="1"/><net_sink comp="1023" pin=0"/></net>

<net id="1161"><net_src comp="205" pin="3"/><net_sink comp="1158" pin=0"/></net>

<net id="1162"><net_src comp="1158" pin="1"/><net_sink comp="212" pin=2"/></net>

<net id="1166"><net_src comp="222" pin="3"/><net_sink comp="1163" pin=0"/></net>

<net id="1167"><net_src comp="1163" pin="1"/><net_sink comp="229" pin=0"/></net>

<net id="1171"><net_src comp="235" pin="3"/><net_sink comp="1168" pin=0"/></net>

<net id="1172"><net_src comp="1168" pin="1"/><net_sink comp="212" pin=0"/></net>

<net id="1176"><net_src comp="957" pin="2"/><net_sink comp="1173" pin=0"/></net>

<net id="1177"><net_src comp="1173" pin="1"/><net_sink comp="1030" pin=0"/></net>

<net id="1181"><net_src comp="1015" pin="1"/><net_sink comp="1178" pin=0"/></net>

<net id="1182"><net_src comp="1178" pin="1"/><net_sink comp="1087" pin=1"/></net>

<net id="1186"><net_src comp="1019" pin="1"/><net_sink comp="1183" pin=0"/></net>

<net id="1187"><net_src comp="1183" pin="1"/><net_sink comp="1087" pin=0"/></net>

<net id="1191"><net_src comp="1023" pin="3"/><net_sink comp="1188" pin=0"/></net>

<net id="1192"><net_src comp="1188" pin="1"/><net_sink comp="1034" pin=0"/></net>

<net id="1196"><net_src comp="243" pin="3"/><net_sink comp="1193" pin=0"/></net>

<net id="1197"><net_src comp="1193" pin="1"/><net_sink comp="229" pin=0"/></net>

<net id="1201"><net_src comp="1034" pin="1"/><net_sink comp="1198" pin=0"/></net>

<net id="1202"><net_src comp="1198" pin="1"/><net_sink comp="1096" pin=1"/></net>

<net id="1206"><net_src comp="1037" pin="1"/><net_sink comp="1203" pin=0"/></net>

<net id="1207"><net_src comp="1203" pin="1"/><net_sink comp="1096" pin=0"/></net>

<net id="1211"><net_src comp="1044" pin="3"/><net_sink comp="1208" pin=0"/></net>

<net id="1212"><net_src comp="1208" pin="1"/><net_sink comp="1087" pin=0"/></net>

<net id="1216"><net_src comp="1061" pin="3"/><net_sink comp="1213" pin=0"/></net>

<net id="1217"><net_src comp="1213" pin="1"/><net_sink comp="1096" pin=0"/></net>

</net_list>

</model> 
---------------- Datapath Model END ------------------

* FSMD analyzer results:
  - Output states:
	Port: s_V_16_out | {4 }
 - Input state : 
	Port: inference_Pipeline_loop_kh_3_loop_kw_3_loop_ic_3 : select_ln115_2 | {1 }
	Port: inference_Pipeline_loop_kh_3_loop_kw_3_loop_ic_3 : select_ln117_2 | {1 }
	Port: inference_Pipeline_loop_kh_3_loop_kw_3_loop_ic_3 : select_ln117 | {1 }
	Port: inference_Pipeline_loop_kh_3_loop_kw_3_loop_ic_3 : zext_ln115 | {1 }
	Port: inference_Pipeline_loop_kh_3_loop_kw_3_loop_ic_3 : cmp27_i431_not_mid1258 | {1 }
	Port: inference_Pipeline_loop_kh_3_loop_kw_3_loop_ic_3 : cmp29_i433_not_mid1260 | {1 }
	Port: inference_Pipeline_loop_kh_3_loop_kw_3_loop_ic_3 : zext_ln132_3 | {1 }
	Port: inference_Pipeline_loop_kh_3_loop_kw_3_loop_ic_3 : d | {1 2 }
	Port: inference_Pipeline_loop_kh_3_loop_kw_3_loop_ic_3 : conv3_kernel_V | {1 2 3 }
  - Chain level:
	State 1
		zext_ln132_3_cast_cast : 1
		store_ln0 : 1
		store_ln0 : 1
		store_ln0 : 1
		store_ln0 : 1
		store_ln0 : 1
		j_3 : 1
		i_2 : 1
		indvar_flatten282_load : 1
		zext_ln123 : 2
		empty : 3
		p_cast119 : 4
		empty_69 : 5
		p_shl1 : 2
		p_shl26_cast : 3
		empty_70 : 4
		cmp24_i427_not : 4
		cmp25_i429_not : 6
		shl_ln132_1 : 6
		shl_ln132_2 : 6
		sext_ln132 : 7
		sub_ln132 : 8
		zext_ln125 : 2
		empty_71 : 3
		p_cast127 : 4
		empty_72 : 5
		cmp27_i431_not : 4
		cmp29_i433_not : 6
		tmp28 : 7
		tmp29 : 7
		brmerge88 : 7
		shl_ln3 : 6
		sext_ln132_1 : 7
		add_ln132 : 8
		sext_ln132_2 : 9
		zext_ln132_2 : 10
		add_ln132_1 : 11
		icmp_ln123 : 2
		add_ln123_2 : 2
		br_ln123 : 3
		k_load : 1
		indvar_flatten222_load : 1
		add_ln123 : 2
		icmp_ln125 : 2
		select_ln123 : 3
		select_ln123_1 : 3
		zext_ln123_1 : 3
		p_mid1240 : 4
		p_cast119_mid1 : 5
		p_mid1242 : 6
		p_shl26_mid1 : 3
		p_shl26_cast_mid1 : 4
		p_mid1244 : 5
		cmp24_i427_not_mid1 : 5
		select_ln123_2 : 6
		cmp25_i429_not_mid1 : 7
		select_ln123_3 : 8
		shl_ln132_1_mid1 : 7
		shl_ln132_2_mid1 : 7
		sext_ln132_3 : 8
		sub_ln132_1 : 9
		select_ln123_4 : 10
		select_ln123_5 : 6
		sext_ln123 : 7
		add_ln123_1 : 8
		tmp28_mid1262 : 8
		tmp29_mid1264 : 6
		brmerge88_mid1266 : 8
		select_ln123_6 : 8
		add_ln132_2 : 10
		tmp : 2
		xor_ln127 : 3
		or_ln123 : 3
		select_ln123_7 : 3
		add_ln125 : 4
		select_ln125 : 3
		select_ln125_1 : 5
		zext_ln125_1 : 6
		zext_ln125_2 : 5
		p_mid1218 : 6
		p_cast127_mid1 : 7
		p_mid1220 : 8
		cmp27_i431_not_mid1 : 7
		cmp29_i433_not_mid1 : 9
		tmp28_mid1 : 9
		tmp29_mid1 : 10
		brmerge88_mid1 : 10
		select_ln125_2 : 10
		shl_ln132_mid1 : 9
		sext_ln132_4 : 10
		add_ln132_3 : 11
		sext_ln132_5 : 12
		zext_ln132_4 : 13
		add_ln132_4 : 14
		trunc_ln132 : 4
		shl_ln132 : 4
		tmp_s : 11
		tmp_5 : 12
		select_ln123_8 : 13
		tmp_6 : 15
		select_ln125_3 : 16
		lshr_ln5 : 17
		zext_ln132 : 18
		d_addr : 19
		val_V : 20
		tmp_7 : 4
		add_ln133_7 : 5
		zext_ln133 : 6
		add_ln133 : 7
		zext_ln133_1 : 8
		add_ln133_1 : 9
		zext_ln1271 : 10
		conv3_kernel_V_addr : 11
		conv3_kernel_V_load : 12
		or_ln132 : 4
		tmp_8 : 4
		lshr_ln132_1 : 17
		zext_ln132_1 : 18
		d_addr_2 : 19
		val_V_13 : 20
		add_ln133_2 : 7
		add_ln133_3 : 8
		zext_ln133_2 : 9
		add_ln133_4 : 10
		add_ln127 : 4
		add_ln125_1 : 2
		select_ln125_4 : 3
		store_ln127 : 3
		store_ln127 : 4
		store_ln127 : 4
		store_ln127 : 6
		store_ln127 : 5
	State 2
		val_V_15 : 1
		sext_ln1347 : 2
		sext_ln1347_4 : 1
		mul_ln1347 : 3
		val_V_16 : 1
		conv3_kernel_V_addr_1 : 1
		conv3_kernel_V_load_1 : 2
	State 3
		sext_ln1347_6 : 1
		mul_ln1347_2 : 2
	State 4
		lhs_6 : 1
		ret_V : 2
		write_ln0 : 1
	State 5
		tmp_9 : 1
		lhs_7 : 2
		ret_V_3 : 3
	State 6
		s_V : 1
		store_ln127 : 2


============================================================
+ Verbose Summary: Datapath Resource usage 
============================================================

* Functional unit list:
|----------|-----------------------------------------|---------|---------|---------|
| Operation|             Functional Unit             |   DSP   |    FF   |   LUT   |
|----------|-----------------------------------------|---------|---------|---------|
|          |               empty_fu_306              |    0    |    0    |    12   |
|          |             empty_69_fu_316             |    0    |    0    |    12   |
|          |             empty_71_fu_382             |    0    |    0    |    12   |
|          |             empty_72_fu_392             |    0    |    0    |    12   |
|          |             add_ln132_fu_440            |    0    |    0    |    20   |
|          |            add_ln132_1_fu_454           |    0    |    0    |    22   |
|          |            add_ln123_2_fu_466           |    0    |    0    |    13   |
|          |             add_ln123_fu_478            |    0    |    0    |    9    |
|          |             p_mid1240_fu_510            |    0    |    0    |    12   |
|          |             p_mid1242_fu_520            |    0    |    0    |    12   |
|          |            add_ln123_1_fu_618           |    0    |    0    |    15   |
|    add   |            add_ln132_2_fu_650           |    0    |    0    |    22   |
|          |             add_ln125_fu_684            |    0    |    0    |    9    |
|          |             p_mid1218_fu_714            |    0    |    0    |    12   |
|          |             p_mid1220_fu_724            |    0    |    0    |    12   |
|          |            add_ln132_3_fu_780           |    0    |    0    |    20   |
|          |            add_ln132_4_fu_794           |    0    |    0    |    22   |
|          |             add_ln133_fu_891            |    0    |    0    |    13   |
|          |            add_ln133_1_fu_901           |    0    |    0    |    16   |
|          |            add_ln133_2_fu_941           |    0    |    0    |    13   |
|          |            add_ln133_3_fu_947           |    0    |    0    |    16   |
|          |            add_ln133_4_fu_957           |    0    |    0    |    16   |
|          |             add_ln127_fu_963            |    0    |    0    |    12   |
|          |            add_ln125_1_fu_969           |    0    |    0    |    12   |
|----------|-----------------------------------------|---------|---------|---------|
|          |           select_ln123_fu_490           |    0    |    0    |    2    |
|          |          select_ln123_1_fu_498          |    0    |    0    |    4    |
|          |          select_ln123_2_fu_550          |    0    |    0    |    2    |
|          |          select_ln123_3_fu_564          |    0    |    0    |    2    |
|          |          select_ln123_4_fu_598          |    0    |    0    |    15   |
|          |          select_ln123_5_fu_606          |    0    |    0    |    5    |
|          |          select_ln123_6_fu_642          |    0    |    0    |    2    |
|  select  |          select_ln123_7_fu_676          |    0    |    0    |    2    |
|          |           select_ln125_fu_690           |    0    |    0    |    4    |
|          |          select_ln125_1_fu_698          |    0    |    0    |    2    |
|          |          select_ln125_2_fu_760          |    0    |    0    |    2    |
|          |          select_ln123_8_fu_830          |    0    |    0    |    10   |
|          |          select_ln125_3_fu_848          |    0    |    0    |    10   |
|          |          select_ln125_4_fu_975          |    0    |    0    |    5    |
|          |             val_V_15_fu_1008            |    0    |    0    |    16   |
|          |             val_V_16_fu_1023            |    0    |    0    |    16   |
|----------|-----------------------------------------|---------|---------|---------|
|          |          cmp24_i427_not_fu_340          |    0    |    0    |    9    |
|          |          cmp25_i429_not_fu_346          |    0    |    0    |    10   |
|          |          cmp27_i431_not_fu_398          |    0    |    0    |    9    |
|          |          cmp29_i433_not_fu_404          |    0    |    0    |    10   |
|   icmp   |            icmp_ln123_fu_460            |    0    |    0    |    10   |
|          |            icmp_ln125_fu_484            |    0    |    0    |    9    |
|          |        cmp24_i427_not_mid1_fu_544       |    0    |    0    |    9    |
|          |        cmp25_i429_not_mid1_fu_558       |    0    |    0    |    10   |
|          |        cmp27_i431_not_mid1_fu_730       |    0    |    0    |    9    |
|          |        cmp29_i433_not_mid1_fu_736       |    0    |    0    |    10   |
|----------|-----------------------------------------|---------|---------|---------|
|          |             empty_70_fu_334             |    0    |    0    |    12   |
|    sub   |             sub_ln132_fu_372            |    0    |    0    |    22   |
|          |             p_mid1244_fu_538            |    0    |    0    |    12   |
|          |            sub_ln132_1_fu_592           |    0    |    0    |    22   |
|----------|-----------------------------------------|---------|---------|---------|
|          |               tmp28_fu_410              |    0    |    0    |    2    |
|          |               tmp29_fu_416              |    0    |    0    |    2    |
|          |             brmerge88_fu_422            |    0    |    0    |    2    |
|          |           tmp28_mid1262_fu_624          |    0    |    0    |    2    |
|          |           tmp29_mid1264_fu_630          |    0    |    0    |    2    |
|    or    |         brmerge88_mid1266_fu_636        |    0    |    0    |    2    |
|          |             or_ln123_fu_670             |    0    |    0    |    2    |
|          |            tmp28_mid1_fu_742            |    0    |    0    |    2    |
|          |            tmp29_mid1_fu_748            |    0    |    0    |    2    |
|          |          brmerge88_mid1_fu_754          |    0    |    0    |    2    |
|          |             or_ln132_fu_912             |    0    |    0    |    0    |
|----------|-----------------------------------------|---------|---------|---------|
|    xor   |             xor_ln127_fu_664            |    0    |    0    |    2    |
|----------|-----------------------------------------|---------|---------|---------|
|  muladd  |               grp_fu_1087               |    1    |    0    |    0    |
|          |               grp_fu_1096               |    1    |    0    |    0    |
|----------|-----------------------------------------|---------|---------|---------|
|          |      zext_ln132_3_read_read_fu_156      |    0    |    0    |    0    |
|          | cmp29_i433_not_mid1260_read_read_fu_162 |    0    |    0    |    0    |
|          | cmp27_i431_not_mid1258_read_read_fu_168 |    0    |    0    |    0    |
|   read   |       zext_ln115_read_read_fu_174       |    0    |    0    |    0    |
|          |      select_ln117_read_read_fu_180      |    0    |    0    |    0    |
|          |     select_ln117_2_read_read_fu_186     |    0    |    0    |    0    |
|          |     select_ln115_2_read_read_fu_192     |    0    |    0    |    0    |
|----------|-----------------------------------------|---------|---------|---------|
|   write  |          write_ln0_write_fu_198         |    0    |    0    |    0    |
|----------|-----------------------------------------|---------|---------|---------|
|          |         zext_ln132_3_cast_fu_251        |    0    |    0    |    0    |
|          |            sext_ln132_fu_368            |    0    |    0    |    0    |
|          |           sext_ln132_1_fu_436           |    0    |    0    |    0    |
|          |           sext_ln132_2_fu_446           |    0    |    0    |    0    |
|          |           sext_ln132_3_fu_588           |    0    |    0    |    0    |
|   sext   |            sext_ln123_fu_614            |    0    |    0    |    0    |
|          |           sext_ln132_4_fu_776           |    0    |    0    |    0    |
|          |           sext_ln132_5_fu_786           |    0    |    0    |    0    |
|          |           sext_ln1347_fu_1015           |    0    |    0    |    0    |
|          |          sext_ln1347_4_fu_1019          |    0    |    0    |    0    |
|          |          sext_ln1347_5_fu_1034          |    0    |    0    |    0    |
|          |          sext_ln1347_6_fu_1037          |    0    |    0    |    0    |
|----------|-----------------------------------------|---------|---------|---------|
|          |      zext_ln132_3_cast_cast_fu_255      |    0    |    0    |    0    |
|          |          zext_ln115_cast_fu_259         |    0    |    0    |    0    |
|          |            zext_ln123_fu_302            |    0    |    0    |    0    |
|          |             p_cast119_fu_312            |    0    |    0    |    0    |
|          |           p_shl26_cast_fu_330           |    0    |    0    |    0    |
|          |            zext_ln125_fu_378            |    0    |    0    |    0    |
|          |             p_cast127_fu_388            |    0    |    0    |    0    |
|          |           zext_ln132_2_fu_450           |    0    |    0    |    0    |
|          |           zext_ln123_1_fu_506           |    0    |    0    |    0    |
|          |          p_cast119_mid1_fu_516          |    0    |    0    |    0    |
|   zext   |         p_shl26_cast_mid1_fu_534        |    0    |    0    |    0    |
|          |           zext_ln125_1_fu_706           |    0    |    0    |    0    |
|          |           zext_ln125_2_fu_710           |    0    |    0    |    0    |
|          |          p_cast127_mid1_fu_720          |    0    |    0    |    0    |
|          |           zext_ln132_4_fu_790           |    0    |    0    |    0    |
|          |            zext_ln132_fu_864            |    0    |    0    |    0    |
|          |            zext_ln133_fu_887            |    0    |    0    |    0    |
|          |           zext_ln133_1_fu_897           |    0    |    0    |    0    |
|          |            zext_ln1271_fu_907           |    0    |    0    |    0    |
|          |           zext_ln132_1_fu_936           |    0    |    0    |    0    |
|          |           zext_ln133_2_fu_953           |    0    |    0    |    0    |
|          |          zext_ln1271_3_fu_1030          |    0    |    0    |    0    |
|----------|-----------------------------------------|---------|---------|---------|
|          |              p_shl1_fu_322              |    0    |    0    |    0    |
|          |            shl_ln132_1_fu_352           |    0    |    0    |    0    |
|          |            shl_ln132_2_fu_360           |    0    |    0    |    0    |
|          |              shl_ln3_fu_428             |    0    |    0    |    0    |
|          |           p_shl26_mid1_fu_526           |    0    |    0    |    0    |
|          |         shl_ln132_1_mid1_fu_572         |    0    |    0    |    0    |
|bitconcatenate|         shl_ln132_2_mid1_fu_580         |    0    |    0    |    0    |
|          |          shl_ln132_mid1_fu_768          |    0    |    0    |    0    |
|          |             lshr_ln5_fu_856             |    0    |    0    |    0    |
|          |            add_ln133_7_fu_879           |    0    |    0    |    0    |
|          |           lshr_ln132_1_fu_928           |    0    |    0    |    0    |
|          |              lhs_6_fu_1044              |    0    |    0    |    0    |
|          |              lhs_7_fu_1061              |    0    |    0    |    0    |
|----------|-----------------------------------------|---------|---------|---------|
| bitselect|                tmp_fu_656               |    0    |    0    |    0    |
|----------|-----------------------------------------|---------|---------|---------|
|   trunc  |            trunc_ln132_fu_800           |    0    |    0    |    0    |
|----------|-----------------------------------------|---------|---------|---------|
|    shl   |             shl_ln132_fu_804            |    0    |    0    |    0    |
|----------|-----------------------------------------|---------|---------|---------|
|          |               tmp_s_fu_810              |    0    |    0    |    0    |
|          |               tmp_5_fu_820              |    0    |    0    |    0    |
|          |               tmp_6_fu_838              |    0    |    0    |    0    |
|partselect|               tmp_7_fu_869              |    0    |    0    |    0    |
|          |               tmp_8_fu_918              |    0    |    0    |    0    |
|          |              tmp_9_fu_1052              |    0    |    0    |    0    |
|          |               s_V_fu_1069               |    0    |    0    |    0    |
|----------|-----------------------------------------|---------|---------|---------|
|   Total  |                                         |    2    |    0    |   630   |
|----------|-----------------------------------------|---------|---------|---------|

Memories:
N/A

* Register list:
+------------------------------+--------+
|                              |   FF   |
+------------------------------+--------+
|     add_ln133_4_reg_1173     |    9   |
|conv3_kernel_V_addr_1_reg_1193|    9   |
| conv3_kernel_V_addr_reg_1163 |    9   |
|       d_addr_2_reg_1168      |   14   |
|        d_addr_reg_1158       |   14   |
|          i_reg_1134          |    2   |
|      icmp_ln123_reg_1148     |    1   |
|  indvar_flatten222_reg_1127  |    5   |
|  indvar_flatten282_reg_1141  |    6   |
|          j_reg_1120          |    2   |
|          k_reg_1113          |    4   |
|        lhs_6_reg_1208        |   26   |
|        lhs_7_reg_1213        |   26   |
|         lhs_reg_1105         |   16   |
|    select_ln125_2_reg_1152   |    1   |
|    sext_ln1347_4_reg_1183    |   26   |
|    sext_ln1347_5_reg_1198    |   26   |
|    sext_ln1347_6_reg_1203    |   26   |
|     sext_ln1347_reg_1178     |   26   |
|       val_V_16_reg_1188      |   16   |
+------------------------------+--------+
|             Total            |   264  |
+------------------------------+--------+

* Multiplexer (MUX) list: 
|-------------------|------|------|------|--------||---------||---------|
|        Comp       |  Pin | Size |  BW  | S x BW ||  Delay  ||   LUT   |
|-------------------|------|------|------|--------||---------||---------|
| grp_access_fu_212 |  p0  |   2  |  14  |   28   ||    9    |
| grp_access_fu_212 |  p2  |   2  |   0  |    0   ||    9    |
| grp_access_fu_229 |  p0  |   4  |   9  |   36   ||    20   |
|    grp_fu_1087    |  p0  |   3  |  12  |   36   ||    14   |
|    grp_fu_1087    |  p1  |   2  |  16  |   32   ||    9    |
|    grp_fu_1096    |  p0  |   3  |  12  |   36   ||    14   |
|    grp_fu_1096    |  p1  |   2  |  16  |   32   ||    9    |
|-------------------|------|------|------|--------||---------||---------|
|       Total       |      |      |      |   200  ||  3.185  ||    84   |
|-------------------|------|------|------|--------||---------||---------|



* Summary:
+-----------+--------+--------+--------+--------+
|           |   DSP  |  Delay |   FF   |   LUT  |
+-----------+--------+--------+--------+--------+
|  Function |    2   |    -   |    0   |   630  |
|   Memory  |    -   |    -   |    -   |    -   |
|Multiplexer|    -   |    3   |    -   |   84   |
|  Register |    -   |    -   |   264  |    -   |
+-----------+--------+--------+--------+--------+
|   Total   |    2   |    3   |   264  |   714  |
+-----------+--------+--------+--------+--------+
