

================================================================
== Vitis HLS Report for 'inference_Pipeline_loop_kh_2_loop_kw_2_loop_ic_2'
================================================================
* Date:           Tue Jun 30 22:18:31 2026

* Version:        2022.2 (Build 3670227 on Oct 13 2022)
* Project:        denoiser
* Solution:       solution1 (Vivado IP Flow Target)
* Product family: zynquplus
* Target device:  xck26-sfvc784-2LV-c


================================================================
== Performance Estimates
================================================================
+ Timing: 
    * Summary: 
    +--------+----------+----------+------------+
    |  Clock |  Target  | Estimated| Uncertainty|
    +--------+----------+----------+------------+
    |ap_clk  |  10.00 ns|  6.308 ns|     2.70 ns|
    +--------+----------+----------+------------+

+ Latency: 
    * Summary: 
    +---------+---------+----------+----------+-----+-----+---------+
    |  Latency (cycles) |  Latency (absolute) |  Interval | Pipeline|
    |   min   |   max   |    min   |    max   | min | max |   Type  |
    +---------+---------+----------+----------+-----+-----+---------+
    |       41|       41|  0.410 us|  0.410 us|   41|   41|       no|
    +---------+---------+----------+----------+-----+-----+---------+

    + Detail: 
        * Instance: 
        N/A

        * Loop: 
        +---------------------------------+---------+---------+----------+-----------+-----------+------+----------+
        |                                 |  Latency (cycles) | Iteration|  Initiation Interval  | Trip |          |
        |            Loop Name            |   min   |   max   |  Latency |  achieved |   target  | Count| Pipelined|
        +---------------------------------+---------+---------+----------+-----------+-----------+------+----------+
        |- loop_kh_2_loop_kw_2_loop_ic_2  |       39|       39|         6|          2|          1|    18|       yes|
        +---------------------------------+---------+---------+----------+-----------+-----------+------+----------+

============================================================
+ Verbose Summary: Synthesis Manager
============================================================
InlineROM: 1
ExposeGlobal: 0
============================================================
+ Verbose Summary: CDFG Model
============================================================
IsTopModel: 0
ResetActiveHigh: 1
IsCombinational: 0
IsDatapathOnly: 0
HasWiredReturn: 1
HasMFsm: 2
HasVarLatency: 1
IsPipeline: 0
IsRtlPipelined: 0
IsInstanceOverlapped: 0
IsDontTouch: 0
HasImplIP: 0
IsGatedGlobalClock: 0

+ Individual pipeline summary: 
  * Pipeline-0: initiation interval (II) = 2, depth = 6


============================================================
+ Verbose Summary: Schedule
============================================================
* Number of FSM states : 6
* Pipeline : 1
  Pipeline-0 : II = 2, D = 6, States = { 1 2 3 4 5 6 }
* Dataflow Pipeline: 0

* FSM state transitions: 
1 --> 2 
2 --> 3 
3 --> 4 
4 --> 5 
5 --> 6 
6 --> 

* FSM state operations: 

State 1 <SV = 0> <Delay = 6.30>
ST_1 : Operation 9 [1/1] (0.00ns)   --->   "%lhs = alloca i32 1"   --->   Operation 9 'alloca' 'lhs' <Predicate = true> <Delay = 0.00>
ST_1 : Operation 10 [1/1] (0.00ns)   --->   "%k = alloca i32 1"   --->   Operation 10 'alloca' 'k' <Predicate = true> <Delay = 0.00>
ST_1 : Operation 11 [1/1] (0.00ns)   --->   "%j_1 = alloca i32 1"   --->   Operation 11 'alloca' 'j_1' <Predicate = true> <Delay = 0.00>
ST_1 : Operation 12 [1/1] (0.00ns)   --->   "%indvar_flatten77 = alloca i32 1"   --->   Operation 12 'alloca' 'indvar_flatten77' <Predicate = true> <Delay = 0.00>
ST_1 : Operation 13 [1/1] (0.00ns)   --->   "%i_1 = alloca i32 1"   --->   Operation 13 'alloca' 'i_1' <Predicate = true> <Delay = 0.00>
ST_1 : Operation 14 [1/1] (0.00ns)   --->   "%indvar_flatten137 = alloca i32 1"   --->   Operation 14 'alloca' 'indvar_flatten137' <Predicate = true> <Delay = 0.00>
ST_1 : Operation 15 [1/1] (0.00ns)   --->   "%specbramwithbyteenable_ln0 = specbramwithbyteenable void @_ssdm_op_SpecBRAMWithByteEnable, i16 %d"   --->   Operation 15 'specbramwithbyteenable' 'specbramwithbyteenable_ln0' <Predicate = true> <Delay = 0.00>
ST_1 : Operation 16 [1/1] (0.00ns)   --->   "%sext_ln83_4_read = read i13 @_ssdm_op_Read.ap_auto.i13, i13 %sext_ln83_4"   --->   Operation 16 'read' 'sext_ln83_4_read' <Predicate = true> <Delay = 0.00>
ST_1 : Operation 17 [1/1] (0.00ns)   --->   "%cmp29_i_not_mid1117_read = read i1 @_ssdm_op_Read.ap_auto.i1, i1 %cmp29_i_not_mid1117"   --->   Operation 17 'read' 'cmp29_i_not_mid1117_read' <Predicate = true> <Delay = 0.00>
ST_1 : Operation 18 [1/1] (0.00ns)   --->   "%cmp27_i_not_mid1115_read = read i1 @_ssdm_op_Read.ap_auto.i1, i1 %cmp27_i_not_mid1115"   --->   Operation 18 'read' 'cmp27_i_not_mid1115_read' <Predicate = true> <Delay = 0.00>
ST_1 : Operation 19 [1/1] (0.00ns)   --->   "%zext_ln66_read = read i8 @_ssdm_op_Read.ap_auto.i8, i8 %zext_ln66"   --->   Operation 19 'read' 'zext_ln66_read' <Predicate = true> <Delay = 0.00>
ST_1 : Operation 20 [1/1] (0.00ns)   --->   "%select_ln68_read = read i4 @_ssdm_op_Read.ap_auto.i4, i4 %select_ln68"   --->   Operation 20 'read' 'select_ln68_read' <Predicate = true> <Delay = 0.00>
ST_1 : Operation 21 [1/1] (0.00ns)   --->   "%select_ln68_2_read = read i4 @_ssdm_op_Read.ap_auto.i4, i4 %select_ln68_2"   --->   Operation 21 'read' 'select_ln68_2_read' <Predicate = true> <Delay = 0.00>
ST_1 : Operation 22 [1/1] (0.00ns)   --->   "%sext_ln66_read = read i10 @_ssdm_op_Read.ap_auto.i10, i10 %sext_ln66"   --->   Operation 22 'read' 'sext_ln66_read' <Predicate = true> <Delay = 0.00>
ST_1 : Operation 23 [1/1] (0.00ns)   --->   "%sext_ln83_4_cast = sext i13 %sext_ln83_4_read"   --->   Operation 23 'sext' 'sext_ln83_4_cast' <Predicate = true> <Delay = 0.00>
ST_1 : Operation 24 [1/1] (0.00ns)   --->   "%zext_ln66_cast = zext i8 %zext_ln66_read"   --->   Operation 24 'zext' 'zext_ln66_cast' <Predicate = true> <Delay = 0.00>
ST_1 : Operation 25 [1/1] (0.00ns)   --->   "%sext_ln66_cast = sext i10 %sext_ln66_read"   --->   Operation 25 'sext' 'sext_ln66_cast' <Predicate = true> <Delay = 0.00>
ST_1 : Operation 26 [1/1] (0.42ns)   --->   "%store_ln0 = store i5 0, i5 %indvar_flatten137"   --->   Operation 26 'store' 'store_ln0' <Predicate = true> <Delay = 0.42>
ST_1 : Operation 27 [1/1] (0.42ns)   --->   "%store_ln0 = store i2 0, i2 %i_1"   --->   Operation 27 'store' 'store_ln0' <Predicate = true> <Delay = 0.42>
ST_1 : Operation 28 [1/1] (0.42ns)   --->   "%store_ln0 = store i4 0, i4 %indvar_flatten77"   --->   Operation 28 'store' 'store_ln0' <Predicate = true> <Delay = 0.42>
ST_1 : Operation 29 [1/1] (0.42ns)   --->   "%store_ln0 = store i2 0, i2 %j_1"   --->   Operation 29 'store' 'store_ln0' <Predicate = true> <Delay = 0.42>
ST_1 : Operation 30 [1/1] (0.42ns)   --->   "%store_ln0 = store i3 0, i3 %k"   --->   Operation 30 'store' 'store_ln0' <Predicate = true> <Delay = 0.42>
ST_1 : Operation 31 [1/1] (0.42ns)   --->   "%store_ln0 = store i16 %sext_ln66_cast, i16 %lhs"   --->   Operation 31 'store' 'store_ln0' <Predicate = true> <Delay = 0.42>
ST_1 : Operation 32 [1/1] (0.00ns)   --->   "%br_ln0 = br void %for.body21.i"   --->   Operation 32 'br' 'br_ln0' <Predicate = true> <Delay = 0.00>
ST_1 : Operation 33 [1/1] (0.00ns)   --->   "%j = load i2 %j_1" [../denoiser_c_to_hls/denoiser.cpp:76]   --->   Operation 33 'load' 'j' <Predicate = true> <Delay = 0.00>
ST_1 : Operation 34 [1/1] (0.00ns)   --->   "%i = load i2 %i_1" [../denoiser_c_to_hls/denoiser.cpp:74]   --->   Operation 34 'load' 'i' <Predicate = true> <Delay = 0.00>
ST_1 : Operation 35 [1/1] (0.00ns)   --->   "%indvar_flatten137_load = load i5 %indvar_flatten137" [../denoiser_c_to_hls/denoiser.cpp:74]   --->   Operation 35 'load' 'indvar_flatten137_load' <Predicate = true> <Delay = 0.00>
ST_1 : Operation 36 [1/1] (0.00ns)   --->   "%zext_ln74 = zext i2 %i" [../denoiser_c_to_hls/denoiser.cpp:74]   --->   Operation 36 'zext' 'zext_ln74' <Predicate = true> <Delay = 0.00>
ST_1 : Operation 37 [1/1] (0.00ns)   --->   "%zext_ln74_1 = zext i2 %i" [../denoiser_c_to_hls/denoiser.cpp:74]   --->   Operation 37 'zext' 'zext_ln74_1' <Predicate = true> <Delay = 0.00>
ST_1 : Operation 38 [1/1] (0.79ns)   --->   "%empty = add i4 %zext_ln74_1, i4 %select_ln68_2_read" [../denoiser_c_to_hls/denoiser.cpp:74]   --->   Operation 38 'add' 'empty' <Predicate = true> <Delay = 0.79> <CoreInst = "Adder">   --->   Core 1 'Adder' <Latency = 0> <II = 1> <Delay = 0.79> <FuncUnit> <Opcode : 'add' 'sub'> <InPorts = 2> <OutPorts = 1>
ST_1 : Operation 39 [1/1] (0.00ns)   --->   "%p_cast82 = zext i4 %empty" [../denoiser_c_to_hls/denoiser.cpp:74]   --->   Operation 39 'zext' 'p_cast82' <Predicate = true> <Delay = 0.00>
ST_1 : Operation 40 [1/1] (0.79ns)   --->   "%empty_74 = add i5 %p_cast82, i5 31" [../denoiser_c_to_hls/denoiser.cpp:74]   --->   Operation 40 'add' 'empty_74' <Predicate = true> <Delay = 0.79> <CoreInst = "Adder">   --->   Core 1 'Adder' <Latency = 0> <II = 1> <Delay = 0.79> <FuncUnit> <Opcode : 'add' 'sub'> <InPorts = 2> <OutPorts = 1>
ST_1 : Operation 41 [1/1] (0.00ns)   --->   "%p_shl = bitconcatenate i4 @_ssdm_op_BitConcatenate.i4.i2.i2, i2 %i, i2 0" [../denoiser_c_to_hls/denoiser.cpp:74]   --->   Operation 41 'bitconcatenate' 'p_shl' <Predicate = true> <Delay = 0.00>
ST_1 : Operation 42 [1/1] (0.00ns)   --->   "%p_shl14_cast = zext i4 %p_shl" [../denoiser_c_to_hls/denoiser.cpp:74]   --->   Operation 42 'zext' 'p_shl14_cast' <Predicate = true> <Delay = 0.00>
ST_1 : Operation 43 [1/1] (0.79ns)   --->   "%empty_75 = sub i5 %p_shl14_cast, i5 %zext_ln74" [../denoiser_c_to_hls/denoiser.cpp:74]   --->   Operation 43 'sub' 'empty_75' <Predicate = true> <Delay = 0.79> <CoreInst = "Adder">   --->   Core 1 'Adder' <Latency = 0> <II = 1> <Delay = 0.79> <FuncUnit> <Opcode : 'add' 'sub'> <InPorts = 2> <OutPorts = 1>
ST_1 : Operation 44 [1/1] (0.72ns)   --->   "%cmp24_i_not = icmp_eq  i4 %empty, i4 0" [../denoiser_c_to_hls/denoiser.cpp:74]   --->   Operation 44 'icmp' 'cmp24_i_not' <Predicate = true> <Delay = 0.72> <CoreInst = "Cmp">   --->   Core 9 'Cmp' <Latency = 0> <II = 1> <Delay = 0.72> <FuncUnit> <Opcode : 'icmp'> <InPorts = 2> <OutPorts = 1>
ST_1 : Operation 45 [1/1] (0.75ns)   --->   "%cmp25_i228_not = icmp_sgt  i5 %empty_74, i5 13" [../denoiser_c_to_hls/denoiser.cpp:74]   --->   Operation 45 'icmp' 'cmp25_i228_not' <Predicate = true> <Delay = 0.75> <CoreInst = "Cmp">   --->   Core 9 'Cmp' <Latency = 0> <II = 1> <Delay = 0.75> <FuncUnit> <Opcode : 'icmp'> <InPorts = 2> <OutPorts = 1>
ST_1 : Operation 46 [1/1] (0.00ns)   --->   "%shl_ln83_1 = bitconcatenate i12 @_ssdm_op_BitConcatenate.i12.i5.i7, i5 %empty_74, i7 0" [../denoiser_c_to_hls/denoiser.cpp:83]   --->   Operation 46 'bitconcatenate' 'shl_ln83_1' <Predicate = true> <Delay = 0.00>
ST_1 : Operation 47 [1/1] (0.00ns)   --->   "%shl_ln83_2 = bitconcatenate i9 @_ssdm_op_BitConcatenate.i9.i5.i4, i5 %empty_74, i4 0" [../denoiser_c_to_hls/denoiser.cpp:83]   --->   Operation 47 'bitconcatenate' 'shl_ln83_2' <Predicate = true> <Delay = 0.00>
ST_1 : Operation 48 [1/1] (0.00ns)   --->   "%sext_ln83 = sext i9 %shl_ln83_2" [../denoiser_c_to_hls/denoiser.cpp:83]   --->   Operation 48 'sext' 'sext_ln83' <Predicate = true> <Delay = 0.00>
ST_1 : Operation 49 [1/1] (0.80ns)   --->   "%sub_ln83 = sub i12 %shl_ln83_1, i12 %sext_ln83" [../denoiser_c_to_hls/denoiser.cpp:83]   --->   Operation 49 'sub' 'sub_ln83' <Predicate = true> <Delay = 0.80> <CoreInst = "Adder">   --->   Core 1 'Adder' <Latency = 0> <II = 1> <Delay = 0.80> <FuncUnit> <Opcode : 'add' 'sub'> <InPorts = 2> <OutPorts = 1>
ST_1 : Operation 50 [1/1] (0.00ns)   --->   "%sext_ln76 = sext i12 %sub_ln83" [../denoiser_c_to_hls/denoiser.cpp:76]   --->   Operation 50 'sext' 'sext_ln76' <Predicate = true> <Delay = 0.00>
ST_1 : Operation 51 [1/1] (0.00ns)   --->   "%zext_ln76 = zext i2 %j" [../denoiser_c_to_hls/denoiser.cpp:76]   --->   Operation 51 'zext' 'zext_ln76' <Predicate = true> <Delay = 0.00>
ST_1 : Operation 52 [1/1] (0.79ns)   --->   "%empty_76 = add i4 %zext_ln76, i4 %select_ln68_read" [../denoiser_c_to_hls/denoiser.cpp:76]   --->   Operation 52 'add' 'empty_76' <Predicate = true> <Delay = 0.79> <CoreInst = "Adder">   --->   Core 1 'Adder' <Latency = 0> <II = 1> <Delay = 0.79> <FuncUnit> <Opcode : 'add' 'sub'> <InPorts = 2> <OutPorts = 1>
ST_1 : Operation 53 [1/1] (0.00ns)   --->   "%p_cast123 = zext i4 %empty_76" [../denoiser_c_to_hls/denoiser.cpp:76]   --->   Operation 53 'zext' 'p_cast123' <Predicate = true> <Delay = 0.00>
ST_1 : Operation 54 [1/1] (0.79ns)   --->   "%empty_77 = add i5 %p_cast123, i5 31" [../denoiser_c_to_hls/denoiser.cpp:76]   --->   Operation 54 'add' 'empty_77' <Predicate = true> <Delay = 0.79> <CoreInst = "Adder">   --->   Core 1 'Adder' <Latency = 0> <II = 1> <Delay = 0.79> <FuncUnit> <Opcode : 'add' 'sub'> <InPorts = 2> <OutPorts = 1>
ST_1 : Operation 55 [1/1] (0.72ns)   --->   "%cmp27_i_not = icmp_eq  i4 %empty_76, i4 0" [../denoiser_c_to_hls/denoiser.cpp:76]   --->   Operation 55 'icmp' 'cmp27_i_not' <Predicate = true> <Delay = 0.72> <CoreInst = "Cmp">   --->   Core 9 'Cmp' <Latency = 0> <II = 1> <Delay = 0.72> <FuncUnit> <Opcode : 'icmp'> <InPorts = 2> <OutPorts = 1>
ST_1 : Operation 56 [1/1] (0.75ns)   --->   "%cmp29_i_not = icmp_sgt  i5 %empty_77, i5 13" [../denoiser_c_to_hls/denoiser.cpp:76]   --->   Operation 56 'icmp' 'cmp29_i_not' <Predicate = true> <Delay = 0.75> <CoreInst = "Cmp">   --->   Core 9 'Cmp' <Latency = 0> <II = 1> <Delay = 0.75> <FuncUnit> <Opcode : 'icmp'> <InPorts = 2> <OutPorts = 1>
ST_1 : Operation 57 [1/1] (0.00ns) (grouped into LUT with out node brmerge78)   --->   "%tmp13 = or i1 %cmp25_i228_not, i1 %cmp27_i_not" [../denoiser_c_to_hls/denoiser.cpp:74]   --->   Operation 57 'or' 'tmp13' <Predicate = true> <Delay = 0.00> <CoreInst = "LogicGate">   --->   Core 74 'LogicGate' <Latency = 0> <II = 1> <Delay = 0.28> <FuncUnit> <Opcode : 'and' 'or' 'xor'> <InPorts = 2> <OutPorts = 1>
ST_1 : Operation 58 [1/1] (0.00ns) (grouped into LUT with out node brmerge78)   --->   "%tmp14 = or i1 %cmp24_i_not, i1 %cmp29_i_not" [../denoiser_c_to_hls/denoiser.cpp:74]   --->   Operation 58 'or' 'tmp14' <Predicate = true> <Delay = 0.00> <CoreInst = "LogicGate">   --->   Core 74 'LogicGate' <Latency = 0> <II = 1> <Delay = 0.28> <FuncUnit> <Opcode : 'and' 'or' 'xor'> <InPorts = 2> <OutPorts = 1>
ST_1 : Operation 59 [1/1] (0.28ns) (out node of the LUT)   --->   "%brmerge78 = or i1 %tmp14, i1 %tmp13" [../denoiser_c_to_hls/denoiser.cpp:74]   --->   Operation 59 'or' 'brmerge78' <Predicate = true> <Delay = 0.28> <CoreInst = "LogicGate">   --->   Core 74 'LogicGate' <Latency = 0> <II = 1> <Delay = 0.28> <FuncUnit> <Opcode : 'and' 'or' 'xor'> <InPorts = 2> <OutPorts = 1>
ST_1 : Operation 60 [1/1] (0.00ns)   --->   "%shl_ln2 = bitconcatenate i8 @_ssdm_op_BitConcatenate.i8.i5.i3, i5 %empty_77, i3 0" [../denoiser_c_to_hls/denoiser.cpp:83]   --->   Operation 60 'bitconcatenate' 'shl_ln2' <Predicate = true> <Delay = 0.00>
ST_1 : Operation 61 [1/1] (0.00ns)   --->   "%sext_ln83_1 = sext i8 %shl_ln2" [../denoiser_c_to_hls/denoiser.cpp:83]   --->   Operation 61 'sext' 'sext_ln83_1' <Predicate = true> <Delay = 0.00>
ST_1 : Operation 62 [1/1] (0.82ns)   --->   "%add_ln83 = add i13 %sext_ln83_1, i13 4352" [../denoiser_c_to_hls/denoiser.cpp:83]   --->   Operation 62 'add' 'add_ln83' <Predicate = true> <Delay = 0.82> <CoreInst = "Adder">   --->   Core 1 'Adder' <Latency = 0> <II = 1> <Delay = 0.82> <FuncUnit> <Opcode : 'add' 'sub'> <InPorts = 2> <OutPorts = 1>
ST_1 : Operation 63 [1/1] (0.00ns)   --->   "%sext_ln83_2 = sext i13 %add_ln83" [../denoiser_c_to_hls/denoiser.cpp:83]   --->   Operation 63 'sext' 'sext_ln83_2' <Predicate = true> <Delay = 0.00>
ST_1 : Operation 64 [1/1] (0.82ns)   --->   "%add_ln83_1 = add i14 %sext_ln83_2, i14 %sext_ln76" [../denoiser_c_to_hls/denoiser.cpp:83]   --->   Operation 64 'add' 'add_ln83_1' <Predicate = true> <Delay = 0.82> <CoreInst = "Adder">   --->   Core 1 'Adder' <Latency = 0> <II = 1> <Delay = 0.82> <FuncUnit> <Opcode : 'add' 'sub'> <InPorts = 2> <OutPorts = 1>
ST_1 : Operation 65 [1/1] (0.00ns)   --->   "%specpipeline_ln0 = specpipeline void @_ssdm_op_SpecPipeline, i32 4294967295, i32 0, i32 1, i32 0, void @p_str"   --->   Operation 65 'specpipeline' 'specpipeline_ln0' <Predicate = true> <Delay = 0.00>
ST_1 : Operation 66 [1/1] (0.75ns)   --->   "%icmp_ln74 = icmp_eq  i5 %indvar_flatten137_load, i5 18" [../denoiser_c_to_hls/denoiser.cpp:74]   --->   Operation 66 'icmp' 'icmp_ln74' <Predicate = true> <Delay = 0.75> <CoreInst = "Cmp">   --->   Core 9 'Cmp' <Latency = 0> <II = 1> <Delay = 0.75> <FuncUnit> <Opcode : 'icmp'> <InPorts = 2> <OutPorts = 1>
ST_1 : Operation 67 [1/1] (0.78ns)   --->   "%add_ln74_2 = add i5 %indvar_flatten137_load, i5 1" [../denoiser_c_to_hls/denoiser.cpp:74]   --->   Operation 67 'add' 'add_ln74_2' <Predicate = true> <Delay = 0.78> <CoreInst = "Adder">   --->   Core 1 'Adder' <Latency = 0> <II = 1> <Delay = 0.78> <FuncUnit> <Opcode : 'add' 'sub'> <InPorts = 2> <OutPorts = 1>
ST_1 : Operation 68 [1/1] (0.00ns)   --->   "%br_ln74 = br i1 %icmp_ln74, void %for.cond.cleanup16.i223, void %for.cond.cleanup12.i218.exitStub" [../denoiser_c_to_hls/denoiser.cpp:74]   --->   Operation 68 'br' 'br_ln74' <Predicate = true> <Delay = 0.00>
ST_1 : Operation 69 [1/1] (0.00ns)   --->   "%k_load = load i3 %k" [../denoiser_c_to_hls/denoiser.cpp:78]   --->   Operation 69 'load' 'k_load' <Predicate = (!icmp_ln74)> <Delay = 0.00>
ST_1 : Operation 70 [1/1] (0.00ns)   --->   "%indvar_flatten77_load = load i4 %indvar_flatten77" [../denoiser_c_to_hls/denoiser.cpp:76]   --->   Operation 70 'load' 'indvar_flatten77_load' <Predicate = (!icmp_ln74)> <Delay = 0.00>
ST_1 : Operation 71 [1/1] (0.54ns)   --->   "%add_ln74 = add i2 %i, i2 1" [../denoiser_c_to_hls/denoiser.cpp:74]   --->   Operation 71 'add' 'add_ln74' <Predicate = (!icmp_ln74)> <Delay = 0.54> <CoreInst = "Adder">   --->   Core 1 'Adder' <Latency = 0> <II = 1> <Delay = 0.54> <FuncUnit> <Opcode : 'add' 'sub'> <InPorts = 2> <OutPorts = 1>
ST_1 : Operation 72 [1/1] (0.72ns)   --->   "%icmp_ln76 = icmp_eq  i4 %indvar_flatten77_load, i4 6" [../denoiser_c_to_hls/denoiser.cpp:76]   --->   Operation 72 'icmp' 'icmp_ln76' <Predicate = (!icmp_ln74)> <Delay = 0.72> <CoreInst = "Cmp">   --->   Core 9 'Cmp' <Latency = 0> <II = 1> <Delay = 0.72> <FuncUnit> <Opcode : 'icmp'> <InPorts = 2> <OutPorts = 1>
ST_1 : Operation 73 [1/1] (0.17ns)   --->   "%select_ln74 = select i1 %icmp_ln76, i2 0, i2 %j" [../denoiser_c_to_hls/denoiser.cpp:74]   --->   Operation 73 'select' 'select_ln74' <Predicate = (!icmp_ln74)> <Delay = 0.17> <CoreInst = "Sel">   --->   Core 73 'Sel' <Latency = 0> <II = 1> <Delay = 0.17> <FuncUnit> <Opcode : 'select'> <InPorts = 3> <OutPorts = 1>
ST_1 : Operation 74 [1/1] (0.00ns) (grouped into LUT with out node select_ln76)   --->   "%select_ln74_1 = select i1 %icmp_ln76, i3 0, i3 %k_load" [../denoiser_c_to_hls/denoiser.cpp:74]   --->   Operation 74 'select' 'select_ln74_1' <Predicate = (!icmp_ln74)> <Delay = 0.00> <CoreInst = "Sel">   --->   Core 73 'Sel' <Latency = 0> <II = 1> <Delay = 0.20> <FuncUnit> <Opcode : 'select'> <InPorts = 3> <OutPorts = 1>
ST_1 : Operation 75 [1/1] (0.00ns)   --->   "%zext_ln74_2 = zext i2 %add_ln74" [../denoiser_c_to_hls/denoiser.cpp:74]   --->   Operation 75 'zext' 'zext_ln74_2' <Predicate = (!icmp_ln74)> <Delay = 0.00>
ST_1 : Operation 76 [1/1] (0.00ns)   --->   "%zext_ln74_3 = zext i2 %add_ln74" [../denoiser_c_to_hls/denoiser.cpp:74]   --->   Operation 76 'zext' 'zext_ln74_3' <Predicate = (!icmp_ln74)> <Delay = 0.00>
ST_1 : Operation 77 [1/1] (0.79ns)   --->   "%p_mid195 = add i4 %zext_ln74_3, i4 %select_ln68_2_read" [../denoiser_c_to_hls/denoiser.cpp:74]   --->   Operation 77 'add' 'p_mid195' <Predicate = (!icmp_ln74)> <Delay = 0.79> <CoreInst = "Adder">   --->   Core 1 'Adder' <Latency = 0> <II = 1> <Delay = 0.79> <FuncUnit> <Opcode : 'add' 'sub'> <InPorts = 2> <OutPorts = 1>
ST_1 : Operation 78 [1/1] (0.00ns)   --->   "%p_cast82_mid1 = zext i4 %p_mid195" [../denoiser_c_to_hls/denoiser.cpp:74]   --->   Operation 78 'zext' 'p_cast82_mid1' <Predicate = (!icmp_ln74)> <Delay = 0.00>
ST_1 : Operation 79 [1/1] (0.79ns)   --->   "%p_mid197 = add i5 %p_cast82_mid1, i5 31" [../denoiser_c_to_hls/denoiser.cpp:74]   --->   Operation 79 'add' 'p_mid197' <Predicate = (!icmp_ln74)> <Delay = 0.79> <CoreInst = "Adder">   --->   Core 1 'Adder' <Latency = 0> <II = 1> <Delay = 0.79> <FuncUnit> <Opcode : 'add' 'sub'> <InPorts = 2> <OutPorts = 1>
ST_1 : Operation 80 [1/1] (0.00ns)   --->   "%p_shl14_mid1 = bitconcatenate i4 @_ssdm_op_BitConcatenate.i4.i2.i2, i2 %add_ln74, i2 0" [../denoiser_c_to_hls/denoiser.cpp:74]   --->   Operation 80 'bitconcatenate' 'p_shl14_mid1' <Predicate = (!icmp_ln74)> <Delay = 0.00>
ST_1 : Operation 81 [1/1] (0.00ns)   --->   "%p_shl14_cast_mid1 = zext i4 %p_shl14_mid1" [../denoiser_c_to_hls/denoiser.cpp:74]   --->   Operation 81 'zext' 'p_shl14_cast_mid1' <Predicate = (!icmp_ln74)> <Delay = 0.00>
ST_1 : Operation 82 [1/1] (0.79ns)   --->   "%p_mid199 = sub i5 %p_shl14_cast_mid1, i5 %zext_ln74_2" [../denoiser_c_to_hls/denoiser.cpp:74]   --->   Operation 82 'sub' 'p_mid199' <Predicate = (!icmp_ln74)> <Delay = 0.79> <CoreInst = "Adder">   --->   Core 1 'Adder' <Latency = 0> <II = 1> <Delay = 0.79> <FuncUnit> <Opcode : 'add' 'sub'> <InPorts = 2> <OutPorts = 1>
ST_1 : Operation 83 [1/1] (0.72ns)   --->   "%cmp24_i_not_mid1 = icmp_eq  i4 %p_mid195, i4 0" [../denoiser_c_to_hls/denoiser.cpp:74]   --->   Operation 83 'icmp' 'cmp24_i_not_mid1' <Predicate = (!icmp_ln74)> <Delay = 0.72> <CoreInst = "Cmp">   --->   Core 9 'Cmp' <Latency = 0> <II = 1> <Delay = 0.72> <FuncUnit> <Opcode : 'icmp'> <InPorts = 2> <OutPorts = 1>
ST_1 : Operation 84 [1/1] (0.00ns) (grouped into LUT with out node brmerge78_mid1)   --->   "%select_ln74_2 = select i1 %icmp_ln76, i1 %cmp24_i_not_mid1, i1 %cmp24_i_not" [../denoiser_c_to_hls/denoiser.cpp:74]   --->   Operation 84 'select' 'select_ln74_2' <Predicate = (!icmp_ln74)> <Delay = 0.00> <CoreInst = "Sel">   --->   Core 73 'Sel' <Latency = 0> <II = 1> <Delay = 0.17> <FuncUnit> <Opcode : 'select'> <InPorts = 3> <OutPorts = 1>
ST_1 : Operation 85 [1/1] (0.75ns)   --->   "%cmp25_i228_not_mid1 = icmp_sgt  i5 %p_mid197, i5 13" [../denoiser_c_to_hls/denoiser.cpp:74]   --->   Operation 85 'icmp' 'cmp25_i228_not_mid1' <Predicate = (!icmp_ln74)> <Delay = 0.75> <CoreInst = "Cmp">   --->   Core 9 'Cmp' <Latency = 0> <II = 1> <Delay = 0.75> <FuncUnit> <Opcode : 'icmp'> <InPorts = 2> <OutPorts = 1>
ST_1 : Operation 86 [1/1] (0.00ns) (grouped into LUT with out node tmp13_mid1)   --->   "%select_ln74_3 = select i1 %icmp_ln76, i1 %cmp25_i228_not_mid1, i1 %cmp25_i228_not" [../denoiser_c_to_hls/denoiser.cpp:74]   --->   Operation 86 'select' 'select_ln74_3' <Predicate = (!icmp_ln74)> <Delay = 0.00> <CoreInst = "Sel">   --->   Core 73 'Sel' <Latency = 0> <II = 1> <Delay = 0.17> <FuncUnit> <Opcode : 'select'> <InPorts = 3> <OutPorts = 1>
ST_1 : Operation 87 [1/1] (0.00ns)   --->   "%shl_ln83_1_mid1 = bitconcatenate i12 @_ssdm_op_BitConcatenate.i12.i5.i7, i5 %p_mid197, i7 0" [../denoiser_c_to_hls/denoiser.cpp:83]   --->   Operation 87 'bitconcatenate' 'shl_ln83_1_mid1' <Predicate = (!icmp_ln74)> <Delay = 0.00>
ST_1 : Operation 88 [1/1] (0.00ns)   --->   "%shl_ln83_2_mid1 = bitconcatenate i9 @_ssdm_op_BitConcatenate.i9.i5.i4, i5 %p_mid197, i4 0" [../denoiser_c_to_hls/denoiser.cpp:83]   --->   Operation 88 'bitconcatenate' 'shl_ln83_2_mid1' <Predicate = (!icmp_ln74)> <Delay = 0.00>
ST_1 : Operation 89 [1/1] (0.00ns)   --->   "%sext_ln83_3 = sext i9 %shl_ln83_2_mid1" [../denoiser_c_to_hls/denoiser.cpp:83]   --->   Operation 89 'sext' 'sext_ln83_3' <Predicate = (!icmp_ln74)> <Delay = 0.00>
ST_1 : Operation 90 [1/1] (0.80ns)   --->   "%sub_ln83_1 = sub i12 %shl_ln83_1_mid1, i12 %sext_ln83_3" [../denoiser_c_to_hls/denoiser.cpp:83]   --->   Operation 90 'sub' 'sub_ln83_1' <Predicate = (!icmp_ln74)> <Delay = 0.80> <CoreInst = "Adder">   --->   Core 1 'Adder' <Latency = 0> <II = 1> <Delay = 0.80> <FuncUnit> <Opcode : 'add' 'sub'> <InPorts = 2> <OutPorts = 1>
ST_1 : Operation 91 [1/1] (0.00ns)   --->   "%sext_ln76_1 = sext i12 %sub_ln83_1" [../denoiser_c_to_hls/denoiser.cpp:76]   --->   Operation 91 'sext' 'sext_ln76_1' <Predicate = (!icmp_ln74)> <Delay = 0.00>
ST_1 : Operation 92 [1/1] (0.00ns) (grouped into LUT with out node add_ln83_4)   --->   "%select_ln74_4 = select i1 %icmp_ln76, i12 %sub_ln83_1, i12 %sub_ln83" [../denoiser_c_to_hls/denoiser.cpp:74]   --->   Operation 92 'select' 'select_ln74_4' <Predicate = (!icmp_ln74)> <Delay = 0.00> <CoreInst = "Sel">   --->   Core 73 'Sel' <Latency = 0> <II = 1> <Delay = 0.37> <FuncUnit> <Opcode : 'select'> <InPorts = 3> <OutPorts = 1>
ST_1 : Operation 93 [1/1] (0.00ns) (grouped into LUT with out node add_ln83_4)   --->   "%sext_ln74 = sext i12 %select_ln74_4" [../denoiser_c_to_hls/denoiser.cpp:74]   --->   Operation 93 'sext' 'sext_ln74' <Predicate = (!icmp_ln74)> <Delay = 0.00>
ST_1 : Operation 94 [1/1] (0.00ns) (grouped into LUT with out node add_ln74_1)   --->   "%select_ln74_5 = select i1 %icmp_ln76, i5 %p_mid199, i5 %empty_75" [../denoiser_c_to_hls/denoiser.cpp:74]   --->   Operation 94 'select' 'select_ln74_5' <Predicate = (!icmp_ln74)> <Delay = 0.00> <CoreInst = "Sel">   --->   Core 73 'Sel' <Latency = 0> <II = 1> <Delay = 0.41> <FuncUnit> <Opcode : 'select'> <InPorts = 3> <OutPorts = 1>
ST_1 : Operation 95 [1/1] (0.00ns) (grouped into LUT with out node add_ln74_1)   --->   "%sext_ln74_1 = sext i5 %select_ln74_5" [../denoiser_c_to_hls/denoiser.cpp:74]   --->   Operation 95 'sext' 'sext_ln74_1' <Predicate = (!icmp_ln74)> <Delay = 0.00>
ST_1 : Operation 96 [1/1] (0.76ns) (out node of the LUT)   --->   "%add_ln74_1 = add i9 %sext_ln74_1, i9 %zext_ln66_cast" [../denoiser_c_to_hls/denoiser.cpp:74]   --->   Operation 96 'add' 'add_ln74_1' <Predicate = (!icmp_ln74)> <Delay = 0.76> <CoreInst = "Adder">   --->   Core 1 'Adder' <Latency = 0> <II = 1> <Delay = 0.76> <FuncUnit> <Opcode : 'add' 'sub'> <InPorts = 2> <OutPorts = 1>
ST_1 : Operation 97 [1/1] (0.00ns) (grouped into LUT with out node select_ln74_6)   --->   "%tmp13_mid1119 = or i1 %cmp25_i228_not_mid1, i1 %cmp27_i_not_mid1115_read" [../denoiser_c_to_hls/denoiser.cpp:74]   --->   Operation 97 'or' 'tmp13_mid1119' <Predicate = (!icmp_ln74)> <Delay = 0.00> <CoreInst = "LogicGate">   --->   Core 74 'LogicGate' <Latency = 0> <II = 1> <Delay = 0.28> <FuncUnit> <Opcode : 'and' 'or' 'xor'> <InPorts = 2> <OutPorts = 1>
ST_1 : Operation 98 [1/1] (0.00ns) (grouped into LUT with out node select_ln74_6)   --->   "%tmp14_mid1121 = or i1 %cmp24_i_not_mid1, i1 %cmp29_i_not_mid1117_read" [../denoiser_c_to_hls/denoiser.cpp:74]   --->   Operation 98 'or' 'tmp14_mid1121' <Predicate = (!icmp_ln74)> <Delay = 0.00> <CoreInst = "LogicGate">   --->   Core 74 'LogicGate' <Latency = 0> <II = 1> <Delay = 0.28> <FuncUnit> <Opcode : 'and' 'or' 'xor'> <InPorts = 2> <OutPorts = 1>
ST_1 : Operation 99 [1/1] (0.00ns) (grouped into LUT with out node select_ln74_6)   --->   "%brmerge78_mid1123 = or i1 %tmp14_mid1121, i1 %tmp13_mid1119" [../denoiser_c_to_hls/denoiser.cpp:74]   --->   Operation 99 'or' 'brmerge78_mid1123' <Predicate = (!icmp_ln74)> <Delay = 0.00> <CoreInst = "LogicGate">   --->   Core 74 'LogicGate' <Latency = 0> <II = 1> <Delay = 0.28> <FuncUnit> <Opcode : 'and' 'or' 'xor'> <InPorts = 2> <OutPorts = 1>
ST_1 : Operation 100 [1/1] (0.28ns) (out node of the LUT)   --->   "%select_ln74_6 = select i1 %icmp_ln76, i1 %brmerge78_mid1123, i1 %brmerge78" [../denoiser_c_to_hls/denoiser.cpp:74]   --->   Operation 100 'select' 'select_ln74_6' <Predicate = (!icmp_ln74)> <Delay = 0.28> <CoreInst = "Sel">   --->   Core 73 'Sel' <Latency = 0> <II = 1> <Delay = 0.17> <FuncUnit> <Opcode : 'select'> <InPorts = 3> <OutPorts = 1>
ST_1 : Operation 101 [1/1] (0.82ns)   --->   "%add_ln83_2 = add i14 %sext_ln83_4_cast, i14 %sext_ln76_1" [../denoiser_c_to_hls/denoiser.cpp:83]   --->   Operation 101 'add' 'add_ln83_2' <Predicate = (!icmp_ln74)> <Delay = 0.82> <CoreInst = "Adder">   --->   Core 1 'Adder' <Latency = 0> <II = 1> <Delay = 0.82> <FuncUnit> <Opcode : 'add' 'sub'> <InPorts = 2> <OutPorts = 1>
ST_1 : Operation 102 [1/1] (0.00ns) (grouped into LUT with out node or_ln74)   --->   "%tmp = bitselect i1 @_ssdm_op_BitSelect.i1.i3.i32, i3 %k_load, i32 2" [../denoiser_c_to_hls/denoiser.cpp:78]   --->   Operation 102 'bitselect' 'tmp' <Predicate = (!icmp_ln74)> <Delay = 0.00>
ST_1 : Operation 103 [1/1] (0.00ns) (grouped into LUT with out node or_ln74)   --->   "%xor_ln78 = xor i1 %tmp, i1 1" [../denoiser_c_to_hls/denoiser.cpp:78]   --->   Operation 103 'xor' 'xor_ln78' <Predicate = (!icmp_ln74)> <Delay = 0.00> <CoreInst = "LogicGate">   --->   Core 74 'LogicGate' <Latency = 0> <II = 1> <Delay = 0.28> <FuncUnit> <Opcode : 'and' 'or' 'xor'> <InPorts = 2> <OutPorts = 1>
ST_1 : Operation 104 [1/1] (0.28ns) (out node of the LUT)   --->   "%or_ln74 = or i1 %icmp_ln76, i1 %xor_ln78" [../denoiser_c_to_hls/denoiser.cpp:74]   --->   Operation 104 'or' 'or_ln74' <Predicate = (!icmp_ln74)> <Delay = 0.28> <CoreInst = "LogicGate">   --->   Core 74 'LogicGate' <Latency = 0> <II = 1> <Delay = 0.28> <FuncUnit> <Opcode : 'and' 'or' 'xor'> <InPorts = 2> <OutPorts = 1>
ST_1 : Operation 105 [1/1] (0.17ns)   --->   "%select_ln74_7 = select i1 %icmp_ln76, i2 %add_ln74, i2 %i" [../denoiser_c_to_hls/denoiser.cpp:74]   --->   Operation 105 'select' 'select_ln74_7' <Predicate = (!icmp_ln74)> <Delay = 0.17> <CoreInst = "Sel">   --->   Core 73 'Sel' <Latency = 0> <II = 1> <Delay = 0.17> <FuncUnit> <Opcode : 'select'> <InPorts = 3> <OutPorts = 1>
ST_1 : Operation 106 [1/1] (0.54ns)   --->   "%add_ln76 = add i2 %select_ln74, i2 1" [../denoiser_c_to_hls/denoiser.cpp:76]   --->   Operation 106 'add' 'add_ln76' <Predicate = (!icmp_ln74)> <Delay = 0.54> <CoreInst = "Adder">   --->   Core 1 'Adder' <Latency = 0> <II = 1> <Delay = 0.54> <FuncUnit> <Opcode : 'add' 'sub'> <InPorts = 2> <OutPorts = 1>
ST_1 : Operation 107 [1/1] (0.20ns) (out node of the LUT)   --->   "%select_ln76 = select i1 %or_ln74, i3 %select_ln74_1, i3 0" [../denoiser_c_to_hls/denoiser.cpp:76]   --->   Operation 107 'select' 'select_ln76' <Predicate = (!icmp_ln74)> <Delay = 0.20> <CoreInst = "Sel">   --->   Core 73 'Sel' <Latency = 0> <II = 1> <Delay = 0.20> <FuncUnit> <Opcode : 'select'> <InPorts = 3> <OutPorts = 1>
ST_1 : Operation 108 [1/1] (0.17ns)   --->   "%select_ln76_1 = select i1 %or_ln74, i2 %select_ln74, i2 %add_ln76" [../denoiser_c_to_hls/denoiser.cpp:76]   --->   Operation 108 'select' 'select_ln76_1' <Predicate = (!icmp_ln74)> <Delay = 0.17> <CoreInst = "Sel">   --->   Core 73 'Sel' <Latency = 0> <II = 1> <Delay = 0.17> <FuncUnit> <Opcode : 'select'> <InPorts = 3> <OutPorts = 1>
ST_1 : Operation 109 [1/1] (0.00ns) (grouped into LUT with out node add_ln84_2)   --->   "%zext_ln76_1 = zext i2 %select_ln76_1" [../denoiser_c_to_hls/denoiser.cpp:76]   --->   Operation 109 'zext' 'zext_ln76_1' <Predicate = (!icmp_ln74)> <Delay = 0.00>
ST_1 : Operation 110 [1/1] (0.00ns)   --->   "%zext_ln76_2 = zext i2 %select_ln76_1" [../denoiser_c_to_hls/denoiser.cpp:76]   --->   Operation 110 'zext' 'zext_ln76_2' <Predicate = (!icmp_ln74)> <Delay = 0.00>
ST_1 : Operation 111 [1/1] (0.00ns)   --->   "%zext_ln76_3 = zext i2 %add_ln76" [../denoiser_c_to_hls/denoiser.cpp:76]   --->   Operation 111 'zext' 'zext_ln76_3' <Predicate = (!icmp_ln74)> <Delay = 0.00>
ST_1 : Operation 112 [1/1] (0.79ns)   --->   "%p_mid173 = add i4 %zext_ln76_3, i4 %select_ln68_read" [../denoiser_c_to_hls/denoiser.cpp:76]   --->   Operation 112 'add' 'p_mid173' <Predicate = (!icmp_ln74)> <Delay = 0.79> <CoreInst = "Adder">   --->   Core 1 'Adder' <Latency = 0> <II = 1> <Delay = 0.79> <FuncUnit> <Opcode : 'add' 'sub'> <InPorts = 2> <OutPorts = 1>
ST_1 : Operation 113 [1/1] (0.00ns)   --->   "%p_cast123_mid1 = zext i4 %p_mid173" [../denoiser_c_to_hls/denoiser.cpp:76]   --->   Operation 113 'zext' 'p_cast123_mid1' <Predicate = (!icmp_ln74)> <Delay = 0.00>
ST_1 : Operation 114 [1/1] (0.79ns)   --->   "%p_mid175 = add i5 %p_cast123_mid1, i5 31" [../denoiser_c_to_hls/denoiser.cpp:76]   --->   Operation 114 'add' 'p_mid175' <Predicate = (!icmp_ln74)> <Delay = 0.79> <CoreInst = "Adder">   --->   Core 1 'Adder' <Latency = 0> <II = 1> <Delay = 0.79> <FuncUnit> <Opcode : 'add' 'sub'> <InPorts = 2> <OutPorts = 1>
ST_1 : Operation 115 [1/1] (0.72ns)   --->   "%cmp27_i_not_mid1 = icmp_eq  i4 %p_mid173, i4 0" [../denoiser_c_to_hls/denoiser.cpp:76]   --->   Operation 115 'icmp' 'cmp27_i_not_mid1' <Predicate = (!icmp_ln74)> <Delay = 0.72> <CoreInst = "Cmp">   --->   Core 9 'Cmp' <Latency = 0> <II = 1> <Delay = 0.72> <FuncUnit> <Opcode : 'icmp'> <InPorts = 2> <OutPorts = 1>
ST_1 : Operation 116 [1/1] (0.75ns)   --->   "%cmp29_i_not_mid1 = icmp_sgt  i5 %p_mid175, i5 13" [../denoiser_c_to_hls/denoiser.cpp:76]   --->   Operation 116 'icmp' 'cmp29_i_not_mid1' <Predicate = (!icmp_ln74)> <Delay = 0.75> <CoreInst = "Cmp">   --->   Core 9 'Cmp' <Latency = 0> <II = 1> <Delay = 0.75> <FuncUnit> <Opcode : 'icmp'> <InPorts = 2> <OutPorts = 1>
ST_1 : Operation 117 [1/1] (0.28ns) (out node of the LUT)   --->   "%tmp13_mid1 = or i1 %select_ln74_3, i1 %cmp27_i_not_mid1" [../denoiser_c_to_hls/denoiser.cpp:74]   --->   Operation 117 'or' 'tmp13_mid1' <Predicate = (!icmp_ln74)> <Delay = 0.28> <CoreInst = "LogicGate">   --->   Core 74 'LogicGate' <Latency = 0> <II = 1> <Delay = 0.28> <FuncUnit> <Opcode : 'and' 'or' 'xor'> <InPorts = 2> <OutPorts = 1>
ST_1 : Operation 118 [1/1] (0.00ns) (grouped into LUT with out node brmerge78_mid1)   --->   "%tmp14_mid1 = or i1 %select_ln74_2, i1 %cmp29_i_not_mid1" [../denoiser_c_to_hls/denoiser.cpp:74]   --->   Operation 118 'or' 'tmp14_mid1' <Predicate = (!icmp_ln74)> <Delay = 0.00> <CoreInst = "LogicGate">   --->   Core 74 'LogicGate' <Latency = 0> <II = 1> <Delay = 0.28> <FuncUnit> <Opcode : 'and' 'or' 'xor'> <InPorts = 2> <OutPorts = 1>
ST_1 : Operation 119 [1/1] (0.28ns) (out node of the LUT)   --->   "%brmerge78_mid1 = or i1 %tmp14_mid1, i1 %tmp13_mid1" [../denoiser_c_to_hls/denoiser.cpp:74]   --->   Operation 119 'or' 'brmerge78_mid1' <Predicate = (!icmp_ln74)> <Delay = 0.28> <CoreInst = "LogicGate">   --->   Core 74 'LogicGate' <Latency = 0> <II = 1> <Delay = 0.28> <FuncUnit> <Opcode : 'and' 'or' 'xor'> <InPorts = 2> <OutPorts = 1>
ST_1 : Operation 120 [1/1] (0.17ns) (out node of the LUT)   --->   "%select_ln76_2 = select i1 %or_ln74, i1 %select_ln74_6, i1 %brmerge78_mid1" [../denoiser_c_to_hls/denoiser.cpp:76]   --->   Operation 120 'select' 'select_ln76_2' <Predicate = (!icmp_ln74)> <Delay = 0.17> <CoreInst = "Sel">   --->   Core 73 'Sel' <Latency = 0> <II = 1> <Delay = 0.17> <FuncUnit> <Opcode : 'select'> <InPorts = 3> <OutPorts = 1>
ST_1 : Operation 121 [1/1] (0.00ns)   --->   "%shl_ln83_mid1 = bitconcatenate i8 @_ssdm_op_BitConcatenate.i8.i5.i3, i5 %p_mid175, i3 0" [../denoiser_c_to_hls/denoiser.cpp:83]   --->   Operation 121 'bitconcatenate' 'shl_ln83_mid1' <Predicate = (!icmp_ln74)> <Delay = 0.00>
ST_1 : Operation 122 [1/1] (0.00ns)   --->   "%sext_ln83_5 = sext i8 %shl_ln83_mid1" [../denoiser_c_to_hls/denoiser.cpp:83]   --->   Operation 122 'sext' 'sext_ln83_5' <Predicate = (!icmp_ln74)> <Delay = 0.00>
ST_1 : Operation 123 [1/1] (0.82ns)   --->   "%add_ln83_3 = add i13 %sext_ln83_5, i13 4352" [../denoiser_c_to_hls/denoiser.cpp:83]   --->   Operation 123 'add' 'add_ln83_3' <Predicate = (!icmp_ln74)> <Delay = 0.82> <CoreInst = "Adder">   --->   Core 1 'Adder' <Latency = 0> <II = 1> <Delay = 0.82> <FuncUnit> <Opcode : 'add' 'sub'> <InPorts = 2> <OutPorts = 1>
ST_1 : Operation 124 [1/1] (0.00ns) (grouped into LUT with out node add_ln83_4)   --->   "%sext_ln83_6 = sext i13 %add_ln83_3" [../denoiser_c_to_hls/denoiser.cpp:83]   --->   Operation 124 'sext' 'sext_ln83_6' <Predicate = (!icmp_ln74)> <Delay = 0.00>
ST_1 : Operation 125 [1/1] (0.82ns) (out node of the LUT)   --->   "%add_ln83_4 = add i14 %sext_ln83_6, i14 %sext_ln74" [../denoiser_c_to_hls/denoiser.cpp:83]   --->   Operation 125 'add' 'add_ln83_4' <Predicate = (!icmp_ln74)> <Delay = 0.82> <CoreInst = "Adder">   --->   Core 1 'Adder' <Latency = 0> <II = 1> <Delay = 0.82> <FuncUnit> <Opcode : 'add' 'sub'> <InPorts = 2> <OutPorts = 1>
ST_1 : Operation 126 [1/1] (0.00ns)   --->   "%trunc_ln83 = trunc i3 %select_ln76" [../denoiser_c_to_hls/denoiser.cpp:83]   --->   Operation 126 'trunc' 'trunc_ln83' <Predicate = (!icmp_ln74)> <Delay = 0.00>
ST_1 : Operation 127 [1/1] (0.00ns)   --->   "%shl_ln83 = shl i3 %select_ln76, i3 1" [../denoiser_c_to_hls/denoiser.cpp:83]   --->   Operation 127 'shl' 'shl_ln83' <Predicate = (!icmp_ln74)> <Delay = 0.00>
ST_1 : Operation 128 [1/1] (0.00ns) (grouped into LUT with out node select_ln76_3)   --->   "%tmp_s = partselect i11 @_ssdm_op_PartSelect.i11.i14.i32.i32, i14 %add_ln83_2, i32 3, i32 13" [../denoiser_c_to_hls/denoiser.cpp:83]   --->   Operation 128 'partselect' 'tmp_s' <Predicate = (!icmp_ln74)> <Delay = 0.00>
ST_1 : Operation 129 [1/1] (0.00ns) (grouped into LUT with out node select_ln76_3)   --->   "%tmp_10 = partselect i11 @_ssdm_op_PartSelect.i11.i14.i32.i32, i14 %add_ln83_1, i32 3, i32 13" [../denoiser_c_to_hls/denoiser.cpp:83]   --->   Operation 129 'partselect' 'tmp_10' <Predicate = (!icmp_ln74)> <Delay = 0.00>
ST_1 : Operation 130 [1/1] (0.00ns) (grouped into LUT with out node select_ln76_3)   --->   "%select_ln74_8 = select i1 %icmp_ln76, i11 %tmp_s, i11 %tmp_10" [../denoiser_c_to_hls/denoiser.cpp:74]   --->   Operation 130 'select' 'select_ln74_8' <Predicate = (!icmp_ln74)> <Delay = 0.00> <CoreInst = "Sel">   --->   Core 73 'Sel' <Latency = 0> <II = 1> <Delay = 0.38> <FuncUnit> <Opcode : 'select'> <InPorts = 3> <OutPorts = 1>
ST_1 : Operation 131 [1/1] (0.00ns) (grouped into LUT with out node select_ln76_3)   --->   "%tmp_11 = partselect i11 @_ssdm_op_PartSelect.i11.i14.i32.i32, i14 %add_ln83_4, i32 3, i32 13" [../denoiser_c_to_hls/denoiser.cpp:83]   --->   Operation 131 'partselect' 'tmp_11' <Predicate = (!icmp_ln74)> <Delay = 0.00>
ST_1 : Operation 132 [1/1] (0.38ns) (out node of the LUT)   --->   "%select_ln76_3 = select i1 %or_ln74, i11 %select_ln74_8, i11 %tmp_11" [../denoiser_c_to_hls/denoiser.cpp:76]   --->   Operation 132 'select' 'select_ln76_3' <Predicate = (!icmp_ln74)> <Delay = 0.38> <CoreInst = "Sel">   --->   Core 73 'Sel' <Latency = 0> <II = 1> <Delay = 0.38> <FuncUnit> <Opcode : 'select'> <InPorts = 3> <OutPorts = 1>
ST_1 : Operation 133 [1/1] (0.00ns)   --->   "%lshr_ln4 = bitconcatenate i13 @_ssdm_op_BitConcatenate.i13.i11.i2, i11 %select_ln76_3, i2 %trunc_ln83" [../denoiser_c_to_hls/denoiser.cpp:83]   --->   Operation 133 'bitconcatenate' 'lshr_ln4' <Predicate = (!icmp_ln74)> <Delay = 0.00>
ST_1 : Operation 134 [1/1] (0.00ns)   --->   "%zext_ln83 = zext i13 %lshr_ln4" [../denoiser_c_to_hls/denoiser.cpp:83]   --->   Operation 134 'zext' 'zext_ln83' <Predicate = (!icmp_ln74)> <Delay = 0.00>
ST_1 : Operation 135 [1/1] (0.00ns)   --->   "%d_addr = getelementptr i16 %d, i64 0, i64 %zext_ln83" [../denoiser_c_to_hls/denoiser.cpp:83]   --->   Operation 135 'getelementptr' 'd_addr' <Predicate = (!icmp_ln74)> <Delay = 0.00>
ST_1 : Operation 136 [2/2] (1.23ns)   --->   "%val_V = load i14 %d_addr" [../denoiser_c_to_hls/denoiser.cpp:83]   --->   Operation 136 'load' 'val_V' <Predicate = (!icmp_ln74)> <Delay = 1.23> <CoreInst = "RAM">   --->   Core 83 'RAM' <Latency = 1> <II = 1> <Delay = 1.23> <Storage> <Opcode : 'load' 'store'> <Ports = 2> <Width = 16> <Depth = 12544> <RAM>
ST_1 : Operation 137 [1/1] (0.00ns)   --->   "%add_ln84_7 = bitconcatenate i5 @_ssdm_op_BitConcatenate.i5.i2.i3, i2 %trunc_ln83, i3 %select_ln76" [../denoiser_c_to_hls/denoiser.cpp:84]   --->   Operation 137 'bitconcatenate' 'add_ln84_7' <Predicate = (!icmp_ln74)> <Delay = 0.00>
ST_1 : Operation 138 [1/1] (0.78ns)   --->   "%add_ln84 = add i5 %zext_ln76_2, i5 %add_ln84_7" [../denoiser_c_to_hls/denoiser.cpp:84]   --->   Operation 138 'add' 'add_ln84' <Predicate = (!icmp_ln74)> <Delay = 0.78> <CoreInst = "Adder">   --->   Core 1 'Adder' <Latency = 0> <II = 1> <Delay = 0.78> <FuncUnit> <Opcode : 'add' 'sub'> <InPorts = 2> <OutPorts = 1>
ST_1 : Operation 139 [1/1] (0.00ns)   --->   "%zext_ln84 = zext i5 %add_ln84" [../denoiser_c_to_hls/denoiser.cpp:84]   --->   Operation 139 'zext' 'zext_ln84' <Predicate = (!icmp_ln74)> <Delay = 0.00>
ST_1 : Operation 140 [1/1] (0.77ns)   --->   "%add_ln84_1 = add i9 %zext_ln84, i9 %add_ln74_1" [../denoiser_c_to_hls/denoiser.cpp:84]   --->   Operation 140 'add' 'add_ln84_1' <Predicate = (!icmp_ln74)> <Delay = 0.77> <CoreInst = "Adder">   --->   Core 1 'Adder' <Latency = 0> <II = 1> <Delay = 0.77> <FuncUnit> <Opcode : 'add' 'sub'> <InPorts = 2> <OutPorts = 1>
ST_1 : Operation 141 [1/1] (0.00ns)   --->   "%zext_ln1271_3 = zext i9 %add_ln84_1"   --->   Operation 141 'zext' 'zext_ln1271_3' <Predicate = (!icmp_ln74)> <Delay = 0.00>
ST_1 : Operation 142 [1/1] (0.00ns)   --->   "%conv2_kernel_V_addr = getelementptr i11 %conv2_kernel_V, i64 0, i64 %zext_ln1271_3"   --->   Operation 142 'getelementptr' 'conv2_kernel_V_addr' <Predicate = (!icmp_ln74)> <Delay = 0.00>
ST_1 : Operation 143 [2/2] (1.23ns)   --->   "%conv2_kernel_V_load = load i9 %conv2_kernel_V_addr"   --->   Operation 143 'load' 'conv2_kernel_V_load' <Predicate = (!icmp_ln74)> <Delay = 1.23> <CoreInst = "ROM">   --->   Core 101 'ROM' <Latency = 1> <II = 1> <Delay = 1.23> <Storage> <Opcode : 'load'> <Ports = 0> <Width = 11> <Depth = 288> <ROM>
ST_1 : Operation 144 [1/1] (0.00ns)   --->   "%or_ln83 = or i3 %shl_ln83, i3 2" [../denoiser_c_to_hls/denoiser.cpp:83]   --->   Operation 144 'or' 'or_ln83' <Predicate = (!icmp_ln74)> <Delay = 0.00>
ST_1 : Operation 145 [1/1] (0.00ns)   --->   "%tmp_12 = partselect i2 @_ssdm_op_PartSelect.i2.i3.i32.i32, i3 %or_ln83, i32 1, i32 2" [../denoiser_c_to_hls/denoiser.cpp:83]   --->   Operation 145 'partselect' 'tmp_12' <Predicate = (!icmp_ln74)> <Delay = 0.00>
ST_1 : Operation 146 [1/1] (0.00ns)   --->   "%lshr_ln83_1 = bitconcatenate i13 @_ssdm_op_BitConcatenate.i13.i11.i2, i11 %select_ln76_3, i2 %tmp_12" [../denoiser_c_to_hls/denoiser.cpp:83]   --->   Operation 146 'bitconcatenate' 'lshr_ln83_1' <Predicate = (!icmp_ln74)> <Delay = 0.00>
ST_1 : Operation 147 [1/1] (0.00ns)   --->   "%zext_ln83_1 = zext i13 %lshr_ln83_1" [../denoiser_c_to_hls/denoiser.cpp:83]   --->   Operation 147 'zext' 'zext_ln83_1' <Predicate = (!icmp_ln74)> <Delay = 0.00>
ST_1 : Operation 148 [1/1] (0.00ns)   --->   "%d_addr_3 = getelementptr i16 %d, i64 0, i64 %zext_ln83_1" [../denoiser_c_to_hls/denoiser.cpp:83]   --->   Operation 148 'getelementptr' 'd_addr_3' <Predicate = (!icmp_ln74)> <Delay = 0.00>
ST_1 : Operation 149 [2/2] (1.23ns)   --->   "%val_V_18 = load i14 %d_addr_3" [../denoiser_c_to_hls/denoiser.cpp:83]   --->   Operation 149 'load' 'val_V_18' <Predicate = (!icmp_ln74)> <Delay = 1.23> <CoreInst = "RAM">   --->   Core 83 'RAM' <Latency = 1> <II = 1> <Delay = 1.23> <Storage> <Opcode : 'load' 'store'> <Ports = 2> <Width = 16> <Depth = 12544> <RAM>
ST_1 : Operation 150 [1/1] (0.00ns) (grouped into LUT with out node add_ln84_2)   --->   "%or_ln84 = or i5 %add_ln84_7, i5 9" [../denoiser_c_to_hls/denoiser.cpp:84]   --->   Operation 150 'or' 'or_ln84' <Predicate = (!icmp_ln74)> <Delay = 0.00>
ST_1 : Operation 151 [1/1] (0.00ns) (grouped into LUT with out node add_ln84_2)   --->   "%or_ln1 = bitconcatenate i6 @_ssdm_op_BitConcatenate.i6.i1.i5, i1 0, i5 %or_ln84" [../denoiser_c_to_hls/denoiser.cpp:84]   --->   Operation 151 'bitconcatenate' 'or_ln1' <Predicate = (!icmp_ln74)> <Delay = 0.00>
ST_1 : Operation 152 [1/1] (0.78ns) (out node of the LUT)   --->   "%add_ln84_2 = add i6 %or_ln1, i6 %zext_ln76_1" [../denoiser_c_to_hls/denoiser.cpp:84]   --->   Operation 152 'add' 'add_ln84_2' <Predicate = (!icmp_ln74)> <Delay = 0.78> <CoreInst = "Adder">   --->   Core 1 'Adder' <Latency = 0> <II = 1> <Delay = 0.78> <FuncUnit> <Opcode : 'add' 'sub'> <InPorts = 2> <OutPorts = 1>
ST_1 : Operation 153 [1/1] (0.00ns)   --->   "%zext_ln84_1 = zext i6 %add_ln84_2" [../denoiser_c_to_hls/denoiser.cpp:84]   --->   Operation 153 'zext' 'zext_ln84_1' <Predicate = (!icmp_ln74)> <Delay = 0.00>
ST_1 : Operation 154 [1/1] (0.77ns)   --->   "%add_ln84_3 = add i9 %zext_ln84_1, i9 %add_ln74_1" [../denoiser_c_to_hls/denoiser.cpp:84]   --->   Operation 154 'add' 'add_ln84_3' <Predicate = (!icmp_ln74)> <Delay = 0.77> <CoreInst = "Adder">   --->   Core 1 'Adder' <Latency = 0> <II = 1> <Delay = 0.77> <FuncUnit> <Opcode : 'add' 'sub'> <InPorts = 2> <OutPorts = 1>
ST_1 : Operation 155 [1/1] (0.67ns)   --->   "%add_ln78 = add i3 %select_ln76, i3 2" [../denoiser_c_to_hls/denoiser.cpp:78]   --->   Operation 155 'add' 'add_ln78' <Predicate = (!icmp_ln74)> <Delay = 0.67> <CoreInst = "Adder">   --->   Core 1 'Adder' <Latency = 0> <II = 1> <Delay = 0.67> <FuncUnit> <Opcode : 'add' 'sub'> <InPorts = 2> <OutPorts = 1>
ST_1 : Operation 156 [1/1] (0.79ns)   --->   "%add_ln76_1 = add i4 %indvar_flatten77_load, i4 1" [../denoiser_c_to_hls/denoiser.cpp:76]   --->   Operation 156 'add' 'add_ln76_1' <Predicate = (!icmp_ln74)> <Delay = 0.79> <CoreInst = "Adder">   --->   Core 1 'Adder' <Latency = 0> <II = 1> <Delay = 0.79> <FuncUnit> <Opcode : 'add' 'sub'> <InPorts = 2> <OutPorts = 1>
ST_1 : Operation 157 [1/1] (0.39ns)   --->   "%select_ln76_4 = select i1 %icmp_ln76, i4 1, i4 %add_ln76_1" [../denoiser_c_to_hls/denoiser.cpp:76]   --->   Operation 157 'select' 'select_ln76_4' <Predicate = (!icmp_ln74)> <Delay = 0.39> <CoreInst = "Sel">   --->   Core 73 'Sel' <Latency = 0> <II = 1> <Delay = 0.39> <FuncUnit> <Opcode : 'select'> <InPorts = 3> <OutPorts = 1>
ST_1 : Operation 158 [1/1] (0.42ns)   --->   "%store_ln78 = store i5 %add_ln74_2, i5 %indvar_flatten137" [../denoiser_c_to_hls/denoiser.cpp:78]   --->   Operation 158 'store' 'store_ln78' <Predicate = (!icmp_ln74)> <Delay = 0.42>
ST_1 : Operation 159 [1/1] (0.42ns)   --->   "%store_ln78 = store i2 %select_ln74_7, i2 %i_1" [../denoiser_c_to_hls/denoiser.cpp:78]   --->   Operation 159 'store' 'store_ln78' <Predicate = (!icmp_ln74)> <Delay = 0.42>
ST_1 : Operation 160 [1/1] (0.42ns)   --->   "%store_ln78 = store i4 %select_ln76_4, i4 %indvar_flatten77" [../denoiser_c_to_hls/denoiser.cpp:78]   --->   Operation 160 'store' 'store_ln78' <Predicate = (!icmp_ln74)> <Delay = 0.42>
ST_1 : Operation 161 [1/1] (0.42ns)   --->   "%store_ln78 = store i2 %select_ln76_1, i2 %j_1" [../denoiser_c_to_hls/denoiser.cpp:78]   --->   Operation 161 'store' 'store_ln78' <Predicate = (!icmp_ln74)> <Delay = 0.42>
ST_1 : Operation 162 [1/1] (0.42ns)   --->   "%store_ln78 = store i3 %add_ln78, i3 %k" [../denoiser_c_to_hls/denoiser.cpp:78]   --->   Operation 162 'store' 'store_ln78' <Predicate = (!icmp_ln74)> <Delay = 0.42>

State 2 <SV = 1> <Delay = 2.59>
ST_2 : Operation 163 [1/2] (1.23ns)   --->   "%val_V = load i14 %d_addr" [../denoiser_c_to_hls/denoiser.cpp:83]   --->   Operation 163 'load' 'val_V' <Predicate = (!icmp_ln74)> <Delay = 1.23> <CoreInst = "RAM">   --->   Core 83 'RAM' <Latency = 1> <II = 1> <Delay = 1.23> <Storage> <Opcode : 'load' 'store'> <Ports = 2> <Width = 16> <Depth = 12544> <RAM>
ST_2 : Operation 164 [1/1] (0.35ns)   --->   "%val_V_20 = select i1 %select_ln76_2, i16 0, i16 %val_V" [../denoiser_c_to_hls/denoiser.cpp:76]   --->   Operation 164 'select' 'val_V_20' <Predicate = (!icmp_ln74)> <Delay = 0.35> <CoreInst = "Sel">   --->   Core 73 'Sel' <Latency = 0> <II = 1> <Delay = 0.35> <FuncUnit> <Opcode : 'select'> <InPorts = 3> <OutPorts = 1>
ST_2 : Operation 165 [1/1] (0.00ns)   --->   "%sext_ln1347 = sext i16 %val_V_20"   --->   Operation 165 'sext' 'sext_ln1347' <Predicate = (!icmp_ln74)> <Delay = 0.00>
ST_2 : Operation 166 [1/2] (1.23ns)   --->   "%conv2_kernel_V_load = load i9 %conv2_kernel_V_addr"   --->   Operation 166 'load' 'conv2_kernel_V_load' <Predicate = (!icmp_ln74)> <Delay = 1.23> <CoreInst = "ROM">   --->   Core 101 'ROM' <Latency = 1> <II = 1> <Delay = 1.23> <Storage> <Opcode : 'load'> <Ports = 0> <Width = 11> <Depth = 288> <ROM>
ST_2 : Operation 167 [1/1] (0.00ns)   --->   "%sext_ln1347_1 = sext i11 %conv2_kernel_V_load"   --->   Operation 167 'sext' 'sext_ln1347_1' <Predicate = (!icmp_ln74)> <Delay = 0.00>
ST_2 : Operation 168 [3/3] (0.99ns) (grouped into DSP with root node ret_V)   --->   "%mul_ln1347 = mul i26 %sext_ln1347_1, i26 %sext_ln1347"   --->   Operation 168 'mul' 'mul_ln1347' <Predicate = (!icmp_ln74)> <Delay = 0.99> <CoreInst = "DSP48">   --->   Core 127 'DSP48' <Latency = 3> <II = 1> <Delay = 0.53> <IPBlock> <Opcode : 'mul' 'add' 'sub' 'select'> <InPorts = 0> <OutPorts = 1> <Sync> <CReg>
ST_2 : Operation 169 [1/2] (1.23ns)   --->   "%val_V_18 = load i14 %d_addr_3" [../denoiser_c_to_hls/denoiser.cpp:83]   --->   Operation 169 'load' 'val_V_18' <Predicate = (!icmp_ln74)> <Delay = 1.23> <CoreInst = "RAM">   --->   Core 83 'RAM' <Latency = 1> <II = 1> <Delay = 1.23> <Storage> <Opcode : 'load' 'store'> <Ports = 2> <Width = 16> <Depth = 12544> <RAM>
ST_2 : Operation 170 [1/1] (0.35ns)   --->   "%val_V_21 = select i1 %select_ln76_2, i16 0, i16 %val_V_18" [../denoiser_c_to_hls/denoiser.cpp:76]   --->   Operation 170 'select' 'val_V_21' <Predicate = (!icmp_ln74)> <Delay = 0.35> <CoreInst = "Sel">   --->   Core 73 'Sel' <Latency = 0> <II = 1> <Delay = 0.35> <FuncUnit> <Opcode : 'select'> <InPorts = 3> <OutPorts = 1>
ST_2 : Operation 171 [1/1] (0.00ns)   --->   "%zext_ln1271 = zext i9 %add_ln84_3"   --->   Operation 171 'zext' 'zext_ln1271' <Predicate = (!icmp_ln74)> <Delay = 0.00>
ST_2 : Operation 172 [1/1] (0.00ns)   --->   "%conv2_kernel_V_addr_1 = getelementptr i11 %conv2_kernel_V, i64 0, i64 %zext_ln1271"   --->   Operation 172 'getelementptr' 'conv2_kernel_V_addr_1' <Predicate = (!icmp_ln74)> <Delay = 0.00>
ST_2 : Operation 173 [2/2] (1.23ns)   --->   "%conv2_kernel_V_load_1 = load i9 %conv2_kernel_V_addr_1"   --->   Operation 173 'load' 'conv2_kernel_V_load_1' <Predicate = (!icmp_ln74)> <Delay = 1.23> <CoreInst = "ROM">   --->   Core 101 'ROM' <Latency = 1> <II = 1> <Delay = 1.23> <Storage> <Opcode : 'load'> <Ports = 0> <Width = 11> <Depth = 288> <ROM>

State 3 <SV = 2> <Delay = 2.23>
ST_3 : Operation 174 [2/3] (0.99ns) (grouped into DSP with root node ret_V)   --->   "%mul_ln1347 = mul i26 %sext_ln1347_1, i26 %sext_ln1347"   --->   Operation 174 'mul' 'mul_ln1347' <Predicate = true> <Delay = 0.99> <CoreInst = "DSP48">   --->   Core 127 'DSP48' <Latency = 3> <II = 1> <Delay = 0.53> <IPBlock> <Opcode : 'mul' 'add' 'sub' 'select'> <InPorts = 0> <OutPorts = 1> <Sync> <CReg>
ST_3 : Operation 175 [1/1] (0.00ns)   --->   "%sext_ln1347_2 = sext i16 %val_V_21"   --->   Operation 175 'sext' 'sext_ln1347_2' <Predicate = true> <Delay = 0.00>
ST_3 : Operation 176 [1/2] (1.23ns)   --->   "%conv2_kernel_V_load_1 = load i9 %conv2_kernel_V_addr_1"   --->   Operation 176 'load' 'conv2_kernel_V_load_1' <Predicate = true> <Delay = 1.23> <CoreInst = "ROM">   --->   Core 101 'ROM' <Latency = 1> <II = 1> <Delay = 1.23> <Storage> <Opcode : 'load'> <Ports = 0> <Width = 11> <Depth = 288> <ROM>
ST_3 : Operation 177 [1/1] (0.00ns)   --->   "%sext_ln1347_3 = sext i11 %conv2_kernel_V_load_1"   --->   Operation 177 'sext' 'sext_ln1347_3' <Predicate = true> <Delay = 0.00>
ST_3 : Operation 178 [3/3] (0.99ns) (grouped into DSP with root node ret_V_4)   --->   "%mul_ln1347_1 = mul i26 %sext_ln1347_3, i26 %sext_ln1347_2"   --->   Operation 178 'mul' 'mul_ln1347_1' <Predicate = true> <Delay = 0.99> <CoreInst = "DSP48">   --->   Core 127 'DSP48' <Latency = 3> <II = 1> <Delay = 0.53> <IPBlock> <Opcode : 'mul' 'add' 'sub' 'select'> <InPorts = 0> <OutPorts = 1> <Sync> <CReg>

State 4 <SV = 3> <Delay = 0.99>
ST_4 : Operation 179 [1/1] (0.00ns)   --->   "%lhs_load_4 = load i16 %lhs"   --->   Operation 179 'load' 'lhs_load_4' <Predicate = true> <Delay = 0.00>
ST_4 : Operation 180 [1/3] (0.00ns) (grouped into DSP with root node ret_V)   --->   "%mul_ln1347 = mul i26 %sext_ln1347_1, i26 %sext_ln1347"   --->   Operation 180 'mul' 'mul_ln1347' <Predicate = true> <Delay = 0.00> <CoreInst = "DSP48">   --->   Core 127 'DSP48' <Latency = 3> <II = 1> <Delay = 0.53> <IPBlock> <Opcode : 'mul' 'add' 'sub' 'select'> <InPorts = 0> <OutPorts = 1> <Sync> <CReg>
ST_4 : Operation 181 [1/1] (0.00ns)   --->   "%lhs_5 = bitconcatenate i26 @_ssdm_op_BitConcatenate.i26.i16.i10, i16 %lhs_load_4, i10 0"   --->   Operation 181 'bitconcatenate' 'lhs_5' <Predicate = true> <Delay = 0.00>
ST_4 : Operation 182 [2/2] (0.64ns) (root node of the DSP)   --->   "%ret_V = add i26 %lhs_5, i26 %mul_ln1347"   --->   Operation 182 'add' 'ret_V' <Predicate = true> <Delay = 0.64> <CoreInst = "DSP48">   --->   Core 127 'DSP48' <Latency = 3> <II = 1> <Delay = 0.53> <IPBlock> <Opcode : 'mul' 'add' 'sub' 'select'> <InPorts = 0> <OutPorts = 1> <Sync> <CReg>
ST_4 : Operation 183 [2/3] (0.99ns) (grouped into DSP with root node ret_V_4)   --->   "%mul_ln1347_1 = mul i26 %sext_ln1347_3, i26 %sext_ln1347_2"   --->   Operation 183 'mul' 'mul_ln1347_1' <Predicate = true> <Delay = 0.99> <CoreInst = "DSP48">   --->   Core 127 'DSP48' <Latency = 3> <II = 1> <Delay = 0.53> <IPBlock> <Opcode : 'mul' 'add' 'sub' 'select'> <InPorts = 0> <OutPorts = 1> <Sync> <CReg>
ST_4 : Operation 199 [1/1] (0.00ns)   --->   "%lhs_load = load i16 %lhs"   --->   Operation 199 'load' 'lhs_load' <Predicate = (icmp_ln74)> <Delay = 0.00>
ST_4 : Operation 200 [1/1] (0.00ns)   --->   "%write_ln0 = write void @_ssdm_op_Write.ap_auto.i16P0A, i16 %s_V_15_out, i16 %lhs_load"   --->   Operation 200 'write' 'write_ln0' <Predicate = (icmp_ln74)> <Delay = 0.00>
ST_4 : Operation 201 [1/1] (0.00ns)   --->   "%ret_ln0 = ret"   --->   Operation 201 'ret' 'ret_ln0' <Predicate = (icmp_ln74)> <Delay = 0.00>

State 5 <SV = 4> <Delay = 1.29>
ST_5 : Operation 184 [1/2] (0.64ns) (root node of the DSP)   --->   "%ret_V = add i26 %lhs_5, i26 %mul_ln1347"   --->   Operation 184 'add' 'ret_V' <Predicate = true> <Delay = 0.64> <CoreInst = "DSP48">   --->   Core 127 'DSP48' <Latency = 3> <II = 1> <Delay = 0.53> <IPBlock> <Opcode : 'mul' 'add' 'sub' 'select'> <InPorts = 0> <OutPorts = 1> <Sync> <CReg>
ST_5 : Operation 185 [1/3] (0.00ns) (grouped into DSP with root node ret_V_4)   --->   "%mul_ln1347_1 = mul i26 %sext_ln1347_3, i26 %sext_ln1347_2"   --->   Operation 185 'mul' 'mul_ln1347_1' <Predicate = true> <Delay = 0.00> <CoreInst = "DSP48">   --->   Core 127 'DSP48' <Latency = 3> <II = 1> <Delay = 0.53> <IPBlock> <Opcode : 'mul' 'add' 'sub' 'select'> <InPorts = 0> <OutPorts = 1> <Sync> <CReg>
ST_5 : Operation 186 [1/1] (0.00ns)   --->   "%tmp_13 = partselect i16 @_ssdm_op_PartSelect.i16.i26.i32.i32, i26 %ret_V, i32 10, i32 25"   --->   Operation 186 'partselect' 'tmp_13' <Predicate = true> <Delay = 0.00>
ST_5 : Operation 187 [1/1] (0.00ns)   --->   "%lhs_6 = bitconcatenate i26 @_ssdm_op_BitConcatenate.i26.i16.i10, i16 %tmp_13, i10 0"   --->   Operation 187 'bitconcatenate' 'lhs_6' <Predicate = true> <Delay = 0.00>
ST_5 : Operation 188 [2/2] (0.64ns) (root node of the DSP)   --->   "%ret_V_4 = add i26 %lhs_6, i26 %mul_ln1347_1"   --->   Operation 188 'add' 'ret_V_4' <Predicate = true> <Delay = 0.64> <CoreInst = "DSP48">   --->   Core 127 'DSP48' <Latency = 3> <II = 1> <Delay = 0.53> <IPBlock> <Opcode : 'mul' 'add' 'sub' 'select'> <InPorts = 0> <OutPorts = 1> <Sync> <CReg>

State 6 <SV = 5> <Delay = 1.07>
ST_6 : Operation 189 [1/1] (0.00ns)   --->   "%specloopname_ln0 = specloopname void @_ssdm_op_SpecLoopName, void @loop_kh_2_loop_kw_2_loop_ic_2_str"   --->   Operation 189 'specloopname' 'specloopname_ln0' <Predicate = true> <Delay = 0.00>
ST_6 : Operation 190 [1/1] (0.00ns)   --->   "%empty_78 = speclooptripcount i32 @_ssdm_op_SpecLoopTripCount, i64 18, i64 18, i64 18"   --->   Operation 190 'speclooptripcount' 'empty_78' <Predicate = true> <Delay = 0.00>
ST_6 : Operation 191 [1/1] (0.00ns)   --->   "%specpipeline_ln0 = specpipeline void @_ssdm_op_SpecPipeline, i32 4294967295, i32 0, i32 1, i32 0, void @p_str"   --->   Operation 191 'specpipeline' 'specpipeline_ln0' <Predicate = true> <Delay = 0.00>
ST_6 : Operation 192 [1/1] (0.00ns)   --->   "%specloopname_ln0 = specloopname void @_ssdm_op_SpecLoopName, void @loop_kw_2_loop_ic_2_str"   --->   Operation 192 'specloopname' 'specloopname_ln0' <Predicate = true> <Delay = 0.00>
ST_6 : Operation 193 [1/1] (0.00ns)   --->   "%specpipeline_ln0 = specpipeline void @_ssdm_op_SpecPipeline, i32 4294967295, i32 0, i32 1, i32 0, void @p_str"   --->   Operation 193 'specpipeline' 'specpipeline_ln0' <Predicate = true> <Delay = 0.00>
ST_6 : Operation 194 [1/1] (0.00ns)   --->   "%specloopname_ln72 = specloopname void @_ssdm_op_SpecLoopName, void @empty_3" [../denoiser_c_to_hls/denoiser.cpp:72]   --->   Operation 194 'specloopname' 'specloopname_ln72' <Predicate = true> <Delay = 0.00>
ST_6 : Operation 195 [1/2] (0.64ns) (root node of the DSP)   --->   "%ret_V_4 = add i26 %lhs_6, i26 %mul_ln1347_1"   --->   Operation 195 'add' 'ret_V_4' <Predicate = true> <Delay = 0.64> <CoreInst = "DSP48">   --->   Core 127 'DSP48' <Latency = 3> <II = 1> <Delay = 0.53> <IPBlock> <Opcode : 'mul' 'add' 'sub' 'select'> <InPorts = 0> <OutPorts = 1> <Sync> <CReg>
ST_6 : Operation 196 [1/1] (0.00ns)   --->   "%s_V = partselect i16 @_ssdm_op_PartSelect.i16.i26.i32.i32, i26 %ret_V_4, i32 10, i32 25"   --->   Operation 196 'partselect' 's_V' <Predicate = true> <Delay = 0.00>
ST_6 : Operation 197 [1/1] (0.42ns)   --->   "%store_ln78 = store i16 %s_V, i16 %lhs" [../denoiser_c_to_hls/denoiser.cpp:78]   --->   Operation 197 'store' 'store_ln78' <Predicate = true> <Delay = 0.42>
ST_6 : Operation 198 [1/1] (0.00ns)   --->   "%br_ln78 = br void %for.body21.i" [../denoiser_c_to_hls/denoiser.cpp:78]   --->   Operation 198 'br' 'br_ln78' <Predicate = true> <Delay = 0.00>


============================================================
+ Verbose Summary: Binding
============================================================
STG Binding: 
---------------- STG Properties BEGIN ----------------
- Is combinational: 0
- Is one-state seq: 0
- Is datapath-only: 0
- Is pipelined: 0
- Is top level: 0
Port [ Return ] is wired: 1; IO mode=ap_ctrl_hs:ce=0
Port [ sext_ln66]:  wired=1; compound=0; hidden=0; nouse=0; global=0; static=0; extern=0; dir=0; type=0; pingpong=0; private_global=0; IO mode=ap_none:ce=0
Port [ select_ln68_2]:  wired=1; compound=0; hidden=0; nouse=0; global=0; static=0; extern=0; dir=0; type=0; pingpong=0; private_global=0; IO mode=ap_none:ce=0
Port [ select_ln68]:  wired=1; compound=0; hidden=0; nouse=0; global=0; static=0; extern=0; dir=0; type=0; pingpong=0; private_global=0; IO mode=ap_none:ce=0
Port [ zext_ln66]:  wired=1; compound=0; hidden=0; nouse=0; global=0; static=0; extern=0; dir=0; type=0; pingpong=0; private_global=0; IO mode=ap_none:ce=0
Port [ cmp27_i_not_mid1115]:  wired=1; compound=0; hidden=0; nouse=0; global=0; static=0; extern=0; dir=0; type=0; pingpong=0; private_global=0; IO mode=ap_none:ce=0
Port [ cmp29_i_not_mid1117]:  wired=1; compound=0; hidden=0; nouse=0; global=0; static=0; extern=0; dir=0; type=0; pingpong=0; private_global=0; IO mode=ap_none:ce=0
Port [ sext_ln83_4]:  wired=1; compound=0; hidden=0; nouse=0; global=0; static=0; extern=0; dir=0; type=0; pingpong=0; private_global=0; IO mode=ap_none:ce=0
Port [ d]:  wired=1; compound=1; hidden=0; nouse=0; global=0; static=0; extern=0; dir=0; type=1; pingpong=0; private_global=0; MemPort=[11]; IO mode=ap_memory:ce=0
Port [ s_V_15_out]:  wired=1; compound=0; hidden=0; nouse=0; global=0; static=0; extern=0; dir=1; type=0; pingpong=0; private_global=0; IO mode=ap_vld:ce=0
Port [ conv2_kernel_V]:  wired=0; compound=1; hidden=1; nouse=0; global=1; static=1; extern=0; dir=0; type=1; pingpong=0; private_global=1; MemPort=[1]; IO mode=ap_memory:ce=0
---------------- STG Properties END ------------------

---------------- Datapath Model BEGIN ----------------

<LifeTime>
<method=bitvector/>
lhs                        (alloca                ) [ 0111111]
k                          (alloca                ) [ 0100000]
j_1                        (alloca                ) [ 0100000]
indvar_flatten77           (alloca                ) [ 0100000]
i_1                        (alloca                ) [ 0100000]
indvar_flatten137          (alloca                ) [ 0100000]
specbramwithbyteenable_ln0 (specbramwithbyteenable) [ 0000000]
sext_ln83_4_read           (read                  ) [ 0000000]
cmp29_i_not_mid1117_read   (read                  ) [ 0000000]
cmp27_i_not_mid1115_read   (read                  ) [ 0000000]
zext_ln66_read             (read                  ) [ 0000000]
select_ln68_read           (read                  ) [ 0000000]
select_ln68_2_read         (read                  ) [ 0000000]
sext_ln66_read             (read                  ) [ 0000000]
sext_ln83_4_cast           (sext                  ) [ 0000000]
zext_ln66_cast             (zext                  ) [ 0000000]
sext_ln66_cast             (sext                  ) [ 0000000]
store_ln0                  (store                 ) [ 0000000]
store_ln0                  (store                 ) [ 0000000]
store_ln0                  (store                 ) [ 0000000]
store_ln0                  (store                 ) [ 0000000]
store_ln0                  (store                 ) [ 0000000]
store_ln0                  (store                 ) [ 0000000]
br_ln0                     (br                    ) [ 0000000]
j                          (load                  ) [ 0000000]
i                          (load                  ) [ 0000000]
indvar_flatten137_load     (load                  ) [ 0000000]
zext_ln74                  (zext                  ) [ 0000000]
zext_ln74_1                (zext                  ) [ 0000000]
empty                      (add                   ) [ 0000000]
p_cast82                   (zext                  ) [ 0000000]
empty_74                   (add                   ) [ 0000000]
p_shl                      (bitconcatenate        ) [ 0000000]
p_shl14_cast               (zext                  ) [ 0000000]
empty_75                   (sub                   ) [ 0000000]
cmp24_i_not                (icmp                  ) [ 0000000]
cmp25_i228_not             (icmp                  ) [ 0000000]
shl_ln83_1                 (bitconcatenate        ) [ 0000000]
shl_ln83_2                 (bitconcatenate        ) [ 0000000]
sext_ln83                  (sext                  ) [ 0000000]
sub_ln83                   (sub                   ) [ 0000000]
sext_ln76                  (sext                  ) [ 0000000]
zext_ln76                  (zext                  ) [ 0000000]
empty_76                   (add                   ) [ 0000000]
p_cast123                  (zext                  ) [ 0000000]
empty_77                   (add                   ) [ 0000000]
cmp27_i_not                (icmp                  ) [ 0000000]
cmp29_i_not                (icmp                  ) [ 0000000]
tmp13                      (or                    ) [ 0000000]
tmp14                      (or                    ) [ 0000000]
brmerge78                  (or                    ) [ 0000000]
shl_ln2                    (bitconcatenate        ) [ 0000000]
sext_ln83_1                (sext                  ) [ 0000000]
add_ln83                   (add                   ) [ 0000000]
sext_ln83_2                (sext                  ) [ 0000000]
add_ln83_1                 (add                   ) [ 0000000]
specpipeline_ln0           (specpipeline          ) [ 0000000]
icmp_ln74                  (icmp                  ) [ 0111100]
add_ln74_2                 (add                   ) [ 0000000]
br_ln74                    (br                    ) [ 0000000]
k_load                     (load                  ) [ 0000000]
indvar_flatten77_load      (load                  ) [ 0000000]
add_ln74                   (add                   ) [ 0000000]
icmp_ln76                  (icmp                  ) [ 0000000]
select_ln74                (select                ) [ 0000000]
select_ln74_1              (select                ) [ 0000000]
zext_ln74_2                (zext                  ) [ 0000000]
zext_ln74_3                (zext                  ) [ 0000000]
p_mid195                   (add                   ) [ 0000000]
p_cast82_mid1              (zext                  ) [ 0000000]
p_mid197                   (add                   ) [ 0000000]
p_shl14_mid1               (bitconcatenate        ) [ 0000000]
p_shl14_cast_mid1          (zext                  ) [ 0000000]
p_mid199                   (sub                   ) [ 0000000]
cmp24_i_not_mid1           (icmp                  ) [ 0000000]
select_ln74_2              (select                ) [ 0000000]
cmp25_i228_not_mid1        (icmp                  ) [ 0000000]
select_ln74_3              (select                ) [ 0000000]
shl_ln83_1_mid1            (bitconcatenate        ) [ 0000000]
shl_ln83_2_mid1            (bitconcatenate        ) [ 0000000]
sext_ln83_3                (sext                  ) [ 0000000]
sub_ln83_1                 (sub                   ) [ 0000000]
sext_ln76_1                (sext                  ) [ 0000000]
select_ln74_4              (select                ) [ 0000000]
sext_ln74                  (sext                  ) [ 0000000]
select_ln74_5              (select                ) [ 0000000]
sext_ln74_1                (sext                  ) [ 0000000]
add_ln74_1                 (add                   ) [ 0000000]
tmp13_mid1119              (or                    ) [ 0000000]
tmp14_mid1121              (or                    ) [ 0000000]
brmerge78_mid1123          (or                    ) [ 0000000]
select_ln74_6              (select                ) [ 0000000]
add_ln83_2                 (add                   ) [ 0000000]
tmp                        (bitselect             ) [ 0000000]
xor_ln78                   (xor                   ) [ 0000000]
or_ln74                    (or                    ) [ 0000000]
select_ln74_7              (select                ) [ 0000000]
add_ln76                   (add                   ) [ 0000000]
select_ln76                (select                ) [ 0000000]
select_ln76_1              (select                ) [ 0000000]
zext_ln76_1                (zext                  ) [ 0000000]
zext_ln76_2                (zext                  ) [ 0000000]
zext_ln76_3                (zext                  ) [ 0000000]
p_mid173                   (add                   ) [ 0000000]
p_cast123_mid1             (zext                  ) [ 0000000]
p_mid175                   (add                   ) [ 0000000]
cmp27_i_not_mid1           (icmp                  ) [ 0000000]
cmp29_i_not_mid1           (icmp                  ) [ 0000000]
tmp13_mid1                 (or                    ) [ 0000000]
tmp14_mid1                 (or                    ) [ 0000000]
brmerge78_mid1             (or                    ) [ 0000000]
select_ln76_2              (select                ) [ 0010000]
shl_ln83_mid1              (bitconcatenate        ) [ 0000000]
sext_ln83_5                (sext                  ) [ 0000000]
add_ln83_3                 (add                   ) [ 0000000]
sext_ln83_6                (sext                  ) [ 0000000]
add_ln83_4                 (add                   ) [ 0000000]
trunc_ln83                 (trunc                 ) [ 0000000]
shl_ln83                   (shl                   ) [ 0000000]
tmp_s                      (partselect            ) [ 0000000]
tmp_10                     (partselect            ) [ 0000000]
select_ln74_8              (select                ) [ 0000000]
tmp_11                     (partselect            ) [ 0000000]
select_ln76_3              (select                ) [ 0000000]
lshr_ln4                   (bitconcatenate        ) [ 0000000]
zext_ln83                  (zext                  ) [ 0000000]
d_addr                     (getelementptr         ) [ 0010000]
add_ln84_7                 (bitconcatenate        ) [ 0000000]
add_ln84                   (add                   ) [ 0000000]
zext_ln84                  (zext                  ) [ 0000000]
add_ln84_1                 (add                   ) [ 0000000]
zext_ln1271_3              (zext                  ) [ 0000000]
conv2_kernel_V_addr        (getelementptr         ) [ 0010000]
or_ln83                    (or                    ) [ 0000000]
tmp_12                     (partselect            ) [ 0000000]
lshr_ln83_1                (bitconcatenate        ) [ 0000000]
zext_ln83_1                (zext                  ) [ 0000000]
d_addr_3                   (getelementptr         ) [ 0010000]
or_ln84                    (or                    ) [ 0000000]
or_ln1                     (bitconcatenate        ) [ 0000000]
add_ln84_2                 (add                   ) [ 0000000]
zext_ln84_1                (zext                  ) [ 0000000]
add_ln84_3                 (add                   ) [ 0010000]
add_ln78                   (add                   ) [ 0000000]
add_ln76_1                 (add                   ) [ 0000000]
select_ln76_4              (select                ) [ 0000000]
store_ln78                 (store                 ) [ 0000000]
store_ln78                 (store                 ) [ 0000000]
store_ln78                 (store                 ) [ 0000000]
store_ln78                 (store                 ) [ 0000000]
store_ln78                 (store                 ) [ 0000000]
val_V                      (load                  ) [ 0000000]
val_V_20                   (select                ) [ 0000000]
sext_ln1347                (sext                  ) [ 0111100]
conv2_kernel_V_load        (load                  ) [ 0000000]
sext_ln1347_1              (sext                  ) [ 0111100]
val_V_18                   (load                  ) [ 0000000]
val_V_21                   (select                ) [ 0101000]
zext_ln1271                (zext                  ) [ 0000000]
conv2_kernel_V_addr_1      (getelementptr         ) [ 0101000]
sext_ln1347_2              (sext                  ) [ 0110110]
conv2_kernel_V_load_1      (load                  ) [ 0000000]
sext_ln1347_3              (sext                  ) [ 0110110]
lhs_load_4                 (load                  ) [ 0000000]
mul_ln1347                 (mul                   ) [ 0100010]
lhs_5                      (bitconcatenate        ) [ 0100010]
ret_V                      (add                   ) [ 0000000]
mul_ln1347_1               (mul                   ) [ 0010001]
tmp_13                     (partselect            ) [ 0000000]
lhs_6                      (bitconcatenate        ) [ 0010001]
specloopname_ln0           (specloopname          ) [ 0000000]
empty_78                   (speclooptripcount     ) [ 0000000]
specpipeline_ln0           (specpipeline          ) [ 0000000]
specloopname_ln0           (specloopname          ) [ 0000000]
specpipeline_ln0           (specpipeline          ) [ 0000000]
specloopname_ln72          (specloopname          ) [ 0000000]
ret_V_4                    (add                   ) [ 0000000]
s_V                        (partselect            ) [ 0000000]
store_ln78                 (store                 ) [ 0000000]
br_ln78                    (br                    ) [ 0000000]
lhs_load                   (load                  ) [ 0000000]
write_ln0                  (write                 ) [ 0000000]
ret_ln0                    (ret                   ) [ 0000000]
</LifeTime>

<model>

<comp_list>
<comp id="0" class="1000" name="sext_ln66">
<pin_list>
<pin id="1" dir="1" index="0" bw="1" slack="0"/>
</pin_list>
<bind>
<StgValue><ssdm name="sext_ln66"/></StgValue>
</bind>
</comp>

<comp id="2" class="1000" name="select_ln68_2">
<pin_list>
<pin id="3" dir="1" index="0" bw="1" slack="0"/>
</pin_list>
<bind>
<StgValue><ssdm name="select_ln68_2"/></StgValue>
</bind>
</comp>

<comp id="4" class="1000" name="select_ln68">
<pin_list>
<pin id="5" dir="1" index="0" bw="1" slack="0"/>
</pin_list>
<bind>
<StgValue><ssdm name="select_ln68"/></StgValue>
</bind>
</comp>

<comp id="6" class="1000" name="zext_ln66">
<pin_list>
<pin id="7" dir="1" index="0" bw="1" slack="0"/>
</pin_list>
<bind>
<StgValue><ssdm name="zext_ln66"/></StgValue>
</bind>
</comp>

<comp id="8" class="1000" name="cmp27_i_not_mid1115">
<pin_list>
<pin id="9" dir="1" index="0" bw="1" slack="0"/>
</pin_list>
<bind>
<StgValue><ssdm name="cmp27_i_not_mid1115"/></StgValue>
</bind>
</comp>

<comp id="10" class="1000" name="cmp29_i_not_mid1117">
<pin_list>
<pin id="11" dir="1" index="0" bw="1" slack="0"/>
</pin_list>
<bind>
<StgValue><ssdm name="cmp29_i_not_mid1117"/></StgValue>
</bind>
</comp>

<comp id="12" class="1000" name="sext_ln83_4">
<pin_list>
<pin id="13" dir="1" index="0" bw="1" slack="0"/>
</pin_list>
<bind>
<StgValue><ssdm name="sext_ln83_4"/></StgValue>
</bind>
</comp>

<comp id="14" class="1000" name="d">
<pin_list>
<pin id="15" dir="1" index="0" bw="1" slack="0"/>
</pin_list>
<bind>
<StgValue><ssdm name="d"/><MemPortTyVec>1 1 </MemPortTyVec>
</StgValue>
</bind>
</comp>

<comp id="16" class="1000" name="s_V_15_out">
<pin_list>
<pin id="17" dir="1" index="0" bw="1" slack="0"/>
</pin_list>
<bind>
<StgValue><ssdm name="s_V_15_out"/></StgValue>
</bind>
</comp>

<comp id="18" class="1000" name="conv2_kernel_V">
<pin_list>
<pin id="19" dir="1" index="0" bw="1" slack="0"/>
</pin_list>
<bind>
<StgValue><ssdm name="conv2_kernel_V"/><MemPortTyVec>1 </MemPortTyVec>
</StgValue>
</bind>
</comp>

<comp id="20" class="1001" name="const_20">
<pin_list>
<pin id="21" dir="1" index="0" bw="1" slack="0"/>
</pin_list>
<bind>
<StgValue><ssdm name=""/></StgValue>
</bind>
</comp>

<comp id="22" class="1001" name="const_22">
<pin_list>
<pin id="23" dir="1" index="0" bw="1" slack="2147483647"/>
</pin_list>
<bind>
<StgValue><ssdm name="_ssdm_op_SpecBRAMWithByteEnable"/></StgValue>
</bind>
</comp>

<comp id="24" class="1001" name="const_24">
<pin_list>
<pin id="25" dir="1" index="0" bw="1" slack="0"/>
</pin_list>
<bind>
<StgValue><ssdm name="_ssdm_op_Read.ap_auto.i13"/></StgValue>
</bind>
</comp>

<comp id="26" class="1001" name="const_26">
<pin_list>
<pin id="27" dir="1" index="0" bw="1" slack="0"/>
</pin_list>
<bind>
<StgValue><ssdm name="_ssdm_op_Read.ap_auto.i1"/></StgValue>
</bind>
</comp>

<comp id="28" class="1001" name="const_28">
<pin_list>
<pin id="29" dir="1" index="0" bw="1" slack="0"/>
</pin_list>
<bind>
<StgValue><ssdm name="_ssdm_op_Read.ap_auto.i8"/></StgValue>
</bind>
</comp>

<comp id="30" class="1001" name="const_30">
<pin_list>
<pin id="31" dir="1" index="0" bw="1" slack="0"/>
</pin_list>
<bind>
<StgValue><ssdm name="_ssdm_op_Read.ap_auto.i4"/></StgValue>
</bind>
</comp>

<comp id="32" class="1001" name="const_32">
<pin_list>
<pin id="33" dir="1" index="0" bw="1" slack="0"/>
</pin_list>
<bind>
<StgValue><ssdm name="_ssdm_op_Read.ap_auto.i10"/></StgValue>
</bind>
</comp>

<comp id="34" class="1001" name="const_34">
<pin_list>
<pin id="35" dir="1" index="0" bw="1" slack="0"/>
</pin_list>
<bind>
<StgValue><ssdm name=""/></StgValue>
</bind>
</comp>

<comp id="36" class="1001" name="const_36">
<pin_list>
<pin id="37" dir="1" index="0" bw="1" slack="0"/>
</pin_list>
<bind>
<StgValue><ssdm name=""/></StgValue>
</bind>
</comp>

<comp id="38" class="1001" name="const_38">
<pin_list>
<pin id="39" dir="1" index="0" bw="1" slack="0"/>
</pin_list>
<bind>
<StgValue><ssdm name=""/></StgValue>
</bind>
</comp>

<comp id="40" class="1001" name="const_40">
<pin_list>
<pin id="41" dir="1" index="0" bw="1" slack="0"/>
</pin_list>
<bind>
<StgValue><ssdm name=""/></StgValue>
</bind>
</comp>

<comp id="42" class="1001" name="const_42">
<pin_list>
<pin id="43" dir="1" index="0" bw="1" slack="0"/>
</pin_list>
<bind>
<StgValue><ssdm name=""/></StgValue>
</bind>
</comp>

<comp id="44" class="1001" name="const_44">
<pin_list>
<pin id="45" dir="1" index="0" bw="1" slack="0"/>
</pin_list>
<bind>
<StgValue><ssdm name="_ssdm_op_BitConcatenate.i4.i2.i2"/></StgValue>
</bind>
</comp>

<comp id="46" class="1001" name="const_46">
<pin_list>
<pin id="47" dir="1" index="0" bw="1" slack="0"/>
</pin_list>
<bind>
<StgValue><ssdm name=""/></StgValue>
</bind>
</comp>

<comp id="48" class="1001" name="const_48">
<pin_list>
<pin id="49" dir="1" index="0" bw="1" slack="0"/>
</pin_list>
<bind>
<StgValue><ssdm name="_ssdm_op_BitConcatenate.i12.i5.i7"/></StgValue>
</bind>
</comp>

<comp id="50" class="1001" name="const_50">
<pin_list>
<pin id="51" dir="1" index="0" bw="1" slack="0"/>
</pin_list>
<bind>
<StgValue><ssdm name=""/></StgValue>
</bind>
</comp>

<comp id="52" class="1001" name="const_52">
<pin_list>
<pin id="53" dir="1" index="0" bw="1" slack="0"/>
</pin_list>
<bind>
<StgValue><ssdm name="_ssdm_op_BitConcatenate.i9.i5.i4"/></StgValue>
</bind>
</comp>

<comp id="54" class="1001" name="const_54">
<pin_list>
<pin id="55" dir="1" index="0" bw="1" slack="0"/>
</pin_list>
<bind>
<StgValue><ssdm name="_ssdm_op_BitConcatenate.i8.i5.i3"/></StgValue>
</bind>
</comp>

<comp id="56" class="1001" name="const_56">
<pin_list>
<pin id="57" dir="1" index="0" bw="1" slack="0"/>
</pin_list>
<bind>
<StgValue><ssdm name=""/></StgValue>
</bind>
</comp>

<comp id="58" class="1001" name="const_58">
<pin_list>
<pin id="59" dir="1" index="0" bw="1" slack="2147483647"/>
</pin_list>
<bind>
<StgValue><ssdm name="_ssdm_op_SpecPipeline"/></StgValue>
</bind>
</comp>

<comp id="60" class="1001" name="const_60">
<pin_list>
<pin id="61" dir="1" index="0" bw="1" slack="2147483647"/>
</pin_list>
<bind>
<StgValue><ssdm name=""/></StgValue>
</bind>
</comp>

<comp id="62" class="1001" name="const_62">
<pin_list>
<pin id="63" dir="1" index="0" bw="1" slack="2147483647"/>
</pin_list>
<bind>
<StgValue><ssdm name=""/></StgValue>
</bind>
</comp>

<comp id="64" class="1001" name="const_64">
<pin_list>
<pin id="65" dir="1" index="0" bw="1" slack="2147483647"/>
</pin_list>
<bind>
<StgValue><ssdm name="p_str"/></StgValue>
</bind>
</comp>

<comp id="66" class="1001" name="const_66">
<pin_list>
<pin id="67" dir="1" index="0" bw="1" slack="0"/>
</pin_list>
<bind>
<StgValue><ssdm name=""/></StgValue>
</bind>
</comp>

<comp id="68" class="1001" name="const_68">
<pin_list>
<pin id="69" dir="1" index="0" bw="1" slack="0"/>
</pin_list>
<bind>
<StgValue><ssdm name=""/></StgValue>
</bind>
</comp>

<comp id="70" class="1001" name="const_70">
<pin_list>
<pin id="71" dir="1" index="0" bw="1" slack="0"/>
</pin_list>
<bind>
<StgValue><ssdm name=""/></StgValue>
</bind>
</comp>

<comp id="72" class="1001" name="const_72">
<pin_list>
<pin id="73" dir="1" index="0" bw="1" slack="0"/>
</pin_list>
<bind>
<StgValue><ssdm name=""/></StgValue>
</bind>
</comp>

<comp id="74" class="1001" name="const_74">
<pin_list>
<pin id="75" dir="1" index="0" bw="1" slack="0"/>
</pin_list>
<bind>
<StgValue><ssdm name="_ssdm_op_BitSelect.i1.i3.i32"/></StgValue>
</bind>
</comp>

<comp id="76" class="1001" name="const_76">
<pin_list>
<pin id="77" dir="1" index="0" bw="1" slack="0"/>
</pin_list>
<bind>
<StgValue><ssdm name=""/></StgValue>
</bind>
</comp>

<comp id="78" class="1001" name="const_78">
<pin_list>
<pin id="79" dir="1" index="0" bw="1" slack="0"/>
</pin_list>
<bind>
<StgValue><ssdm name=""/></StgValue>
</bind>
</comp>

<comp id="80" class="1001" name="const_80">
<pin_list>
<pin id="81" dir="1" index="0" bw="1" slack="0"/>
</pin_list>
<bind>
<StgValue><ssdm name=""/></StgValue>
</bind>
</comp>

<comp id="82" class="1001" name="const_82">
<pin_list>
<pin id="83" dir="1" index="0" bw="1" slack="0"/>
</pin_list>
<bind>
<StgValue><ssdm name="_ssdm_op_PartSelect.i11.i14.i32.i32"/></StgValue>
</bind>
</comp>

<comp id="84" class="1001" name="const_84">
<pin_list>
<pin id="85" dir="1" index="0" bw="1" slack="0"/>
</pin_list>
<bind>
<StgValue><ssdm name=""/></StgValue>
</bind>
</comp>

<comp id="86" class="1001" name="const_86">
<pin_list>
<pin id="87" dir="1" index="0" bw="1" slack="0"/>
</pin_list>
<bind>
<StgValue><ssdm name=""/></StgValue>
</bind>
</comp>

<comp id="88" class="1001" name="const_88">
<pin_list>
<pin id="89" dir="1" index="0" bw="1" slack="0"/>
</pin_list>
<bind>
<StgValue><ssdm name="_ssdm_op_BitConcatenate.i13.i11.i2"/></StgValue>
</bind>
</comp>

<comp id="90" class="1001" name="const_90">
<pin_list>
<pin id="91" dir="1" index="0" bw="1" slack="0"/>
</pin_list>
<bind>
<StgValue><ssdm name=""/></StgValue>
</bind>
</comp>

<comp id="92" class="1001" name="const_92">
<pin_list>
<pin id="93" dir="1" index="0" bw="1" slack="0"/>
</pin_list>
<bind>
<StgValue><ssdm name="_ssdm_op_BitConcatenate.i5.i2.i3"/></StgValue>
</bind>
</comp>

<comp id="94" class="1001" name="const_94">
<pin_list>
<pin id="95" dir="1" index="0" bw="1" slack="0"/>
</pin_list>
<bind>
<StgValue><ssdm name=""/></StgValue>
</bind>
</comp>

<comp id="96" class="1001" name="const_96">
<pin_list>
<pin id="97" dir="1" index="0" bw="1" slack="0"/>
</pin_list>
<bind>
<StgValue><ssdm name="_ssdm_op_PartSelect.i2.i3.i32.i32"/></StgValue>
</bind>
</comp>

<comp id="98" class="1001" name="const_98">
<pin_list>
<pin id="99" dir="1" index="0" bw="1" slack="0"/>
</pin_list>
<bind>
<StgValue><ssdm name=""/></StgValue>
</bind>
</comp>

<comp id="100" class="1001" name="const_100">
<pin_list>
<pin id="101" dir="1" index="0" bw="1" slack="0"/>
</pin_list>
<bind>
<StgValue><ssdm name="_ssdm_op_BitConcatenate.i6.i1.i5"/></StgValue>
</bind>
</comp>

<comp id="102" class="1001" name="const_102">
<pin_list>
<pin id="103" dir="1" index="0" bw="1" slack="0"/>
</pin_list>
<bind>
<StgValue><ssdm name=""/></StgValue>
</bind>
</comp>

<comp id="104" class="1001" name="const_104">
<pin_list>
<pin id="105" dir="1" index="0" bw="1" slack="0"/>
</pin_list>
<bind>
<StgValue><ssdm name=""/></StgValue>
</bind>
</comp>

<comp id="106" class="1001" name="const_106">
<pin_list>
<pin id="107" dir="1" index="0" bw="1" slack="0"/>
</pin_list>
<bind>
<StgValue><ssdm name=""/></StgValue>
</bind>
</comp>

<comp id="108" class="1001" name="const_108">
<pin_list>
<pin id="109" dir="1" index="0" bw="1" slack="0"/>
</pin_list>
<bind>
<StgValue><ssdm name="_ssdm_op_BitConcatenate.i26.i16.i10"/></StgValue>
</bind>
</comp>

<comp id="110" class="1001" name="const_110">
<pin_list>
<pin id="111" dir="1" index="0" bw="1" slack="0"/>
</pin_list>
<bind>
<StgValue><ssdm name=""/></StgValue>
</bind>
</comp>

<comp id="112" class="1001" name="const_112">
<pin_list>
<pin id="113" dir="1" index="0" bw="1" slack="0"/>
</pin_list>
<bind>
<StgValue><ssdm name="_ssdm_op_PartSelect.i16.i26.i32.i32"/></StgValue>
</bind>
</comp>

<comp id="114" class="1001" name="const_114">
<pin_list>
<pin id="115" dir="1" index="0" bw="1" slack="0"/>
</pin_list>
<bind>
<StgValue><ssdm name=""/></StgValue>
</bind>
</comp>

<comp id="116" class="1001" name="const_116">
<pin_list>
<pin id="117" dir="1" index="0" bw="1" slack="0"/>
</pin_list>
<bind>
<StgValue><ssdm name=""/></StgValue>
</bind>
</comp>

<comp id="118" class="1001" name="const_118">
<pin_list>
<pin id="119" dir="1" index="0" bw="1" slack="2147483647"/>
</pin_list>
<bind>
<StgValue><ssdm name="_ssdm_op_SpecLoopName"/></StgValue>
</bind>
</comp>

<comp id="120" class="1001" name="const_120">
<pin_list>
<pin id="121" dir="1" index="0" bw="1" slack="2147483647"/>
</pin_list>
<bind>
<StgValue><ssdm name="loop_kh_2_loop_kw_2_loop_ic_2_str"/></StgValue>
</bind>
</comp>

<comp id="122" class="1001" name="const_122">
<pin_list>
<pin id="123" dir="1" index="0" bw="1" slack="2147483647"/>
</pin_list>
<bind>
<StgValue><ssdm name="_ssdm_op_SpecLoopTripCount"/></StgValue>
</bind>
</comp>

<comp id="124" class="1001" name="const_124">
<pin_list>
<pin id="125" dir="1" index="0" bw="1" slack="2147483647"/>
</pin_list>
<bind>
<StgValue><ssdm name=""/></StgValue>
</bind>
</comp>

<comp id="126" class="1001" name="const_126">
<pin_list>
<pin id="127" dir="1" index="0" bw="1" slack="2147483647"/>
</pin_list>
<bind>
<StgValue><ssdm name="loop_kw_2_loop_ic_2_str"/></StgValue>
</bind>
</comp>

<comp id="128" class="1001" name="const_128">
<pin_list>
<pin id="129" dir="1" index="0" bw="1" slack="2147483647"/>
</pin_list>
<bind>
<StgValue><ssdm name="empty_3"/></StgValue>
</bind>
</comp>

<comp id="130" class="1001" name="const_130">
<pin_list>
<pin id="131" dir="1" index="0" bw="1" slack="0"/>
</pin_list>
<bind>
<StgValue><ssdm name="_ssdm_op_Write.ap_auto.i16P0A"/></StgValue>
</bind>
</comp>

<comp id="132" class="1004" name="lhs_fu_132">
<pin_list>
<pin id="133" dir="0" index="0" bw="1" slack="0"/>
<pin id="134" dir="1" index="1" bw="16" slack="0"/>
</pin_list>
<bind>
<opcode="alloca(26) " fcode="alloca"/>
<opset="lhs/1 "/>
</bind>
</comp>

<comp id="136" class="1004" name="k_fu_136">
<pin_list>
<pin id="137" dir="0" index="0" bw="1" slack="0"/>
<pin id="138" dir="1" index="1" bw="3" slack="0"/>
</pin_list>
<bind>
<opcode="alloca(26) " fcode="alloca"/>
<opset="k/1 "/>
</bind>
</comp>

<comp id="140" class="1004" name="j_1_fu_140">
<pin_list>
<pin id="141" dir="0" index="0" bw="1" slack="0"/>
<pin id="142" dir="1" index="1" bw="2" slack="0"/>
</pin_list>
<bind>
<opcode="alloca(26) " fcode="alloca"/>
<opset="j_1/1 "/>
</bind>
</comp>

<comp id="144" class="1004" name="indvar_flatten77_fu_144">
<pin_list>
<pin id="145" dir="0" index="0" bw="1" slack="0"/>
<pin id="146" dir="1" index="1" bw="4" slack="0"/>
</pin_list>
<bind>
<opcode="alloca(26) " fcode="alloca"/>
<opset="indvar_flatten77/1 "/>
</bind>
</comp>

<comp id="148" class="1004" name="i_1_fu_148">
<pin_list>
<pin id="149" dir="0" index="0" bw="1" slack="0"/>
<pin id="150" dir="1" index="1" bw="2" slack="0"/>
</pin_list>
<bind>
<opcode="alloca(26) " fcode="alloca"/>
<opset="i_1/1 "/>
</bind>
</comp>

<comp id="152" class="1004" name="indvar_flatten137_fu_152">
<pin_list>
<pin id="153" dir="0" index="0" bw="1" slack="0"/>
<pin id="154" dir="1" index="1" bw="5" slack="0"/>
</pin_list>
<bind>
<opcode="alloca(26) " fcode="alloca"/>
<opset="indvar_flatten137/1 "/>
</bind>
</comp>

<comp id="156" class="1004" name="sext_ln83_4_read_read_fu_156">
<pin_list>
<pin id="157" dir="0" index="0" bw="13" slack="0"/>
<pin id="158" dir="0" index="1" bw="13" slack="0"/>
<pin id="159" dir="1" index="2" bw="13" slack="0"/>
</pin_list>
<bind>
<opcode="read(1150) " fcode="read"/>
<opset="sext_ln83_4_read/1 "/>
</bind>
</comp>

<comp id="162" class="1004" name="cmp29_i_not_mid1117_read_read_fu_162">
<pin_list>
<pin id="163" dir="0" index="0" bw="1" slack="0"/>
<pin id="164" dir="0" index="1" bw="1" slack="0"/>
<pin id="165" dir="1" index="2" bw="1" slack="0"/>
</pin_list>
<bind>
<opcode="read(1150) " fcode="read"/>
<opset="cmp29_i_not_mid1117_read/1 "/>
</bind>
</comp>

<comp id="168" class="1004" name="cmp27_i_not_mid1115_read_read_fu_168">
<pin_list>
<pin id="169" dir="0" index="0" bw="1" slack="0"/>
<pin id="170" dir="0" index="1" bw="1" slack="0"/>
<pin id="171" dir="1" index="2" bw="1" slack="0"/>
</pin_list>
<bind>
<opcode="read(1150) " fcode="read"/>
<opset="cmp27_i_not_mid1115_read/1 "/>
</bind>
</comp>

<comp id="174" class="1004" name="zext_ln66_read_read_fu_174">
<pin_list>
<pin id="175" dir="0" index="0" bw="8" slack="0"/>
<pin id="176" dir="0" index="1" bw="8" slack="0"/>
<pin id="177" dir="1" index="2" bw="8" slack="0"/>
</pin_list>
<bind>
<opcode="read(1150) " fcode="read"/>
<opset="zext_ln66_read/1 "/>
</bind>
</comp>

<comp id="180" class="1004" name="select_ln68_read_read_fu_180">
<pin_list>
<pin id="181" dir="0" index="0" bw="4" slack="0"/>
<pin id="182" dir="0" index="1" bw="4" slack="0"/>
<pin id="183" dir="1" index="2" bw="4" slack="0"/>
</pin_list>
<bind>
<opcode="read(1150) " fcode="read"/>
<opset="select_ln68_read/1 "/>
</bind>
</comp>

<comp id="186" class="1004" name="select_ln68_2_read_read_fu_186">
<pin_list>
<pin id="187" dir="0" index="0" bw="4" slack="0"/>
<pin id="188" dir="0" index="1" bw="4" slack="0"/>
<pin id="189" dir="1" index="2" bw="4" slack="0"/>
</pin_list>
<bind>
<opcode="read(1150) " fcode="read"/>
<opset="select_ln68_2_read/1 "/>
</bind>
</comp>

<comp id="192" class="1004" name="sext_ln66_read_read_fu_192">
<pin_list>
<pin id="193" dir="0" index="0" bw="10" slack="0"/>
<pin id="194" dir="0" index="1" bw="10" slack="0"/>
<pin id="195" dir="1" index="2" bw="10" slack="0"/>
</pin_list>
<bind>
<opcode="read(1150) " fcode="read"/>
<opset="sext_ln66_read/1 "/>
</bind>
</comp>

<comp id="198" class="1004" name="write_ln0_write_fu_198">
<pin_list>
<pin id="199" dir="0" index="0" bw="0" slack="0"/>
<pin id="200" dir="0" index="1" bw="16" slack="0"/>
<pin id="201" dir="0" index="2" bw="16" slack="0"/>
<pin id="202" dir="1" index="3" bw="0" slack="2147483647"/>
</pin_list>
<bind>
<opcode="write(1151) " fcode="write"/>
<opset="write_ln0/4 "/>
</bind>
</comp>

<comp id="205" class="1004" name="d_addr_gep_fu_205">
<pin_list>
<pin id="206" dir="0" index="0" bw="16" slack="0"/>
<pin id="207" dir="0" index="1" bw="1" slack="0"/>
<pin id="208" dir="0" index="2" bw="13" slack="0"/>
<pin id="209" dir="1" index="3" bw="14" slack="0"/>
</pin_list>
<bind>
<opcode="getelementptr(29) " fcode="getelementptr"/>
<opset="d_addr/1 "/>
</bind>
</comp>

<comp id="212" class="1004" name="grp_access_fu_212">
<pin_list>
<pin id="213" dir="0" index="0" bw="14" slack="0"/>
<pin id="214" dir="0" index="1" bw="16" slack="2147483647"/>
<pin id="215" dir="0" index="2" bw="0" slack="0"/>
<pin id="217" dir="0" index="4" bw="14" slack="2147483647"/>
<pin id="218" dir="0" index="5" bw="16" slack="2147483647"/>
<pin id="219" dir="0" index="6" bw="0" slack="2147483647"/>
<pin id="216" dir="1" index="3" bw="16" slack="0"/>
<pin id="220" dir="1" index="7" bw="16" slack="0"/>
</pin_list>
<bind>
<opcode="load(27) " fcode="load"/>
<opset="val_V/1 val_V_18/1 "/>
</bind>
</comp>

<comp id="222" class="1004" name="conv2_kernel_V_addr_gep_fu_222">
<pin_list>
<pin id="223" dir="0" index="0" bw="11" slack="0"/>
<pin id="224" dir="0" index="1" bw="1" slack="0"/>
<pin id="225" dir="0" index="2" bw="9" slack="0"/>
<pin id="226" dir="1" index="3" bw="9" slack="0"/>
</pin_list>
<bind>
<opcode="getelementptr(29) " fcode="getelementptr"/>
<opset="conv2_kernel_V_addr/1 "/>
</bind>
</comp>

<comp id="229" class="1004" name="grp_access_fu_229">
<pin_list>
<pin id="230" dir="0" index="0" bw="9" slack="0"/>
<pin id="231" dir="0" index="1" bw="11" slack="2147483647"/>
<pin id="232" dir="0" index="2" bw="0" slack="2147483647"/>
<pin id="233" dir="1" index="3" bw="11" slack="0"/>
</pin_list>
<bind>
<opcode="load(27) " fcode="load"/>
<opset="conv2_kernel_V_load/1 conv2_kernel_V_load_1/2 "/>
</bind>
</comp>

<comp id="235" class="1004" name="d_addr_3_gep_fu_235">
<pin_list>
<pin id="236" dir="0" index="0" bw="16" slack="0"/>
<pin id="237" dir="0" index="1" bw="1" slack="0"/>
<pin id="238" dir="0" index="2" bw="13" slack="0"/>
<pin id="239" dir="1" index="3" bw="14" slack="0"/>
</pin_list>
<bind>
<opcode="getelementptr(29) " fcode="getelementptr"/>
<opset="d_addr_3/1 "/>
</bind>
</comp>

<comp id="243" class="1004" name="conv2_kernel_V_addr_1_gep_fu_243">
<pin_list>
<pin id="244" dir="0" index="0" bw="11" slack="0"/>
<pin id="245" dir="0" index="1" bw="1" slack="0"/>
<pin id="246" dir="0" index="2" bw="9" slack="0"/>
<pin id="247" dir="1" index="3" bw="9" slack="0"/>
</pin_list>
<bind>
<opcode="getelementptr(29) " fcode="getelementptr"/>
<opset="conv2_kernel_V_addr_1/2 "/>
</bind>
</comp>

<comp id="251" class="1004" name="sext_ln83_4_cast_fu_251">
<pin_list>
<pin id="252" dir="0" index="0" bw="13" slack="0"/>
<pin id="253" dir="1" index="1" bw="14" slack="0"/>
</pin_list>
<bind>
<opcode="sext(35) " fcode="sext"/>
<opset="sext_ln83_4_cast/1 "/>
</bind>
</comp>

<comp id="255" class="1004" name="zext_ln66_cast_fu_255">
<pin_list>
<pin id="256" dir="0" index="0" bw="8" slack="0"/>
<pin id="257" dir="1" index="1" bw="9" slack="0"/>
</pin_list>
<bind>
<opcode="zext(34) " fcode="zext"/>
<opset="zext_ln66_cast/1 "/>
</bind>
</comp>

<comp id="259" class="1004" name="sext_ln66_cast_fu_259">
<pin_list>
<pin id="260" dir="0" index="0" bw="10" slack="0"/>
<pin id="261" dir="1" index="1" bw="16" slack="0"/>
</pin_list>
<bind>
<opcode="sext(35) " fcode="sext"/>
<opset="sext_ln66_cast/1 "/>
</bind>
</comp>

<comp id="263" class="1004" name="store_ln0_store_fu_263">
<pin_list>
<pin id="264" dir="0" index="0" bw="1" slack="0"/>
<pin id="265" dir="0" index="1" bw="5" slack="0"/>
<pin id="266" dir="1" index="2" bw="0" slack="2147483647"/>
</pin_list>
<bind>
<opcode="store(28) " fcode="store"/>
<opset="store_ln0/1 "/>
</bind>
</comp>

<comp id="268" class="1004" name="store_ln0_store_fu_268">
<pin_list>
<pin id="269" dir="0" index="0" bw="1" slack="0"/>
<pin id="270" dir="0" index="1" bw="2" slack="0"/>
<pin id="271" dir="1" index="2" bw="0" slack="2147483647"/>
</pin_list>
<bind>
<opcode="store(28) " fcode="store"/>
<opset="store_ln0/1 "/>
</bind>
</comp>

<comp id="273" class="1004" name="store_ln0_store_fu_273">
<pin_list>
<pin id="274" dir="0" index="0" bw="1" slack="0"/>
<pin id="275" dir="0" index="1" bw="4" slack="0"/>
<pin id="276" dir="1" index="2" bw="0" slack="2147483647"/>
</pin_list>
<bind>
<opcode="store(28) " fcode="store"/>
<opset="store_ln0/1 "/>
</bind>
</comp>

<comp id="278" class="1004" name="store_ln0_store_fu_278">
<pin_list>
<pin id="279" dir="0" index="0" bw="1" slack="0"/>
<pin id="280" dir="0" index="1" bw="2" slack="0"/>
<pin id="281" dir="1" index="2" bw="0" slack="2147483647"/>
</pin_list>
<bind>
<opcode="store(28) " fcode="store"/>
<opset="store_ln0/1 "/>
</bind>
</comp>

<comp id="283" class="1004" name="store_ln0_store_fu_283">
<pin_list>
<pin id="284" dir="0" index="0" bw="1" slack="0"/>
<pin id="285" dir="0" index="1" bw="3" slack="0"/>
<pin id="286" dir="1" index="2" bw="0" slack="2147483647"/>
</pin_list>
<bind>
<opcode="store(28) " fcode="store"/>
<opset="store_ln0/1 "/>
</bind>
</comp>

<comp id="288" class="1004" name="store_ln0_store_fu_288">
<pin_list>
<pin id="289" dir="0" index="0" bw="10" slack="0"/>
<pin id="290" dir="0" index="1" bw="16" slack="0"/>
<pin id="291" dir="1" index="2" bw="0" slack="2147483647"/>
</pin_list>
<bind>
<opcode="store(28) " fcode="store"/>
<opset="store_ln0/1 "/>
</bind>
</comp>

<comp id="293" class="1004" name="j_load_fu_293">
<pin_list>
<pin id="294" dir="0" index="0" bw="2" slack="0"/>
<pin id="295" dir="1" index="1" bw="2" slack="0"/>
</pin_list>
<bind>
<opcode="load(27) " fcode="load"/>
<opset="j/1 "/>
</bind>
</comp>

<comp id="296" class="1004" name="i_load_fu_296">
<pin_list>
<pin id="297" dir="0" index="0" bw="2" slack="0"/>
<pin id="298" dir="1" index="1" bw="2" slack="0"/>
</pin_list>
<bind>
<opcode="load(27) " fcode="load"/>
<opset="i/1 "/>
</bind>
</comp>

<comp id="299" class="1004" name="indvar_flatten137_load_load_fu_299">
<pin_list>
<pin id="300" dir="0" index="0" bw="5" slack="0"/>
<pin id="301" dir="1" index="1" bw="5" slack="0"/>
</pin_list>
<bind>
<opcode="load(27) " fcode="load"/>
<opset="indvar_flatten137_load/1 "/>
</bind>
</comp>

<comp id="302" class="1004" name="zext_ln74_fu_302">
<pin_list>
<pin id="303" dir="0" index="0" bw="2" slack="0"/>
<pin id="304" dir="1" index="1" bw="5" slack="0"/>
</pin_list>
<bind>
<opcode="zext(34) " fcode="zext"/>
<opset="zext_ln74/1 "/>
</bind>
</comp>

<comp id="306" class="1004" name="zext_ln74_1_fu_306">
<pin_list>
<pin id="307" dir="0" index="0" bw="2" slack="0"/>
<pin id="308" dir="1" index="1" bw="4" slack="0"/>
</pin_list>
<bind>
<opcode="zext(34) " fcode="zext"/>
<opset="zext_ln74_1/1 "/>
</bind>
</comp>

<comp id="310" class="1004" name="empty_fu_310">
<pin_list>
<pin id="311" dir="0" index="0" bw="2" slack="0"/>
<pin id="312" dir="0" index="1" bw="4" slack="0"/>
<pin id="313" dir="1" index="2" bw="4" slack="0"/>
</pin_list>
<bind>
<opcode="add(8) " fcode="add"/>
<opset="empty/1 "/>
</bind>
</comp>

<comp id="316" class="1004" name="p_cast82_fu_316">
<pin_list>
<pin id="317" dir="0" index="0" bw="4" slack="0"/>
<pin id="318" dir="1" index="1" bw="5" slack="0"/>
</pin_list>
<bind>
<opcode="zext(34) " fcode="zext"/>
<opset="p_cast82/1 "/>
</bind>
</comp>

<comp id="320" class="1004" name="empty_74_fu_320">
<pin_list>
<pin id="321" dir="0" index="0" bw="4" slack="0"/>
<pin id="322" dir="0" index="1" bw="1" slack="0"/>
<pin id="323" dir="1" index="2" bw="5" slack="0"/>
</pin_list>
<bind>
<opcode="add(8) " fcode="add"/>
<opset="empty_74/1 "/>
</bind>
</comp>

<comp id="326" class="1004" name="p_shl_fu_326">
<pin_list>
<pin id="327" dir="0" index="0" bw="4" slack="0"/>
<pin id="328" dir="0" index="1" bw="2" slack="0"/>
<pin id="329" dir="0" index="2" bw="1" slack="0"/>
<pin id="330" dir="1" index="3" bw="4" slack="0"/>
</pin_list>
<bind>
<opcode="bitconcatenate(1004) " fcode="bitconcatenate"/>
<opset="p_shl/1 "/>
</bind>
</comp>

<comp id="334" class="1004" name="p_shl14_cast_fu_334">
<pin_list>
<pin id="335" dir="0" index="0" bw="4" slack="0"/>
<pin id="336" dir="1" index="1" bw="5" slack="0"/>
</pin_list>
<bind>
<opcode="zext(34) " fcode="zext"/>
<opset="p_shl14_cast/1 "/>
</bind>
</comp>

<comp id="338" class="1004" name="empty_75_fu_338">
<pin_list>
<pin id="339" dir="0" index="0" bw="4" slack="0"/>
<pin id="340" dir="0" index="1" bw="2" slack="0"/>
<pin id="341" dir="1" index="2" bw="5" slack="0"/>
</pin_list>
<bind>
<opcode="sub(10) " fcode="sub"/>
<opset="empty_75/1 "/>
</bind>
</comp>

<comp id="344" class="1004" name="cmp24_i_not_fu_344">
<pin_list>
<pin id="345" dir="0" index="0" bw="4" slack="0"/>
<pin id="346" dir="0" index="1" bw="1" slack="0"/>
<pin id="347" dir="1" index="2" bw="1" slack="0"/>
</pin_list>
<bind>
<opcode="icmp(45) " fcode="icmp"/>
<opset="cmp24_i_not/1 "/>
</bind>
</comp>

<comp id="350" class="1004" name="cmp25_i228_not_fu_350">
<pin_list>
<pin id="351" dir="0" index="0" bw="5" slack="0"/>
<pin id="352" dir="0" index="1" bw="5" slack="0"/>
<pin id="353" dir="1" index="2" bw="1" slack="0"/>
</pin_list>
<bind>
<opcode="icmp(45) " fcode="icmp"/>
<opset="cmp25_i228_not/1 "/>
</bind>
</comp>

<comp id="356" class="1004" name="shl_ln83_1_fu_356">
<pin_list>
<pin id="357" dir="0" index="0" bw="12" slack="0"/>
<pin id="358" dir="0" index="1" bw="5" slack="0"/>
<pin id="359" dir="0" index="2" bw="1" slack="0"/>
<pin id="360" dir="1" index="3" bw="12" slack="0"/>
</pin_list>
<bind>
<opcode="bitconcatenate(1004) " fcode="bitconcatenate"/>
<opset="shl_ln83_1/1 "/>
</bind>
</comp>

<comp id="364" class="1004" name="shl_ln83_2_fu_364">
<pin_list>
<pin id="365" dir="0" index="0" bw="9" slack="0"/>
<pin id="366" dir="0" index="1" bw="5" slack="0"/>
<pin id="367" dir="0" index="2" bw="1" slack="0"/>
<pin id="368" dir="1" index="3" bw="9" slack="0"/>
</pin_list>
<bind>
<opcode="bitconcatenate(1004) " fcode="bitconcatenate"/>
<opset="shl_ln83_2/1 "/>
</bind>
</comp>

<comp id="372" class="1004" name="sext_ln83_fu_372">
<pin_list>
<pin id="373" dir="0" index="0" bw="9" slack="0"/>
<pin id="374" dir="1" index="1" bw="12" slack="0"/>
</pin_list>
<bind>
<opcode="sext(35) " fcode="sext"/>
<opset="sext_ln83/1 "/>
</bind>
</comp>

<comp id="376" class="1004" name="sub_ln83_fu_376">
<pin_list>
<pin id="377" dir="0" index="0" bw="12" slack="0"/>
<pin id="378" dir="0" index="1" bw="9" slack="0"/>
<pin id="379" dir="1" index="2" bw="12" slack="0"/>
</pin_list>
<bind>
<opcode="sub(10) " fcode="sub"/>
<opset="sub_ln83/1 "/>
</bind>
</comp>

<comp id="382" class="1004" name="sext_ln76_fu_382">
<pin_list>
<pin id="383" dir="0" index="0" bw="12" slack="0"/>
<pin id="384" dir="1" index="1" bw="14" slack="0"/>
</pin_list>
<bind>
<opcode="sext(35) " fcode="sext"/>
<opset="sext_ln76/1 "/>
</bind>
</comp>

<comp id="386" class="1004" name="zext_ln76_fu_386">
<pin_list>
<pin id="387" dir="0" index="0" bw="2" slack="0"/>
<pin id="388" dir="1" index="1" bw="4" slack="0"/>
</pin_list>
<bind>
<opcode="zext(34) " fcode="zext"/>
<opset="zext_ln76/1 "/>
</bind>
</comp>

<comp id="390" class="1004" name="empty_76_fu_390">
<pin_list>
<pin id="391" dir="0" index="0" bw="2" slack="0"/>
<pin id="392" dir="0" index="1" bw="4" slack="0"/>
<pin id="393" dir="1" index="2" bw="4" slack="0"/>
</pin_list>
<bind>
<opcode="add(8) " fcode="add"/>
<opset="empty_76/1 "/>
</bind>
</comp>

<comp id="396" class="1004" name="p_cast123_fu_396">
<pin_list>
<pin id="397" dir="0" index="0" bw="4" slack="0"/>
<pin id="398" dir="1" index="1" bw="5" slack="0"/>
</pin_list>
<bind>
<opcode="zext(34) " fcode="zext"/>
<opset="p_cast123/1 "/>
</bind>
</comp>

<comp id="400" class="1004" name="empty_77_fu_400">
<pin_list>
<pin id="401" dir="0" index="0" bw="4" slack="0"/>
<pin id="402" dir="0" index="1" bw="1" slack="0"/>
<pin id="403" dir="1" index="2" bw="5" slack="0"/>
</pin_list>
<bind>
<opcode="add(8) " fcode="add"/>
<opset="empty_77/1 "/>
</bind>
</comp>

<comp id="406" class="1004" name="cmp27_i_not_fu_406">
<pin_list>
<pin id="407" dir="0" index="0" bw="4" slack="0"/>
<pin id="408" dir="0" index="1" bw="1" slack="0"/>
<pin id="409" dir="1" index="2" bw="1" slack="0"/>
</pin_list>
<bind>
<opcode="icmp(45) " fcode="icmp"/>
<opset="cmp27_i_not/1 "/>
</bind>
</comp>

<comp id="412" class="1004" name="cmp29_i_not_fu_412">
<pin_list>
<pin id="413" dir="0" index="0" bw="5" slack="0"/>
<pin id="414" dir="0" index="1" bw="5" slack="0"/>
<pin id="415" dir="1" index="2" bw="1" slack="0"/>
</pin_list>
<bind>
<opcode="icmp(45) " fcode="icmp"/>
<opset="cmp29_i_not/1 "/>
</bind>
</comp>

<comp id="418" class="1004" name="tmp13_fu_418">
<pin_list>
<pin id="419" dir="0" index="0" bw="1" slack="0"/>
<pin id="420" dir="0" index="1" bw="1" slack="0"/>
<pin id="421" dir="1" index="2" bw="1" slack="0"/>
</pin_list>
<bind>
<opcode="or(24) " fcode="or"/>
<opset="tmp13/1 "/>
</bind>
</comp>

<comp id="424" class="1004" name="tmp14_fu_424">
<pin_list>
<pin id="425" dir="0" index="0" bw="1" slack="0"/>
<pin id="426" dir="0" index="1" bw="1" slack="0"/>
<pin id="427" dir="1" index="2" bw="1" slack="0"/>
</pin_list>
<bind>
<opcode="or(24) " fcode="or"/>
<opset="tmp14/1 "/>
</bind>
</comp>

<comp id="430" class="1004" name="brmerge78_fu_430">
<pin_list>
<pin id="431" dir="0" index="0" bw="1" slack="0"/>
<pin id="432" dir="0" index="1" bw="1" slack="0"/>
<pin id="433" dir="1" index="2" bw="1" slack="0"/>
</pin_list>
<bind>
<opcode="or(24) " fcode="or"/>
<opset="brmerge78/1 "/>
</bind>
</comp>

<comp id="436" class="1004" name="shl_ln2_fu_436">
<pin_list>
<pin id="437" dir="0" index="0" bw="8" slack="0"/>
<pin id="438" dir="0" index="1" bw="5" slack="0"/>
<pin id="439" dir="0" index="2" bw="1" slack="0"/>
<pin id="440" dir="1" index="3" bw="8" slack="0"/>
</pin_list>
<bind>
<opcode="bitconcatenate(1004) " fcode="bitconcatenate"/>
<opset="shl_ln2/1 "/>
</bind>
</comp>

<comp id="444" class="1004" name="sext_ln83_1_fu_444">
<pin_list>
<pin id="445" dir="0" index="0" bw="8" slack="0"/>
<pin id="446" dir="1" index="1" bw="13" slack="0"/>
</pin_list>
<bind>
<opcode="sext(35) " fcode="sext"/>
<opset="sext_ln83_1/1 "/>
</bind>
</comp>

<comp id="448" class="1004" name="add_ln83_fu_448">
<pin_list>
<pin id="449" dir="0" index="0" bw="8" slack="0"/>
<pin id="450" dir="0" index="1" bw="13" slack="0"/>
<pin id="451" dir="1" index="2" bw="13" slack="0"/>
</pin_list>
<bind>
<opcode="add(8) " fcode="add"/>
<opset="add_ln83/1 "/>
</bind>
</comp>

<comp id="454" class="1004" name="sext_ln83_2_fu_454">
<pin_list>
<pin id="455" dir="0" index="0" bw="13" slack="0"/>
<pin id="456" dir="1" index="1" bw="14" slack="0"/>
</pin_list>
<bind>
<opcode="sext(35) " fcode="sext"/>
<opset="sext_ln83_2/1 "/>
</bind>
</comp>

<comp id="458" class="1004" name="add_ln83_1_fu_458">
<pin_list>
<pin id="459" dir="0" index="0" bw="13" slack="0"/>
<pin id="460" dir="0" index="1" bw="12" slack="0"/>
<pin id="461" dir="1" index="2" bw="14" slack="0"/>
</pin_list>
<bind>
<opcode="add(8) " fcode="add"/>
<opset="add_ln83_1/1 "/>
</bind>
</comp>

<comp id="464" class="1004" name="icmp_ln74_fu_464">
<pin_list>
<pin id="465" dir="0" index="0" bw="5" slack="0"/>
<pin id="466" dir="0" index="1" bw="5" slack="0"/>
<pin id="467" dir="1" index="2" bw="1" slack="1"/>
</pin_list>
<bind>
<opcode="icmp(45) " fcode="icmp"/>
<opset="icmp_ln74/1 "/>
</bind>
</comp>

<comp id="470" class="1004" name="add_ln74_2_fu_470">
<pin_list>
<pin id="471" dir="0" index="0" bw="5" slack="0"/>
<pin id="472" dir="0" index="1" bw="1" slack="0"/>
<pin id="473" dir="1" index="2" bw="5" slack="0"/>
</pin_list>
<bind>
<opcode="add(8) " fcode="add"/>
<opset="add_ln74_2/1 "/>
</bind>
</comp>

<comp id="476" class="1004" name="k_load_load_fu_476">
<pin_list>
<pin id="477" dir="0" index="0" bw="3" slack="0"/>
<pin id="478" dir="1" index="1" bw="3" slack="0"/>
</pin_list>
<bind>
<opcode="load(27) " fcode="load"/>
<opset="k_load/1 "/>
</bind>
</comp>

<comp id="479" class="1004" name="indvar_flatten77_load_load_fu_479">
<pin_list>
<pin id="480" dir="0" index="0" bw="4" slack="0"/>
<pin id="481" dir="1" index="1" bw="4" slack="0"/>
</pin_list>
<bind>
<opcode="load(27) " fcode="load"/>
<opset="indvar_flatten77_load/1 "/>
</bind>
</comp>

<comp id="482" class="1004" name="add_ln74_fu_482">
<pin_list>
<pin id="483" dir="0" index="0" bw="2" slack="0"/>
<pin id="484" dir="0" index="1" bw="1" slack="0"/>
<pin id="485" dir="1" index="2" bw="2" slack="0"/>
</pin_list>
<bind>
<opcode="add(8) " fcode="add"/>
<opset="add_ln74/1 "/>
</bind>
</comp>

<comp id="488" class="1004" name="icmp_ln76_fu_488">
<pin_list>
<pin id="489" dir="0" index="0" bw="4" slack="0"/>
<pin id="490" dir="0" index="1" bw="4" slack="0"/>
<pin id="491" dir="1" index="2" bw="1" slack="0"/>
</pin_list>
<bind>
<opcode="icmp(45) " fcode="icmp"/>
<opset="icmp_ln76/1 "/>
</bind>
</comp>

<comp id="494" class="1004" name="select_ln74_fu_494">
<pin_list>
<pin id="495" dir="0" index="0" bw="1" slack="0"/>
<pin id="496" dir="0" index="1" bw="1" slack="0"/>
<pin id="497" dir="0" index="2" bw="2" slack="0"/>
<pin id="498" dir="1" index="3" bw="2" slack="0"/>
</pin_list>
<bind>
<opcode="select(49) " fcode="select"/>
<opset="select_ln74/1 "/>
</bind>
</comp>

<comp id="502" class="1004" name="select_ln74_1_fu_502">
<pin_list>
<pin id="503" dir="0" index="0" bw="1" slack="0"/>
<pin id="504" dir="0" index="1" bw="1" slack="0"/>
<pin id="505" dir="0" index="2" bw="3" slack="0"/>
<pin id="506" dir="1" index="3" bw="3" slack="0"/>
</pin_list>
<bind>
<opcode="select(49) " fcode="select"/>
<opset="select_ln74_1/1 "/>
</bind>
</comp>

<comp id="510" class="1004" name="zext_ln74_2_fu_510">
<pin_list>
<pin id="511" dir="0" index="0" bw="2" slack="0"/>
<pin id="512" dir="1" index="1" bw="5" slack="0"/>
</pin_list>
<bind>
<opcode="zext(34) " fcode="zext"/>
<opset="zext_ln74_2/1 "/>
</bind>
</comp>

<comp id="514" class="1004" name="zext_ln74_3_fu_514">
<pin_list>
<pin id="515" dir="0" index="0" bw="2" slack="0"/>
<pin id="516" dir="1" index="1" bw="4" slack="0"/>
</pin_list>
<bind>
<opcode="zext(34) " fcode="zext"/>
<opset="zext_ln74_3/1 "/>
</bind>
</comp>

<comp id="518" class="1004" name="p_mid195_fu_518">
<pin_list>
<pin id="519" dir="0" index="0" bw="2" slack="0"/>
<pin id="520" dir="0" index="1" bw="4" slack="0"/>
<pin id="521" dir="1" index="2" bw="4" slack="0"/>
</pin_list>
<bind>
<opcode="add(8) " fcode="add"/>
<opset="p_mid195/1 "/>
</bind>
</comp>

<comp id="524" class="1004" name="p_cast82_mid1_fu_524">
<pin_list>
<pin id="525" dir="0" index="0" bw="4" slack="0"/>
<pin id="526" dir="1" index="1" bw="5" slack="0"/>
</pin_list>
<bind>
<opcode="zext(34) " fcode="zext"/>
<opset="p_cast82_mid1/1 "/>
</bind>
</comp>

<comp id="528" class="1004" name="p_mid197_fu_528">
<pin_list>
<pin id="529" dir="0" index="0" bw="4" slack="0"/>
<pin id="530" dir="0" index="1" bw="1" slack="0"/>
<pin id="531" dir="1" index="2" bw="5" slack="0"/>
</pin_list>
<bind>
<opcode="add(8) " fcode="add"/>
<opset="p_mid197/1 "/>
</bind>
</comp>

<comp id="534" class="1004" name="p_shl14_mid1_fu_534">
<pin_list>
<pin id="535" dir="0" index="0" bw="4" slack="0"/>
<pin id="536" dir="0" index="1" bw="2" slack="0"/>
<pin id="537" dir="0" index="2" bw="1" slack="0"/>
<pin id="538" dir="1" index="3" bw="4" slack="0"/>
</pin_list>
<bind>
<opcode="bitconcatenate(1004) " fcode="bitconcatenate"/>
<opset="p_shl14_mid1/1 "/>
</bind>
</comp>

<comp id="542" class="1004" name="p_shl14_cast_mid1_fu_542">
<pin_list>
<pin id="543" dir="0" index="0" bw="4" slack="0"/>
<pin id="544" dir="1" index="1" bw="5" slack="0"/>
</pin_list>
<bind>
<opcode="zext(34) " fcode="zext"/>
<opset="p_shl14_cast_mid1/1 "/>
</bind>
</comp>

<comp id="546" class="1004" name="p_mid199_fu_546">
<pin_list>
<pin id="547" dir="0" index="0" bw="4" slack="0"/>
<pin id="548" dir="0" index="1" bw="2" slack="0"/>
<pin id="549" dir="1" index="2" bw="5" slack="0"/>
</pin_list>
<bind>
<opcode="sub(10) " fcode="sub"/>
<opset="p_mid199/1 "/>
</bind>
</comp>

<comp id="552" class="1004" name="cmp24_i_not_mid1_fu_552">
<pin_list>
<pin id="553" dir="0" index="0" bw="4" slack="0"/>
<pin id="554" dir="0" index="1" bw="1" slack="0"/>
<pin id="555" dir="1" index="2" bw="1" slack="0"/>
</pin_list>
<bind>
<opcode="icmp(45) " fcode="icmp"/>
<opset="cmp24_i_not_mid1/1 "/>
</bind>
</comp>

<comp id="558" class="1004" name="select_ln74_2_fu_558">
<pin_list>
<pin id="559" dir="0" index="0" bw="1" slack="0"/>
<pin id="560" dir="0" index="1" bw="1" slack="0"/>
<pin id="561" dir="0" index="2" bw="1" slack="0"/>
<pin id="562" dir="1" index="3" bw="1" slack="0"/>
</pin_list>
<bind>
<opcode="select(49) " fcode="select"/>
<opset="select_ln74_2/1 "/>
</bind>
</comp>

<comp id="566" class="1004" name="cmp25_i228_not_mid1_fu_566">
<pin_list>
<pin id="567" dir="0" index="0" bw="5" slack="0"/>
<pin id="568" dir="0" index="1" bw="5" slack="0"/>
<pin id="569" dir="1" index="2" bw="1" slack="0"/>
</pin_list>
<bind>
<opcode="icmp(45) " fcode="icmp"/>
<opset="cmp25_i228_not_mid1/1 "/>
</bind>
</comp>

<comp id="572" class="1004" name="select_ln74_3_fu_572">
<pin_list>
<pin id="573" dir="0" index="0" bw="1" slack="0"/>
<pin id="574" dir="0" index="1" bw="1" slack="0"/>
<pin id="575" dir="0" index="2" bw="1" slack="0"/>
<pin id="576" dir="1" index="3" bw="1" slack="0"/>
</pin_list>
<bind>
<opcode="select(49) " fcode="select"/>
<opset="select_ln74_3/1 "/>
</bind>
</comp>

<comp id="580" class="1004" name="shl_ln83_1_mid1_fu_580">
<pin_list>
<pin id="581" dir="0" index="0" bw="12" slack="0"/>
<pin id="582" dir="0" index="1" bw="5" slack="0"/>
<pin id="583" dir="0" index="2" bw="1" slack="0"/>
<pin id="584" dir="1" index="3" bw="12" slack="0"/>
</pin_list>
<bind>
<opcode="bitconcatenate(1004) " fcode="bitconcatenate"/>
<opset="shl_ln83_1_mid1/1 "/>
</bind>
</comp>

<comp id="588" class="1004" name="shl_ln83_2_mid1_fu_588">
<pin_list>
<pin id="589" dir="0" index="0" bw="9" slack="0"/>
<pin id="590" dir="0" index="1" bw="5" slack="0"/>
<pin id="591" dir="0" index="2" bw="1" slack="0"/>
<pin id="592" dir="1" index="3" bw="9" slack="0"/>
</pin_list>
<bind>
<opcode="bitconcatenate(1004) " fcode="bitconcatenate"/>
<opset="shl_ln83_2_mid1/1 "/>
</bind>
</comp>

<comp id="596" class="1004" name="sext_ln83_3_fu_596">
<pin_list>
<pin id="597" dir="0" index="0" bw="9" slack="0"/>
<pin id="598" dir="1" index="1" bw="12" slack="0"/>
</pin_list>
<bind>
<opcode="sext(35) " fcode="sext"/>
<opset="sext_ln83_3/1 "/>
</bind>
</comp>

<comp id="600" class="1004" name="sub_ln83_1_fu_600">
<pin_list>
<pin id="601" dir="0" index="0" bw="12" slack="0"/>
<pin id="602" dir="0" index="1" bw="9" slack="0"/>
<pin id="603" dir="1" index="2" bw="12" slack="0"/>
</pin_list>
<bind>
<opcode="sub(10) " fcode="sub"/>
<opset="sub_ln83_1/1 "/>
</bind>
</comp>

<comp id="606" class="1004" name="sext_ln76_1_fu_606">
<pin_list>
<pin id="607" dir="0" index="0" bw="12" slack="0"/>
<pin id="608" dir="1" index="1" bw="14" slack="0"/>
</pin_list>
<bind>
<opcode="sext(35) " fcode="sext"/>
<opset="sext_ln76_1/1 "/>
</bind>
</comp>

<comp id="610" class="1004" name="select_ln74_4_fu_610">
<pin_list>
<pin id="611" dir="0" index="0" bw="1" slack="0"/>
<pin id="612" dir="0" index="1" bw="12" slack="0"/>
<pin id="613" dir="0" index="2" bw="12" slack="0"/>
<pin id="614" dir="1" index="3" bw="12" slack="0"/>
</pin_list>
<bind>
<opcode="select(49) " fcode="select"/>
<opset="select_ln74_4/1 "/>
</bind>
</comp>

<comp id="618" class="1004" name="sext_ln74_fu_618">
<pin_list>
<pin id="619" dir="0" index="0" bw="12" slack="0"/>
<pin id="620" dir="1" index="1" bw="14" slack="0"/>
</pin_list>
<bind>
<opcode="sext(35) " fcode="sext"/>
<opset="sext_ln74/1 "/>
</bind>
</comp>

<comp id="622" class="1004" name="select_ln74_5_fu_622">
<pin_list>
<pin id="623" dir="0" index="0" bw="1" slack="0"/>
<pin id="624" dir="0" index="1" bw="5" slack="0"/>
<pin id="625" dir="0" index="2" bw="5" slack="0"/>
<pin id="626" dir="1" index="3" bw="5" slack="0"/>
</pin_list>
<bind>
<opcode="select(49) " fcode="select"/>
<opset="select_ln74_5/1 "/>
</bind>
</comp>

<comp id="630" class="1004" name="sext_ln74_1_fu_630">
<pin_list>
<pin id="631" dir="0" index="0" bw="5" slack="0"/>
<pin id="632" dir="1" index="1" bw="9" slack="0"/>
</pin_list>
<bind>
<opcode="sext(35) " fcode="sext"/>
<opset="sext_ln74_1/1 "/>
</bind>
</comp>

<comp id="634" class="1004" name="add_ln74_1_fu_634">
<pin_list>
<pin id="635" dir="0" index="0" bw="5" slack="0"/>
<pin id="636" dir="0" index="1" bw="8" slack="0"/>
<pin id="637" dir="1" index="2" bw="9" slack="0"/>
</pin_list>
<bind>
<opcode="add(8) " fcode="add"/>
<opset="add_ln74_1/1 "/>
</bind>
</comp>

<comp id="640" class="1004" name="tmp13_mid1119_fu_640">
<pin_list>
<pin id="641" dir="0" index="0" bw="1" slack="0"/>
<pin id="642" dir="0" index="1" bw="1" slack="0"/>
<pin id="643" dir="1" index="2" bw="1" slack="0"/>
</pin_list>
<bind>
<opcode="or(24) " fcode="or"/>
<opset="tmp13_mid1119/1 "/>
</bind>
</comp>

<comp id="646" class="1004" name="tmp14_mid1121_fu_646">
<pin_list>
<pin id="647" dir="0" index="0" bw="1" slack="0"/>
<pin id="648" dir="0" index="1" bw="1" slack="0"/>
<pin id="649" dir="1" index="2" bw="1" slack="0"/>
</pin_list>
<bind>
<opcode="or(24) " fcode="or"/>
<opset="tmp14_mid1121/1 "/>
</bind>
</comp>

<comp id="652" class="1004" name="brmerge78_mid1123_fu_652">
<pin_list>
<pin id="653" dir="0" index="0" bw="1" slack="0"/>
<pin id="654" dir="0" index="1" bw="1" slack="0"/>
<pin id="655" dir="1" index="2" bw="1" slack="0"/>
</pin_list>
<bind>
<opcode="or(24) " fcode="or"/>
<opset="brmerge78_mid1123/1 "/>
</bind>
</comp>

<comp id="658" class="1004" name="select_ln74_6_fu_658">
<pin_list>
<pin id="659" dir="0" index="0" bw="1" slack="0"/>
<pin id="660" dir="0" index="1" bw="1" slack="0"/>
<pin id="661" dir="0" index="2" bw="1" slack="0"/>
<pin id="662" dir="1" index="3" bw="1" slack="0"/>
</pin_list>
<bind>
<opcode="select(49) " fcode="select"/>
<opset="select_ln74_6/1 "/>
</bind>
</comp>

<comp id="666" class="1004" name="add_ln83_2_fu_666">
<pin_list>
<pin id="667" dir="0" index="0" bw="13" slack="0"/>
<pin id="668" dir="0" index="1" bw="12" slack="0"/>
<pin id="669" dir="1" index="2" bw="14" slack="0"/>
</pin_list>
<bind>
<opcode="add(8) " fcode="add"/>
<opset="add_ln83_2/1 "/>
</bind>
</comp>

<comp id="672" class="1004" name="tmp_fu_672">
<pin_list>
<pin id="673" dir="0" index="0" bw="1" slack="0"/>
<pin id="674" dir="0" index="1" bw="3" slack="0"/>
<pin id="675" dir="0" index="2" bw="3" slack="0"/>
<pin id="676" dir="1" index="3" bw="1" slack="0"/>
</pin_list>
<bind>
<opcode="bitselect(1000) " fcode="bitselect"/>
<opset="tmp/1 "/>
</bind>
</comp>

<comp id="680" class="1004" name="xor_ln78_fu_680">
<pin_list>
<pin id="681" dir="0" index="0" bw="1" slack="0"/>
<pin id="682" dir="0" index="1" bw="1" slack="0"/>
<pin id="683" dir="1" index="2" bw="1" slack="0"/>
</pin_list>
<bind>
<opcode="xor(25) " fcode="xor"/>
<opset="xor_ln78/1 "/>
</bind>
</comp>

<comp id="686" class="1004" name="or_ln74_fu_686">
<pin_list>
<pin id="687" dir="0" index="0" bw="1" slack="0"/>
<pin id="688" dir="0" index="1" bw="1" slack="0"/>
<pin id="689" dir="1" index="2" bw="1" slack="0"/>
</pin_list>
<bind>
<opcode="or(24) " fcode="or"/>
<opset="or_ln74/1 "/>
</bind>
</comp>

<comp id="692" class="1004" name="select_ln74_7_fu_692">
<pin_list>
<pin id="693" dir="0" index="0" bw="1" slack="0"/>
<pin id="694" dir="0" index="1" bw="2" slack="0"/>
<pin id="695" dir="0" index="2" bw="2" slack="0"/>
<pin id="696" dir="1" index="3" bw="2" slack="0"/>
</pin_list>
<bind>
<opcode="select(49) " fcode="select"/>
<opset="select_ln74_7/1 "/>
</bind>
</comp>

<comp id="700" class="1004" name="add_ln76_fu_700">
<pin_list>
<pin id="701" dir="0" index="0" bw="2" slack="0"/>
<pin id="702" dir="0" index="1" bw="1" slack="0"/>
<pin id="703" dir="1" index="2" bw="2" slack="0"/>
</pin_list>
<bind>
<opcode="add(8) " fcode="add"/>
<opset="add_ln76/1 "/>
</bind>
</comp>

<comp id="706" class="1004" name="select_ln76_fu_706">
<pin_list>
<pin id="707" dir="0" index="0" bw="1" slack="0"/>
<pin id="708" dir="0" index="1" bw="3" slack="0"/>
<pin id="709" dir="0" index="2" bw="1" slack="0"/>
<pin id="710" dir="1" index="3" bw="3" slack="0"/>
</pin_list>
<bind>
<opcode="select(49) " fcode="select"/>
<opset="select_ln76/1 "/>
</bind>
</comp>

<comp id="714" class="1004" name="select_ln76_1_fu_714">
<pin_list>
<pin id="715" dir="0" index="0" bw="1" slack="0"/>
<pin id="716" dir="0" index="1" bw="2" slack="0"/>
<pin id="717" dir="0" index="2" bw="2" slack="0"/>
<pin id="718" dir="1" index="3" bw="2" slack="0"/>
</pin_list>
<bind>
<opcode="select(49) " fcode="select"/>
<opset="select_ln76_1/1 "/>
</bind>
</comp>

<comp id="722" class="1004" name="zext_ln76_1_fu_722">
<pin_list>
<pin id="723" dir="0" index="0" bw="2" slack="0"/>
<pin id="724" dir="1" index="1" bw="6" slack="0"/>
</pin_list>
<bind>
<opcode="zext(34) " fcode="zext"/>
<opset="zext_ln76_1/1 "/>
</bind>
</comp>

<comp id="726" class="1004" name="zext_ln76_2_fu_726">
<pin_list>
<pin id="727" dir="0" index="0" bw="2" slack="0"/>
<pin id="728" dir="1" index="1" bw="5" slack="0"/>
</pin_list>
<bind>
<opcode="zext(34) " fcode="zext"/>
<opset="zext_ln76_2/1 "/>
</bind>
</comp>

<comp id="730" class="1004" name="zext_ln76_3_fu_730">
<pin_list>
<pin id="731" dir="0" index="0" bw="2" slack="0"/>
<pin id="732" dir="1" index="1" bw="4" slack="0"/>
</pin_list>
<bind>
<opcode="zext(34) " fcode="zext"/>
<opset="zext_ln76_3/1 "/>
</bind>
</comp>

<comp id="734" class="1004" name="p_mid173_fu_734">
<pin_list>
<pin id="735" dir="0" index="0" bw="2" slack="0"/>
<pin id="736" dir="0" index="1" bw="4" slack="0"/>
<pin id="737" dir="1" index="2" bw="4" slack="0"/>
</pin_list>
<bind>
<opcode="add(8) " fcode="add"/>
<opset="p_mid173/1 "/>
</bind>
</comp>

<comp id="740" class="1004" name="p_cast123_mid1_fu_740">
<pin_list>
<pin id="741" dir="0" index="0" bw="4" slack="0"/>
<pin id="742" dir="1" index="1" bw="5" slack="0"/>
</pin_list>
<bind>
<opcode="zext(34) " fcode="zext"/>
<opset="p_cast123_mid1/1 "/>
</bind>
</comp>

<comp id="744" class="1004" name="p_mid175_fu_744">
<pin_list>
<pin id="745" dir="0" index="0" bw="4" slack="0"/>
<pin id="746" dir="0" index="1" bw="1" slack="0"/>
<pin id="747" dir="1" index="2" bw="5" slack="0"/>
</pin_list>
<bind>
<opcode="add(8) " fcode="add"/>
<opset="p_mid175/1 "/>
</bind>
</comp>

<comp id="750" class="1004" name="cmp27_i_not_mid1_fu_750">
<pin_list>
<pin id="751" dir="0" index="0" bw="4" slack="0"/>
<pin id="752" dir="0" index="1" bw="1" slack="0"/>
<pin id="753" dir="1" index="2" bw="1" slack="0"/>
</pin_list>
<bind>
<opcode="icmp(45) " fcode="icmp"/>
<opset="cmp27_i_not_mid1/1 "/>
</bind>
</comp>

<comp id="756" class="1004" name="cmp29_i_not_mid1_fu_756">
<pin_list>
<pin id="757" dir="0" index="0" bw="5" slack="0"/>
<pin id="758" dir="0" index="1" bw="5" slack="0"/>
<pin id="759" dir="1" index="2" bw="1" slack="0"/>
</pin_list>
<bind>
<opcode="icmp(45) " fcode="icmp"/>
<opset="cmp29_i_not_mid1/1 "/>
</bind>
</comp>

<comp id="762" class="1004" name="tmp13_mid1_fu_762">
<pin_list>
<pin id="763" dir="0" index="0" bw="1" slack="0"/>
<pin id="764" dir="0" index="1" bw="1" slack="0"/>
<pin id="765" dir="1" index="2" bw="1" slack="0"/>
</pin_list>
<bind>
<opcode="or(24) " fcode="or"/>
<opset="tmp13_mid1/1 "/>
</bind>
</comp>

<comp id="768" class="1004" name="tmp14_mid1_fu_768">
<pin_list>
<pin id="769" dir="0" index="0" bw="1" slack="0"/>
<pin id="770" dir="0" index="1" bw="1" slack="0"/>
<pin id="771" dir="1" index="2" bw="1" slack="0"/>
</pin_list>
<bind>
<opcode="or(24) " fcode="or"/>
<opset="tmp14_mid1/1 "/>
</bind>
</comp>

<comp id="774" class="1004" name="brmerge78_mid1_fu_774">
<pin_list>
<pin id="775" dir="0" index="0" bw="1" slack="0"/>
<pin id="776" dir="0" index="1" bw="1" slack="0"/>
<pin id="777" dir="1" index="2" bw="1" slack="0"/>
</pin_list>
<bind>
<opcode="or(24) " fcode="or"/>
<opset="brmerge78_mid1/1 "/>
</bind>
</comp>

<comp id="780" class="1004" name="select_ln76_2_fu_780">
<pin_list>
<pin id="781" dir="0" index="0" bw="1" slack="0"/>
<pin id="782" dir="0" index="1" bw="1" slack="0"/>
<pin id="783" dir="0" index="2" bw="1" slack="0"/>
<pin id="784" dir="1" index="3" bw="1" slack="1"/>
</pin_list>
<bind>
<opcode="select(49) " fcode="select"/>
<opset="select_ln76_2/1 "/>
</bind>
</comp>

<comp id="788" class="1004" name="shl_ln83_mid1_fu_788">
<pin_list>
<pin id="789" dir="0" index="0" bw="8" slack="0"/>
<pin id="790" dir="0" index="1" bw="5" slack="0"/>
<pin id="791" dir="0" index="2" bw="1" slack="0"/>
<pin id="792" dir="1" index="3" bw="8" slack="0"/>
</pin_list>
<bind>
<opcode="bitconcatenate(1004) " fcode="bitconcatenate"/>
<opset="shl_ln83_mid1/1 "/>
</bind>
</comp>

<comp id="796" class="1004" name="sext_ln83_5_fu_796">
<pin_list>
<pin id="797" dir="0" index="0" bw="8" slack="0"/>
<pin id="798" dir="1" index="1" bw="13" slack="0"/>
</pin_list>
<bind>
<opcode="sext(35) " fcode="sext"/>
<opset="sext_ln83_5/1 "/>
</bind>
</comp>

<comp id="800" class="1004" name="add_ln83_3_fu_800">
<pin_list>
<pin id="801" dir="0" index="0" bw="8" slack="0"/>
<pin id="802" dir="0" index="1" bw="13" slack="0"/>
<pin id="803" dir="1" index="2" bw="13" slack="0"/>
</pin_list>
<bind>
<opcode="add(8) " fcode="add"/>
<opset="add_ln83_3/1 "/>
</bind>
</comp>

<comp id="806" class="1004" name="sext_ln83_6_fu_806">
<pin_list>
<pin id="807" dir="0" index="0" bw="13" slack="0"/>
<pin id="808" dir="1" index="1" bw="14" slack="0"/>
</pin_list>
<bind>
<opcode="sext(35) " fcode="sext"/>
<opset="sext_ln83_6/1 "/>
</bind>
</comp>

<comp id="810" class="1004" name="add_ln83_4_fu_810">
<pin_list>
<pin id="811" dir="0" index="0" bw="13" slack="0"/>
<pin id="812" dir="0" index="1" bw="12" slack="0"/>
<pin id="813" dir="1" index="2" bw="14" slack="0"/>
</pin_list>
<bind>
<opcode="add(8) " fcode="add"/>
<opset="add_ln83_4/1 "/>
</bind>
</comp>

<comp id="816" class="1004" name="trunc_ln83_fu_816">
<pin_list>
<pin id="817" dir="0" index="0" bw="3" slack="0"/>
<pin id="818" dir="1" index="1" bw="2" slack="0"/>
</pin_list>
<bind>
<opcode="trunc(33) " fcode="trunc"/>
<opset="trunc_ln83/1 "/>
</bind>
</comp>

<comp id="820" class="1004" name="shl_ln83_fu_820">
<pin_list>
<pin id="821" dir="0" index="0" bw="3" slack="0"/>
<pin id="822" dir="0" index="1" bw="1" slack="0"/>
<pin id="823" dir="1" index="2" bw="3" slack="0"/>
</pin_list>
<bind>
<opcode="shl(20) " fcode="shl"/>
<opset="shl_ln83/1 "/>
</bind>
</comp>

<comp id="826" class="1004" name="tmp_s_fu_826">
<pin_list>
<pin id="827" dir="0" index="0" bw="11" slack="0"/>
<pin id="828" dir="0" index="1" bw="14" slack="0"/>
<pin id="829" dir="0" index="2" bw="3" slack="0"/>
<pin id="830" dir="0" index="3" bw="5" slack="0"/>
<pin id="831" dir="1" index="4" bw="11" slack="0"/>
</pin_list>
<bind>
<opcode="partselect(1002) " fcode="partselect"/>
<opset="tmp_s/1 "/>
</bind>
</comp>

<comp id="836" class="1004" name="tmp_10_fu_836">
<pin_list>
<pin id="837" dir="0" index="0" bw="11" slack="0"/>
<pin id="838" dir="0" index="1" bw="14" slack="0"/>
<pin id="839" dir="0" index="2" bw="3" slack="0"/>
<pin id="840" dir="0" index="3" bw="5" slack="0"/>
<pin id="841" dir="1" index="4" bw="11" slack="0"/>
</pin_list>
<bind>
<opcode="partselect(1002) " fcode="partselect"/>
<opset="tmp_10/1 "/>
</bind>
</comp>

<comp id="846" class="1004" name="select_ln74_8_fu_846">
<pin_list>
<pin id="847" dir="0" index="0" bw="1" slack="0"/>
<pin id="848" dir="0" index="1" bw="11" slack="0"/>
<pin id="849" dir="0" index="2" bw="11" slack="0"/>
<pin id="850" dir="1" index="3" bw="11" slack="0"/>
</pin_list>
<bind>
<opcode="select(49) " fcode="select"/>
<opset="select_ln74_8/1 "/>
</bind>
</comp>

<comp id="854" class="1004" name="tmp_11_fu_854">
<pin_list>
<pin id="855" dir="0" index="0" bw="11" slack="0"/>
<pin id="856" dir="0" index="1" bw="14" slack="0"/>
<pin id="857" dir="0" index="2" bw="3" slack="0"/>
<pin id="858" dir="0" index="3" bw="5" slack="0"/>
<pin id="859" dir="1" index="4" bw="11" slack="0"/>
</pin_list>
<bind>
<opcode="partselect(1002) " fcode="partselect"/>
<opset="tmp_11/1 "/>
</bind>
</comp>

<comp id="864" class="1004" name="select_ln76_3_fu_864">
<pin_list>
<pin id="865" dir="0" index="0" bw="1" slack="0"/>
<pin id="866" dir="0" index="1" bw="11" slack="0"/>
<pin id="867" dir="0" index="2" bw="11" slack="0"/>
<pin id="868" dir="1" index="3" bw="11" slack="0"/>
</pin_list>
<bind>
<opcode="select(49) " fcode="select"/>
<opset="select_ln76_3/1 "/>
</bind>
</comp>

<comp id="872" class="1004" name="lshr_ln4_fu_872">
<pin_list>
<pin id="873" dir="0" index="0" bw="13" slack="0"/>
<pin id="874" dir="0" index="1" bw="11" slack="0"/>
<pin id="875" dir="0" index="2" bw="2" slack="0"/>
<pin id="876" dir="1" index="3" bw="13" slack="0"/>
</pin_list>
<bind>
<opcode="bitconcatenate(1004) " fcode="bitconcatenate"/>
<opset="lshr_ln4/1 "/>
</bind>
</comp>

<comp id="880" class="1004" name="zext_ln83_fu_880">
<pin_list>
<pin id="881" dir="0" index="0" bw="13" slack="0"/>
<pin id="882" dir="1" index="1" bw="64" slack="0"/>
</pin_list>
<bind>
<opcode="zext(34) " fcode="zext"/>
<opset="zext_ln83/1 "/>
</bind>
</comp>

<comp id="885" class="1004" name="add_ln84_7_fu_885">
<pin_list>
<pin id="886" dir="0" index="0" bw="5" slack="0"/>
<pin id="887" dir="0" index="1" bw="2" slack="0"/>
<pin id="888" dir="0" index="2" bw="3" slack="0"/>
<pin id="889" dir="1" index="3" bw="5" slack="0"/>
</pin_list>
<bind>
<opcode="bitconcatenate(1004) " fcode="bitconcatenate"/>
<opset="add_ln84_7/1 "/>
</bind>
</comp>

<comp id="893" class="1004" name="add_ln84_fu_893">
<pin_list>
<pin id="894" dir="0" index="0" bw="2" slack="0"/>
<pin id="895" dir="0" index="1" bw="5" slack="0"/>
<pin id="896" dir="1" index="2" bw="5" slack="0"/>
</pin_list>
<bind>
<opcode="add(8) " fcode="add"/>
<opset="add_ln84/1 "/>
</bind>
</comp>

<comp id="899" class="1004" name="zext_ln84_fu_899">
<pin_list>
<pin id="900" dir="0" index="0" bw="5" slack="0"/>
<pin id="901" dir="1" index="1" bw="9" slack="0"/>
</pin_list>
<bind>
<opcode="zext(34) " fcode="zext"/>
<opset="zext_ln84/1 "/>
</bind>
</comp>

<comp id="903" class="1004" name="add_ln84_1_fu_903">
<pin_list>
<pin id="904" dir="0" index="0" bw="5" slack="0"/>
<pin id="905" dir="0" index="1" bw="9" slack="0"/>
<pin id="906" dir="1" index="2" bw="9" slack="0"/>
</pin_list>
<bind>
<opcode="add(8) " fcode="add"/>
<opset="add_ln84_1/1 "/>
</bind>
</comp>

<comp id="909" class="1004" name="zext_ln1271_3_fu_909">
<pin_list>
<pin id="910" dir="0" index="0" bw="9" slack="0"/>
<pin id="911" dir="1" index="1" bw="64" slack="0"/>
</pin_list>
<bind>
<opcode="zext(34) " fcode="zext"/>
<opset="zext_ln1271_3/1 "/>
</bind>
</comp>

<comp id="914" class="1004" name="or_ln83_fu_914">
<pin_list>
<pin id="915" dir="0" index="0" bw="3" slack="0"/>
<pin id="916" dir="0" index="1" bw="3" slack="0"/>
<pin id="917" dir="1" index="2" bw="3" slack="0"/>
</pin_list>
<bind>
<opcode="or(24) " fcode="or"/>
<opset="or_ln83/1 "/>
</bind>
</comp>

<comp id="920" class="1004" name="tmp_12_fu_920">
<pin_list>
<pin id="921" dir="0" index="0" bw="2" slack="0"/>
<pin id="922" dir="0" index="1" bw="3" slack="0"/>
<pin id="923" dir="0" index="2" bw="1" slack="0"/>
<pin id="924" dir="0" index="3" bw="3" slack="0"/>
<pin id="925" dir="1" index="4" bw="2" slack="0"/>
</pin_list>
<bind>
<opcode="partselect(1002) " fcode="partselect"/>
<opset="tmp_12/1 "/>
</bind>
</comp>

<comp id="930" class="1004" name="lshr_ln83_1_fu_930">
<pin_list>
<pin id="931" dir="0" index="0" bw="13" slack="0"/>
<pin id="932" dir="0" index="1" bw="11" slack="0"/>
<pin id="933" dir="0" index="2" bw="2" slack="0"/>
<pin id="934" dir="1" index="3" bw="13" slack="0"/>
</pin_list>
<bind>
<opcode="bitconcatenate(1004) " fcode="bitconcatenate"/>
<opset="lshr_ln83_1/1 "/>
</bind>
</comp>

<comp id="938" class="1004" name="zext_ln83_1_fu_938">
<pin_list>
<pin id="939" dir="0" index="0" bw="13" slack="0"/>
<pin id="940" dir="1" index="1" bw="64" slack="0"/>
</pin_list>
<bind>
<opcode="zext(34) " fcode="zext"/>
<opset="zext_ln83_1/1 "/>
</bind>
</comp>

<comp id="943" class="1004" name="or_ln84_fu_943">
<pin_list>
<pin id="944" dir="0" index="0" bw="5" slack="0"/>
<pin id="945" dir="0" index="1" bw="5" slack="0"/>
<pin id="946" dir="1" index="2" bw="5" slack="0"/>
</pin_list>
<bind>
<opcode="or(24) " fcode="or"/>
<opset="or_ln84/1 "/>
</bind>
</comp>

<comp id="949" class="1004" name="or_ln1_fu_949">
<pin_list>
<pin id="950" dir="0" index="0" bw="6" slack="0"/>
<pin id="951" dir="0" index="1" bw="1" slack="0"/>
<pin id="952" dir="0" index="2" bw="5" slack="0"/>
<pin id="953" dir="1" index="3" bw="6" slack="0"/>
</pin_list>
<bind>
<opcode="bitconcatenate(1004) " fcode="bitconcatenate"/>
<opset="or_ln1/1 "/>
</bind>
</comp>

<comp id="957" class="1004" name="add_ln84_2_fu_957">
<pin_list>
<pin id="958" dir="0" index="0" bw="6" slack="0"/>
<pin id="959" dir="0" index="1" bw="2" slack="0"/>
<pin id="960" dir="1" index="2" bw="6" slack="0"/>
</pin_list>
<bind>
<opcode="add(8) " fcode="add"/>
<opset="add_ln84_2/1 "/>
</bind>
</comp>

<comp id="963" class="1004" name="zext_ln84_1_fu_963">
<pin_list>
<pin id="964" dir="0" index="0" bw="6" slack="0"/>
<pin id="965" dir="1" index="1" bw="9" slack="0"/>
</pin_list>
<bind>
<opcode="zext(34) " fcode="zext"/>
<opset="zext_ln84_1/1 "/>
</bind>
</comp>

<comp id="967" class="1004" name="add_ln84_3_fu_967">
<pin_list>
<pin id="968" dir="0" index="0" bw="6" slack="0"/>
<pin id="969" dir="0" index="1" bw="9" slack="0"/>
<pin id="970" dir="1" index="2" bw="9" slack="1"/>
</pin_list>
<bind>
<opcode="add(8) " fcode="add"/>
<opset="add_ln84_3/1 "/>
</bind>
</comp>

<comp id="973" class="1004" name="add_ln78_fu_973">
<pin_list>
<pin id="974" dir="0" index="0" bw="3" slack="0"/>
<pin id="975" dir="0" index="1" bw="3" slack="0"/>
<pin id="976" dir="1" index="2" bw="3" slack="0"/>
</pin_list>
<bind>
<opcode="add(8) " fcode="add"/>
<opset="add_ln78/1 "/>
</bind>
</comp>

<comp id="979" class="1004" name="add_ln76_1_fu_979">
<pin_list>
<pin id="980" dir="0" index="0" bw="4" slack="0"/>
<pin id="981" dir="0" index="1" bw="1" slack="0"/>
<pin id="982" dir="1" index="2" bw="4" slack="0"/>
</pin_list>
<bind>
<opcode="add(8) " fcode="add"/>
<opset="add_ln76_1/1 "/>
</bind>
</comp>

<comp id="985" class="1004" name="select_ln76_4_fu_985">
<pin_list>
<pin id="986" dir="0" index="0" bw="1" slack="0"/>
<pin id="987" dir="0" index="1" bw="1" slack="0"/>
<pin id="988" dir="0" index="2" bw="4" slack="0"/>
<pin id="989" dir="1" index="3" bw="4" slack="0"/>
</pin_list>
<bind>
<opcode="select(49) " fcode="select"/>
<opset="select_ln76_4/1 "/>
</bind>
</comp>

<comp id="993" class="1004" name="store_ln78_store_fu_993">
<pin_list>
<pin id="994" dir="0" index="0" bw="5" slack="0"/>
<pin id="995" dir="0" index="1" bw="5" slack="0"/>
<pin id="996" dir="1" index="2" bw="0" slack="2147483647"/>
</pin_list>
<bind>
<opcode="store(28) " fcode="store"/>
<opset="store_ln78/1 "/>
</bind>
</comp>

<comp id="998" class="1004" name="store_ln78_store_fu_998">
<pin_list>
<pin id="999" dir="0" index="0" bw="2" slack="0"/>
<pin id="1000" dir="0" index="1" bw="2" slack="0"/>
<pin id="1001" dir="1" index="2" bw="0" slack="2147483647"/>
</pin_list>
<bind>
<opcode="store(28) " fcode="store"/>
<opset="store_ln78/1 "/>
</bind>
</comp>

<comp id="1003" class="1004" name="store_ln78_store_fu_1003">
<pin_list>
<pin id="1004" dir="0" index="0" bw="4" slack="0"/>
<pin id="1005" dir="0" index="1" bw="4" slack="0"/>
<pin id="1006" dir="1" index="2" bw="0" slack="2147483647"/>
</pin_list>
<bind>
<opcode="store(28) " fcode="store"/>
<opset="store_ln78/1 "/>
</bind>
</comp>

<comp id="1008" class="1004" name="store_ln78_store_fu_1008">
<pin_list>
<pin id="1009" dir="0" index="0" bw="2" slack="0"/>
<pin id="1010" dir="0" index="1" bw="2" slack="0"/>
<pin id="1011" dir="1" index="2" bw="0" slack="2147483647"/>
</pin_list>
<bind>
<opcode="store(28) " fcode="store"/>
<opset="store_ln78/1 "/>
</bind>
</comp>

<comp id="1013" class="1004" name="store_ln78_store_fu_1013">
<pin_list>
<pin id="1014" dir="0" index="0" bw="3" slack="0"/>
<pin id="1015" dir="0" index="1" bw="3" slack="0"/>
<pin id="1016" dir="1" index="2" bw="0" slack="2147483647"/>
</pin_list>
<bind>
<opcode="store(28) " fcode="store"/>
<opset="store_ln78/1 "/>
</bind>
</comp>

<comp id="1018" class="1004" name="val_V_20_fu_1018">
<pin_list>
<pin id="1019" dir="0" index="0" bw="1" slack="1"/>
<pin id="1020" dir="0" index="1" bw="1" slack="0"/>
<pin id="1021" dir="0" index="2" bw="16" slack="0"/>
<pin id="1022" dir="1" index="3" bw="16" slack="0"/>
</pin_list>
<bind>
<opcode="select(49) " fcode="select"/>
<opset="val_V_20/2 "/>
</bind>
</comp>

<comp id="1025" class="1004" name="sext_ln1347_fu_1025">
<pin_list>
<pin id="1026" dir="0" index="0" bw="16" slack="0"/>
<pin id="1027" dir="1" index="1" bw="26" slack="0"/>
</pin_list>
<bind>
<opcode="sext(35) " fcode="sext"/>
<opset="sext_ln1347/2 "/>
</bind>
</comp>

<comp id="1029" class="1004" name="sext_ln1347_1_fu_1029">
<pin_list>
<pin id="1030" dir="0" index="0" bw="11" slack="0"/>
<pin id="1031" dir="1" index="1" bw="26" slack="0"/>
</pin_list>
<bind>
<opcode="sext(35) " fcode="sext"/>
<opset="sext_ln1347_1/2 "/>
</bind>
</comp>

<comp id="1033" class="1004" name="val_V_21_fu_1033">
<pin_list>
<pin id="1034" dir="0" index="0" bw="1" slack="1"/>
<pin id="1035" dir="0" index="1" bw="1" slack="0"/>
<pin id="1036" dir="0" index="2" bw="16" slack="0"/>
<pin id="1037" dir="1" index="3" bw="16" slack="1"/>
</pin_list>
<bind>
<opcode="select(49) " fcode="select"/>
<opset="val_V_21/2 "/>
</bind>
</comp>

<comp id="1040" class="1004" name="zext_ln1271_fu_1040">
<pin_list>
<pin id="1041" dir="0" index="0" bw="9" slack="1"/>
<pin id="1042" dir="1" index="1" bw="64" slack="0"/>
</pin_list>
<bind>
<opcode="zext(34) " fcode="zext"/>
<opset="zext_ln1271/2 "/>
</bind>
</comp>

<comp id="1044" class="1004" name="sext_ln1347_2_fu_1044">
<pin_list>
<pin id="1045" dir="0" index="0" bw="16" slack="1"/>
<pin id="1046" dir="1" index="1" bw="26" slack="0"/>
</pin_list>
<bind>
<opcode="sext(35) " fcode="sext"/>
<opset="sext_ln1347_2/3 "/>
</bind>
</comp>

<comp id="1047" class="1004" name="sext_ln1347_3_fu_1047">
<pin_list>
<pin id="1048" dir="0" index="0" bw="11" slack="0"/>
<pin id="1049" dir="1" index="1" bw="26" slack="0"/>
</pin_list>
<bind>
<opcode="sext(35) " fcode="sext"/>
<opset="sext_ln1347_3/3 "/>
</bind>
</comp>

<comp id="1051" class="1004" name="lhs_load_4_load_fu_1051">
<pin_list>
<pin id="1052" dir="0" index="0" bw="16" slack="3"/>
<pin id="1053" dir="1" index="1" bw="16" slack="0"/>
</pin_list>
<bind>
<opcode="load(27) " fcode="load"/>
<opset="lhs_load_4/4 "/>
</bind>
</comp>

<comp id="1054" class="1004" name="lhs_5_fu_1054">
<pin_list>
<pin id="1055" dir="0" index="0" bw="26" slack="0"/>
<pin id="1056" dir="0" index="1" bw="16" slack="0"/>
<pin id="1057" dir="0" index="2" bw="1" slack="0"/>
<pin id="1058" dir="1" index="3" bw="26" slack="0"/>
</pin_list>
<bind>
<opcode="bitconcatenate(1004) " fcode="bitconcatenate"/>
<opset="lhs_5/4 "/>
</bind>
</comp>

<comp id="1062" class="1004" name="tmp_13_fu_1062">
<pin_list>
<pin id="1063" dir="0" index="0" bw="16" slack="0"/>
<pin id="1064" dir="0" index="1" bw="26" slack="0"/>
<pin id="1065" dir="0" index="2" bw="5" slack="0"/>
<pin id="1066" dir="0" index="3" bw="6" slack="0"/>
<pin id="1067" dir="1" index="4" bw="16" slack="0"/>
</pin_list>
<bind>
<opcode="partselect(1002) " fcode="partselect"/>
<opset="tmp_13/5 "/>
</bind>
</comp>

<comp id="1071" class="1004" name="lhs_6_fu_1071">
<pin_list>
<pin id="1072" dir="0" index="0" bw="26" slack="0"/>
<pin id="1073" dir="0" index="1" bw="16" slack="0"/>
<pin id="1074" dir="0" index="2" bw="1" slack="0"/>
<pin id="1075" dir="1" index="3" bw="26" slack="0"/>
</pin_list>
<bind>
<opcode="bitconcatenate(1004) " fcode="bitconcatenate"/>
<opset="lhs_6/5 "/>
</bind>
</comp>

<comp id="1079" class="1004" name="s_V_fu_1079">
<pin_list>
<pin id="1080" dir="0" index="0" bw="16" slack="0"/>
<pin id="1081" dir="0" index="1" bw="26" slack="0"/>
<pin id="1082" dir="0" index="2" bw="5" slack="0"/>
<pin id="1083" dir="0" index="3" bw="6" slack="0"/>
<pin id="1084" dir="1" index="4" bw="16" slack="0"/>
</pin_list>
<bind>
<opcode="partselect(1002) " fcode="partselect"/>
<opset="s_V/6 "/>
</bind>
</comp>

<comp id="1088" class="1004" name="store_ln78_store_fu_1088">
<pin_list>
<pin id="1089" dir="0" index="0" bw="16" slack="0"/>
<pin id="1090" dir="0" index="1" bw="16" slack="5"/>
<pin id="1091" dir="1" index="2" bw="0" slack="2147483647"/>
</pin_list>
<bind>
<opcode="store(28) " fcode="store"/>
<opset="store_ln78/6 "/>
</bind>
</comp>

<comp id="1093" class="1004" name="lhs_load_load_fu_1093">
<pin_list>
<pin id="1094" dir="0" index="0" bw="16" slack="3"/>
<pin id="1095" dir="1" index="1" bw="16" slack="0"/>
</pin_list>
<bind>
<opcode="load(27) " fcode="load"/>
<opset="lhs_load/4 "/>
</bind>
</comp>

<comp id="1097" class="1007" name="grp_fu_1097">
<pin_list>
<pin id="1098" dir="0" index="0" bw="11" slack="0"/>
<pin id="1099" dir="0" index="1" bw="16" slack="0"/>
<pin id="1100" dir="0" index="2" bw="26" slack="0"/>
<pin id="1101" dir="1" index="3" bw="26" slack="0"/>
</pin_list>
<bind>
<opcode="muladd(1172) " fcode="muladd"/>
<opset="mul_ln1347/2 ret_V/4 "/>
</bind>
</comp>

<comp id="1106" class="1007" name="grp_fu_1106">
<pin_list>
<pin id="1107" dir="0" index="0" bw="11" slack="0"/>
<pin id="1108" dir="0" index="1" bw="16" slack="0"/>
<pin id="1109" dir="0" index="2" bw="26" slack="0"/>
<pin id="1110" dir="1" index="3" bw="26" slack="0"/>
</pin_list>
<bind>
<opcode="muladd(1172) " fcode="muladd"/>
<opset="mul_ln1347_1/3 ret_V_4/5 "/>
</bind>
</comp>

<comp id="1115" class="1005" name="lhs_reg_1115">
<pin_list>
<pin id="1116" dir="0" index="0" bw="16" slack="0"/>
<pin id="1117" dir="1" index="1" bw="16" slack="0"/>
</pin_list>
<bind>
<opset="lhs "/>
</bind>
</comp>

<comp id="1123" class="1005" name="k_reg_1123">
<pin_list>
<pin id="1124" dir="0" index="0" bw="3" slack="0"/>
<pin id="1125" dir="1" index="1" bw="3" slack="0"/>
</pin_list>
<bind>
<opset="k "/>
</bind>
</comp>

<comp id="1130" class="1005" name="j_1_reg_1130">
<pin_list>
<pin id="1131" dir="0" index="0" bw="2" slack="0"/>
<pin id="1132" dir="1" index="1" bw="2" slack="0"/>
</pin_list>
<bind>
<opset="j_1 "/>
</bind>
</comp>

<comp id="1137" class="1005" name="indvar_flatten77_reg_1137">
<pin_list>
<pin id="1138" dir="0" index="0" bw="4" slack="0"/>
<pin id="1139" dir="1" index="1" bw="4" slack="0"/>
</pin_list>
<bind>
<opset="indvar_flatten77 "/>
</bind>
</comp>

<comp id="1144" class="1005" name="i_1_reg_1144">
<pin_list>
<pin id="1145" dir="0" index="0" bw="2" slack="0"/>
<pin id="1146" dir="1" index="1" bw="2" slack="0"/>
</pin_list>
<bind>
<opset="i_1 "/>
</bind>
</comp>

<comp id="1151" class="1005" name="indvar_flatten137_reg_1151">
<pin_list>
<pin id="1152" dir="0" index="0" bw="5" slack="0"/>
<pin id="1153" dir="1" index="1" bw="5" slack="0"/>
</pin_list>
<bind>
<opset="indvar_flatten137 "/>
</bind>
</comp>

<comp id="1158" class="1005" name="icmp_ln74_reg_1158">
<pin_list>
<pin id="1159" dir="0" index="0" bw="1" slack="1"/>
<pin id="1160" dir="1" index="1" bw="1" slack="2147483647"/>
</pin_list>
<bind>
<opset="icmp_ln74 "/>
</bind>
</comp>

<comp id="1162" class="1005" name="select_ln76_2_reg_1162">
<pin_list>
<pin id="1163" dir="0" index="0" bw="1" slack="1"/>
<pin id="1164" dir="1" index="1" bw="1" slack="1"/>
</pin_list>
<bind>
<opset="select_ln76_2 "/>
</bind>
</comp>

<comp id="1168" class="1005" name="d_addr_reg_1168">
<pin_list>
<pin id="1169" dir="0" index="0" bw="14" slack="1"/>
<pin id="1170" dir="1" index="1" bw="14" slack="1"/>
</pin_list>
<bind>
<opset="d_addr "/>
</bind>
</comp>

<comp id="1173" class="1005" name="conv2_kernel_V_addr_reg_1173">
<pin_list>
<pin id="1174" dir="0" index="0" bw="9" slack="1"/>
<pin id="1175" dir="1" index="1" bw="9" slack="1"/>
</pin_list>
<bind>
<opset="conv2_kernel_V_addr "/>
</bind>
</comp>

<comp id="1178" class="1005" name="d_addr_3_reg_1178">
<pin_list>
<pin id="1179" dir="0" index="0" bw="14" slack="1"/>
<pin id="1180" dir="1" index="1" bw="14" slack="1"/>
</pin_list>
<bind>
<opset="d_addr_3 "/>
</bind>
</comp>

<comp id="1183" class="1005" name="add_ln84_3_reg_1183">
<pin_list>
<pin id="1184" dir="0" index="0" bw="9" slack="1"/>
<pin id="1185" dir="1" index="1" bw="9" slack="1"/>
</pin_list>
<bind>
<opset="add_ln84_3 "/>
</bind>
</comp>

<comp id="1188" class="1005" name="sext_ln1347_reg_1188">
<pin_list>
<pin id="1189" dir="0" index="0" bw="26" slack="1"/>
<pin id="1190" dir="1" index="1" bw="26" slack="1"/>
</pin_list>
<bind>
<opset="sext_ln1347 "/>
</bind>
</comp>

<comp id="1193" class="1005" name="sext_ln1347_1_reg_1193">
<pin_list>
<pin id="1194" dir="0" index="0" bw="26" slack="1"/>
<pin id="1195" dir="1" index="1" bw="26" slack="1"/>
</pin_list>
<bind>
<opset="sext_ln1347_1 "/>
</bind>
</comp>

<comp id="1198" class="1005" name="val_V_21_reg_1198">
<pin_list>
<pin id="1199" dir="0" index="0" bw="16" slack="1"/>
<pin id="1200" dir="1" index="1" bw="16" slack="1"/>
</pin_list>
<bind>
<opset="val_V_21 "/>
</bind>
</comp>

<comp id="1203" class="1005" name="conv2_kernel_V_addr_1_reg_1203">
<pin_list>
<pin id="1204" dir="0" index="0" bw="9" slack="1"/>
<pin id="1205" dir="1" index="1" bw="9" slack="1"/>
</pin_list>
<bind>
<opset="conv2_kernel_V_addr_1 "/>
</bind>
</comp>

<comp id="1208" class="1005" name="sext_ln1347_2_reg_1208">
<pin_list>
<pin id="1209" dir="0" index="0" bw="26" slack="1"/>
<pin id="1210" dir="1" index="1" bw="26" slack="1"/>
</pin_list>
<bind>
<opset="sext_ln1347_2 "/>
</bind>
</comp>

<comp id="1213" class="1005" name="sext_ln1347_3_reg_1213">
<pin_list>
<pin id="1214" dir="0" index="0" bw="26" slack="1"/>
<pin id="1215" dir="1" index="1" bw="26" slack="1"/>
</pin_list>
<bind>
<opset="sext_ln1347_3 "/>
</bind>
</comp>

<comp id="1218" class="1005" name="lhs_5_reg_1218">
<pin_list>
<pin id="1219" dir="0" index="0" bw="26" slack="1"/>
<pin id="1220" dir="1" index="1" bw="26" slack="1"/>
</pin_list>
<bind>
<opset="lhs_5 "/>
</bind>
</comp>

<comp id="1223" class="1005" name="lhs_6_reg_1223">
<pin_list>
<pin id="1224" dir="0" index="0" bw="26" slack="1"/>
<pin id="1225" dir="1" index="1" bw="26" slack="1"/>
</pin_list>
<bind>
<opset="lhs_6 "/>
</bind>
</comp>

</comp_list>

<net_list>
<net id="135"><net_src comp="20" pin="0"/><net_sink comp="132" pin=0"/></net>

<net id="139"><net_src comp="20" pin="0"/><net_sink comp="136" pin=0"/></net>

<net id="143"><net_src comp="20" pin="0"/><net_sink comp="140" pin=0"/></net>

<net id="147"><net_src comp="20" pin="0"/><net_sink comp="144" pin=0"/></net>

<net id="151"><net_src comp="20" pin="0"/><net_sink comp="148" pin=0"/></net>

<net id="155"><net_src comp="20" pin="0"/><net_sink comp="152" pin=0"/></net>

<net id="160"><net_src comp="24" pin="0"/><net_sink comp="156" pin=0"/></net>

<net id="161"><net_src comp="12" pin="0"/><net_sink comp="156" pin=1"/></net>

<net id="166"><net_src comp="26" pin="0"/><net_sink comp="162" pin=0"/></net>

<net id="167"><net_src comp="10" pin="0"/><net_sink comp="162" pin=1"/></net>

<net id="172"><net_src comp="26" pin="0"/><net_sink comp="168" pin=0"/></net>

<net id="173"><net_src comp="8" pin="0"/><net_sink comp="168" pin=1"/></net>

<net id="178"><net_src comp="28" pin="0"/><net_sink comp="174" pin=0"/></net>

<net id="179"><net_src comp="6" pin="0"/><net_sink comp="174" pin=1"/></net>

<net id="184"><net_src comp="30" pin="0"/><net_sink comp="180" pin=0"/></net>

<net id="185"><net_src comp="4" pin="0"/><net_sink comp="180" pin=1"/></net>

<net id="190"><net_src comp="30" pin="0"/><net_sink comp="186" pin=0"/></net>

<net id="191"><net_src comp="2" pin="0"/><net_sink comp="186" pin=1"/></net>

<net id="196"><net_src comp="32" pin="0"/><net_sink comp="192" pin=0"/></net>

<net id="197"><net_src comp="0" pin="0"/><net_sink comp="192" pin=1"/></net>

<net id="203"><net_src comp="130" pin="0"/><net_sink comp="198" pin=0"/></net>

<net id="204"><net_src comp="16" pin="0"/><net_sink comp="198" pin=1"/></net>

<net id="210"><net_src comp="14" pin="0"/><net_sink comp="205" pin=0"/></net>

<net id="211"><net_src comp="90" pin="0"/><net_sink comp="205" pin=1"/></net>

<net id="221"><net_src comp="205" pin="3"/><net_sink comp="212" pin=2"/></net>

<net id="227"><net_src comp="18" pin="0"/><net_sink comp="222" pin=0"/></net>

<net id="228"><net_src comp="90" pin="0"/><net_sink comp="222" pin=1"/></net>

<net id="234"><net_src comp="222" pin="3"/><net_sink comp="229" pin=0"/></net>

<net id="240"><net_src comp="14" pin="0"/><net_sink comp="235" pin=0"/></net>

<net id="241"><net_src comp="90" pin="0"/><net_sink comp="235" pin=1"/></net>

<net id="242"><net_src comp="235" pin="3"/><net_sink comp="212" pin=0"/></net>

<net id="248"><net_src comp="18" pin="0"/><net_sink comp="243" pin=0"/></net>

<net id="249"><net_src comp="90" pin="0"/><net_sink comp="243" pin=1"/></net>

<net id="250"><net_src comp="243" pin="3"/><net_sink comp="229" pin=0"/></net>

<net id="254"><net_src comp="156" pin="2"/><net_sink comp="251" pin=0"/></net>

<net id="258"><net_src comp="174" pin="2"/><net_sink comp="255" pin=0"/></net>

<net id="262"><net_src comp="192" pin="2"/><net_sink comp="259" pin=0"/></net>

<net id="267"><net_src comp="34" pin="0"/><net_sink comp="263" pin=0"/></net>

<net id="272"><net_src comp="36" pin="0"/><net_sink comp="268" pin=0"/></net>

<net id="277"><net_src comp="38" pin="0"/><net_sink comp="273" pin=0"/></net>

<net id="282"><net_src comp="36" pin="0"/><net_sink comp="278" pin=0"/></net>

<net id="287"><net_src comp="40" pin="0"/><net_sink comp="283" pin=0"/></net>

<net id="292"><net_src comp="259" pin="1"/><net_sink comp="288" pin=0"/></net>

<net id="305"><net_src comp="296" pin="1"/><net_sink comp="302" pin=0"/></net>

<net id="309"><net_src comp="296" pin="1"/><net_sink comp="306" pin=0"/></net>

<net id="314"><net_src comp="306" pin="1"/><net_sink comp="310" pin=0"/></net>

<net id="315"><net_src comp="186" pin="2"/><net_sink comp="310" pin=1"/></net>

<net id="319"><net_src comp="310" pin="2"/><net_sink comp="316" pin=0"/></net>

<net id="324"><net_src comp="316" pin="1"/><net_sink comp="320" pin=0"/></net>

<net id="325"><net_src comp="42" pin="0"/><net_sink comp="320" pin=1"/></net>

<net id="331"><net_src comp="44" pin="0"/><net_sink comp="326" pin=0"/></net>

<net id="332"><net_src comp="296" pin="1"/><net_sink comp="326" pin=1"/></net>

<net id="333"><net_src comp="36" pin="0"/><net_sink comp="326" pin=2"/></net>

<net id="337"><net_src comp="326" pin="3"/><net_sink comp="334" pin=0"/></net>

<net id="342"><net_src comp="334" pin="1"/><net_sink comp="338" pin=0"/></net>

<net id="343"><net_src comp="302" pin="1"/><net_sink comp="338" pin=1"/></net>

<net id="348"><net_src comp="310" pin="2"/><net_sink comp="344" pin=0"/></net>

<net id="349"><net_src comp="38" pin="0"/><net_sink comp="344" pin=1"/></net>

<net id="354"><net_src comp="320" pin="2"/><net_sink comp="350" pin=0"/></net>

<net id="355"><net_src comp="46" pin="0"/><net_sink comp="350" pin=1"/></net>

<net id="361"><net_src comp="48" pin="0"/><net_sink comp="356" pin=0"/></net>

<net id="362"><net_src comp="320" pin="2"/><net_sink comp="356" pin=1"/></net>

<net id="363"><net_src comp="50" pin="0"/><net_sink comp="356" pin=2"/></net>

<net id="369"><net_src comp="52" pin="0"/><net_sink comp="364" pin=0"/></net>

<net id="370"><net_src comp="320" pin="2"/><net_sink comp="364" pin=1"/></net>

<net id="371"><net_src comp="38" pin="0"/><net_sink comp="364" pin=2"/></net>

<net id="375"><net_src comp="364" pin="3"/><net_sink comp="372" pin=0"/></net>

<net id="380"><net_src comp="356" pin="3"/><net_sink comp="376" pin=0"/></net>

<net id="381"><net_src comp="372" pin="1"/><net_sink comp="376" pin=1"/></net>

<net id="385"><net_src comp="376" pin="2"/><net_sink comp="382" pin=0"/></net>

<net id="389"><net_src comp="293" pin="1"/><net_sink comp="386" pin=0"/></net>

<net id="394"><net_src comp="386" pin="1"/><net_sink comp="390" pin=0"/></net>

<net id="395"><net_src comp="180" pin="2"/><net_sink comp="390" pin=1"/></net>

<net id="399"><net_src comp="390" pin="2"/><net_sink comp="396" pin=0"/></net>

<net id="404"><net_src comp="396" pin="1"/><net_sink comp="400" pin=0"/></net>

<net id="405"><net_src comp="42" pin="0"/><net_sink comp="400" pin=1"/></net>

<net id="410"><net_src comp="390" pin="2"/><net_sink comp="406" pin=0"/></net>

<net id="411"><net_src comp="38" pin="0"/><net_sink comp="406" pin=1"/></net>

<net id="416"><net_src comp="400" pin="2"/><net_sink comp="412" pin=0"/></net>

<net id="417"><net_src comp="46" pin="0"/><net_sink comp="412" pin=1"/></net>

<net id="422"><net_src comp="350" pin="2"/><net_sink comp="418" pin=0"/></net>

<net id="423"><net_src comp="406" pin="2"/><net_sink comp="418" pin=1"/></net>

<net id="428"><net_src comp="344" pin="2"/><net_sink comp="424" pin=0"/></net>

<net id="429"><net_src comp="412" pin="2"/><net_sink comp="424" pin=1"/></net>

<net id="434"><net_src comp="424" pin="2"/><net_sink comp="430" pin=0"/></net>

<net id="435"><net_src comp="418" pin="2"/><net_sink comp="430" pin=1"/></net>

<net id="441"><net_src comp="54" pin="0"/><net_sink comp="436" pin=0"/></net>

<net id="442"><net_src comp="400" pin="2"/><net_sink comp="436" pin=1"/></net>

<net id="443"><net_src comp="40" pin="0"/><net_sink comp="436" pin=2"/></net>

<net id="447"><net_src comp="436" pin="3"/><net_sink comp="444" pin=0"/></net>

<net id="452"><net_src comp="444" pin="1"/><net_sink comp="448" pin=0"/></net>

<net id="453"><net_src comp="56" pin="0"/><net_sink comp="448" pin=1"/></net>

<net id="457"><net_src comp="448" pin="2"/><net_sink comp="454" pin=0"/></net>

<net id="462"><net_src comp="454" pin="1"/><net_sink comp="458" pin=0"/></net>

<net id="463"><net_src comp="382" pin="1"/><net_sink comp="458" pin=1"/></net>

<net id="468"><net_src comp="299" pin="1"/><net_sink comp="464" pin=0"/></net>

<net id="469"><net_src comp="66" pin="0"/><net_sink comp="464" pin=1"/></net>

<net id="474"><net_src comp="299" pin="1"/><net_sink comp="470" pin=0"/></net>

<net id="475"><net_src comp="68" pin="0"/><net_sink comp="470" pin=1"/></net>

<net id="486"><net_src comp="296" pin="1"/><net_sink comp="482" pin=0"/></net>

<net id="487"><net_src comp="70" pin="0"/><net_sink comp="482" pin=1"/></net>

<net id="492"><net_src comp="479" pin="1"/><net_sink comp="488" pin=0"/></net>

<net id="493"><net_src comp="72" pin="0"/><net_sink comp="488" pin=1"/></net>

<net id="499"><net_src comp="488" pin="2"/><net_sink comp="494" pin=0"/></net>

<net id="500"><net_src comp="36" pin="0"/><net_sink comp="494" pin=1"/></net>

<net id="501"><net_src comp="293" pin="1"/><net_sink comp="494" pin=2"/></net>

<net id="507"><net_src comp="488" pin="2"/><net_sink comp="502" pin=0"/></net>

<net id="508"><net_src comp="40" pin="0"/><net_sink comp="502" pin=1"/></net>

<net id="509"><net_src comp="476" pin="1"/><net_sink comp="502" pin=2"/></net>

<net id="513"><net_src comp="482" pin="2"/><net_sink comp="510" pin=0"/></net>

<net id="517"><net_src comp="482" pin="2"/><net_sink comp="514" pin=0"/></net>

<net id="522"><net_src comp="514" pin="1"/><net_sink comp="518" pin=0"/></net>

<net id="523"><net_src comp="186" pin="2"/><net_sink comp="518" pin=1"/></net>

<net id="527"><net_src comp="518" pin="2"/><net_sink comp="524" pin=0"/></net>

<net id="532"><net_src comp="524" pin="1"/><net_sink comp="528" pin=0"/></net>

<net id="533"><net_src comp="42" pin="0"/><net_sink comp="528" pin=1"/></net>

<net id="539"><net_src comp="44" pin="0"/><net_sink comp="534" pin=0"/></net>

<net id="540"><net_src comp="482" pin="2"/><net_sink comp="534" pin=1"/></net>

<net id="541"><net_src comp="36" pin="0"/><net_sink comp="534" pin=2"/></net>

<net id="545"><net_src comp="534" pin="3"/><net_sink comp="542" pin=0"/></net>

<net id="550"><net_src comp="542" pin="1"/><net_sink comp="546" pin=0"/></net>

<net id="551"><net_src comp="510" pin="1"/><net_sink comp="546" pin=1"/></net>

<net id="556"><net_src comp="518" pin="2"/><net_sink comp="552" pin=0"/></net>

<net id="557"><net_src comp="38" pin="0"/><net_sink comp="552" pin=1"/></net>

<net id="563"><net_src comp="488" pin="2"/><net_sink comp="558" pin=0"/></net>

<net id="564"><net_src comp="552" pin="2"/><net_sink comp="558" pin=1"/></net>

<net id="565"><net_src comp="344" pin="2"/><net_sink comp="558" pin=2"/></net>

<net id="570"><net_src comp="528" pin="2"/><net_sink comp="566" pin=0"/></net>

<net id="571"><net_src comp="46" pin="0"/><net_sink comp="566" pin=1"/></net>

<net id="577"><net_src comp="488" pin="2"/><net_sink comp="572" pin=0"/></net>

<net id="578"><net_src comp="566" pin="2"/><net_sink comp="572" pin=1"/></net>

<net id="579"><net_src comp="350" pin="2"/><net_sink comp="572" pin=2"/></net>

<net id="585"><net_src comp="48" pin="0"/><net_sink comp="580" pin=0"/></net>

<net id="586"><net_src comp="528" pin="2"/><net_sink comp="580" pin=1"/></net>

<net id="587"><net_src comp="50" pin="0"/><net_sink comp="580" pin=2"/></net>

<net id="593"><net_src comp="52" pin="0"/><net_sink comp="588" pin=0"/></net>

<net id="594"><net_src comp="528" pin="2"/><net_sink comp="588" pin=1"/></net>

<net id="595"><net_src comp="38" pin="0"/><net_sink comp="588" pin=2"/></net>

<net id="599"><net_src comp="588" pin="3"/><net_sink comp="596" pin=0"/></net>

<net id="604"><net_src comp="580" pin="3"/><net_sink comp="600" pin=0"/></net>

<net id="605"><net_src comp="596" pin="1"/><net_sink comp="600" pin=1"/></net>

<net id="609"><net_src comp="600" pin="2"/><net_sink comp="606" pin=0"/></net>

<net id="615"><net_src comp="488" pin="2"/><net_sink comp="610" pin=0"/></net>

<net id="616"><net_src comp="600" pin="2"/><net_sink comp="610" pin=1"/></net>

<net id="617"><net_src comp="376" pin="2"/><net_sink comp="610" pin=2"/></net>

<net id="621"><net_src comp="610" pin="3"/><net_sink comp="618" pin=0"/></net>

<net id="627"><net_src comp="488" pin="2"/><net_sink comp="622" pin=0"/></net>

<net id="628"><net_src comp="546" pin="2"/><net_sink comp="622" pin=1"/></net>

<net id="629"><net_src comp="338" pin="2"/><net_sink comp="622" pin=2"/></net>

<net id="633"><net_src comp="622" pin="3"/><net_sink comp="630" pin=0"/></net>

<net id="638"><net_src comp="630" pin="1"/><net_sink comp="634" pin=0"/></net>

<net id="639"><net_src comp="255" pin="1"/><net_sink comp="634" pin=1"/></net>

<net id="644"><net_src comp="566" pin="2"/><net_sink comp="640" pin=0"/></net>

<net id="645"><net_src comp="168" pin="2"/><net_sink comp="640" pin=1"/></net>

<net id="650"><net_src comp="552" pin="2"/><net_sink comp="646" pin=0"/></net>

<net id="651"><net_src comp="162" pin="2"/><net_sink comp="646" pin=1"/></net>

<net id="656"><net_src comp="646" pin="2"/><net_sink comp="652" pin=0"/></net>

<net id="657"><net_src comp="640" pin="2"/><net_sink comp="652" pin=1"/></net>

<net id="663"><net_src comp="488" pin="2"/><net_sink comp="658" pin=0"/></net>

<net id="664"><net_src comp="652" pin="2"/><net_sink comp="658" pin=1"/></net>

<net id="665"><net_src comp="430" pin="2"/><net_sink comp="658" pin=2"/></net>

<net id="670"><net_src comp="251" pin="1"/><net_sink comp="666" pin=0"/></net>

<net id="671"><net_src comp="606" pin="1"/><net_sink comp="666" pin=1"/></net>

<net id="677"><net_src comp="74" pin="0"/><net_sink comp="672" pin=0"/></net>

<net id="678"><net_src comp="476" pin="1"/><net_sink comp="672" pin=1"/></net>

<net id="679"><net_src comp="76" pin="0"/><net_sink comp="672" pin=2"/></net>

<net id="684"><net_src comp="672" pin="3"/><net_sink comp="680" pin=0"/></net>

<net id="685"><net_src comp="78" pin="0"/><net_sink comp="680" pin=1"/></net>

<net id="690"><net_src comp="488" pin="2"/><net_sink comp="686" pin=0"/></net>

<net id="691"><net_src comp="680" pin="2"/><net_sink comp="686" pin=1"/></net>

<net id="697"><net_src comp="488" pin="2"/><net_sink comp="692" pin=0"/></net>

<net id="698"><net_src comp="482" pin="2"/><net_sink comp="692" pin=1"/></net>

<net id="699"><net_src comp="296" pin="1"/><net_sink comp="692" pin=2"/></net>

<net id="704"><net_src comp="494" pin="3"/><net_sink comp="700" pin=0"/></net>

<net id="705"><net_src comp="70" pin="0"/><net_sink comp="700" pin=1"/></net>

<net id="711"><net_src comp="686" pin="2"/><net_sink comp="706" pin=0"/></net>

<net id="712"><net_src comp="502" pin="3"/><net_sink comp="706" pin=1"/></net>

<net id="713"><net_src comp="40" pin="0"/><net_sink comp="706" pin=2"/></net>

<net id="719"><net_src comp="686" pin="2"/><net_sink comp="714" pin=0"/></net>

<net id="720"><net_src comp="494" pin="3"/><net_sink comp="714" pin=1"/></net>

<net id="721"><net_src comp="700" pin="2"/><net_sink comp="714" pin=2"/></net>

<net id="725"><net_src comp="714" pin="3"/><net_sink comp="722" pin=0"/></net>

<net id="729"><net_src comp="714" pin="3"/><net_sink comp="726" pin=0"/></net>

<net id="733"><net_src comp="700" pin="2"/><net_sink comp="730" pin=0"/></net>

<net id="738"><net_src comp="730" pin="1"/><net_sink comp="734" pin=0"/></net>

<net id="739"><net_src comp="180" pin="2"/><net_sink comp="734" pin=1"/></net>

<net id="743"><net_src comp="734" pin="2"/><net_sink comp="740" pin=0"/></net>

<net id="748"><net_src comp="740" pin="1"/><net_sink comp="744" pin=0"/></net>

<net id="749"><net_src comp="42" pin="0"/><net_sink comp="744" pin=1"/></net>

<net id="754"><net_src comp="734" pin="2"/><net_sink comp="750" pin=0"/></net>

<net id="755"><net_src comp="38" pin="0"/><net_sink comp="750" pin=1"/></net>

<net id="760"><net_src comp="744" pin="2"/><net_sink comp="756" pin=0"/></net>

<net id="761"><net_src comp="46" pin="0"/><net_sink comp="756" pin=1"/></net>

<net id="766"><net_src comp="572" pin="3"/><net_sink comp="762" pin=0"/></net>

<net id="767"><net_src comp="750" pin="2"/><net_sink comp="762" pin=1"/></net>

<net id="772"><net_src comp="558" pin="3"/><net_sink comp="768" pin=0"/></net>

<net id="773"><net_src comp="756" pin="2"/><net_sink comp="768" pin=1"/></net>

<net id="778"><net_src comp="768" pin="2"/><net_sink comp="774" pin=0"/></net>

<net id="779"><net_src comp="762" pin="2"/><net_sink comp="774" pin=1"/></net>

<net id="785"><net_src comp="686" pin="2"/><net_sink comp="780" pin=0"/></net>

<net id="786"><net_src comp="658" pin="3"/><net_sink comp="780" pin=1"/></net>

<net id="787"><net_src comp="774" pin="2"/><net_sink comp="780" pin=2"/></net>

<net id="793"><net_src comp="54" pin="0"/><net_sink comp="788" pin=0"/></net>

<net id="794"><net_src comp="744" pin="2"/><net_sink comp="788" pin=1"/></net>

<net id="795"><net_src comp="40" pin="0"/><net_sink comp="788" pin=2"/></net>

<net id="799"><net_src comp="788" pin="3"/><net_sink comp="796" pin=0"/></net>

<net id="804"><net_src comp="796" pin="1"/><net_sink comp="800" pin=0"/></net>

<net id="805"><net_src comp="56" pin="0"/><net_sink comp="800" pin=1"/></net>

<net id="809"><net_src comp="800" pin="2"/><net_sink comp="806" pin=0"/></net>

<net id="814"><net_src comp="806" pin="1"/><net_sink comp="810" pin=0"/></net>

<net id="815"><net_src comp="618" pin="1"/><net_sink comp="810" pin=1"/></net>

<net id="819"><net_src comp="706" pin="3"/><net_sink comp="816" pin=0"/></net>

<net id="824"><net_src comp="706" pin="3"/><net_sink comp="820" pin=0"/></net>

<net id="825"><net_src comp="80" pin="0"/><net_sink comp="820" pin=1"/></net>

<net id="832"><net_src comp="82" pin="0"/><net_sink comp="826" pin=0"/></net>

<net id="833"><net_src comp="666" pin="2"/><net_sink comp="826" pin=1"/></net>

<net id="834"><net_src comp="84" pin="0"/><net_sink comp="826" pin=2"/></net>

<net id="835"><net_src comp="86" pin="0"/><net_sink comp="826" pin=3"/></net>

<net id="842"><net_src comp="82" pin="0"/><net_sink comp="836" pin=0"/></net>

<net id="843"><net_src comp="458" pin="2"/><net_sink comp="836" pin=1"/></net>

<net id="844"><net_src comp="84" pin="0"/><net_sink comp="836" pin=2"/></net>

<net id="845"><net_src comp="86" pin="0"/><net_sink comp="836" pin=3"/></net>

<net id="851"><net_src comp="488" pin="2"/><net_sink comp="846" pin=0"/></net>

<net id="852"><net_src comp="826" pin="4"/><net_sink comp="846" pin=1"/></net>

<net id="853"><net_src comp="836" pin="4"/><net_sink comp="846" pin=2"/></net>

<net id="860"><net_src comp="82" pin="0"/><net_sink comp="854" pin=0"/></net>

<net id="861"><net_src comp="810" pin="2"/><net_sink comp="854" pin=1"/></net>

<net id="862"><net_src comp="84" pin="0"/><net_sink comp="854" pin=2"/></net>

<net id="863"><net_src comp="86" pin="0"/><net_sink comp="854" pin=3"/></net>

<net id="869"><net_src comp="686" pin="2"/><net_sink comp="864" pin=0"/></net>

<net id="870"><net_src comp="846" pin="3"/><net_sink comp="864" pin=1"/></net>

<net id="871"><net_src comp="854" pin="4"/><net_sink comp="864" pin=2"/></net>

<net id="877"><net_src comp="88" pin="0"/><net_sink comp="872" pin=0"/></net>

<net id="878"><net_src comp="864" pin="3"/><net_sink comp="872" pin=1"/></net>

<net id="879"><net_src comp="816" pin="1"/><net_sink comp="872" pin=2"/></net>

<net id="883"><net_src comp="872" pin="3"/><net_sink comp="880" pin=0"/></net>

<net id="884"><net_src comp="880" pin="1"/><net_sink comp="205" pin=2"/></net>

<net id="890"><net_src comp="92" pin="0"/><net_sink comp="885" pin=0"/></net>

<net id="891"><net_src comp="816" pin="1"/><net_sink comp="885" pin=1"/></net>

<net id="892"><net_src comp="706" pin="3"/><net_sink comp="885" pin=2"/></net>

<net id="897"><net_src comp="726" pin="1"/><net_sink comp="893" pin=0"/></net>

<net id="898"><net_src comp="885" pin="3"/><net_sink comp="893" pin=1"/></net>

<net id="902"><net_src comp="893" pin="2"/><net_sink comp="899" pin=0"/></net>

<net id="907"><net_src comp="899" pin="1"/><net_sink comp="903" pin=0"/></net>

<net id="908"><net_src comp="634" pin="2"/><net_sink comp="903" pin=1"/></net>

<net id="912"><net_src comp="903" pin="2"/><net_sink comp="909" pin=0"/></net>

<net id="913"><net_src comp="909" pin="1"/><net_sink comp="222" pin=2"/></net>

<net id="918"><net_src comp="820" pin="2"/><net_sink comp="914" pin=0"/></net>

<net id="919"><net_src comp="94" pin="0"/><net_sink comp="914" pin=1"/></net>

<net id="926"><net_src comp="96" pin="0"/><net_sink comp="920" pin=0"/></net>

<net id="927"><net_src comp="914" pin="2"/><net_sink comp="920" pin=1"/></net>

<net id="928"><net_src comp="20" pin="0"/><net_sink comp="920" pin=2"/></net>

<net id="929"><net_src comp="76" pin="0"/><net_sink comp="920" pin=3"/></net>

<net id="935"><net_src comp="88" pin="0"/><net_sink comp="930" pin=0"/></net>

<net id="936"><net_src comp="864" pin="3"/><net_sink comp="930" pin=1"/></net>

<net id="937"><net_src comp="920" pin="4"/><net_sink comp="930" pin=2"/></net>

<net id="941"><net_src comp="930" pin="3"/><net_sink comp="938" pin=0"/></net>

<net id="942"><net_src comp="938" pin="1"/><net_sink comp="235" pin=2"/></net>

<net id="947"><net_src comp="885" pin="3"/><net_sink comp="943" pin=0"/></net>

<net id="948"><net_src comp="98" pin="0"/><net_sink comp="943" pin=1"/></net>

<net id="954"><net_src comp="100" pin="0"/><net_sink comp="949" pin=0"/></net>

<net id="955"><net_src comp="102" pin="0"/><net_sink comp="949" pin=1"/></net>

<net id="956"><net_src comp="943" pin="2"/><net_sink comp="949" pin=2"/></net>

<net id="961"><net_src comp="949" pin="3"/><net_sink comp="957" pin=0"/></net>

<net id="962"><net_src comp="722" pin="1"/><net_sink comp="957" pin=1"/></net>

<net id="966"><net_src comp="957" pin="2"/><net_sink comp="963" pin=0"/></net>

<net id="971"><net_src comp="963" pin="1"/><net_sink comp="967" pin=0"/></net>

<net id="972"><net_src comp="634" pin="2"/><net_sink comp="967" pin=1"/></net>

<net id="977"><net_src comp="706" pin="3"/><net_sink comp="973" pin=0"/></net>

<net id="978"><net_src comp="94" pin="0"/><net_sink comp="973" pin=1"/></net>

<net id="983"><net_src comp="479" pin="1"/><net_sink comp="979" pin=0"/></net>

<net id="984"><net_src comp="104" pin="0"/><net_sink comp="979" pin=1"/></net>

<net id="990"><net_src comp="488" pin="2"/><net_sink comp="985" pin=0"/></net>

<net id="991"><net_src comp="104" pin="0"/><net_sink comp="985" pin=1"/></net>

<net id="992"><net_src comp="979" pin="2"/><net_sink comp="985" pin=2"/></net>

<net id="997"><net_src comp="470" pin="2"/><net_sink comp="993" pin=0"/></net>

<net id="1002"><net_src comp="692" pin="3"/><net_sink comp="998" pin=0"/></net>

<net id="1007"><net_src comp="985" pin="3"/><net_sink comp="1003" pin=0"/></net>

<net id="1012"><net_src comp="714" pin="3"/><net_sink comp="1008" pin=0"/></net>

<net id="1017"><net_src comp="973" pin="2"/><net_sink comp="1013" pin=0"/></net>

<net id="1023"><net_src comp="106" pin="0"/><net_sink comp="1018" pin=1"/></net>

<net id="1024"><net_src comp="212" pin="7"/><net_sink comp="1018" pin=2"/></net>

<net id="1028"><net_src comp="1018" pin="3"/><net_sink comp="1025" pin=0"/></net>

<net id="1032"><net_src comp="229" pin="3"/><net_sink comp="1029" pin=0"/></net>

<net id="1038"><net_src comp="106" pin="0"/><net_sink comp="1033" pin=1"/></net>

<net id="1039"><net_src comp="212" pin="3"/><net_sink comp="1033" pin=2"/></net>

<net id="1043"><net_src comp="1040" pin="1"/><net_sink comp="243" pin=2"/></net>

<net id="1050"><net_src comp="229" pin="3"/><net_sink comp="1047" pin=0"/></net>

<net id="1059"><net_src comp="108" pin="0"/><net_sink comp="1054" pin=0"/></net>

<net id="1060"><net_src comp="1051" pin="1"/><net_sink comp="1054" pin=1"/></net>

<net id="1061"><net_src comp="110" pin="0"/><net_sink comp="1054" pin=2"/></net>

<net id="1068"><net_src comp="112" pin="0"/><net_sink comp="1062" pin=0"/></net>

<net id="1069"><net_src comp="114" pin="0"/><net_sink comp="1062" pin=2"/></net>

<net id="1070"><net_src comp="116" pin="0"/><net_sink comp="1062" pin=3"/></net>

<net id="1076"><net_src comp="108" pin="0"/><net_sink comp="1071" pin=0"/></net>

<net id="1077"><net_src comp="1062" pin="4"/><net_sink comp="1071" pin=1"/></net>

<net id="1078"><net_src comp="110" pin="0"/><net_sink comp="1071" pin=2"/></net>

<net id="1085"><net_src comp="112" pin="0"/><net_sink comp="1079" pin=0"/></net>

<net id="1086"><net_src comp="114" pin="0"/><net_sink comp="1079" pin=2"/></net>

<net id="1087"><net_src comp="116" pin="0"/><net_sink comp="1079" pin=3"/></net>

<net id="1092"><net_src comp="1079" pin="4"/><net_sink comp="1088" pin=0"/></net>

<net id="1096"><net_src comp="1093" pin="1"/><net_sink comp="198" pin=2"/></net>

<net id="1102"><net_src comp="1029" pin="1"/><net_sink comp="1097" pin=0"/></net>

<net id="1103"><net_src comp="1025" pin="1"/><net_sink comp="1097" pin=1"/></net>

<net id="1104"><net_src comp="1054" pin="3"/><net_sink comp="1097" pin=2"/></net>

<net id="1105"><net_src comp="1097" pin="3"/><net_sink comp="1062" pin=1"/></net>

<net id="1111"><net_src comp="1047" pin="1"/><net_sink comp="1106" pin=0"/></net>

<net id="1112"><net_src comp="1044" pin="1"/><net_sink comp="1106" pin=1"/></net>

<net id="1113"><net_src comp="1071" pin="3"/><net_sink comp="1106" pin=2"/></net>

<net id="1114"><net_src comp="1106" pin="3"/><net_sink comp="1079" pin=1"/></net>

<net id="1118"><net_src comp="132" pin="1"/><net_sink comp="1115" pin=0"/></net>

<net id="1119"><net_src comp="1115" pin="1"/><net_sink comp="288" pin=1"/></net>

<net id="1120"><net_src comp="1115" pin="1"/><net_sink comp="1051" pin=0"/></net>

<net id="1121"><net_src comp="1115" pin="1"/><net_sink comp="1088" pin=1"/></net>

<net id="1122"><net_src comp="1115" pin="1"/><net_sink comp="1093" pin=0"/></net>

<net id="1126"><net_src comp="136" pin="1"/><net_sink comp="1123" pin=0"/></net>

<net id="1127"><net_src comp="1123" pin="1"/><net_sink comp="283" pin=1"/></net>

<net id="1128"><net_src comp="1123" pin="1"/><net_sink comp="476" pin=0"/></net>

<net id="1129"><net_src comp="1123" pin="1"/><net_sink comp="1013" pin=1"/></net>

<net id="1133"><net_src comp="140" pin="1"/><net_sink comp="1130" pin=0"/></net>

<net id="1134"><net_src comp="1130" pin="1"/><net_sink comp="278" pin=1"/></net>

<net id="1135"><net_src comp="1130" pin="1"/><net_sink comp="293" pin=0"/></net>

<net id="1136"><net_src comp="1130" pin="1"/><net_sink comp="1008" pin=1"/></net>

<net id="1140"><net_src comp="144" pin="1"/><net_sink comp="1137" pin=0"/></net>

<net id="1141"><net_src comp="1137" pin="1"/><net_sink comp="273" pin=1"/></net>

<net id="1142"><net_src comp="1137" pin="1"/><net_sink comp="479" pin=0"/></net>

<net id="1143"><net_src comp="1137" pin="1"/><net_sink comp="1003" pin=1"/></net>

<net id="1147"><net_src comp="148" pin="1"/><net_sink comp="1144" pin=0"/></net>

<net id="1148"><net_src comp="1144" pin="1"/><net_sink comp="268" pin=1"/></net>

<net id="1149"><net_src comp="1144" pin="1"/><net_sink comp="296" pin=0"/></net>

<net id="1150"><net_src comp="1144" pin="1"/><net_sink comp="998" pin=1"/></net>

<net id="1154"><net_src comp="152" pin="1"/><net_sink comp="1151" pin=0"/></net>

<net id="1155"><net_src comp="1151" pin="1"/><net_sink comp="263" pin=1"/></net>

<net id="1156"><net_src comp="1151" pin="1"/><net_sink comp="299" pin=0"/></net>

<net id="1157"><net_src comp="1151" pin="1"/><net_sink comp="993" pin=1"/></net>

<net id="1161"><net_src comp="464" pin="2"/><net_sink comp="1158" pin=0"/></net>

<net id="1165"><net_src comp="780" pin="3"/><net_sink comp="1162" pin=0"/></net>

<net id="1166"><net_src comp="1162" pin="1"/><net_sink comp="1018" pin=0"/></net>

<net id="1167"><net_src comp="1162" pin="1"/><net_sink comp="1033" pin=0"/></net>

<net id="1171"><net_src comp="205" pin="3"/><net_sink comp="1168" pin=0"/></net>

<net id="1172"><net_src comp="1168" pin="1"/><net_sink comp="212" pin=2"/></net>

<net id="1176"><net_src comp="222" pin="3"/><net_sink comp="1173" pin=0"/></net>

<net id="1177"><net_src comp="1173" pin="1"/><net_sink comp="229" pin=0"/></net>

<net id="1181"><net_src comp="235" pin="3"/><net_sink comp="1178" pin=0"/></net>

<net id="1182"><net_src comp="1178" pin="1"/><net_sink comp="212" pin=0"/></net>

<net id="1186"><net_src comp="967" pin="2"/><net_sink comp="1183" pin=0"/></net>

<net id="1187"><net_src comp="1183" pin="1"/><net_sink comp="1040" pin=0"/></net>

<net id="1191"><net_src comp="1025" pin="1"/><net_sink comp="1188" pin=0"/></net>

<net id="1192"><net_src comp="1188" pin="1"/><net_sink comp="1097" pin=1"/></net>

<net id="1196"><net_src comp="1029" pin="1"/><net_sink comp="1193" pin=0"/></net>

<net id="1197"><net_src comp="1193" pin="1"/><net_sink comp="1097" pin=0"/></net>

<net id="1201"><net_src comp="1033" pin="3"/><net_sink comp="1198" pin=0"/></net>

<net id="1202"><net_src comp="1198" pin="1"/><net_sink comp="1044" pin=0"/></net>

<net id="1206"><net_src comp="243" pin="3"/><net_sink comp="1203" pin=0"/></net>

<net id="1207"><net_src comp="1203" pin="1"/><net_sink comp="229" pin=0"/></net>

<net id="1211"><net_src comp="1044" pin="1"/><net_sink comp="1208" pin=0"/></net>

<net id="1212"><net_src comp="1208" pin="1"/><net_sink comp="1106" pin=1"/></net>

<net id="1216"><net_src comp="1047" pin="1"/><net_sink comp="1213" pin=0"/></net>

<net id="1217"><net_src comp="1213" pin="1"/><net_sink comp="1106" pin=0"/></net>

<net id="1221"><net_src comp="1054" pin="3"/><net_sink comp="1218" pin=0"/></net>

<net id="1222"><net_src comp="1218" pin="1"/><net_sink comp="1097" pin=0"/></net>

<net id="1226"><net_src comp="1071" pin="3"/><net_sink comp="1223" pin=0"/></net>

<net id="1227"><net_src comp="1223" pin="1"/><net_sink comp="1106" pin=0"/></net>

</net_list>

</model> 
---------------- Datapath Model END ------------------

* FSMD analyzer results:
  - Output states:
	Port: s_V_15_out | {4 }
 - Input state : 
	Port: inference_Pipeline_loop_kh_2_loop_kw_2_loop_ic_2 : sext_ln66 | {1 }
	Port: inference_Pipeline_loop_kh_2_loop_kw_2_loop_ic_2 : select_ln68_2 | {1 }
	Port: inference_Pipeline_loop_kh_2_loop_kw_2_loop_ic_2 : select_ln68 | {1 }
	Port: inference_Pipeline_loop_kh_2_loop_kw_2_loop_ic_2 : zext_ln66 | {1 }
	Port: inference_Pipeline_loop_kh_2_loop_kw_2_loop_ic_2 : cmp27_i_not_mid1115 | {1 }
	Port: inference_Pipeline_loop_kh_2_loop_kw_2_loop_ic_2 : cmp29_i_not_mid1117 | {1 }
	Port: inference_Pipeline_loop_kh_2_loop_kw_2_loop_ic_2 : sext_ln83_4 | {1 }
	Port: inference_Pipeline_loop_kh_2_loop_kw_2_loop_ic_2 : d | {1 2 }
	Port: inference_Pipeline_loop_kh_2_loop_kw_2_loop_ic_2 : conv2_kernel_V | {1 2 3 }
  - Chain level:
	State 1
		store_ln0 : 1
		store_ln0 : 1
		store_ln0 : 1
		store_ln0 : 1
		store_ln0 : 1
		store_ln0 : 1
		j : 1
		i : 1
		indvar_flatten137_load : 1
		zext_ln74 : 2
		zext_ln74_1 : 2
		empty : 3
		p_cast82 : 4
		empty_74 : 5
		p_shl : 2
		p_shl14_cast : 3
		empty_75 : 4
		cmp24_i_not : 4
		cmp25_i228_not : 6
		shl_ln83_1 : 6
		shl_ln83_2 : 6
		sext_ln83 : 7
		sub_ln83 : 8
		sext_ln76 : 9
		zext_ln76 : 2
		empty_76 : 3
		p_cast123 : 4
		empty_77 : 5
		cmp27_i_not : 4
		cmp29_i_not : 6
		tmp13 : 7
		tmp14 : 7
		brmerge78 : 7
		shl_ln2 : 6
		sext_ln83_1 : 7
		add_ln83 : 8
		sext_ln83_2 : 9
		add_ln83_1 : 10
		icmp_ln74 : 2
		add_ln74_2 : 2
		br_ln74 : 3
		k_load : 1
		indvar_flatten77_load : 1
		add_ln74 : 2
		icmp_ln76 : 2
		select_ln74 : 3
		select_ln74_1 : 3
		zext_ln74_2 : 3
		zext_ln74_3 : 3
		p_mid195 : 4
		p_cast82_mid1 : 5
		p_mid197 : 6
		p_shl14_mid1 : 3
		p_shl14_cast_mid1 : 4
		p_mid199 : 5
		cmp24_i_not_mid1 : 5
		select_ln74_2 : 6
		cmp25_i228_not_mid1 : 7
		select_ln74_3 : 8
		shl_ln83_1_mid1 : 7
		shl_ln83_2_mid1 : 7
		sext_ln83_3 : 8
		sub_ln83_1 : 9
		sext_ln76_1 : 10
		select_ln74_4 : 10
		sext_ln74 : 11
		select_ln74_5 : 6
		sext_ln74_1 : 7
		add_ln74_1 : 8
		tmp13_mid1119 : 8
		tmp14_mid1121 : 6
		brmerge78_mid1123 : 8
		select_ln74_6 : 8
		add_ln83_2 : 11
		tmp : 2
		xor_ln78 : 3
		or_ln74 : 3
		select_ln74_7 : 3
		add_ln76 : 4
		select_ln76 : 3
		select_ln76_1 : 5
		zext_ln76_1 : 6
		zext_ln76_2 : 6
		zext_ln76_3 : 5
		p_mid173 : 6
		p_cast123_mid1 : 7
		p_mid175 : 8
		cmp27_i_not_mid1 : 7
		cmp29_i_not_mid1 : 9
		tmp13_mid1 : 9
		tmp14_mid1 : 10
		brmerge78_mid1 : 10
		select_ln76_2 : 10
		shl_ln83_mid1 : 9
		sext_ln83_5 : 10
		add_ln83_3 : 11
		sext_ln83_6 : 12
		add_ln83_4 : 13
		trunc_ln83 : 4
		shl_ln83 : 4
		tmp_s : 12
		tmp_10 : 11
		select_ln74_8 : 13
		tmp_11 : 14
		select_ln76_3 : 15
		lshr_ln4 : 16
		zext_ln83 : 17
		d_addr : 18
		val_V : 19
		add_ln84_7 : 5
		add_ln84 : 6
		zext_ln84 : 7
		add_ln84_1 : 8
		zext_ln1271_3 : 9
		conv2_kernel_V_addr : 10
		conv2_kernel_V_load : 11
		or_ln83 : 4
		tmp_12 : 4
		lshr_ln83_1 : 16
		zext_ln83_1 : 17
		d_addr_3 : 18
		val_V_18 : 19
		or_ln84 : 6
		or_ln1 : 6
		add_ln84_2 : 7
		zext_ln84_1 : 8
		add_ln84_3 : 9
		add_ln78 : 4
		add_ln76_1 : 2
		select_ln76_4 : 3
		store_ln78 : 3
		store_ln78 : 4
		store_ln78 : 4
		store_ln78 : 6
		store_ln78 : 5
	State 2
		val_V_20 : 1
		sext_ln1347 : 2
		sext_ln1347_1 : 1
		mul_ln1347 : 3
		val_V_21 : 1
		conv2_kernel_V_addr_1 : 1
		conv2_kernel_V_load_1 : 2
	State 3
		sext_ln1347_3 : 1
		mul_ln1347_1 : 2
	State 4
		lhs_5 : 1
		ret_V : 2
		write_ln0 : 1
	State 5
		tmp_13 : 1
		lhs_6 : 2
		ret_V_4 : 3
	State 6
		s_V : 1
		store_ln78 : 2


============================================================
+ Verbose Summary: Datapath Resource usage 
============================================================

* Functional unit list:
|----------|--------------------------------------|---------|---------|---------|
| Operation|            Functional Unit           |   DSP   |    FF   |   LUT   |
|----------|--------------------------------------|---------|---------|---------|
|          |             empty_fu_310             |    0    |    0    |    12   |
|          |            empty_74_fu_320           |    0    |    0    |    12   |
|          |            empty_76_fu_390           |    0    |    0    |    12   |
|          |            empty_77_fu_400           |    0    |    0    |    12   |
|          |            add_ln83_fu_448           |    0    |    0    |    20   |
|          |           add_ln83_1_fu_458          |    0    |    0    |    20   |
|          |           add_ln74_2_fu_470          |    0    |    0    |    12   |
|          |            add_ln74_fu_482           |    0    |    0    |    9    |
|          |            p_mid195_fu_518           |    0    |    0    |    12   |
|          |            p_mid197_fu_528           |    0    |    0    |    12   |
|          |           add_ln74_1_fu_634          |    0    |    0    |    15   |
|    add   |           add_ln83_2_fu_666          |    0    |    0    |    20   |
|          |            add_ln76_fu_700           |    0    |    0    |    9    |
|          |            p_mid173_fu_734           |    0    |    0    |    12   |
|          |            p_mid175_fu_744           |    0    |    0    |    12   |
|          |           add_ln83_3_fu_800          |    0    |    0    |    20   |
|          |           add_ln83_4_fu_810          |    0    |    0    |    20   |
|          |            add_ln84_fu_893           |    0    |    0    |    12   |
|          |           add_ln84_1_fu_903          |    0    |    0    |    16   |
|          |           add_ln84_2_fu_957          |    0    |    0    |    13   |
|          |           add_ln84_3_fu_967          |    0    |    0    |    16   |
|          |            add_ln78_fu_973           |    0    |    0    |    10   |
|          |           add_ln76_1_fu_979          |    0    |    0    |    12   |
|----------|--------------------------------------|---------|---------|---------|
|          |          select_ln74_fu_494          |    0    |    0    |    2    |
|          |         select_ln74_1_fu_502         |    0    |    0    |    3    |
|          |         select_ln74_2_fu_558         |    0    |    0    |    2    |
|          |         select_ln74_3_fu_572         |    0    |    0    |    2    |
|          |         select_ln74_4_fu_610         |    0    |    0    |    11   |
|          |         select_ln74_5_fu_622         |    0    |    0    |    5    |
|          |         select_ln74_6_fu_658         |    0    |    0    |    2    |
|  select  |         select_ln74_7_fu_692         |    0    |    0    |    2    |
|          |          select_ln76_fu_706          |    0    |    0    |    3    |
|          |         select_ln76_1_fu_714         |    0    |    0    |    2    |
|          |         select_ln76_2_fu_780         |    0    |    0    |    2    |
|          |         select_ln74_8_fu_846         |    0    |    0    |    10   |
|          |         select_ln76_3_fu_864         |    0    |    0    |    10   |
|          |         select_ln76_4_fu_985         |    0    |    0    |    4    |
|          |           val_V_20_fu_1018           |    0    |    0    |    16   |
|          |           val_V_21_fu_1033           |    0    |    0    |    16   |
|----------|--------------------------------------|---------|---------|---------|
|          |          cmp24_i_not_fu_344          |    0    |    0    |    9    |
|          |         cmp25_i228_not_fu_350        |    0    |    0    |    9    |
|          |          cmp27_i_not_fu_406          |    0    |    0    |    9    |
|          |          cmp29_i_not_fu_412          |    0    |    0    |    9    |
|   icmp   |           icmp_ln74_fu_464           |    0    |    0    |    9    |
|          |           icmp_ln76_fu_488           |    0    |    0    |    9    |
|          |        cmp24_i_not_mid1_fu_552       |    0    |    0    |    9    |
|          |      cmp25_i228_not_mid1_fu_566      |    0    |    0    |    9    |
|          |        cmp27_i_not_mid1_fu_750       |    0    |    0    |    9    |
|          |        cmp29_i_not_mid1_fu_756       |    0    |    0    |    9    |
|----------|--------------------------------------|---------|---------|---------|
|          |            empty_75_fu_338           |    0    |    0    |    12   |
|    sub   |            sub_ln83_fu_376           |    0    |    0    |    19   |
|          |            p_mid199_fu_546           |    0    |    0    |    12   |
|          |           sub_ln83_1_fu_600          |    0    |    0    |    19   |
|----------|--------------------------------------|---------|---------|---------|
|          |             tmp13_fu_418             |    0    |    0    |    2    |
|          |             tmp14_fu_424             |    0    |    0    |    2    |
|          |           brmerge78_fu_430           |    0    |    0    |    2    |
|          |         tmp13_mid1119_fu_640         |    0    |    0    |    2    |
|          |         tmp14_mid1121_fu_646         |    0    |    0    |    2    |
|    or    |       brmerge78_mid1123_fu_652       |    0    |    0    |    2    |
|          |            or_ln74_fu_686            |    0    |    0    |    2    |
|          |           tmp13_mid1_fu_762          |    0    |    0    |    2    |
|          |           tmp14_mid1_fu_768          |    0    |    0    |    2    |
|          |         brmerge78_mid1_fu_774        |    0    |    0    |    2    |
|          |            or_ln83_fu_914            |    0    |    0    |    0    |
|          |            or_ln84_fu_943            |    0    |    0    |    0    |
|----------|--------------------------------------|---------|---------|---------|
|    xor   |            xor_ln78_fu_680           |    0    |    0    |    2    |
|----------|--------------------------------------|---------|---------|---------|
|  muladd  |              grp_fu_1097             |    1    |    0    |    0    |
|          |              grp_fu_1106             |    1    |    0    |    0    |
|----------|--------------------------------------|---------|---------|---------|
|          |     sext_ln83_4_read_read_fu_156     |    0    |    0    |    0    |
|          | cmp29_i_not_mid1117_read_read_fu_162 |    0    |    0    |    0    |
|          | cmp27_i_not_mid1115_read_read_fu_168 |    0    |    0    |    0    |
|   read   |      zext_ln66_read_read_fu_174      |    0    |    0    |    0    |
|          |     select_ln68_read_read_fu_180     |    0    |    0    |    0    |
|          |    select_ln68_2_read_read_fu_186    |    0    |    0    |    0    |
|          |      sext_ln66_read_read_fu_192      |    0    |    0    |    0    |
|----------|--------------------------------------|---------|---------|---------|
|   write  |        write_ln0_write_fu_198        |    0    |    0    |    0    |
|----------|--------------------------------------|---------|---------|---------|
|          |        sext_ln83_4_cast_fu_251       |    0    |    0    |    0    |
|          |         sext_ln66_cast_fu_259        |    0    |    0    |    0    |
|          |           sext_ln83_fu_372           |    0    |    0    |    0    |
|          |           sext_ln76_fu_382           |    0    |    0    |    0    |
|          |          sext_ln83_1_fu_444          |    0    |    0    |    0    |
|          |          sext_ln83_2_fu_454          |    0    |    0    |    0    |
|          |          sext_ln83_3_fu_596          |    0    |    0    |    0    |
|   sext   |          sext_ln76_1_fu_606          |    0    |    0    |    0    |
|          |           sext_ln74_fu_618           |    0    |    0    |    0    |
|          |          sext_ln74_1_fu_630          |    0    |    0    |    0    |
|          |          sext_ln83_5_fu_796          |    0    |    0    |    0    |
|          |          sext_ln83_6_fu_806          |    0    |    0    |    0    |
|          |          sext_ln1347_fu_1025         |    0    |    0    |    0    |
|          |         sext_ln1347_1_fu_1029        |    0    |    0    |    0    |
|          |         sext_ln1347_2_fu_1044        |    0    |    0    |    0    |
|          |         sext_ln1347_3_fu_1047        |    0    |    0    |    0    |
|----------|--------------------------------------|---------|---------|---------|
|          |         zext_ln66_cast_fu_255        |    0    |    0    |    0    |
|          |           zext_ln74_fu_302           |    0    |    0    |    0    |
|          |          zext_ln74_1_fu_306          |    0    |    0    |    0    |
|          |            p_cast82_fu_316           |    0    |    0    |    0    |
|          |          p_shl14_cast_fu_334         |    0    |    0    |    0    |
|          |           zext_ln76_fu_386           |    0    |    0    |    0    |
|          |           p_cast123_fu_396           |    0    |    0    |    0    |
|          |          zext_ln74_2_fu_510          |    0    |    0    |    0    |
|          |          zext_ln74_3_fu_514          |    0    |    0    |    0    |
|          |         p_cast82_mid1_fu_524         |    0    |    0    |    0    |
|   zext   |       p_shl14_cast_mid1_fu_542       |    0    |    0    |    0    |
|          |          zext_ln76_1_fu_722          |    0    |    0    |    0    |
|          |          zext_ln76_2_fu_726          |    0    |    0    |    0    |
|          |          zext_ln76_3_fu_730          |    0    |    0    |    0    |
|          |         p_cast123_mid1_fu_740        |    0    |    0    |    0    |
|          |           zext_ln83_fu_880           |    0    |    0    |    0    |
|          |           zext_ln84_fu_899           |    0    |    0    |    0    |
|          |         zext_ln1271_3_fu_909         |    0    |    0    |    0    |
|          |          zext_ln83_1_fu_938          |    0    |    0    |    0    |
|          |          zext_ln84_1_fu_963          |    0    |    0    |    0    |
|          |          zext_ln1271_fu_1040         |    0    |    0    |    0    |
|----------|--------------------------------------|---------|---------|---------|
|          |             p_shl_fu_326             |    0    |    0    |    0    |
|          |           shl_ln83_1_fu_356          |    0    |    0    |    0    |
|          |           shl_ln83_2_fu_364          |    0    |    0    |    0    |
|          |            shl_ln2_fu_436            |    0    |    0    |    0    |
|          |          p_shl14_mid1_fu_534         |    0    |    0    |    0    |
|          |        shl_ln83_1_mid1_fu_580        |    0    |    0    |    0    |
|bitconcatenate|        shl_ln83_2_mid1_fu_588        |    0    |    0    |    0    |
|          |         shl_ln83_mid1_fu_788         |    0    |    0    |    0    |
|          |            lshr_ln4_fu_872           |    0    |    0    |    0    |
|          |           add_ln84_7_fu_885          |    0    |    0    |    0    |
|          |          lshr_ln83_1_fu_930          |    0    |    0    |    0    |
|          |             or_ln1_fu_949            |    0    |    0    |    0    |
|          |             lhs_5_fu_1054            |    0    |    0    |    0    |
|          |             lhs_6_fu_1071            |    0    |    0    |    0    |
|----------|--------------------------------------|---------|---------|---------|
| bitselect|              tmp_fu_672              |    0    |    0    |    0    |
|----------|--------------------------------------|---------|---------|---------|
|   trunc  |           trunc_ln83_fu_816          |    0    |    0    |    0    |
|----------|--------------------------------------|---------|---------|---------|
|    shl   |            shl_ln83_fu_820           |    0    |    0    |    0    |
|----------|--------------------------------------|---------|---------|---------|
|          |             tmp_s_fu_826             |    0    |    0    |    0    |
|          |             tmp_10_fu_836            |    0    |    0    |    0    |
|partselect|             tmp_11_fu_854            |    0    |    0    |    0    |
|          |             tmp_12_fu_920            |    0    |    0    |    0    |
|          |            tmp_13_fu_1062            |    0    |    0    |    0    |
|          |              s_V_fu_1079             |    0    |    0    |    0    |
|----------|--------------------------------------|---------|---------|---------|
|   Total  |                                      |    2    |    0    |   586   |
|----------|--------------------------------------|---------|---------|---------|

Memories:
N/A

* Register list:
+------------------------------+--------+
|                              |   FF   |
+------------------------------+--------+
|      add_ln84_3_reg_1183     |    9   |
|conv2_kernel_V_addr_1_reg_1203|    9   |
| conv2_kernel_V_addr_reg_1173 |    9   |
|       d_addr_3_reg_1178      |   14   |
|        d_addr_reg_1168       |   14   |
|         i_1_reg_1144         |    2   |
|      icmp_ln74_reg_1158      |    1   |
|  indvar_flatten137_reg_1151  |    5   |
|   indvar_flatten77_reg_1137  |    4   |
|         j_1_reg_1130         |    2   |
|          k_reg_1123          |    3   |
|        lhs_5_reg_1218        |   26   |
|        lhs_6_reg_1223        |   26   |
|         lhs_reg_1115         |   16   |
|    select_ln76_2_reg_1162    |    1   |
|    sext_ln1347_1_reg_1193    |   26   |
|    sext_ln1347_2_reg_1208    |   26   |
|    sext_ln1347_3_reg_1213    |   26   |
|     sext_ln1347_reg_1188     |   26   |
|       val_V_21_reg_1198      |   16   |
+------------------------------+--------+
|             Total            |   261  |
+------------------------------+--------+

* Multiplexer (MUX) list: 
|-------------------|------|------|------|--------||---------||---------|
|        Comp       |  Pin | Size |  BW  | S x BW ||  Delay  ||   LUT   |
|-------------------|------|------|------|--------||---------||---------|
| grp_access_fu_212 |  p0  |   2  |  14  |   28   ||    9    |
| grp_access_fu_212 |  p2  |   2  |   0  |    0   ||    9    |
| grp_access_fu_229 |  p0  |   4  |   9  |   36   ||    20   |
|    grp_fu_1097    |  p0  |   3  |  11  |   33   ||    14   |
|    grp_fu_1097    |  p1  |   2  |  16  |   32   ||    9    |
|    grp_fu_1106    |  p0  |   3  |  11  |   33   ||    14   |
|    grp_fu_1106    |  p1  |   2  |  16  |   32   ||    9    |
|-------------------|------|------|------|--------||---------||---------|
|       Total       |      |      |      |   194  ||  3.185  ||    84   |
|-------------------|------|------|------|--------||---------||---------|



* Summary:
+-----------+--------+--------+--------+--------+
|           |   DSP  |  Delay |   FF   |   LUT  |
+-----------+--------+--------+--------+--------+
|  Function |    2   |    -   |    0   |   586  |
|   Memory  |    -   |    -   |    -   |    -   |
|Multiplexer|    -   |    3   |    -   |   84   |
|  Register |    -   |    -   |   261  |    -   |
+-----------+--------+--------+--------+--------+
|   Total   |    2   |    3   |   261  |   670  |
+-----------+--------+--------+--------+--------+
