

================================================================
== Vitis HLS Report for 'inference_Pipeline_loop_kh_out_loop_kw_out_loop_ic_out'
================================================================
* Date:           Tue Jun 30 22:18:35 2026

* Version:        2022.2 (Build 3670227 on Oct 13 2022)
* Project:        denoiser
* Solution:       solution1 (Vivado IP Flow Target)
* Product family: zynquplus
* Target device:  xck26-sfvc784-2LV-c


================================================================
== Performance Estimates
================================================================
+ Timing: 
    * Summary: 
    +--------+----------+----------+------------+
    |  Clock |  Target  | Estimated| Uncertainty|
    +--------+----------+----------+------------+
    |ap_clk  |  10.00 ns|  5.483 ns|     2.70 ns|
    +--------+----------+----------+------------+

+ Latency: 
    * Summary: 
    +---------+---------+----------+----------+-----+-----+---------+
    |  Latency (cycles) |  Latency (absolute) |  Interval | Pipeline|
    |   min   |   max   |    min   |    max   | min | max |   Type  |
    +---------+---------+----------+----------+-----+-----+---------+
    |       41|       41|  0.410 us|  0.410 us|   41|   41|       no|
    +---------+---------+----------+----------+-----+-----+---------+

    + Detail: 
        * Instance: 
        N/A

        * Loop: 
        +---------------------------------------+---------+---------+----------+-----------+-----------+------+----------+
        |                                       |  Latency (cycles) | Iteration|  Initiation Interval  | Trip |          |
        |               Loop Name               |   min   |   max   |  Latency |  achieved |   target  | Count| Pipelined|
        +---------------------------------------+---------+---------+----------+-----------+-----------+------+----------+
        |- loop_kh_out_loop_kw_out_loop_ic_out  |       39|       39|         6|          2|          1|    18|       yes|
        +---------------------------------------+---------+---------+----------+-----------+-----------+------+----------+

============================================================
+ Verbose Summary: Synthesis Manager
============================================================
InlineROM: 1
ExposeGlobal: 0
============================================================
+ Verbose Summary: CDFG Model
============================================================
IsTopModel: 0
ResetActiveHigh: 1
IsCombinational: 0
IsDatapathOnly: 0
HasWiredReturn: 1
HasMFsm: 2
HasVarLatency: 1
IsPipeline: 0
IsRtlPipelined: 0
IsInstanceOverlapped: 0
IsDontTouch: 0
HasImplIP: 0
IsGatedGlobalClock: 0

+ Individual pipeline summary: 
  * Pipeline-0: initiation interval (II) = 2, depth = 6


============================================================
+ Verbose Summary: Schedule
============================================================
* Number of FSM states : 6
* Pipeline : 1
  Pipeline-0 : II = 2, D = 6, States = { 1 2 3 4 5 6 }
* Dataflow Pipeline: 0

* FSM state transitions: 
1 --> 2 
2 --> 3 
3 --> 4 
4 --> 5 
5 --> 6 
6 --> 

* FSM state operations: 

State 1 <SV = 0> <Delay = 5.48>
ST_1 : Operation 9 [1/1] (0.00ns)   --->   "%lhs = alloca i32 1"   --->   Operation 9 'alloca' 'lhs' <Predicate = true> <Delay = 0.00>
ST_1 : Operation 10 [1/1] (0.00ns)   --->   "%k = alloca i32 1"   --->   Operation 10 'alloca' 'k' <Predicate = true> <Delay = 0.00>
ST_1 : Operation 11 [1/1] (0.00ns)   --->   "%j = alloca i32 1"   --->   Operation 11 'alloca' 'j' <Predicate = true> <Delay = 0.00>
ST_1 : Operation 12 [1/1] (0.00ns)   --->   "%indvar_flatten328 = alloca i32 1"   --->   Operation 12 'alloca' 'indvar_flatten328' <Predicate = true> <Delay = 0.00>
ST_1 : Operation 13 [1/1] (0.00ns)   --->   "%i = alloca i32 1"   --->   Operation 13 'alloca' 'i' <Predicate = true> <Delay = 0.00>
ST_1 : Operation 14 [1/1] (0.00ns)   --->   "%indvar_flatten386 = alloca i32 1"   --->   Operation 14 'alloca' 'indvar_flatten386' <Predicate = true> <Delay = 0.00>
ST_1 : Operation 15 [1/1] (0.00ns)   --->   "%specbramwithbyteenable_ln0 = specbramwithbyteenable void @_ssdm_op_SpecBRAMWithByteEnable, i16 %d"   --->   Operation 15 'specbramwithbyteenable' 'specbramwithbyteenable_ln0' <Predicate = true> <Delay = 0.00>
ST_1 : Operation 16 [1/1] (0.00ns)   --->   "%sext_ln162_1_read = read i9 @_ssdm_op_Read.ap_auto.i9, i9 %sext_ln162_1"   --->   Operation 16 'read' 'sext_ln162_1_read' <Predicate = true> <Delay = 0.00>
ST_1 : Operation 17 [1/1] (0.00ns)   --->   "%cmp25_i74_not_mid1366_read = read i1 @_ssdm_op_Read.ap_auto.i1, i1 %cmp25_i74_not_mid1366"   --->   Operation 17 'read' 'cmp25_i74_not_mid1366_read' <Predicate = true> <Delay = 0.00>
ST_1 : Operation 18 [1/1] (0.00ns)   --->   "%cmp23_i72_not_mid1364_read = read i1 @_ssdm_op_Read.ap_auto.i1, i1 %cmp23_i72_not_mid1364"   --->   Operation 18 'read' 'cmp23_i72_not_mid1364_read' <Predicate = true> <Delay = 0.00>
ST_1 : Operation 19 [1/1] (0.00ns)   --->   "%select_ln147_read = read i5 @_ssdm_op_Read.ap_auto.i5, i5 %select_ln147"   --->   Operation 19 'read' 'select_ln147_read' <Predicate = true> <Delay = 0.00>
ST_1 : Operation 20 [1/1] (0.00ns)   --->   "%select_ln147_1_read = read i5 @_ssdm_op_Read.ap_auto.i5, i5 %select_ln147_1"   --->   Operation 20 'read' 'select_ln147_1_read' <Predicate = true> <Delay = 0.00>
ST_1 : Operation 21 [1/1] (0.00ns)   --->   "%sext_ln162_1_cast = sext i9 %sext_ln162_1_read"   --->   Operation 21 'sext' 'sext_ln162_1_cast' <Predicate = true> <Delay = 0.00>
ST_1 : Operation 22 [1/1] (0.42ns)   --->   "%store_ln0 = store i5 0, i5 %indvar_flatten386"   --->   Operation 22 'store' 'store_ln0' <Predicate = true> <Delay = 0.42>
ST_1 : Operation 23 [1/1] (0.42ns)   --->   "%store_ln0 = store i2 0, i2 %i"   --->   Operation 23 'store' 'store_ln0' <Predicate = true> <Delay = 0.42>
ST_1 : Operation 24 [1/1] (0.42ns)   --->   "%store_ln0 = store i4 0, i4 %indvar_flatten328"   --->   Operation 24 'store' 'store_ln0' <Predicate = true> <Delay = 0.42>
ST_1 : Operation 25 [1/1] (0.42ns)   --->   "%store_ln0 = store i2 0, i2 %j"   --->   Operation 25 'store' 'store_ln0' <Predicate = true> <Delay = 0.42>
ST_1 : Operation 26 [1/1] (0.42ns)   --->   "%store_ln0 = store i3 0, i3 %k"   --->   Operation 26 'store' 'store_ln0' <Predicate = true> <Delay = 0.42>
ST_1 : Operation 27 [1/1] (0.42ns)   --->   "%store_ln0 = store i16 65335, i16 %lhs"   --->   Operation 27 'store' 'store_ln0' <Predicate = true> <Delay = 0.42>
ST_1 : Operation 28 [1/1] (0.00ns)   --->   "%br_ln0 = br void %for.body17.i69"   --->   Operation 28 'br' 'br_ln0' <Predicate = true> <Delay = 0.00>
ST_1 : Operation 29 [1/1] (0.00ns)   --->   "%j_2 = load i2 %j" [../denoiser_c_to_hls/denoiser.cpp:155]   --->   Operation 29 'load' 'j_2' <Predicate = true> <Delay = 0.00>
ST_1 : Operation 30 [1/1] (0.00ns)   --->   "%i_1 = load i2 %i" [../denoiser_c_to_hls/denoiser.cpp:153]   --->   Operation 30 'load' 'i_1' <Predicate = true> <Delay = 0.00>
ST_1 : Operation 31 [1/1] (0.00ns)   --->   "%indvar_flatten386_load = load i5 %indvar_flatten386" [../denoiser_c_to_hls/denoiser.cpp:153]   --->   Operation 31 'load' 'indvar_flatten386_load' <Predicate = true> <Delay = 0.00>
ST_1 : Operation 32 [1/1] (0.00ns)   --->   "%zext_ln153 = zext i2 %i_1" [../denoiser_c_to_hls/denoiser.cpp:153]   --->   Operation 32 'zext' 'zext_ln153' <Predicate = true> <Delay = 0.00>
ST_1 : Operation 33 [1/1] (0.78ns)   --->   "%empty = add i5 %zext_ln153, i5 %select_ln147_1_read" [../denoiser_c_to_hls/denoiser.cpp:153]   --->   Operation 33 'add' 'empty' <Predicate = true> <Delay = 0.78> <CoreInst = "Adder">   --->   Core 1 'Adder' <Latency = 0> <II = 1> <Delay = 0.78> <FuncUnit> <Opcode : 'add' 'sub'> <InPorts = 2> <OutPorts = 1>
ST_1 : Operation 34 [1/1] (0.00ns)   --->   "%p_cast114 = zext i5 %empty" [../denoiser_c_to_hls/denoiser.cpp:153]   --->   Operation 34 'zext' 'p_cast114' <Predicate = true> <Delay = 0.00>
ST_1 : Operation 35 [1/1] (0.78ns)   --->   "%empty_64 = add i6 %p_cast114, i6 63" [../denoiser_c_to_hls/denoiser.cpp:153]   --->   Operation 35 'add' 'empty_64' <Predicate = true> <Delay = 0.78> <CoreInst = "Adder">   --->   Core 1 'Adder' <Latency = 0> <II = 1> <Delay = 0.78> <FuncUnit> <Opcode : 'add' 'sub'> <InPorts = 2> <OutPorts = 1>
ST_1 : Operation 36 [1/1] (0.00ns)   --->   "%p_shl2 = bitconcatenate i4 @_ssdm_op_BitConcatenate.i4.i2.i2, i2 %i_1, i2 0" [../denoiser_c_to_hls/denoiser.cpp:153]   --->   Operation 36 'bitconcatenate' 'p_shl2' <Predicate = true> <Delay = 0.00>
ST_1 : Operation 37 [1/1] (0.00ns)   --->   "%p_shl30_cast = zext i4 %p_shl2" [../denoiser_c_to_hls/denoiser.cpp:153]   --->   Operation 37 'zext' 'p_shl30_cast' <Predicate = true> <Delay = 0.00>
ST_1 : Operation 38 [1/1] (0.79ns)   --->   "%empty_65 = sub i5 %p_shl30_cast, i5 %zext_ln153" [../denoiser_c_to_hls/denoiser.cpp:153]   --->   Operation 38 'sub' 'empty_65' <Predicate = true> <Delay = 0.79> <CoreInst = "Adder">   --->   Core 1 'Adder' <Latency = 0> <II = 1> <Delay = 0.79> <FuncUnit> <Opcode : 'add' 'sub'> <InPorts = 2> <OutPorts = 1>
ST_1 : Operation 39 [1/1] (0.75ns)   --->   "%cmp20_i68_not = icmp_eq  i5 %empty, i5 0" [../denoiser_c_to_hls/denoiser.cpp:153]   --->   Operation 39 'icmp' 'cmp20_i68_not' <Predicate = true> <Delay = 0.75> <CoreInst = "Cmp">   --->   Core 9 'Cmp' <Latency = 0> <II = 1> <Delay = 0.75> <FuncUnit> <Opcode : 'icmp'> <InPorts = 2> <OutPorts = 1>
ST_1 : Operation 40 [1/1] (0.78ns)   --->   "%cmp21_i70_not = icmp_sgt  i6 %empty_64, i6 27" [../denoiser_c_to_hls/denoiser.cpp:153]   --->   Operation 40 'icmp' 'cmp21_i70_not' <Predicate = true> <Delay = 0.78> <CoreInst = "Cmp">   --->   Core 9 'Cmp' <Latency = 0> <II = 1> <Delay = 0.78> <FuncUnit> <Opcode : 'icmp'> <InPorts = 2> <OutPorts = 1>
ST_1 : Operation 41 [1/1] (0.00ns)   --->   "%shl_ln162_1 = bitconcatenate i14 @_ssdm_op_BitConcatenate.i14.i6.i8, i6 %empty_64, i8 0" [../denoiser_c_to_hls/denoiser.cpp:162]   --->   Operation 41 'bitconcatenate' 'shl_ln162_1' <Predicate = true> <Delay = 0.00>
ST_1 : Operation 42 [1/1] (0.00ns)   --->   "%shl_ln162_2 = bitconcatenate i11 @_ssdm_op_BitConcatenate.i11.i6.i5, i6 %empty_64, i5 0" [../denoiser_c_to_hls/denoiser.cpp:162]   --->   Operation 42 'bitconcatenate' 'shl_ln162_2' <Predicate = true> <Delay = 0.00>
ST_1 : Operation 43 [1/1] (0.00ns)   --->   "%sext_ln162 = sext i11 %shl_ln162_2" [../denoiser_c_to_hls/denoiser.cpp:162]   --->   Operation 43 'sext' 'sext_ln162' <Predicate = true> <Delay = 0.00>
ST_1 : Operation 44 [1/1] (0.83ns)   --->   "%sub_ln162 = sub i14 %shl_ln162_1, i14 %sext_ln162" [../denoiser_c_to_hls/denoiser.cpp:162]   --->   Operation 44 'sub' 'sub_ln162' <Predicate = true> <Delay = 0.83> <CoreInst = "Adder">   --->   Core 1 'Adder' <Latency = 0> <II = 1> <Delay = 0.83> <FuncUnit> <Opcode : 'add' 'sub'> <InPorts = 2> <OutPorts = 1>
ST_1 : Operation 45 [1/1] (0.00ns)   --->   "%zext_ln155 = zext i2 %j_2" [../denoiser_c_to_hls/denoiser.cpp:155]   --->   Operation 45 'zext' 'zext_ln155' <Predicate = true> <Delay = 0.00>
ST_1 : Operation 46 [1/1] (0.78ns)   --->   "%empty_66 = add i5 %zext_ln155, i5 %select_ln147_read" [../denoiser_c_to_hls/denoiser.cpp:155]   --->   Operation 46 'add' 'empty_66' <Predicate = true> <Delay = 0.78> <CoreInst = "Adder">   --->   Core 1 'Adder' <Latency = 0> <II = 1> <Delay = 0.78> <FuncUnit> <Opcode : 'add' 'sub'> <InPorts = 2> <OutPorts = 1>
ST_1 : Operation 47 [1/1] (0.00ns)   --->   "%p_cast125 = zext i5 %empty_66" [../denoiser_c_to_hls/denoiser.cpp:155]   --->   Operation 47 'zext' 'p_cast125' <Predicate = true> <Delay = 0.00>
ST_1 : Operation 48 [1/1] (0.78ns)   --->   "%empty_67 = add i6 %p_cast125, i6 63" [../denoiser_c_to_hls/denoiser.cpp:155]   --->   Operation 48 'add' 'empty_67' <Predicate = true> <Delay = 0.78> <CoreInst = "Adder">   --->   Core 1 'Adder' <Latency = 0> <II = 1> <Delay = 0.78> <FuncUnit> <Opcode : 'add' 'sub'> <InPorts = 2> <OutPorts = 1>
ST_1 : Operation 49 [1/1] (0.75ns)   --->   "%cmp23_i72_not = icmp_eq  i5 %empty_66, i5 0" [../denoiser_c_to_hls/denoiser.cpp:155]   --->   Operation 49 'icmp' 'cmp23_i72_not' <Predicate = true> <Delay = 0.75> <CoreInst = "Cmp">   --->   Core 9 'Cmp' <Latency = 0> <II = 1> <Delay = 0.75> <FuncUnit> <Opcode : 'icmp'> <InPorts = 2> <OutPorts = 1>
ST_1 : Operation 50 [1/1] (0.78ns)   --->   "%cmp25_i74_not = icmp_sgt  i6 %empty_67, i6 27" [../denoiser_c_to_hls/denoiser.cpp:155]   --->   Operation 50 'icmp' 'cmp25_i74_not' <Predicate = true> <Delay = 0.78> <CoreInst = "Cmp">   --->   Core 9 'Cmp' <Latency = 0> <II = 1> <Delay = 0.78> <FuncUnit> <Opcode : 'icmp'> <InPorts = 2> <OutPorts = 1>
ST_1 : Operation 51 [1/1] (0.00ns) (grouped into LUT with out node brmerge98)   --->   "%tmp59 = or i1 %cmp21_i70_not, i1 %cmp23_i72_not" [../denoiser_c_to_hls/denoiser.cpp:153]   --->   Operation 51 'or' 'tmp59' <Predicate = true> <Delay = 0.00> <CoreInst = "LogicGate">   --->   Core 74 'LogicGate' <Latency = 0> <II = 1> <Delay = 0.28> <FuncUnit> <Opcode : 'and' 'or' 'xor'> <InPorts = 2> <OutPorts = 1>
ST_1 : Operation 52 [1/1] (0.00ns) (grouped into LUT with out node brmerge98)   --->   "%tmp60 = or i1 %cmp20_i68_not, i1 %cmp25_i74_not" [../denoiser_c_to_hls/denoiser.cpp:153]   --->   Operation 52 'or' 'tmp60' <Predicate = true> <Delay = 0.00> <CoreInst = "LogicGate">   --->   Core 74 'LogicGate' <Latency = 0> <II = 1> <Delay = 0.28> <FuncUnit> <Opcode : 'and' 'or' 'xor'> <InPorts = 2> <OutPorts = 1>
ST_1 : Operation 53 [1/1] (0.28ns) (out node of the LUT)   --->   "%brmerge98 = or i1 %tmp60, i1 %tmp59" [../denoiser_c_to_hls/denoiser.cpp:153]   --->   Operation 53 'or' 'brmerge98' <Predicate = true> <Delay = 0.28> <CoreInst = "LogicGate">   --->   Core 74 'LogicGate' <Latency = 0> <II = 1> <Delay = 0.28> <FuncUnit> <Opcode : 'and' 'or' 'xor'> <InPorts = 2> <OutPorts = 1>
ST_1 : Operation 54 [1/1] (0.00ns)   --->   "%shl_ln4 = bitconcatenate i9 @_ssdm_op_BitConcatenate.i9.i6.i3, i6 %empty_67, i3 0" [../denoiser_c_to_hls/denoiser.cpp:162]   --->   Operation 54 'bitconcatenate' 'shl_ln4' <Predicate = true> <Delay = 0.00>
ST_1 : Operation 55 [1/1] (0.00ns)   --->   "%sext_ln162_2 = sext i9 %shl_ln4" [../denoiser_c_to_hls/denoiser.cpp:162]   --->   Operation 55 'sext' 'sext_ln162_2' <Predicate = true> <Delay = 0.00>
ST_1 : Operation 56 [1/1] (0.83ns)   --->   "%add_ln162 = add i14 %sext_ln162_2, i14 %sub_ln162" [../denoiser_c_to_hls/denoiser.cpp:162]   --->   Operation 56 'add' 'add_ln162' <Predicate = true> <Delay = 0.83> <CoreInst = "Adder">   --->   Core 1 'Adder' <Latency = 0> <II = 1> <Delay = 0.83> <FuncUnit> <Opcode : 'add' 'sub'> <InPorts = 2> <OutPorts = 1>
ST_1 : Operation 57 [1/1] (0.78ns)   --->   "%add_ln163_2 = add i5 %empty_65, i5 %zext_ln155" [../denoiser_c_to_hls/denoiser.cpp:163]   --->   Operation 57 'add' 'add_ln163_2' <Predicate = true> <Delay = 0.78> <CoreInst = "Adder">   --->   Core 1 'Adder' <Latency = 0> <II = 1> <Delay = 0.78> <FuncUnit> <Opcode : 'add' 'sub'> <InPorts = 2> <OutPorts = 1>
ST_1 : Operation 58 [1/1] (0.00ns)   --->   "%specpipeline_ln0 = specpipeline void @_ssdm_op_SpecPipeline, i32 4294967295, i32 0, i32 1, i32 0, void @p_str"   --->   Operation 58 'specpipeline' 'specpipeline_ln0' <Predicate = true> <Delay = 0.00>
ST_1 : Operation 59 [1/1] (0.75ns)   --->   "%icmp_ln153 = icmp_eq  i5 %indvar_flatten386_load, i5 18" [../denoiser_c_to_hls/denoiser.cpp:153]   --->   Operation 59 'icmp' 'icmp_ln153' <Predicate = true> <Delay = 0.75> <CoreInst = "Cmp">   --->   Core 9 'Cmp' <Latency = 0> <II = 1> <Delay = 0.75> <FuncUnit> <Opcode : 'icmp'> <InPorts = 2> <OutPorts = 1>
ST_1 : Operation 60 [1/1] (0.78ns)   --->   "%add_ln153_1 = add i5 %indvar_flatten386_load, i5 1" [../denoiser_c_to_hls/denoiser.cpp:153]   --->   Operation 60 'add' 'add_ln153_1' <Predicate = true> <Delay = 0.78> <CoreInst = "Adder">   --->   Core 1 'Adder' <Latency = 0> <II = 1> <Delay = 0.78> <FuncUnit> <Opcode : 'add' 'sub'> <InPorts = 2> <OutPorts = 1>
ST_1 : Operation 61 [1/1] (0.00ns)   --->   "%br_ln153 = br i1 %icmp_ln153, void %for.cond.cleanup12.i59, void %for.cond.cleanup8.i54_ifconv.exitStub" [../denoiser_c_to_hls/denoiser.cpp:153]   --->   Operation 61 'br' 'br_ln153' <Predicate = true> <Delay = 0.00>
ST_1 : Operation 62 [1/1] (0.00ns)   --->   "%k_load = load i3 %k" [../denoiser_c_to_hls/denoiser.cpp:157]   --->   Operation 62 'load' 'k_load' <Predicate = (!icmp_ln153)> <Delay = 0.00>
ST_1 : Operation 63 [1/1] (0.00ns)   --->   "%indvar_flatten328_load = load i4 %indvar_flatten328" [../denoiser_c_to_hls/denoiser.cpp:155]   --->   Operation 63 'load' 'indvar_flatten328_load' <Predicate = (!icmp_ln153)> <Delay = 0.00>
ST_1 : Operation 64 [1/1] (0.54ns)   --->   "%add_ln153 = add i2 %i_1, i2 1" [../denoiser_c_to_hls/denoiser.cpp:153]   --->   Operation 64 'add' 'add_ln153' <Predicate = (!icmp_ln153)> <Delay = 0.54> <CoreInst = "Adder">   --->   Core 1 'Adder' <Latency = 0> <II = 1> <Delay = 0.54> <FuncUnit> <Opcode : 'add' 'sub'> <InPorts = 2> <OutPorts = 1>
ST_1 : Operation 65 [1/1] (0.72ns)   --->   "%icmp_ln155 = icmp_eq  i4 %indvar_flatten328_load, i4 6" [../denoiser_c_to_hls/denoiser.cpp:155]   --->   Operation 65 'icmp' 'icmp_ln155' <Predicate = (!icmp_ln153)> <Delay = 0.72> <CoreInst = "Cmp">   --->   Core 9 'Cmp' <Latency = 0> <II = 1> <Delay = 0.72> <FuncUnit> <Opcode : 'icmp'> <InPorts = 2> <OutPorts = 1>
ST_1 : Operation 66 [1/1] (0.17ns)   --->   "%select_ln153 = select i1 %icmp_ln155, i2 0, i2 %j_2" [../denoiser_c_to_hls/denoiser.cpp:153]   --->   Operation 66 'select' 'select_ln153' <Predicate = (!icmp_ln153)> <Delay = 0.17> <CoreInst = "Sel">   --->   Core 73 'Sel' <Latency = 0> <II = 1> <Delay = 0.17> <FuncUnit> <Opcode : 'select'> <InPorts = 3> <OutPorts = 1>
ST_1 : Operation 67 [1/1] (0.00ns) (grouped into LUT with out node select_ln155)   --->   "%select_ln153_1 = select i1 %icmp_ln155, i3 0, i3 %k_load" [../denoiser_c_to_hls/denoiser.cpp:153]   --->   Operation 67 'select' 'select_ln153_1' <Predicate = (!icmp_ln153)> <Delay = 0.00> <CoreInst = "Sel">   --->   Core 73 'Sel' <Latency = 0> <II = 1> <Delay = 0.20> <FuncUnit> <Opcode : 'select'> <InPorts = 3> <OutPorts = 1>
ST_1 : Operation 68 [1/1] (0.00ns)   --->   "%zext_ln153_1 = zext i2 %add_ln153" [../denoiser_c_to_hls/denoiser.cpp:153]   --->   Operation 68 'zext' 'zext_ln153_1' <Predicate = (!icmp_ln153)> <Delay = 0.00>
ST_1 : Operation 69 [1/1] (0.78ns)   --->   "%p_mid1346 = add i5 %zext_ln153_1, i5 %select_ln147_1_read" [../denoiser_c_to_hls/denoiser.cpp:153]   --->   Operation 69 'add' 'p_mid1346' <Predicate = (!icmp_ln153)> <Delay = 0.78> <CoreInst = "Adder">   --->   Core 1 'Adder' <Latency = 0> <II = 1> <Delay = 0.78> <FuncUnit> <Opcode : 'add' 'sub'> <InPorts = 2> <OutPorts = 1>
ST_1 : Operation 70 [1/1] (0.00ns)   --->   "%p_cast114_mid1 = zext i5 %p_mid1346" [../denoiser_c_to_hls/denoiser.cpp:153]   --->   Operation 70 'zext' 'p_cast114_mid1' <Predicate = (!icmp_ln153)> <Delay = 0.00>
ST_1 : Operation 71 [1/1] (0.78ns)   --->   "%p_mid1348 = add i6 %p_cast114_mid1, i6 63" [../denoiser_c_to_hls/denoiser.cpp:153]   --->   Operation 71 'add' 'p_mid1348' <Predicate = (!icmp_ln153)> <Delay = 0.78> <CoreInst = "Adder">   --->   Core 1 'Adder' <Latency = 0> <II = 1> <Delay = 0.78> <FuncUnit> <Opcode : 'add' 'sub'> <InPorts = 2> <OutPorts = 1>
ST_1 : Operation 72 [1/1] (0.00ns)   --->   "%p_shl30_mid1 = bitconcatenate i4 @_ssdm_op_BitConcatenate.i4.i2.i2, i2 %add_ln153, i2 0" [../denoiser_c_to_hls/denoiser.cpp:153]   --->   Operation 72 'bitconcatenate' 'p_shl30_mid1' <Predicate = (!icmp_ln153)> <Delay = 0.00>
ST_1 : Operation 73 [1/1] (0.00ns)   --->   "%p_shl30_cast_mid1 = zext i4 %p_shl30_mid1" [../denoiser_c_to_hls/denoiser.cpp:153]   --->   Operation 73 'zext' 'p_shl30_cast_mid1' <Predicate = (!icmp_ln153)> <Delay = 0.00>
ST_1 : Operation 74 [1/1] (0.79ns)   --->   "%p_mid1350 = sub i5 %p_shl30_cast_mid1, i5 %zext_ln153_1" [../denoiser_c_to_hls/denoiser.cpp:153]   --->   Operation 74 'sub' 'p_mid1350' <Predicate = (!icmp_ln153)> <Delay = 0.79> <CoreInst = "Adder">   --->   Core 1 'Adder' <Latency = 0> <II = 1> <Delay = 0.79> <FuncUnit> <Opcode : 'add' 'sub'> <InPorts = 2> <OutPorts = 1>
ST_1 : Operation 75 [1/1] (0.41ns)   --->   "%select_ln153_2 = select i1 %icmp_ln155, i5 %p_mid1350, i5 %empty_65" [../denoiser_c_to_hls/denoiser.cpp:153]   --->   Operation 75 'select' 'select_ln153_2' <Predicate = (!icmp_ln153)> <Delay = 0.41> <CoreInst = "Sel">   --->   Core 73 'Sel' <Latency = 0> <II = 1> <Delay = 0.41> <FuncUnit> <Opcode : 'select'> <InPorts = 3> <OutPorts = 1>
ST_1 : Operation 76 [1/1] (0.00ns)   --->   "%sext_ln153 = sext i5 %select_ln153_2" [../denoiser_c_to_hls/denoiser.cpp:153]   --->   Operation 76 'sext' 'sext_ln153' <Predicate = (!icmp_ln153)> <Delay = 0.00>
ST_1 : Operation 77 [1/1] (0.75ns)   --->   "%cmp20_i68_not_mid1 = icmp_eq  i5 %p_mid1346, i5 0" [../denoiser_c_to_hls/denoiser.cpp:153]   --->   Operation 77 'icmp' 'cmp20_i68_not_mid1' <Predicate = (!icmp_ln153)> <Delay = 0.75> <CoreInst = "Cmp">   --->   Core 9 'Cmp' <Latency = 0> <II = 1> <Delay = 0.75> <FuncUnit> <Opcode : 'icmp'> <InPorts = 2> <OutPorts = 1>
ST_1 : Operation 78 [1/1] (0.00ns) (grouped into LUT with out node brmerge98_mid1)   --->   "%select_ln153_3 = select i1 %icmp_ln155, i1 %cmp20_i68_not_mid1, i1 %cmp20_i68_not" [../denoiser_c_to_hls/denoiser.cpp:153]   --->   Operation 78 'select' 'select_ln153_3' <Predicate = (!icmp_ln153)> <Delay = 0.00> <CoreInst = "Sel">   --->   Core 73 'Sel' <Latency = 0> <II = 1> <Delay = 0.17> <FuncUnit> <Opcode : 'select'> <InPorts = 3> <OutPorts = 1>
ST_1 : Operation 79 [1/1] (0.78ns)   --->   "%cmp21_i70_not_mid1 = icmp_sgt  i6 %p_mid1348, i6 27" [../denoiser_c_to_hls/denoiser.cpp:153]   --->   Operation 79 'icmp' 'cmp21_i70_not_mid1' <Predicate = (!icmp_ln153)> <Delay = 0.78> <CoreInst = "Cmp">   --->   Core 9 'Cmp' <Latency = 0> <II = 1> <Delay = 0.78> <FuncUnit> <Opcode : 'icmp'> <InPorts = 2> <OutPorts = 1>
ST_1 : Operation 80 [1/1] (0.00ns) (grouped into LUT with out node tmp59_mid1)   --->   "%select_ln153_4 = select i1 %icmp_ln155, i1 %cmp21_i70_not_mid1, i1 %cmp21_i70_not" [../denoiser_c_to_hls/denoiser.cpp:153]   --->   Operation 80 'select' 'select_ln153_4' <Predicate = (!icmp_ln153)> <Delay = 0.00> <CoreInst = "Sel">   --->   Core 73 'Sel' <Latency = 0> <II = 1> <Delay = 0.17> <FuncUnit> <Opcode : 'select'> <InPorts = 3> <OutPorts = 1>
ST_1 : Operation 81 [1/1] (0.00ns)   --->   "%shl_ln162_1_mid1 = bitconcatenate i14 @_ssdm_op_BitConcatenate.i14.i6.i8, i6 %p_mid1348, i8 0" [../denoiser_c_to_hls/denoiser.cpp:162]   --->   Operation 81 'bitconcatenate' 'shl_ln162_1_mid1' <Predicate = (!icmp_ln153)> <Delay = 0.00>
ST_1 : Operation 82 [1/1] (0.00ns)   --->   "%shl_ln162_2_mid1 = bitconcatenate i11 @_ssdm_op_BitConcatenate.i11.i6.i5, i6 %p_mid1348, i5 0" [../denoiser_c_to_hls/denoiser.cpp:162]   --->   Operation 82 'bitconcatenate' 'shl_ln162_2_mid1' <Predicate = (!icmp_ln153)> <Delay = 0.00>
ST_1 : Operation 83 [1/1] (0.00ns)   --->   "%sext_ln162_3 = sext i11 %shl_ln162_2_mid1" [../denoiser_c_to_hls/denoiser.cpp:162]   --->   Operation 83 'sext' 'sext_ln162_3' <Predicate = (!icmp_ln153)> <Delay = 0.00>
ST_1 : Operation 84 [1/1] (0.83ns)   --->   "%sub_ln162_1 = sub i14 %shl_ln162_1_mid1, i14 %sext_ln162_3" [../denoiser_c_to_hls/denoiser.cpp:162]   --->   Operation 84 'sub' 'sub_ln162_1' <Predicate = (!icmp_ln153)> <Delay = 0.83> <CoreInst = "Adder">   --->   Core 1 'Adder' <Latency = 0> <II = 1> <Delay = 0.83> <FuncUnit> <Opcode : 'add' 'sub'> <InPorts = 2> <OutPorts = 1>
ST_1 : Operation 85 [1/1] (0.00ns) (grouped into LUT with out node add_ln162_2)   --->   "%select_ln153_5 = select i1 %icmp_ln155, i14 %sub_ln162_1, i14 %sub_ln162" [../denoiser_c_to_hls/denoiser.cpp:153]   --->   Operation 85 'select' 'select_ln153_5' <Predicate = (!icmp_ln153)> <Delay = 0.00> <CoreInst = "Sel">   --->   Core 73 'Sel' <Latency = 0> <II = 1> <Delay = 0.23> <FuncUnit> <Opcode : 'select'> <InPorts = 3> <OutPorts = 1>
ST_1 : Operation 86 [1/1] (0.00ns) (grouped into LUT with out node select_ln153_6)   --->   "%tmp59_mid1368 = or i1 %cmp21_i70_not_mid1, i1 %cmp23_i72_not_mid1364_read" [../denoiser_c_to_hls/denoiser.cpp:153]   --->   Operation 86 'or' 'tmp59_mid1368' <Predicate = (!icmp_ln153)> <Delay = 0.00> <CoreInst = "LogicGate">   --->   Core 74 'LogicGate' <Latency = 0> <II = 1> <Delay = 0.28> <FuncUnit> <Opcode : 'and' 'or' 'xor'> <InPorts = 2> <OutPorts = 1>
ST_1 : Operation 87 [1/1] (0.00ns) (grouped into LUT with out node select_ln153_6)   --->   "%tmp60_mid1370 = or i1 %cmp20_i68_not_mid1, i1 %cmp25_i74_not_mid1366_read" [../denoiser_c_to_hls/denoiser.cpp:153]   --->   Operation 87 'or' 'tmp60_mid1370' <Predicate = (!icmp_ln153)> <Delay = 0.00> <CoreInst = "LogicGate">   --->   Core 74 'LogicGate' <Latency = 0> <II = 1> <Delay = 0.28> <FuncUnit> <Opcode : 'and' 'or' 'xor'> <InPorts = 2> <OutPorts = 1>
ST_1 : Operation 88 [1/1] (0.00ns) (grouped into LUT with out node select_ln153_6)   --->   "%brmerge98_mid1372 = or i1 %tmp60_mid1370, i1 %tmp59_mid1368" [../denoiser_c_to_hls/denoiser.cpp:153]   --->   Operation 88 'or' 'brmerge98_mid1372' <Predicate = (!icmp_ln153)> <Delay = 0.00> <CoreInst = "LogicGate">   --->   Core 74 'LogicGate' <Latency = 0> <II = 1> <Delay = 0.28> <FuncUnit> <Opcode : 'and' 'or' 'xor'> <InPorts = 2> <OutPorts = 1>
ST_1 : Operation 89 [1/1] (0.28ns) (out node of the LUT)   --->   "%select_ln153_6 = select i1 %icmp_ln155, i1 %brmerge98_mid1372, i1 %brmerge98" [../denoiser_c_to_hls/denoiser.cpp:153]   --->   Operation 89 'select' 'select_ln153_6' <Predicate = (!icmp_ln153)> <Delay = 0.28> <CoreInst = "Sel">   --->   Core 73 'Sel' <Latency = 0> <II = 1> <Delay = 0.17> <FuncUnit> <Opcode : 'select'> <InPorts = 3> <OutPorts = 1>
ST_1 : Operation 90 [1/1] (0.83ns)   --->   "%add_ln162_1 = add i14 %sext_ln162_1_cast, i14 %sub_ln162_1" [../denoiser_c_to_hls/denoiser.cpp:162]   --->   Operation 90 'add' 'add_ln162_1' <Predicate = (!icmp_ln153)> <Delay = 0.83> <CoreInst = "Adder">   --->   Core 1 'Adder' <Latency = 0> <II = 1> <Delay = 0.83> <FuncUnit> <Opcode : 'add' 'sub'> <InPorts = 2> <OutPorts = 1>
ST_1 : Operation 91 [1/1] (0.00ns) (grouped into LUT with out node add_ln163_3)   --->   "%select_ln153_7 = select i1 %icmp_ln155, i5 %p_mid1350, i5 %add_ln163_2" [../denoiser_c_to_hls/denoiser.cpp:153]   --->   Operation 91 'select' 'select_ln153_7' <Predicate = (!icmp_ln153)> <Delay = 0.00> <CoreInst = "Sel">   --->   Core 73 'Sel' <Latency = 0> <II = 1> <Delay = 0.41> <FuncUnit> <Opcode : 'select'> <InPorts = 3> <OutPorts = 1>
ST_1 : Operation 92 [1/1] (0.00ns) (grouped into LUT with out node or_ln153)   --->   "%tmp = bitselect i1 @_ssdm_op_BitSelect.i1.i3.i32, i3 %k_load, i32 2" [../denoiser_c_to_hls/denoiser.cpp:157]   --->   Operation 92 'bitselect' 'tmp' <Predicate = (!icmp_ln153)> <Delay = 0.00>
ST_1 : Operation 93 [1/1] (0.00ns) (grouped into LUT with out node or_ln153)   --->   "%xor_ln157 = xor i1 %tmp, i1 1" [../denoiser_c_to_hls/denoiser.cpp:157]   --->   Operation 93 'xor' 'xor_ln157' <Predicate = (!icmp_ln153)> <Delay = 0.00> <CoreInst = "LogicGate">   --->   Core 74 'LogicGate' <Latency = 0> <II = 1> <Delay = 0.28> <FuncUnit> <Opcode : 'and' 'or' 'xor'> <InPorts = 2> <OutPorts = 1>
ST_1 : Operation 94 [1/1] (0.28ns) (out node of the LUT)   --->   "%or_ln153 = or i1 %icmp_ln155, i1 %xor_ln157" [../denoiser_c_to_hls/denoiser.cpp:153]   --->   Operation 94 'or' 'or_ln153' <Predicate = (!icmp_ln153)> <Delay = 0.28> <CoreInst = "LogicGate">   --->   Core 74 'LogicGate' <Latency = 0> <II = 1> <Delay = 0.28> <FuncUnit> <Opcode : 'and' 'or' 'xor'> <InPorts = 2> <OutPorts = 1>
ST_1 : Operation 95 [1/1] (0.17ns)   --->   "%select_ln153_8 = select i1 %icmp_ln155, i2 %add_ln153, i2 %i_1" [../denoiser_c_to_hls/denoiser.cpp:153]   --->   Operation 95 'select' 'select_ln153_8' <Predicate = (!icmp_ln153)> <Delay = 0.17> <CoreInst = "Sel">   --->   Core 73 'Sel' <Latency = 0> <II = 1> <Delay = 0.17> <FuncUnit> <Opcode : 'select'> <InPorts = 3> <OutPorts = 1>
ST_1 : Operation 96 [1/1] (0.54ns)   --->   "%add_ln155 = add i2 %select_ln153, i2 1" [../denoiser_c_to_hls/denoiser.cpp:155]   --->   Operation 96 'add' 'add_ln155' <Predicate = (!icmp_ln153)> <Delay = 0.54> <CoreInst = "Adder">   --->   Core 1 'Adder' <Latency = 0> <II = 1> <Delay = 0.54> <FuncUnit> <Opcode : 'add' 'sub'> <InPorts = 2> <OutPorts = 1>
ST_1 : Operation 97 [1/1] (0.20ns) (out node of the LUT)   --->   "%select_ln155 = select i1 %or_ln153, i3 %select_ln153_1, i3 0" [../denoiser_c_to_hls/denoiser.cpp:155]   --->   Operation 97 'select' 'select_ln155' <Predicate = (!icmp_ln153)> <Delay = 0.20> <CoreInst = "Sel">   --->   Core 73 'Sel' <Latency = 0> <II = 1> <Delay = 0.20> <FuncUnit> <Opcode : 'select'> <InPorts = 3> <OutPorts = 1>
ST_1 : Operation 98 [1/1] (0.17ns)   --->   "%select_ln155_1 = select i1 %or_ln153, i2 %select_ln153, i2 %add_ln155" [../denoiser_c_to_hls/denoiser.cpp:155]   --->   Operation 98 'select' 'select_ln155_1' <Predicate = (!icmp_ln153)> <Delay = 0.17> <CoreInst = "Sel">   --->   Core 73 'Sel' <Latency = 0> <II = 1> <Delay = 0.17> <FuncUnit> <Opcode : 'select'> <InPorts = 3> <OutPorts = 1>
ST_1 : Operation 99 [1/1] (0.00ns)   --->   "%zext_ln155_1 = zext i2 %select_ln155_1" [../denoiser_c_to_hls/denoiser.cpp:155]   --->   Operation 99 'zext' 'zext_ln155_1' <Predicate = (!icmp_ln153)> <Delay = 0.00>
ST_1 : Operation 100 [1/1] (0.00ns)   --->   "%zext_ln155_2 = zext i2 %add_ln155" [../denoiser_c_to_hls/denoiser.cpp:155]   --->   Operation 100 'zext' 'zext_ln155_2' <Predicate = (!icmp_ln153)> <Delay = 0.00>
ST_1 : Operation 101 [1/1] (0.78ns)   --->   "%p_mid1324 = add i5 %zext_ln155_2, i5 %select_ln147_read" [../denoiser_c_to_hls/denoiser.cpp:155]   --->   Operation 101 'add' 'p_mid1324' <Predicate = (!icmp_ln153)> <Delay = 0.78> <CoreInst = "Adder">   --->   Core 1 'Adder' <Latency = 0> <II = 1> <Delay = 0.78> <FuncUnit> <Opcode : 'add' 'sub'> <InPorts = 2> <OutPorts = 1>
ST_1 : Operation 102 [1/1] (0.00ns)   --->   "%p_cast125_mid1 = zext i5 %p_mid1324" [../denoiser_c_to_hls/denoiser.cpp:155]   --->   Operation 102 'zext' 'p_cast125_mid1' <Predicate = (!icmp_ln153)> <Delay = 0.00>
ST_1 : Operation 103 [1/1] (0.78ns)   --->   "%p_mid1326 = add i6 %p_cast125_mid1, i6 63" [../denoiser_c_to_hls/denoiser.cpp:155]   --->   Operation 103 'add' 'p_mid1326' <Predicate = (!icmp_ln153)> <Delay = 0.78> <CoreInst = "Adder">   --->   Core 1 'Adder' <Latency = 0> <II = 1> <Delay = 0.78> <FuncUnit> <Opcode : 'add' 'sub'> <InPorts = 2> <OutPorts = 1>
ST_1 : Operation 104 [1/1] (0.75ns)   --->   "%cmp23_i72_not_mid1 = icmp_eq  i5 %p_mid1324, i5 0" [../denoiser_c_to_hls/denoiser.cpp:155]   --->   Operation 104 'icmp' 'cmp23_i72_not_mid1' <Predicate = (!icmp_ln153)> <Delay = 0.75> <CoreInst = "Cmp">   --->   Core 9 'Cmp' <Latency = 0> <II = 1> <Delay = 0.75> <FuncUnit> <Opcode : 'icmp'> <InPorts = 2> <OutPorts = 1>
ST_1 : Operation 105 [1/1] (0.78ns)   --->   "%cmp25_i74_not_mid1 = icmp_sgt  i6 %p_mid1326, i6 27" [../denoiser_c_to_hls/denoiser.cpp:155]   --->   Operation 105 'icmp' 'cmp25_i74_not_mid1' <Predicate = (!icmp_ln153)> <Delay = 0.78> <CoreInst = "Cmp">   --->   Core 9 'Cmp' <Latency = 0> <II = 1> <Delay = 0.78> <FuncUnit> <Opcode : 'icmp'> <InPorts = 2> <OutPorts = 1>
ST_1 : Operation 106 [1/1] (0.28ns) (out node of the LUT)   --->   "%tmp59_mid1 = or i1 %select_ln153_4, i1 %cmp23_i72_not_mid1" [../denoiser_c_to_hls/denoiser.cpp:153]   --->   Operation 106 'or' 'tmp59_mid1' <Predicate = (!icmp_ln153)> <Delay = 0.28> <CoreInst = "LogicGate">   --->   Core 74 'LogicGate' <Latency = 0> <II = 1> <Delay = 0.28> <FuncUnit> <Opcode : 'and' 'or' 'xor'> <InPorts = 2> <OutPorts = 1>
ST_1 : Operation 107 [1/1] (0.00ns) (grouped into LUT with out node brmerge98_mid1)   --->   "%tmp60_mid1 = or i1 %select_ln153_3, i1 %cmp25_i74_not_mid1" [../denoiser_c_to_hls/denoiser.cpp:153]   --->   Operation 107 'or' 'tmp60_mid1' <Predicate = (!icmp_ln153)> <Delay = 0.00> <CoreInst = "LogicGate">   --->   Core 74 'LogicGate' <Latency = 0> <II = 1> <Delay = 0.28> <FuncUnit> <Opcode : 'and' 'or' 'xor'> <InPorts = 2> <OutPorts = 1>
ST_1 : Operation 108 [1/1] (0.28ns) (out node of the LUT)   --->   "%brmerge98_mid1 = or i1 %tmp60_mid1, i1 %tmp59_mid1" [../denoiser_c_to_hls/denoiser.cpp:153]   --->   Operation 108 'or' 'brmerge98_mid1' <Predicate = (!icmp_ln153)> <Delay = 0.28> <CoreInst = "LogicGate">   --->   Core 74 'LogicGate' <Latency = 0> <II = 1> <Delay = 0.28> <FuncUnit> <Opcode : 'and' 'or' 'xor'> <InPorts = 2> <OutPorts = 1>
ST_1 : Operation 109 [1/1] (0.17ns) (out node of the LUT)   --->   "%select_ln155_2 = select i1 %or_ln153, i1 %select_ln153_6, i1 %brmerge98_mid1" [../denoiser_c_to_hls/denoiser.cpp:155]   --->   Operation 109 'select' 'select_ln155_2' <Predicate = (!icmp_ln153)> <Delay = 0.17> <CoreInst = "Sel">   --->   Core 73 'Sel' <Latency = 0> <II = 1> <Delay = 0.17> <FuncUnit> <Opcode : 'select'> <InPorts = 3> <OutPorts = 1>
ST_1 : Operation 110 [1/1] (0.00ns) (grouped into LUT with out node add_ln162_2)   --->   "%shl_ln162_mid1 = bitconcatenate i9 @_ssdm_op_BitConcatenate.i9.i6.i3, i6 %p_mid1326, i3 0" [../denoiser_c_to_hls/denoiser.cpp:162]   --->   Operation 110 'bitconcatenate' 'shl_ln162_mid1' <Predicate = (!icmp_ln153)> <Delay = 0.00>
ST_1 : Operation 111 [1/1] (0.00ns) (grouped into LUT with out node add_ln162_2)   --->   "%sext_ln162_4 = sext i9 %shl_ln162_mid1" [../denoiser_c_to_hls/denoiser.cpp:162]   --->   Operation 111 'sext' 'sext_ln162_4' <Predicate = (!icmp_ln153)> <Delay = 0.00>
ST_1 : Operation 112 [1/1] (0.83ns) (out node of the LUT)   --->   "%add_ln162_2 = add i14 %sext_ln162_4, i14 %select_ln153_5" [../denoiser_c_to_hls/denoiser.cpp:162]   --->   Operation 112 'add' 'add_ln162_2' <Predicate = (!icmp_ln153)> <Delay = 0.83> <CoreInst = "Adder">   --->   Core 1 'Adder' <Latency = 0> <II = 1> <Delay = 0.83> <FuncUnit> <Opcode : 'add' 'sub'> <InPorts = 2> <OutPorts = 1>
ST_1 : Operation 113 [1/1] (0.78ns)   --->   "%add_ln163_4 = add i5 %select_ln153_2, i5 %zext_ln155_2" [../denoiser_c_to_hls/denoiser.cpp:163]   --->   Operation 113 'add' 'add_ln163_4' <Predicate = (!icmp_ln153)> <Delay = 0.78> <CoreInst = "Adder">   --->   Core 1 'Adder' <Latency = 0> <II = 1> <Delay = 0.78> <FuncUnit> <Opcode : 'add' 'sub'> <InPorts = 2> <OutPorts = 1>
ST_1 : Operation 114 [1/1] (0.00ns) (grouped into LUT with out node add_ln163_3)   --->   "%select_ln155_3 = select i1 %or_ln153, i5 %select_ln153_7, i5 %add_ln163_4" [../denoiser_c_to_hls/denoiser.cpp:155]   --->   Operation 114 'select' 'select_ln155_3' <Predicate = (!icmp_ln153)> <Delay = 0.00> <CoreInst = "Sel">   --->   Core 73 'Sel' <Latency = 0> <II = 1> <Delay = 0.41> <FuncUnit> <Opcode : 'select'> <InPorts = 3> <OutPorts = 1>
ST_1 : Operation 115 [1/1] (0.00ns) (grouped into LUT with out node add_ln163_3)   --->   "%sext_ln155 = sext i5 %select_ln155_3" [../denoiser_c_to_hls/denoiser.cpp:155]   --->   Operation 115 'sext' 'sext_ln155' <Predicate = (!icmp_ln153)> <Delay = 0.00>
ST_1 : Operation 116 [1/1] (0.00ns)   --->   "%trunc_ln162 = trunc i3 %select_ln155" [../denoiser_c_to_hls/denoiser.cpp:162]   --->   Operation 116 'trunc' 'trunc_ln162' <Predicate = (!icmp_ln153)> <Delay = 0.00>
ST_1 : Operation 117 [1/1] (0.00ns)   --->   "%shl_ln162 = shl i3 %select_ln155, i3 1" [../denoiser_c_to_hls/denoiser.cpp:162]   --->   Operation 117 'shl' 'shl_ln162' <Predicate = (!icmp_ln153)> <Delay = 0.00>
ST_1 : Operation 118 [1/1] (0.00ns) (grouped into LUT with out node select_ln155_4)   --->   "%tmp_s = partselect i11 @_ssdm_op_PartSelect.i11.i14.i32.i32, i14 %add_ln162_1, i32 3, i32 13" [../denoiser_c_to_hls/denoiser.cpp:162]   --->   Operation 118 'partselect' 'tmp_s' <Predicate = (!icmp_ln153)> <Delay = 0.00>
ST_1 : Operation 119 [1/1] (0.00ns) (grouped into LUT with out node select_ln155_4)   --->   "%tmp_1 = partselect i11 @_ssdm_op_PartSelect.i11.i14.i32.i32, i14 %add_ln162, i32 3, i32 13" [../denoiser_c_to_hls/denoiser.cpp:162]   --->   Operation 119 'partselect' 'tmp_1' <Predicate = (!icmp_ln153)> <Delay = 0.00>
ST_1 : Operation 120 [1/1] (0.00ns) (grouped into LUT with out node select_ln155_4)   --->   "%select_ln153_9 = select i1 %icmp_ln155, i11 %tmp_s, i11 %tmp_1" [../denoiser_c_to_hls/denoiser.cpp:153]   --->   Operation 120 'select' 'select_ln153_9' <Predicate = (!icmp_ln153)> <Delay = 0.00> <CoreInst = "Sel">   --->   Core 73 'Sel' <Latency = 0> <II = 1> <Delay = 0.38> <FuncUnit> <Opcode : 'select'> <InPorts = 3> <OutPorts = 1>
ST_1 : Operation 121 [1/1] (0.00ns) (grouped into LUT with out node select_ln155_4)   --->   "%tmp_2 = partselect i11 @_ssdm_op_PartSelect.i11.i14.i32.i32, i14 %add_ln162_2, i32 3, i32 13" [../denoiser_c_to_hls/denoiser.cpp:162]   --->   Operation 121 'partselect' 'tmp_2' <Predicate = (!icmp_ln153)> <Delay = 0.00>
ST_1 : Operation 122 [1/1] (0.38ns) (out node of the LUT)   --->   "%select_ln155_4 = select i1 %or_ln153, i11 %select_ln153_9, i11 %tmp_2" [../denoiser_c_to_hls/denoiser.cpp:155]   --->   Operation 122 'select' 'select_ln155_4' <Predicate = (!icmp_ln153)> <Delay = 0.38> <CoreInst = "Sel">   --->   Core 73 'Sel' <Latency = 0> <II = 1> <Delay = 0.38> <FuncUnit> <Opcode : 'select'> <InPorts = 3> <OutPorts = 1>
ST_1 : Operation 123 [1/1] (0.00ns)   --->   "%trunc_ln = bitconcatenate i13 @_ssdm_op_BitConcatenate.i13.i11.i2, i11 %select_ln155_4, i2 %trunc_ln162" [../denoiser_c_to_hls/denoiser.cpp:162]   --->   Operation 123 'bitconcatenate' 'trunc_ln' <Predicate = (!icmp_ln153)> <Delay = 0.00>
ST_1 : Operation 124 [1/1] (0.00ns)   --->   "%sext_ln162_5 = sext i13 %trunc_ln" [../denoiser_c_to_hls/denoiser.cpp:162]   --->   Operation 124 'sext' 'sext_ln162_5' <Predicate = (!icmp_ln153)> <Delay = 0.00>
ST_1 : Operation 125 [1/1] (0.00ns)   --->   "%zext_ln162 = zext i14 %sext_ln162_5" [../denoiser_c_to_hls/denoiser.cpp:162]   --->   Operation 125 'zext' 'zext_ln162' <Predicate = (!icmp_ln153)> <Delay = 0.00>
ST_1 : Operation 126 [1/1] (0.00ns)   --->   "%d_addr = getelementptr i16 %d, i64 0, i64 %zext_ln162" [../denoiser_c_to_hls/denoiser.cpp:162]   --->   Operation 126 'getelementptr' 'd_addr' <Predicate = (!icmp_ln153)> <Delay = 0.00>
ST_1 : Operation 127 [2/2] (1.23ns)   --->   "%val_V = load i14 %d_addr" [../denoiser_c_to_hls/denoiser.cpp:162]   --->   Operation 127 'load' 'val_V' <Predicate = (!icmp_ln153)> <Delay = 1.23> <CoreInst = "RAM">   --->   Core 83 'RAM' <Latency = 1> <II = 1> <Delay = 1.23> <Storage> <Opcode : 'load' 'store'> <Ports = 2> <Width = 16> <Depth = 12544> <RAM>
ST_1 : Operation 128 [1/1] (0.00ns)   --->   "%add_ln163_5 = bitconcatenate i5 @_ssdm_op_BitConcatenate.i5.i2.i3, i2 %trunc_ln162, i3 %select_ln155" [../denoiser_c_to_hls/denoiser.cpp:163]   --->   Operation 128 'bitconcatenate' 'add_ln163_5' <Predicate = (!icmp_ln153)> <Delay = 0.00>
ST_1 : Operation 129 [1/1] (0.00ns)   --->   "%zext_ln163 = zext i5 %add_ln163_5" [../denoiser_c_to_hls/denoiser.cpp:163]   --->   Operation 129 'zext' 'zext_ln163' <Predicate = (!icmp_ln153)> <Delay = 0.00>
ST_1 : Operation 130 [1/1] (0.00ns) (grouped into TernaryAdder)   --->   "%add_ln163 = add i6 %sext_ln153, i6 %zext_ln163" [../denoiser_c_to_hls/denoiser.cpp:163]   --->   Operation 130 'add' 'add_ln163' <Predicate = (!icmp_ln153)> <Delay = 0.00> <CoreInst = "TAddSub">   --->   Core 10 'TAddSub' <Latency = 0> <II = 1> <Delay = 0.38> <IPBlock> <Opcode : 'add' 'sub'> <InPorts = 3> <OutPorts = 1> <Sync> <CReg>
ST_1 : Operation 131 [1/1] (0.76ns) (root node of TernaryAdder)   --->   "%add_ln163_1 = add i6 %add_ln163, i6 %zext_ln155_1" [../denoiser_c_to_hls/denoiser.cpp:163]   --->   Operation 131 'add' 'add_ln163_1' <Predicate = (!icmp_ln153)> <Delay = 0.76> <CoreInst = "TAddSub">   --->   Core 10 'TAddSub' <Latency = 0> <II = 1> <Delay = 0.38> <IPBlock> <Opcode : 'add' 'sub'> <InPorts = 3> <OutPorts = 1> <Sync> <CReg>
ST_1 : Operation 132 [1/1] (0.00ns)   --->   "%zext_ln1271 = zext i6 %add_ln163_1"   --->   Operation 132 'zext' 'zext_ln1271' <Predicate = (!icmp_ln153)> <Delay = 0.00>
ST_1 : Operation 133 [1/1] (0.00ns)   --->   "%conv_out_kernel_V_addr = getelementptr i11 %conv_out_kernel_V, i64 0, i64 %zext_ln1271"   --->   Operation 133 'getelementptr' 'conv_out_kernel_V_addr' <Predicate = (!icmp_ln153)> <Delay = 0.00>
ST_1 : Operation 134 [2/2] (0.67ns)   --->   "%conv_out_kernel_V_load = load i6 %conv_out_kernel_V_addr"   --->   Operation 134 'load' 'conv_out_kernel_V_load' <Predicate = (!icmp_ln153)> <Delay = 0.67> <CoreInst = "ROM">   --->   Core 101 'ROM' <Latency = 1> <II = 1> <Delay = 0.67> <Storage> <Opcode : 'load'> <Ports = 0> <Width = 11> <Depth = 36> <ROM>
ST_1 : Operation 135 [1/1] (0.00ns)   --->   "%or_ln162 = or i3 %shl_ln162, i3 2" [../denoiser_c_to_hls/denoiser.cpp:162]   --->   Operation 135 'or' 'or_ln162' <Predicate = (!icmp_ln153)> <Delay = 0.00>
ST_1 : Operation 136 [1/1] (0.00ns)   --->   "%tmp_3 = partselect i2 @_ssdm_op_PartSelect.i2.i3.i32.i32, i3 %or_ln162, i32 1, i32 2" [../denoiser_c_to_hls/denoiser.cpp:162]   --->   Operation 136 'partselect' 'tmp_3' <Predicate = (!icmp_ln153)> <Delay = 0.00>
ST_1 : Operation 137 [1/1] (0.00ns)   --->   "%trunc_ln162_1 = bitconcatenate i13 @_ssdm_op_BitConcatenate.i13.i11.i2, i11 %select_ln155_4, i2 %tmp_3" [../denoiser_c_to_hls/denoiser.cpp:162]   --->   Operation 137 'bitconcatenate' 'trunc_ln162_1' <Predicate = (!icmp_ln153)> <Delay = 0.00>
ST_1 : Operation 138 [1/1] (0.00ns)   --->   "%sext_ln162_6 = sext i13 %trunc_ln162_1" [../denoiser_c_to_hls/denoiser.cpp:162]   --->   Operation 138 'sext' 'sext_ln162_6' <Predicate = (!icmp_ln153)> <Delay = 0.00>
ST_1 : Operation 139 [1/1] (0.00ns)   --->   "%zext_ln162_1 = zext i14 %sext_ln162_6" [../denoiser_c_to_hls/denoiser.cpp:162]   --->   Operation 139 'zext' 'zext_ln162_1' <Predicate = (!icmp_ln153)> <Delay = 0.00>
ST_1 : Operation 140 [1/1] (0.00ns)   --->   "%d_addr_1 = getelementptr i16 %d, i64 0, i64 %zext_ln162_1" [../denoiser_c_to_hls/denoiser.cpp:162]   --->   Operation 140 'getelementptr' 'd_addr_1' <Predicate = (!icmp_ln153)> <Delay = 0.00>
ST_1 : Operation 141 [2/2] (1.23ns)   --->   "%val_V_7 = load i14 %d_addr_1" [../denoiser_c_to_hls/denoiser.cpp:162]   --->   Operation 141 'load' 'val_V_7' <Predicate = (!icmp_ln153)> <Delay = 1.23> <CoreInst = "RAM">   --->   Core 83 'RAM' <Latency = 1> <II = 1> <Delay = 1.23> <Storage> <Opcode : 'load' 'store'> <Ports = 2> <Width = 16> <Depth = 12544> <RAM>
ST_1 : Operation 142 [1/1] (0.00ns) (grouped into LUT with out node add_ln163_3)   --->   "%or_ln163 = or i5 %add_ln163_5, i5 9" [../denoiser_c_to_hls/denoiser.cpp:163]   --->   Operation 142 'or' 'or_ln163' <Predicate = (!icmp_ln153)> <Delay = 0.00>
ST_1 : Operation 143 [1/1] (0.00ns) (grouped into LUT with out node add_ln163_3)   --->   "%or_ln2 = bitconcatenate i6 @_ssdm_op_BitConcatenate.i6.i1.i5, i1 0, i5 %or_ln163" [../denoiser_c_to_hls/denoiser.cpp:163]   --->   Operation 143 'bitconcatenate' 'or_ln2' <Predicate = (!icmp_ln153)> <Delay = 0.00>
ST_1 : Operation 144 [1/1] (0.78ns) (out node of the LUT)   --->   "%add_ln163_3 = add i6 %or_ln2, i6 %sext_ln155" [../denoiser_c_to_hls/denoiser.cpp:163]   --->   Operation 144 'add' 'add_ln163_3' <Predicate = (!icmp_ln153)> <Delay = 0.78> <CoreInst = "Adder">   --->   Core 1 'Adder' <Latency = 0> <II = 1> <Delay = 0.78> <FuncUnit> <Opcode : 'add' 'sub'> <InPorts = 2> <OutPorts = 1>
ST_1 : Operation 145 [1/1] (0.67ns)   --->   "%add_ln157 = add i3 %select_ln155, i3 2" [../denoiser_c_to_hls/denoiser.cpp:157]   --->   Operation 145 'add' 'add_ln157' <Predicate = (!icmp_ln153)> <Delay = 0.67> <CoreInst = "Adder">   --->   Core 1 'Adder' <Latency = 0> <II = 1> <Delay = 0.67> <FuncUnit> <Opcode : 'add' 'sub'> <InPorts = 2> <OutPorts = 1>
ST_1 : Operation 146 [1/1] (0.79ns)   --->   "%add_ln155_1 = add i4 %indvar_flatten328_load, i4 1" [../denoiser_c_to_hls/denoiser.cpp:155]   --->   Operation 146 'add' 'add_ln155_1' <Predicate = (!icmp_ln153)> <Delay = 0.79> <CoreInst = "Adder">   --->   Core 1 'Adder' <Latency = 0> <II = 1> <Delay = 0.79> <FuncUnit> <Opcode : 'add' 'sub'> <InPorts = 2> <OutPorts = 1>
ST_1 : Operation 147 [1/1] (0.39ns)   --->   "%select_ln155_5 = select i1 %icmp_ln155, i4 1, i4 %add_ln155_1" [../denoiser_c_to_hls/denoiser.cpp:155]   --->   Operation 147 'select' 'select_ln155_5' <Predicate = (!icmp_ln153)> <Delay = 0.39> <CoreInst = "Sel">   --->   Core 73 'Sel' <Latency = 0> <II = 1> <Delay = 0.39> <FuncUnit> <Opcode : 'select'> <InPorts = 3> <OutPorts = 1>
ST_1 : Operation 148 [1/1] (0.42ns)   --->   "%store_ln157 = store i5 %add_ln153_1, i5 %indvar_flatten386" [../denoiser_c_to_hls/denoiser.cpp:157]   --->   Operation 148 'store' 'store_ln157' <Predicate = (!icmp_ln153)> <Delay = 0.42>
ST_1 : Operation 149 [1/1] (0.42ns)   --->   "%store_ln157 = store i2 %select_ln153_8, i2 %i" [../denoiser_c_to_hls/denoiser.cpp:157]   --->   Operation 149 'store' 'store_ln157' <Predicate = (!icmp_ln153)> <Delay = 0.42>
ST_1 : Operation 150 [1/1] (0.42ns)   --->   "%store_ln157 = store i4 %select_ln155_5, i4 %indvar_flatten328" [../denoiser_c_to_hls/denoiser.cpp:157]   --->   Operation 150 'store' 'store_ln157' <Predicate = (!icmp_ln153)> <Delay = 0.42>
ST_1 : Operation 151 [1/1] (0.42ns)   --->   "%store_ln157 = store i2 %select_ln155_1, i2 %j" [../denoiser_c_to_hls/denoiser.cpp:157]   --->   Operation 151 'store' 'store_ln157' <Predicate = (!icmp_ln153)> <Delay = 0.42>
ST_1 : Operation 152 [1/1] (0.42ns)   --->   "%store_ln157 = store i3 %add_ln157, i3 %k" [../denoiser_c_to_hls/denoiser.cpp:157]   --->   Operation 152 'store' 'store_ln157' <Predicate = (!icmp_ln153)> <Delay = 0.42>

State 2 <SV = 1> <Delay = 2.59>
ST_2 : Operation 153 [1/2] (1.23ns)   --->   "%val_V = load i14 %d_addr" [../denoiser_c_to_hls/denoiser.cpp:162]   --->   Operation 153 'load' 'val_V' <Predicate = (!icmp_ln153)> <Delay = 1.23> <CoreInst = "RAM">   --->   Core 83 'RAM' <Latency = 1> <II = 1> <Delay = 1.23> <Storage> <Opcode : 'load' 'store'> <Ports = 2> <Width = 16> <Depth = 12544> <RAM>
ST_2 : Operation 154 [1/1] (0.35ns)   --->   "%val_V_9 = select i1 %select_ln155_2, i16 0, i16 %val_V" [../denoiser_c_to_hls/denoiser.cpp:155]   --->   Operation 154 'select' 'val_V_9' <Predicate = (!icmp_ln153)> <Delay = 0.35> <CoreInst = "Sel">   --->   Core 73 'Sel' <Latency = 0> <II = 1> <Delay = 0.35> <FuncUnit> <Opcode : 'select'> <InPorts = 3> <OutPorts = 1>
ST_2 : Operation 155 [1/1] (0.00ns)   --->   "%sext_ln1347 = sext i16 %val_V_9"   --->   Operation 155 'sext' 'sext_ln1347' <Predicate = (!icmp_ln153)> <Delay = 0.00>
ST_2 : Operation 156 [1/2] (0.67ns)   --->   "%conv_out_kernel_V_load = load i6 %conv_out_kernel_V_addr"   --->   Operation 156 'load' 'conv_out_kernel_V_load' <Predicate = (!icmp_ln153)> <Delay = 0.67> <CoreInst = "ROM">   --->   Core 101 'ROM' <Latency = 1> <II = 1> <Delay = 0.67> <Storage> <Opcode : 'load'> <Ports = 0> <Width = 11> <Depth = 36> <ROM>
ST_2 : Operation 157 [1/1] (0.00ns)   --->   "%sext_ln1347_1 = sext i11 %conv_out_kernel_V_load"   --->   Operation 157 'sext' 'sext_ln1347_1' <Predicate = (!icmp_ln153)> <Delay = 0.00>
ST_2 : Operation 158 [3/3] (0.99ns) (grouped into DSP with root node ret_V)   --->   "%mul_ln1347 = mul i26 %sext_ln1347_1, i26 %sext_ln1347"   --->   Operation 158 'mul' 'mul_ln1347' <Predicate = (!icmp_ln153)> <Delay = 0.99> <CoreInst = "DSP48">   --->   Core 127 'DSP48' <Latency = 3> <II = 1> <Delay = 0.53> <IPBlock> <Opcode : 'mul' 'add' 'sub' 'select'> <InPorts = 0> <OutPorts = 1> <Sync> <CReg>
ST_2 : Operation 159 [1/2] (1.23ns)   --->   "%val_V_7 = load i14 %d_addr_1" [../denoiser_c_to_hls/denoiser.cpp:162]   --->   Operation 159 'load' 'val_V_7' <Predicate = (!icmp_ln153)> <Delay = 1.23> <CoreInst = "RAM">   --->   Core 83 'RAM' <Latency = 1> <II = 1> <Delay = 1.23> <Storage> <Opcode : 'load' 'store'> <Ports = 2> <Width = 16> <Depth = 12544> <RAM>
ST_2 : Operation 160 [1/1] (0.35ns)   --->   "%val_V_10 = select i1 %select_ln155_2, i16 0, i16 %val_V_7" [../denoiser_c_to_hls/denoiser.cpp:155]   --->   Operation 160 'select' 'val_V_10' <Predicate = (!icmp_ln153)> <Delay = 0.35> <CoreInst = "Sel">   --->   Core 73 'Sel' <Latency = 0> <II = 1> <Delay = 0.35> <FuncUnit> <Opcode : 'select'> <InPorts = 3> <OutPorts = 1>
ST_2 : Operation 161 [1/1] (0.00ns)   --->   "%zext_ln1271_2 = zext i6 %add_ln163_3"   --->   Operation 161 'zext' 'zext_ln1271_2' <Predicate = (!icmp_ln153)> <Delay = 0.00>
ST_2 : Operation 162 [1/1] (0.00ns)   --->   "%conv_out_kernel_V_addr_1 = getelementptr i11 %conv_out_kernel_V, i64 0, i64 %zext_ln1271_2"   --->   Operation 162 'getelementptr' 'conv_out_kernel_V_addr_1' <Predicate = (!icmp_ln153)> <Delay = 0.00>
ST_2 : Operation 163 [2/2] (0.67ns)   --->   "%conv_out_kernel_V_load_1 = load i6 %conv_out_kernel_V_addr_1"   --->   Operation 163 'load' 'conv_out_kernel_V_load_1' <Predicate = (!icmp_ln153)> <Delay = 0.67> <CoreInst = "ROM">   --->   Core 101 'ROM' <Latency = 1> <II = 1> <Delay = 0.67> <Storage> <Opcode : 'load'> <Ports = 0> <Width = 11> <Depth = 36> <ROM>

State 3 <SV = 2> <Delay = 1.67>
ST_3 : Operation 164 [2/3] (0.99ns) (grouped into DSP with root node ret_V)   --->   "%mul_ln1347 = mul i26 %sext_ln1347_1, i26 %sext_ln1347"   --->   Operation 164 'mul' 'mul_ln1347' <Predicate = true> <Delay = 0.99> <CoreInst = "DSP48">   --->   Core 127 'DSP48' <Latency = 3> <II = 1> <Delay = 0.53> <IPBlock> <Opcode : 'mul' 'add' 'sub' 'select'> <InPorts = 0> <OutPorts = 1> <Sync> <CReg>
ST_3 : Operation 165 [1/1] (0.00ns)   --->   "%sext_ln1347_2 = sext i16 %val_V_10"   --->   Operation 165 'sext' 'sext_ln1347_2' <Predicate = true> <Delay = 0.00>
ST_3 : Operation 166 [1/2] (0.67ns)   --->   "%conv_out_kernel_V_load_1 = load i6 %conv_out_kernel_V_addr_1"   --->   Operation 166 'load' 'conv_out_kernel_V_load_1' <Predicate = true> <Delay = 0.67> <CoreInst = "ROM">   --->   Core 101 'ROM' <Latency = 1> <II = 1> <Delay = 0.67> <Storage> <Opcode : 'load'> <Ports = 0> <Width = 11> <Depth = 36> <ROM>
ST_3 : Operation 167 [1/1] (0.00ns)   --->   "%sext_ln1347_3 = sext i11 %conv_out_kernel_V_load_1"   --->   Operation 167 'sext' 'sext_ln1347_3' <Predicate = true> <Delay = 0.00>
ST_3 : Operation 168 [3/3] (0.99ns) (grouped into DSP with root node ret_V_2)   --->   "%mul_ln1347_1 = mul i26 %sext_ln1347_3, i26 %sext_ln1347_2"   --->   Operation 168 'mul' 'mul_ln1347_1' <Predicate = true> <Delay = 0.99> <CoreInst = "DSP48">   --->   Core 127 'DSP48' <Latency = 3> <II = 1> <Delay = 0.53> <IPBlock> <Opcode : 'mul' 'add' 'sub' 'select'> <InPorts = 0> <OutPorts = 1> <Sync> <CReg>

State 4 <SV = 3> <Delay = 0.99>
ST_4 : Operation 169 [1/1] (0.00ns)   --->   "%lhs_load_2 = load i16 %lhs"   --->   Operation 169 'load' 'lhs_load_2' <Predicate = true> <Delay = 0.00>
ST_4 : Operation 170 [1/3] (0.00ns) (grouped into DSP with root node ret_V)   --->   "%mul_ln1347 = mul i26 %sext_ln1347_1, i26 %sext_ln1347"   --->   Operation 170 'mul' 'mul_ln1347' <Predicate = true> <Delay = 0.00> <CoreInst = "DSP48">   --->   Core 127 'DSP48' <Latency = 3> <II = 1> <Delay = 0.53> <IPBlock> <Opcode : 'mul' 'add' 'sub' 'select'> <InPorts = 0> <OutPorts = 1> <Sync> <CReg>
ST_4 : Operation 171 [1/1] (0.00ns)   --->   "%lhs_4 = bitconcatenate i26 @_ssdm_op_BitConcatenate.i26.i16.i10, i16 %lhs_load_2, i10 0"   --->   Operation 171 'bitconcatenate' 'lhs_4' <Predicate = true> <Delay = 0.00>
ST_4 : Operation 172 [2/2] (0.64ns) (root node of the DSP)   --->   "%ret_V = add i26 %lhs_4, i26 %mul_ln1347"   --->   Operation 172 'add' 'ret_V' <Predicate = true> <Delay = 0.64> <CoreInst = "DSP48">   --->   Core 127 'DSP48' <Latency = 3> <II = 1> <Delay = 0.53> <IPBlock> <Opcode : 'mul' 'add' 'sub' 'select'> <InPorts = 0> <OutPorts = 1> <Sync> <CReg>
ST_4 : Operation 173 [2/3] (0.99ns) (grouped into DSP with root node ret_V_2)   --->   "%mul_ln1347_1 = mul i26 %sext_ln1347_3, i26 %sext_ln1347_2"   --->   Operation 173 'mul' 'mul_ln1347_1' <Predicate = true> <Delay = 0.99> <CoreInst = "DSP48">   --->   Core 127 'DSP48' <Latency = 3> <II = 1> <Delay = 0.53> <IPBlock> <Opcode : 'mul' 'add' 'sub' 'select'> <InPorts = 0> <OutPorts = 1> <Sync> <CReg>
ST_4 : Operation 189 [1/1] (0.00ns)   --->   "%lhs_load = load i16 %lhs"   --->   Operation 189 'load' 'lhs_load' <Predicate = (icmp_ln153)> <Delay = 0.00>
ST_4 : Operation 190 [1/1] (0.00ns)   --->   "%write_ln0 = write void @_ssdm_op_Write.ap_auto.i16P0A, i16 %s_V_18_out, i16 %lhs_load"   --->   Operation 190 'write' 'write_ln0' <Predicate = (icmp_ln153)> <Delay = 0.00>
ST_4 : Operation 191 [1/1] (0.00ns)   --->   "%ret_ln0 = ret"   --->   Operation 191 'ret' 'ret_ln0' <Predicate = (icmp_ln153)> <Delay = 0.00>

State 5 <SV = 4> <Delay = 1.29>
ST_5 : Operation 174 [1/2] (0.64ns) (root node of the DSP)   --->   "%ret_V = add i26 %lhs_4, i26 %mul_ln1347"   --->   Operation 174 'add' 'ret_V' <Predicate = true> <Delay = 0.64> <CoreInst = "DSP48">   --->   Core 127 'DSP48' <Latency = 3> <II = 1> <Delay = 0.53> <IPBlock> <Opcode : 'mul' 'add' 'sub' 'select'> <InPorts = 0> <OutPorts = 1> <Sync> <CReg>
ST_5 : Operation 175 [1/3] (0.00ns) (grouped into DSP with root node ret_V_2)   --->   "%mul_ln1347_1 = mul i26 %sext_ln1347_3, i26 %sext_ln1347_2"   --->   Operation 175 'mul' 'mul_ln1347_1' <Predicate = true> <Delay = 0.00> <CoreInst = "DSP48">   --->   Core 127 'DSP48' <Latency = 3> <II = 1> <Delay = 0.53> <IPBlock> <Opcode : 'mul' 'add' 'sub' 'select'> <InPorts = 0> <OutPorts = 1> <Sync> <CReg>
ST_5 : Operation 176 [1/1] (0.00ns)   --->   "%tmp_4 = partselect i16 @_ssdm_op_PartSelect.i16.i26.i32.i32, i26 %ret_V, i32 10, i32 25"   --->   Operation 176 'partselect' 'tmp_4' <Predicate = true> <Delay = 0.00>
ST_5 : Operation 177 [1/1] (0.00ns)   --->   "%lhs_5 = bitconcatenate i26 @_ssdm_op_BitConcatenate.i26.i16.i10, i16 %tmp_4, i10 0"   --->   Operation 177 'bitconcatenate' 'lhs_5' <Predicate = true> <Delay = 0.00>
ST_5 : Operation 178 [2/2] (0.64ns) (root node of the DSP)   --->   "%ret_V_2 = add i26 %lhs_5, i26 %mul_ln1347_1"   --->   Operation 178 'add' 'ret_V_2' <Predicate = true> <Delay = 0.64> <CoreInst = "DSP48">   --->   Core 127 'DSP48' <Latency = 3> <II = 1> <Delay = 0.53> <IPBlock> <Opcode : 'mul' 'add' 'sub' 'select'> <InPorts = 0> <OutPorts = 1> <Sync> <CReg>

State 6 <SV = 5> <Delay = 1.07>
ST_6 : Operation 179 [1/1] (0.00ns)   --->   "%specloopname_ln0 = specloopname void @_ssdm_op_SpecLoopName, void @loop_kh_out_loop_kw_out_loop_ic_out_str"   --->   Operation 179 'specloopname' 'specloopname_ln0' <Predicate = true> <Delay = 0.00>
ST_6 : Operation 180 [1/1] (0.00ns)   --->   "%empty_68 = speclooptripcount i32 @_ssdm_op_SpecLoopTripCount, i64 18, i64 18, i64 18"   --->   Operation 180 'speclooptripcount' 'empty_68' <Predicate = true> <Delay = 0.00>
ST_6 : Operation 181 [1/1] (0.00ns)   --->   "%specpipeline_ln0 = specpipeline void @_ssdm_op_SpecPipeline, i32 4294967295, i32 0, i32 1, i32 0, void @p_str"   --->   Operation 181 'specpipeline' 'specpipeline_ln0' <Predicate = true> <Delay = 0.00>
ST_6 : Operation 182 [1/1] (0.00ns)   --->   "%specloopname_ln0 = specloopname void @_ssdm_op_SpecLoopName, void @loop_kw_out_loop_ic_out_str"   --->   Operation 182 'specloopname' 'specloopname_ln0' <Predicate = true> <Delay = 0.00>
ST_6 : Operation 183 [1/1] (0.00ns)   --->   "%specpipeline_ln0 = specpipeline void @_ssdm_op_SpecPipeline, i32 4294967295, i32 0, i32 1, i32 0, void @p_str"   --->   Operation 183 'specpipeline' 'specpipeline_ln0' <Predicate = true> <Delay = 0.00>
ST_6 : Operation 184 [1/1] (0.00ns)   --->   "%specloopname_ln151 = specloopname void @_ssdm_op_SpecLoopName, void @empty_9" [../denoiser_c_to_hls/denoiser.cpp:151]   --->   Operation 184 'specloopname' 'specloopname_ln151' <Predicate = true> <Delay = 0.00>
ST_6 : Operation 185 [1/2] (0.64ns) (root node of the DSP)   --->   "%ret_V_2 = add i26 %lhs_5, i26 %mul_ln1347_1"   --->   Operation 185 'add' 'ret_V_2' <Predicate = true> <Delay = 0.64> <CoreInst = "DSP48">   --->   Core 127 'DSP48' <Latency = 3> <II = 1> <Delay = 0.53> <IPBlock> <Opcode : 'mul' 'add' 'sub' 'select'> <InPorts = 0> <OutPorts = 1> <Sync> <CReg>
ST_6 : Operation 186 [1/1] (0.00ns)   --->   "%s_V = partselect i16 @_ssdm_op_PartSelect.i16.i26.i32.i32, i26 %ret_V_2, i32 10, i32 25"   --->   Operation 186 'partselect' 's_V' <Predicate = true> <Delay = 0.00>
ST_6 : Operation 187 [1/1] (0.42ns)   --->   "%store_ln157 = store i16 %s_V, i16 %lhs" [../denoiser_c_to_hls/denoiser.cpp:157]   --->   Operation 187 'store' 'store_ln157' <Predicate = true> <Delay = 0.42>
ST_6 : Operation 188 [1/1] (0.00ns)   --->   "%br_ln157 = br void %for.body17.i69" [../denoiser_c_to_hls/denoiser.cpp:157]   --->   Operation 188 'br' 'br_ln157' <Predicate = true> <Delay = 0.00>


============================================================
+ Verbose Summary: Binding
============================================================
STG Binding: 
---------------- STG Properties BEGIN ----------------
- Is combinational: 0
- Is one-state seq: 0
- Is datapath-only: 0
- Is pipelined: 0
- Is top level: 0
Port [ Return ] is wired: 1; IO mode=ap_ctrl_hs:ce=0
Port [ select_ln147_1]:  wired=1; compound=0; hidden=0; nouse=0; global=0; static=0; extern=0; dir=0; type=0; pingpong=0; private_global=0; IO mode=ap_none:ce=0
Port [ select_ln147]:  wired=1; compound=0; hidden=0; nouse=0; global=0; static=0; extern=0; dir=0; type=0; pingpong=0; private_global=0; IO mode=ap_none:ce=0
Port [ cmp23_i72_not_mid1364]:  wired=1; compound=0; hidden=0; nouse=0; global=0; static=0; extern=0; dir=0; type=0; pingpong=0; private_global=0; IO mode=ap_none:ce=0
Port [ cmp25_i74_not_mid1366]:  wired=1; compound=0; hidden=0; nouse=0; global=0; static=0; extern=0; dir=0; type=0; pingpong=0; private_global=0; IO mode=ap_none:ce=0
Port [ sext_ln162_1]:  wired=1; compound=0; hidden=0; nouse=0; global=0; static=0; extern=0; dir=0; type=0; pingpong=0; private_global=0; IO mode=ap_none:ce=0
Port [ d]:  wired=1; compound=1; hidden=0; nouse=0; global=0; static=0; extern=0; dir=0; type=1; pingpong=0; private_global=0; MemPort=[11]; IO mode=ap_memory:ce=0
Port [ s_V_18_out]:  wired=1; compound=0; hidden=0; nouse=0; global=0; static=0; extern=0; dir=1; type=0; pingpong=0; private_global=0; IO mode=ap_vld:ce=0
Port [ conv_out_kernel_V]:  wired=0; compound=1; hidden=1; nouse=0; global=1; static=1; extern=0; dir=0; type=1; pingpong=0; private_global=1; MemPort=[1]; IO mode=ap_memory:ce=0
---------------- STG Properties END ------------------

---------------- Datapath Model BEGIN ----------------

<LifeTime>
<method=bitvector/>
lhs                        (alloca                ) [ 0111111]
k                          (alloca                ) [ 0100000]
j                          (alloca                ) [ 0100000]
indvar_flatten328          (alloca                ) [ 0100000]
i                          (alloca                ) [ 0100000]
indvar_flatten386          (alloca                ) [ 0100000]
specbramwithbyteenable_ln0 (specbramwithbyteenable) [ 0000000]
sext_ln162_1_read          (read                  ) [ 0000000]
cmp25_i74_not_mid1366_read (read                  ) [ 0000000]
cmp23_i72_not_mid1364_read (read                  ) [ 0000000]
select_ln147_read          (read                  ) [ 0000000]
select_ln147_1_read        (read                  ) [ 0000000]
sext_ln162_1_cast          (sext                  ) [ 0000000]
store_ln0                  (store                 ) [ 0000000]
store_ln0                  (store                 ) [ 0000000]
store_ln0                  (store                 ) [ 0000000]
store_ln0                  (store                 ) [ 0000000]
store_ln0                  (store                 ) [ 0000000]
store_ln0                  (store                 ) [ 0000000]
br_ln0                     (br                    ) [ 0000000]
j_2                        (load                  ) [ 0000000]
i_1                        (load                  ) [ 0000000]
indvar_flatten386_load     (load                  ) [ 0000000]
zext_ln153                 (zext                  ) [ 0000000]
empty                      (add                   ) [ 0000000]
p_cast114                  (zext                  ) [ 0000000]
empty_64                   (add                   ) [ 0000000]
p_shl2                     (bitconcatenate        ) [ 0000000]
p_shl30_cast               (zext                  ) [ 0000000]
empty_65                   (sub                   ) [ 0000000]
cmp20_i68_not              (icmp                  ) [ 0000000]
cmp21_i70_not              (icmp                  ) [ 0000000]
shl_ln162_1                (bitconcatenate        ) [ 0000000]
shl_ln162_2                (bitconcatenate        ) [ 0000000]
sext_ln162                 (sext                  ) [ 0000000]
sub_ln162                  (sub                   ) [ 0000000]
zext_ln155                 (zext                  ) [ 0000000]
empty_66                   (add                   ) [ 0000000]
p_cast125                  (zext                  ) [ 0000000]
empty_67                   (add                   ) [ 0000000]
cmp23_i72_not              (icmp                  ) [ 0000000]
cmp25_i74_not              (icmp                  ) [ 0000000]
tmp59                      (or                    ) [ 0000000]
tmp60                      (or                    ) [ 0000000]
brmerge98                  (or                    ) [ 0000000]
shl_ln4                    (bitconcatenate        ) [ 0000000]
sext_ln162_2               (sext                  ) [ 0000000]
add_ln162                  (add                   ) [ 0000000]
add_ln163_2                (add                   ) [ 0000000]
specpipeline_ln0           (specpipeline          ) [ 0000000]
icmp_ln153                 (icmp                  ) [ 0111100]
add_ln153_1                (add                   ) [ 0000000]
br_ln153                   (br                    ) [ 0000000]
k_load                     (load                  ) [ 0000000]
indvar_flatten328_load     (load                  ) [ 0000000]
add_ln153                  (add                   ) [ 0000000]
icmp_ln155                 (icmp                  ) [ 0000000]
select_ln153               (select                ) [ 0000000]
select_ln153_1             (select                ) [ 0000000]
zext_ln153_1               (zext                  ) [ 0000000]
p_mid1346                  (add                   ) [ 0000000]
p_cast114_mid1             (zext                  ) [ 0000000]
p_mid1348                  (add                   ) [ 0000000]
p_shl30_mid1               (bitconcatenate        ) [ 0000000]
p_shl30_cast_mid1          (zext                  ) [ 0000000]
p_mid1350                  (sub                   ) [ 0000000]
select_ln153_2             (select                ) [ 0000000]
sext_ln153                 (sext                  ) [ 0000000]
cmp20_i68_not_mid1         (icmp                  ) [ 0000000]
select_ln153_3             (select                ) [ 0000000]
cmp21_i70_not_mid1         (icmp                  ) [ 0000000]
select_ln153_4             (select                ) [ 0000000]
shl_ln162_1_mid1           (bitconcatenate        ) [ 0000000]
shl_ln162_2_mid1           (bitconcatenate        ) [ 0000000]
sext_ln162_3               (sext                  ) [ 0000000]
sub_ln162_1                (sub                   ) [ 0000000]
select_ln153_5             (select                ) [ 0000000]
tmp59_mid1368              (or                    ) [ 0000000]
tmp60_mid1370              (or                    ) [ 0000000]
brmerge98_mid1372          (or                    ) [ 0000000]
select_ln153_6             (select                ) [ 0000000]
add_ln162_1                (add                   ) [ 0000000]
select_ln153_7             (select                ) [ 0000000]
tmp                        (bitselect             ) [ 0000000]
xor_ln157                  (xor                   ) [ 0000000]
or_ln153                   (or                    ) [ 0000000]
select_ln153_8             (select                ) [ 0000000]
add_ln155                  (add                   ) [ 0000000]
select_ln155               (select                ) [ 0000000]
select_ln155_1             (select                ) [ 0000000]
zext_ln155_1               (zext                  ) [ 0000000]
zext_ln155_2               (zext                  ) [ 0000000]
p_mid1324                  (add                   ) [ 0000000]
p_cast125_mid1             (zext                  ) [ 0000000]
p_mid1326                  (add                   ) [ 0000000]
cmp23_i72_not_mid1         (icmp                  ) [ 0000000]
cmp25_i74_not_mid1         (icmp                  ) [ 0000000]
tmp59_mid1                 (or                    ) [ 0000000]
tmp60_mid1                 (or                    ) [ 0000000]
brmerge98_mid1             (or                    ) [ 0000000]
select_ln155_2             (select                ) [ 0010000]
shl_ln162_mid1             (bitconcatenate        ) [ 0000000]
sext_ln162_4               (sext                  ) [ 0000000]
add_ln162_2                (add                   ) [ 0000000]
add_ln163_4                (add                   ) [ 0000000]
select_ln155_3             (select                ) [ 0000000]
sext_ln155                 (sext                  ) [ 0000000]
trunc_ln162                (trunc                 ) [ 0000000]
shl_ln162                  (shl                   ) [ 0000000]
tmp_s                      (partselect            ) [ 0000000]
tmp_1                      (partselect            ) [ 0000000]
select_ln153_9             (select                ) [ 0000000]
tmp_2                      (partselect            ) [ 0000000]
select_ln155_4             (select                ) [ 0000000]
trunc_ln                   (bitconcatenate        ) [ 0000000]
sext_ln162_5               (sext                  ) [ 0000000]
zext_ln162                 (zext                  ) [ 0000000]
d_addr                     (getelementptr         ) [ 0010000]
add_ln163_5                (bitconcatenate        ) [ 0000000]
zext_ln163                 (zext                  ) [ 0000000]
add_ln163                  (add                   ) [ 0000000]
add_ln163_1                (add                   ) [ 0000000]
zext_ln1271                (zext                  ) [ 0000000]
conv_out_kernel_V_addr     (getelementptr         ) [ 0010000]
or_ln162                   (or                    ) [ 0000000]
tmp_3                      (partselect            ) [ 0000000]
trunc_ln162_1              (bitconcatenate        ) [ 0000000]
sext_ln162_6               (sext                  ) [ 0000000]
zext_ln162_1               (zext                  ) [ 0000000]
d_addr_1                   (getelementptr         ) [ 0010000]
or_ln163                   (or                    ) [ 0000000]
or_ln2                     (bitconcatenate        ) [ 0000000]
add_ln163_3                (add                   ) [ 0010000]
add_ln157                  (add                   ) [ 0000000]
add_ln155_1                (add                   ) [ 0000000]
select_ln155_5             (select                ) [ 0000000]
store_ln157                (store                 ) [ 0000000]
store_ln157                (store                 ) [ 0000000]
store_ln157                (store                 ) [ 0000000]
store_ln157                (store                 ) [ 0000000]
store_ln157                (store                 ) [ 0000000]
val_V                      (load                  ) [ 0000000]
val_V_9                    (select                ) [ 0000000]
sext_ln1347                (sext                  ) [ 0111100]
conv_out_kernel_V_load     (load                  ) [ 0000000]
sext_ln1347_1              (sext                  ) [ 0111100]
val_V_7                    (load                  ) [ 0000000]
val_V_10                   (select                ) [ 0101000]
zext_ln1271_2              (zext                  ) [ 0000000]
conv_out_kernel_V_addr_1   (getelementptr         ) [ 0101000]
sext_ln1347_2              (sext                  ) [ 0110110]
conv_out_kernel_V_load_1   (load                  ) [ 0000000]
sext_ln1347_3              (sext                  ) [ 0110110]
lhs_load_2                 (load                  ) [ 0000000]
mul_ln1347                 (mul                   ) [ 0100010]
lhs_4                      (bitconcatenate        ) [ 0100010]
ret_V                      (add                   ) [ 0000000]
mul_ln1347_1               (mul                   ) [ 0010001]
tmp_4                      (partselect            ) [ 0000000]
lhs_5                      (bitconcatenate        ) [ 0010001]
specloopname_ln0           (specloopname          ) [ 0000000]
empty_68                   (speclooptripcount     ) [ 0000000]
specpipeline_ln0           (specpipeline          ) [ 0000000]
specloopname_ln0           (specloopname          ) [ 0000000]
specpipeline_ln0           (specpipeline          ) [ 0000000]
specloopname_ln151         (specloopname          ) [ 0000000]
ret_V_2                    (add                   ) [ 0000000]
s_V                        (partselect            ) [ 0000000]
store_ln157                (store                 ) [ 0000000]
br_ln157                   (br                    ) [ 0000000]
lhs_load                   (load                  ) [ 0000000]
write_ln0                  (write                 ) [ 0000000]
ret_ln0                    (ret                   ) [ 0000000]
</LifeTime>

<model>

<comp_list>
<comp id="0" class="1000" name="select_ln147_1">
<pin_list>
<pin id="1" dir="1" index="0" bw="1" slack="0"/>
</pin_list>
<bind>
<StgValue><ssdm name="select_ln147_1"/></StgValue>
</bind>
</comp>

<comp id="2" class="1000" name="select_ln147">
<pin_list>
<pin id="3" dir="1" index="0" bw="1" slack="0"/>
</pin_list>
<bind>
<StgValue><ssdm name="select_ln147"/></StgValue>
</bind>
</comp>

<comp id="4" class="1000" name="cmp23_i72_not_mid1364">
<pin_list>
<pin id="5" dir="1" index="0" bw="1" slack="0"/>
</pin_list>
<bind>
<StgValue><ssdm name="cmp23_i72_not_mid1364"/></StgValue>
</bind>
</comp>

<comp id="6" class="1000" name="cmp25_i74_not_mid1366">
<pin_list>
<pin id="7" dir="1" index="0" bw="1" slack="0"/>
</pin_list>
<bind>
<StgValue><ssdm name="cmp25_i74_not_mid1366"/></StgValue>
</bind>
</comp>

<comp id="8" class="1000" name="sext_ln162_1">
<pin_list>
<pin id="9" dir="1" index="0" bw="1" slack="0"/>
</pin_list>
<bind>
<StgValue><ssdm name="sext_ln162_1"/></StgValue>
</bind>
</comp>

<comp id="10" class="1000" name="d">
<pin_list>
<pin id="11" dir="1" index="0" bw="1" slack="0"/>
</pin_list>
<bind>
<StgValue><ssdm name="d"/><MemPortTyVec>1 1 </MemPortTyVec>
</StgValue>
</bind>
</comp>

<comp id="12" class="1000" name="s_V_18_out">
<pin_list>
<pin id="13" dir="1" index="0" bw="1" slack="0"/>
</pin_list>
<bind>
<StgValue><ssdm name="s_V_18_out"/></StgValue>
</bind>
</comp>

<comp id="14" class="1000" name="conv_out_kernel_V">
<pin_list>
<pin id="15" dir="1" index="0" bw="1" slack="0"/>
</pin_list>
<bind>
<StgValue><ssdm name="conv_out_kernel_V"/><MemPortTyVec>1 </MemPortTyVec>
</StgValue>
</bind>
</comp>

<comp id="16" class="1001" name="const_16">
<pin_list>
<pin id="17" dir="1" index="0" bw="1" slack="0"/>
</pin_list>
<bind>
<StgValue><ssdm name=""/></StgValue>
</bind>
</comp>

<comp id="18" class="1001" name="const_18">
<pin_list>
<pin id="19" dir="1" index="0" bw="1" slack="2147483647"/>
</pin_list>
<bind>
<StgValue><ssdm name="_ssdm_op_SpecBRAMWithByteEnable"/></StgValue>
</bind>
</comp>

<comp id="20" class="1001" name="const_20">
<pin_list>
<pin id="21" dir="1" index="0" bw="1" slack="0"/>
</pin_list>
<bind>
<StgValue><ssdm name="_ssdm_op_Read.ap_auto.i9"/></StgValue>
</bind>
</comp>

<comp id="22" class="1001" name="const_22">
<pin_list>
<pin id="23" dir="1" index="0" bw="1" slack="0"/>
</pin_list>
<bind>
<StgValue><ssdm name="_ssdm_op_Read.ap_auto.i1"/></StgValue>
</bind>
</comp>

<comp id="24" class="1001" name="const_24">
<pin_list>
<pin id="25" dir="1" index="0" bw="1" slack="0"/>
</pin_list>
<bind>
<StgValue><ssdm name="_ssdm_op_Read.ap_auto.i5"/></StgValue>
</bind>
</comp>

<comp id="26" class="1001" name="const_26">
<pin_list>
<pin id="27" dir="1" index="0" bw="1" slack="0"/>
</pin_list>
<bind>
<StgValue><ssdm name=""/></StgValue>
</bind>
</comp>

<comp id="28" class="1001" name="const_28">
<pin_list>
<pin id="29" dir="1" index="0" bw="1" slack="0"/>
</pin_list>
<bind>
<StgValue><ssdm name=""/></StgValue>
</bind>
</comp>

<comp id="30" class="1001" name="const_30">
<pin_list>
<pin id="31" dir="1" index="0" bw="1" slack="0"/>
</pin_list>
<bind>
<StgValue><ssdm name=""/></StgValue>
</bind>
</comp>

<comp id="32" class="1001" name="const_32">
<pin_list>
<pin id="33" dir="1" index="0" bw="1" slack="0"/>
</pin_list>
<bind>
<StgValue><ssdm name=""/></StgValue>
</bind>
</comp>

<comp id="34" class="1001" name="const_34">
<pin_list>
<pin id="35" dir="1" index="0" bw="1" slack="0"/>
</pin_list>
<bind>
<StgValue><ssdm name=""/></StgValue>
</bind>
</comp>

<comp id="36" class="1001" name="const_36">
<pin_list>
<pin id="37" dir="1" index="0" bw="1" slack="0"/>
</pin_list>
<bind>
<StgValue><ssdm name=""/></StgValue>
</bind>
</comp>

<comp id="38" class="1001" name="const_38">
<pin_list>
<pin id="39" dir="1" index="0" bw="1" slack="0"/>
</pin_list>
<bind>
<StgValue><ssdm name="_ssdm_op_BitConcatenate.i4.i2.i2"/></StgValue>
</bind>
</comp>

<comp id="40" class="1001" name="const_40">
<pin_list>
<pin id="41" dir="1" index="0" bw="1" slack="0"/>
</pin_list>
<bind>
<StgValue><ssdm name=""/></StgValue>
</bind>
</comp>

<comp id="42" class="1001" name="const_42">
<pin_list>
<pin id="43" dir="1" index="0" bw="1" slack="0"/>
</pin_list>
<bind>
<StgValue><ssdm name="_ssdm_op_BitConcatenate.i14.i6.i8"/></StgValue>
</bind>
</comp>

<comp id="44" class="1001" name="const_44">
<pin_list>
<pin id="45" dir="1" index="0" bw="1" slack="0"/>
</pin_list>
<bind>
<StgValue><ssdm name=""/></StgValue>
</bind>
</comp>

<comp id="46" class="1001" name="const_46">
<pin_list>
<pin id="47" dir="1" index="0" bw="1" slack="0"/>
</pin_list>
<bind>
<StgValue><ssdm name="_ssdm_op_BitConcatenate.i11.i6.i5"/></StgValue>
</bind>
</comp>

<comp id="48" class="1001" name="const_48">
<pin_list>
<pin id="49" dir="1" index="0" bw="1" slack="0"/>
</pin_list>
<bind>
<StgValue><ssdm name="_ssdm_op_BitConcatenate.i9.i6.i3"/></StgValue>
</bind>
</comp>

<comp id="50" class="1001" name="const_50">
<pin_list>
<pin id="51" dir="1" index="0" bw="1" slack="2147483647"/>
</pin_list>
<bind>
<StgValue><ssdm name="_ssdm_op_SpecPipeline"/></StgValue>
</bind>
</comp>

<comp id="52" class="1001" name="const_52">
<pin_list>
<pin id="53" dir="1" index="0" bw="1" slack="2147483647"/>
</pin_list>
<bind>
<StgValue><ssdm name=""/></StgValue>
</bind>
</comp>

<comp id="54" class="1001" name="const_54">
<pin_list>
<pin id="55" dir="1" index="0" bw="1" slack="2147483647"/>
</pin_list>
<bind>
<StgValue><ssdm name=""/></StgValue>
</bind>
</comp>

<comp id="56" class="1001" name="const_56">
<pin_list>
<pin id="57" dir="1" index="0" bw="1" slack="2147483647"/>
</pin_list>
<bind>
<StgValue><ssdm name="p_str"/></StgValue>
</bind>
</comp>

<comp id="58" class="1001" name="const_58">
<pin_list>
<pin id="59" dir="1" index="0" bw="1" slack="0"/>
</pin_list>
<bind>
<StgValue><ssdm name=""/></StgValue>
</bind>
</comp>

<comp id="60" class="1001" name="const_60">
<pin_list>
<pin id="61" dir="1" index="0" bw="1" slack="0"/>
</pin_list>
<bind>
<StgValue><ssdm name=""/></StgValue>
</bind>
</comp>

<comp id="62" class="1001" name="const_62">
<pin_list>
<pin id="63" dir="1" index="0" bw="1" slack="0"/>
</pin_list>
<bind>
<StgValue><ssdm name=""/></StgValue>
</bind>
</comp>

<comp id="64" class="1001" name="const_64">
<pin_list>
<pin id="65" dir="1" index="0" bw="1" slack="0"/>
</pin_list>
<bind>
<StgValue><ssdm name=""/></StgValue>
</bind>
</comp>

<comp id="66" class="1001" name="const_66">
<pin_list>
<pin id="67" dir="1" index="0" bw="1" slack="0"/>
</pin_list>
<bind>
<StgValue><ssdm name="_ssdm_op_BitSelect.i1.i3.i32"/></StgValue>
</bind>
</comp>

<comp id="68" class="1001" name="const_68">
<pin_list>
<pin id="69" dir="1" index="0" bw="1" slack="0"/>
</pin_list>
<bind>
<StgValue><ssdm name=""/></StgValue>
</bind>
</comp>

<comp id="70" class="1001" name="const_70">
<pin_list>
<pin id="71" dir="1" index="0" bw="1" slack="0"/>
</pin_list>
<bind>
<StgValue><ssdm name=""/></StgValue>
</bind>
</comp>

<comp id="72" class="1001" name="const_72">
<pin_list>
<pin id="73" dir="1" index="0" bw="1" slack="0"/>
</pin_list>
<bind>
<StgValue><ssdm name=""/></StgValue>
</bind>
</comp>

<comp id="74" class="1001" name="const_74">
<pin_list>
<pin id="75" dir="1" index="0" bw="1" slack="0"/>
</pin_list>
<bind>
<StgValue><ssdm name="_ssdm_op_PartSelect.i11.i14.i32.i32"/></StgValue>
</bind>
</comp>

<comp id="76" class="1001" name="const_76">
<pin_list>
<pin id="77" dir="1" index="0" bw="1" slack="0"/>
</pin_list>
<bind>
<StgValue><ssdm name=""/></StgValue>
</bind>
</comp>

<comp id="78" class="1001" name="const_78">
<pin_list>
<pin id="79" dir="1" index="0" bw="1" slack="0"/>
</pin_list>
<bind>
<StgValue><ssdm name=""/></StgValue>
</bind>
</comp>

<comp id="80" class="1001" name="const_80">
<pin_list>
<pin id="81" dir="1" index="0" bw="1" slack="0"/>
</pin_list>
<bind>
<StgValue><ssdm name="_ssdm_op_BitConcatenate.i13.i11.i2"/></StgValue>
</bind>
</comp>

<comp id="82" class="1001" name="const_82">
<pin_list>
<pin id="83" dir="1" index="0" bw="1" slack="0"/>
</pin_list>
<bind>
<StgValue><ssdm name=""/></StgValue>
</bind>
</comp>

<comp id="84" class="1001" name="const_84">
<pin_list>
<pin id="85" dir="1" index="0" bw="1" slack="0"/>
</pin_list>
<bind>
<StgValue><ssdm name="_ssdm_op_BitConcatenate.i5.i2.i3"/></StgValue>
</bind>
</comp>

<comp id="86" class="1001" name="const_86">
<pin_list>
<pin id="87" dir="1" index="0" bw="1" slack="0"/>
</pin_list>
<bind>
<StgValue><ssdm name=""/></StgValue>
</bind>
</comp>

<comp id="88" class="1001" name="const_88">
<pin_list>
<pin id="89" dir="1" index="0" bw="1" slack="0"/>
</pin_list>
<bind>
<StgValue><ssdm name="_ssdm_op_PartSelect.i2.i3.i32.i32"/></StgValue>
</bind>
</comp>

<comp id="90" class="1001" name="const_90">
<pin_list>
<pin id="91" dir="1" index="0" bw="1" slack="0"/>
</pin_list>
<bind>
<StgValue><ssdm name=""/></StgValue>
</bind>
</comp>

<comp id="92" class="1001" name="const_92">
<pin_list>
<pin id="93" dir="1" index="0" bw="1" slack="0"/>
</pin_list>
<bind>
<StgValue><ssdm name="_ssdm_op_BitConcatenate.i6.i1.i5"/></StgValue>
</bind>
</comp>

<comp id="94" class="1001" name="const_94">
<pin_list>
<pin id="95" dir="1" index="0" bw="1" slack="0"/>
</pin_list>
<bind>
<StgValue><ssdm name=""/></StgValue>
</bind>
</comp>

<comp id="96" class="1001" name="const_96">
<pin_list>
<pin id="97" dir="1" index="0" bw="1" slack="0"/>
</pin_list>
<bind>
<StgValue><ssdm name=""/></StgValue>
</bind>
</comp>

<comp id="98" class="1001" name="const_98">
<pin_list>
<pin id="99" dir="1" index="0" bw="1" slack="0"/>
</pin_list>
<bind>
<StgValue><ssdm name=""/></StgValue>
</bind>
</comp>

<comp id="100" class="1001" name="const_100">
<pin_list>
<pin id="101" dir="1" index="0" bw="1" slack="0"/>
</pin_list>
<bind>
<StgValue><ssdm name="_ssdm_op_BitConcatenate.i26.i16.i10"/></StgValue>
</bind>
</comp>

<comp id="102" class="1001" name="const_102">
<pin_list>
<pin id="103" dir="1" index="0" bw="1" slack="0"/>
</pin_list>
<bind>
<StgValue><ssdm name=""/></StgValue>
</bind>
</comp>

<comp id="104" class="1001" name="const_104">
<pin_list>
<pin id="105" dir="1" index="0" bw="1" slack="0"/>
</pin_list>
<bind>
<StgValue><ssdm name="_ssdm_op_PartSelect.i16.i26.i32.i32"/></StgValue>
</bind>
</comp>

<comp id="106" class="1001" name="const_106">
<pin_list>
<pin id="107" dir="1" index="0" bw="1" slack="0"/>
</pin_list>
<bind>
<StgValue><ssdm name=""/></StgValue>
</bind>
</comp>

<comp id="108" class="1001" name="const_108">
<pin_list>
<pin id="109" dir="1" index="0" bw="1" slack="0"/>
</pin_list>
<bind>
<StgValue><ssdm name=""/></StgValue>
</bind>
</comp>

<comp id="110" class="1001" name="const_110">
<pin_list>
<pin id="111" dir="1" index="0" bw="1" slack="2147483647"/>
</pin_list>
<bind>
<StgValue><ssdm name="_ssdm_op_SpecLoopName"/></StgValue>
</bind>
</comp>

<comp id="112" class="1001" name="const_112">
<pin_list>
<pin id="113" dir="1" index="0" bw="1" slack="2147483647"/>
</pin_list>
<bind>
<StgValue><ssdm name="loop_kh_out_loop_kw_out_loop_ic_out_str"/></StgValue>
</bind>
</comp>

<comp id="114" class="1001" name="const_114">
<pin_list>
<pin id="115" dir="1" index="0" bw="1" slack="2147483647"/>
</pin_list>
<bind>
<StgValue><ssdm name="_ssdm_op_SpecLoopTripCount"/></StgValue>
</bind>
</comp>

<comp id="116" class="1001" name="const_116">
<pin_list>
<pin id="117" dir="1" index="0" bw="1" slack="2147483647"/>
</pin_list>
<bind>
<StgValue><ssdm name=""/></StgValue>
</bind>
</comp>

<comp id="118" class="1001" name="const_118">
<pin_list>
<pin id="119" dir="1" index="0" bw="1" slack="2147483647"/>
</pin_list>
<bind>
<StgValue><ssdm name="loop_kw_out_loop_ic_out_str"/></StgValue>
</bind>
</comp>

<comp id="120" class="1001" name="const_120">
<pin_list>
<pin id="121" dir="1" index="0" bw="1" slack="2147483647"/>
</pin_list>
<bind>
<StgValue><ssdm name="empty_9"/></StgValue>
</bind>
</comp>

<comp id="122" class="1001" name="const_122">
<pin_list>
<pin id="123" dir="1" index="0" bw="1" slack="0"/>
</pin_list>
<bind>
<StgValue><ssdm name="_ssdm_op_Write.ap_auto.i16P0A"/></StgValue>
</bind>
</comp>

<comp id="124" class="1004" name="lhs_fu_124">
<pin_list>
<pin id="125" dir="0" index="0" bw="1" slack="0"/>
<pin id="126" dir="1" index="1" bw="16" slack="0"/>
</pin_list>
<bind>
<opcode="alloca(26) " fcode="alloca"/>
<opset="lhs/1 "/>
</bind>
</comp>

<comp id="128" class="1004" name="k_fu_128">
<pin_list>
<pin id="129" dir="0" index="0" bw="1" slack="0"/>
<pin id="130" dir="1" index="1" bw="3" slack="0"/>
</pin_list>
<bind>
<opcode="alloca(26) " fcode="alloca"/>
<opset="k/1 "/>
</bind>
</comp>

<comp id="132" class="1004" name="j_fu_132">
<pin_list>
<pin id="133" dir="0" index="0" bw="1" slack="0"/>
<pin id="134" dir="1" index="1" bw="2" slack="0"/>
</pin_list>
<bind>
<opcode="alloca(26) " fcode="alloca"/>
<opset="j/1 "/>
</bind>
</comp>

<comp id="136" class="1004" name="indvar_flatten328_fu_136">
<pin_list>
<pin id="137" dir="0" index="0" bw="1" slack="0"/>
<pin id="138" dir="1" index="1" bw="4" slack="0"/>
</pin_list>
<bind>
<opcode="alloca(26) " fcode="alloca"/>
<opset="indvar_flatten328/1 "/>
</bind>
</comp>

<comp id="140" class="1004" name="i_fu_140">
<pin_list>
<pin id="141" dir="0" index="0" bw="1" slack="0"/>
<pin id="142" dir="1" index="1" bw="2" slack="0"/>
</pin_list>
<bind>
<opcode="alloca(26) " fcode="alloca"/>
<opset="i/1 "/>
</bind>
</comp>

<comp id="144" class="1004" name="indvar_flatten386_fu_144">
<pin_list>
<pin id="145" dir="0" index="0" bw="1" slack="0"/>
<pin id="146" dir="1" index="1" bw="5" slack="0"/>
</pin_list>
<bind>
<opcode="alloca(26) " fcode="alloca"/>
<opset="indvar_flatten386/1 "/>
</bind>
</comp>

<comp id="148" class="1004" name="sext_ln162_1_read_read_fu_148">
<pin_list>
<pin id="149" dir="0" index="0" bw="9" slack="0"/>
<pin id="150" dir="0" index="1" bw="9" slack="0"/>
<pin id="151" dir="1" index="2" bw="9" slack="0"/>
</pin_list>
<bind>
<opcode="read(1150) " fcode="read"/>
<opset="sext_ln162_1_read/1 "/>
</bind>
</comp>

<comp id="154" class="1004" name="cmp25_i74_not_mid1366_read_read_fu_154">
<pin_list>
<pin id="155" dir="0" index="0" bw="1" slack="0"/>
<pin id="156" dir="0" index="1" bw="1" slack="0"/>
<pin id="157" dir="1" index="2" bw="1" slack="0"/>
</pin_list>
<bind>
<opcode="read(1150) " fcode="read"/>
<opset="cmp25_i74_not_mid1366_read/1 "/>
</bind>
</comp>

<comp id="160" class="1004" name="cmp23_i72_not_mid1364_read_read_fu_160">
<pin_list>
<pin id="161" dir="0" index="0" bw="1" slack="0"/>
<pin id="162" dir="0" index="1" bw="1" slack="0"/>
<pin id="163" dir="1" index="2" bw="1" slack="0"/>
</pin_list>
<bind>
<opcode="read(1150) " fcode="read"/>
<opset="cmp23_i72_not_mid1364_read/1 "/>
</bind>
</comp>

<comp id="166" class="1004" name="select_ln147_read_read_fu_166">
<pin_list>
<pin id="167" dir="0" index="0" bw="5" slack="0"/>
<pin id="168" dir="0" index="1" bw="5" slack="0"/>
<pin id="169" dir="1" index="2" bw="5" slack="0"/>
</pin_list>
<bind>
<opcode="read(1150) " fcode="read"/>
<opset="select_ln147_read/1 "/>
</bind>
</comp>

<comp id="172" class="1004" name="select_ln147_1_read_read_fu_172">
<pin_list>
<pin id="173" dir="0" index="0" bw="5" slack="0"/>
<pin id="174" dir="0" index="1" bw="5" slack="0"/>
<pin id="175" dir="1" index="2" bw="5" slack="0"/>
</pin_list>
<bind>
<opcode="read(1150) " fcode="read"/>
<opset="select_ln147_1_read/1 "/>
</bind>
</comp>

<comp id="178" class="1004" name="write_ln0_write_fu_178">
<pin_list>
<pin id="179" dir="0" index="0" bw="0" slack="0"/>
<pin id="180" dir="0" index="1" bw="16" slack="0"/>
<pin id="181" dir="0" index="2" bw="16" slack="0"/>
<pin id="182" dir="1" index="3" bw="0" slack="2147483647"/>
</pin_list>
<bind>
<opcode="write(1151) " fcode="write"/>
<opset="write_ln0/4 "/>
</bind>
</comp>

<comp id="185" class="1004" name="d_addr_gep_fu_185">
<pin_list>
<pin id="186" dir="0" index="0" bw="16" slack="0"/>
<pin id="187" dir="0" index="1" bw="1" slack="0"/>
<pin id="188" dir="0" index="2" bw="14" slack="0"/>
<pin id="189" dir="1" index="3" bw="14" slack="0"/>
</pin_list>
<bind>
<opcode="getelementptr(29) " fcode="getelementptr"/>
<opset="d_addr/1 "/>
</bind>
</comp>

<comp id="192" class="1004" name="grp_access_fu_192">
<pin_list>
<pin id="193" dir="0" index="0" bw="14" slack="0"/>
<pin id="194" dir="0" index="1" bw="16" slack="2147483647"/>
<pin id="195" dir="0" index="2" bw="0" slack="0"/>
<pin id="197" dir="0" index="4" bw="14" slack="2147483647"/>
<pin id="198" dir="0" index="5" bw="16" slack="2147483647"/>
<pin id="199" dir="0" index="6" bw="0" slack="2147483647"/>
<pin id="196" dir="1" index="3" bw="16" slack="0"/>
<pin id="200" dir="1" index="7" bw="16" slack="0"/>
</pin_list>
<bind>
<opcode="load(27) " fcode="load"/>
<opset="val_V/1 val_V_7/1 "/>
</bind>
</comp>

<comp id="202" class="1004" name="conv_out_kernel_V_addr_gep_fu_202">
<pin_list>
<pin id="203" dir="0" index="0" bw="11" slack="0"/>
<pin id="204" dir="0" index="1" bw="1" slack="0"/>
<pin id="205" dir="0" index="2" bw="6" slack="0"/>
<pin id="206" dir="1" index="3" bw="6" slack="0"/>
</pin_list>
<bind>
<opcode="getelementptr(29) " fcode="getelementptr"/>
<opset="conv_out_kernel_V_addr/1 "/>
</bind>
</comp>

<comp id="209" class="1004" name="grp_access_fu_209">
<pin_list>
<pin id="210" dir="0" index="0" bw="6" slack="0"/>
<pin id="211" dir="0" index="1" bw="11" slack="2147483647"/>
<pin id="212" dir="0" index="2" bw="0" slack="2147483647"/>
<pin id="213" dir="1" index="3" bw="11" slack="0"/>
</pin_list>
<bind>
<opcode="load(27) " fcode="load"/>
<opset="conv_out_kernel_V_load/1 conv_out_kernel_V_load_1/2 "/>
</bind>
</comp>

<comp id="215" class="1004" name="d_addr_1_gep_fu_215">
<pin_list>
<pin id="216" dir="0" index="0" bw="16" slack="0"/>
<pin id="217" dir="0" index="1" bw="1" slack="0"/>
<pin id="218" dir="0" index="2" bw="14" slack="0"/>
<pin id="219" dir="1" index="3" bw="14" slack="0"/>
</pin_list>
<bind>
<opcode="getelementptr(29) " fcode="getelementptr"/>
<opset="d_addr_1/1 "/>
</bind>
</comp>

<comp id="223" class="1004" name="conv_out_kernel_V_addr_1_gep_fu_223">
<pin_list>
<pin id="224" dir="0" index="0" bw="11" slack="0"/>
<pin id="225" dir="0" index="1" bw="1" slack="0"/>
<pin id="226" dir="0" index="2" bw="6" slack="0"/>
<pin id="227" dir="1" index="3" bw="6" slack="0"/>
</pin_list>
<bind>
<opcode="getelementptr(29) " fcode="getelementptr"/>
<opset="conv_out_kernel_V_addr_1/2 "/>
</bind>
</comp>

<comp id="231" class="1004" name="sext_ln162_1_cast_fu_231">
<pin_list>
<pin id="232" dir="0" index="0" bw="9" slack="0"/>
<pin id="233" dir="1" index="1" bw="14" slack="0"/>
</pin_list>
<bind>
<opcode="sext(35) " fcode="sext"/>
<opset="sext_ln162_1_cast/1 "/>
</bind>
</comp>

<comp id="235" class="1004" name="store_ln0_store_fu_235">
<pin_list>
<pin id="236" dir="0" index="0" bw="1" slack="0"/>
<pin id="237" dir="0" index="1" bw="5" slack="0"/>
<pin id="238" dir="1" index="2" bw="0" slack="2147483647"/>
</pin_list>
<bind>
<opcode="store(28) " fcode="store"/>
<opset="store_ln0/1 "/>
</bind>
</comp>

<comp id="240" class="1004" name="store_ln0_store_fu_240">
<pin_list>
<pin id="241" dir="0" index="0" bw="1" slack="0"/>
<pin id="242" dir="0" index="1" bw="2" slack="0"/>
<pin id="243" dir="1" index="2" bw="0" slack="2147483647"/>
</pin_list>
<bind>
<opcode="store(28) " fcode="store"/>
<opset="store_ln0/1 "/>
</bind>
</comp>

<comp id="245" class="1004" name="store_ln0_store_fu_245">
<pin_list>
<pin id="246" dir="0" index="0" bw="1" slack="0"/>
<pin id="247" dir="0" index="1" bw="4" slack="0"/>
<pin id="248" dir="1" index="2" bw="0" slack="2147483647"/>
</pin_list>
<bind>
<opcode="store(28) " fcode="store"/>
<opset="store_ln0/1 "/>
</bind>
</comp>

<comp id="250" class="1004" name="store_ln0_store_fu_250">
<pin_list>
<pin id="251" dir="0" index="0" bw="1" slack="0"/>
<pin id="252" dir="0" index="1" bw="2" slack="0"/>
<pin id="253" dir="1" index="2" bw="0" slack="2147483647"/>
</pin_list>
<bind>
<opcode="store(28) " fcode="store"/>
<opset="store_ln0/1 "/>
</bind>
</comp>

<comp id="255" class="1004" name="store_ln0_store_fu_255">
<pin_list>
<pin id="256" dir="0" index="0" bw="1" slack="0"/>
<pin id="257" dir="0" index="1" bw="3" slack="0"/>
<pin id="258" dir="1" index="2" bw="0" slack="2147483647"/>
</pin_list>
<bind>
<opcode="store(28) " fcode="store"/>
<opset="store_ln0/1 "/>
</bind>
</comp>

<comp id="260" class="1004" name="store_ln0_store_fu_260">
<pin_list>
<pin id="261" dir="0" index="0" bw="9" slack="0"/>
<pin id="262" dir="0" index="1" bw="16" slack="0"/>
<pin id="263" dir="1" index="2" bw="0" slack="2147483647"/>
</pin_list>
<bind>
<opcode="store(28) " fcode="store"/>
<opset="store_ln0/1 "/>
</bind>
</comp>

<comp id="265" class="1004" name="j_2_load_fu_265">
<pin_list>
<pin id="266" dir="0" index="0" bw="2" slack="0"/>
<pin id="267" dir="1" index="1" bw="2" slack="0"/>
</pin_list>
<bind>
<opcode="load(27) " fcode="load"/>
<opset="j_2/1 "/>
</bind>
</comp>

<comp id="268" class="1004" name="i_1_load_fu_268">
<pin_list>
<pin id="269" dir="0" index="0" bw="2" slack="0"/>
<pin id="270" dir="1" index="1" bw="2" slack="0"/>
</pin_list>
<bind>
<opcode="load(27) " fcode="load"/>
<opset="i_1/1 "/>
</bind>
</comp>

<comp id="271" class="1004" name="indvar_flatten386_load_load_fu_271">
<pin_list>
<pin id="272" dir="0" index="0" bw="5" slack="0"/>
<pin id="273" dir="1" index="1" bw="5" slack="0"/>
</pin_list>
<bind>
<opcode="load(27) " fcode="load"/>
<opset="indvar_flatten386_load/1 "/>
</bind>
</comp>

<comp id="274" class="1004" name="zext_ln153_fu_274">
<pin_list>
<pin id="275" dir="0" index="0" bw="2" slack="0"/>
<pin id="276" dir="1" index="1" bw="5" slack="0"/>
</pin_list>
<bind>
<opcode="zext(34) " fcode="zext"/>
<opset="zext_ln153/1 "/>
</bind>
</comp>

<comp id="278" class="1004" name="empty_fu_278">
<pin_list>
<pin id="279" dir="0" index="0" bw="2" slack="0"/>
<pin id="280" dir="0" index="1" bw="5" slack="0"/>
<pin id="281" dir="1" index="2" bw="5" slack="0"/>
</pin_list>
<bind>
<opcode="add(8) " fcode="add"/>
<opset="empty/1 "/>
</bind>
</comp>

<comp id="284" class="1004" name="p_cast114_fu_284">
<pin_list>
<pin id="285" dir="0" index="0" bw="5" slack="0"/>
<pin id="286" dir="1" index="1" bw="6" slack="0"/>
</pin_list>
<bind>
<opcode="zext(34) " fcode="zext"/>
<opset="p_cast114/1 "/>
</bind>
</comp>

<comp id="288" class="1004" name="empty_64_fu_288">
<pin_list>
<pin id="289" dir="0" index="0" bw="5" slack="0"/>
<pin id="290" dir="0" index="1" bw="1" slack="0"/>
<pin id="291" dir="1" index="2" bw="6" slack="0"/>
</pin_list>
<bind>
<opcode="add(8) " fcode="add"/>
<opset="empty_64/1 "/>
</bind>
</comp>

<comp id="294" class="1004" name="p_shl2_fu_294">
<pin_list>
<pin id="295" dir="0" index="0" bw="4" slack="0"/>
<pin id="296" dir="0" index="1" bw="2" slack="0"/>
<pin id="297" dir="0" index="2" bw="1" slack="0"/>
<pin id="298" dir="1" index="3" bw="4" slack="0"/>
</pin_list>
<bind>
<opcode="bitconcatenate(1004) " fcode="bitconcatenate"/>
<opset="p_shl2/1 "/>
</bind>
</comp>

<comp id="302" class="1004" name="p_shl30_cast_fu_302">
<pin_list>
<pin id="303" dir="0" index="0" bw="4" slack="0"/>
<pin id="304" dir="1" index="1" bw="5" slack="0"/>
</pin_list>
<bind>
<opcode="zext(34) " fcode="zext"/>
<opset="p_shl30_cast/1 "/>
</bind>
</comp>

<comp id="306" class="1004" name="empty_65_fu_306">
<pin_list>
<pin id="307" dir="0" index="0" bw="4" slack="0"/>
<pin id="308" dir="0" index="1" bw="2" slack="0"/>
<pin id="309" dir="1" index="2" bw="5" slack="0"/>
</pin_list>
<bind>
<opcode="sub(10) " fcode="sub"/>
<opset="empty_65/1 "/>
</bind>
</comp>

<comp id="312" class="1004" name="cmp20_i68_not_fu_312">
<pin_list>
<pin id="313" dir="0" index="0" bw="5" slack="0"/>
<pin id="314" dir="0" index="1" bw="1" slack="0"/>
<pin id="315" dir="1" index="2" bw="1" slack="0"/>
</pin_list>
<bind>
<opcode="icmp(45) " fcode="icmp"/>
<opset="cmp20_i68_not/1 "/>
</bind>
</comp>

<comp id="318" class="1004" name="cmp21_i70_not_fu_318">
<pin_list>
<pin id="319" dir="0" index="0" bw="6" slack="0"/>
<pin id="320" dir="0" index="1" bw="6" slack="0"/>
<pin id="321" dir="1" index="2" bw="1" slack="0"/>
</pin_list>
<bind>
<opcode="icmp(45) " fcode="icmp"/>
<opset="cmp21_i70_not/1 "/>
</bind>
</comp>

<comp id="324" class="1004" name="shl_ln162_1_fu_324">
<pin_list>
<pin id="325" dir="0" index="0" bw="14" slack="0"/>
<pin id="326" dir="0" index="1" bw="6" slack="0"/>
<pin id="327" dir="0" index="2" bw="1" slack="0"/>
<pin id="328" dir="1" index="3" bw="14" slack="0"/>
</pin_list>
<bind>
<opcode="bitconcatenate(1004) " fcode="bitconcatenate"/>
<opset="shl_ln162_1/1 "/>
</bind>
</comp>

<comp id="332" class="1004" name="shl_ln162_2_fu_332">
<pin_list>
<pin id="333" dir="0" index="0" bw="11" slack="0"/>
<pin id="334" dir="0" index="1" bw="6" slack="0"/>
<pin id="335" dir="0" index="2" bw="1" slack="0"/>
<pin id="336" dir="1" index="3" bw="11" slack="0"/>
</pin_list>
<bind>
<opcode="bitconcatenate(1004) " fcode="bitconcatenate"/>
<opset="shl_ln162_2/1 "/>
</bind>
</comp>

<comp id="340" class="1004" name="sext_ln162_fu_340">
<pin_list>
<pin id="341" dir="0" index="0" bw="11" slack="0"/>
<pin id="342" dir="1" index="1" bw="14" slack="0"/>
</pin_list>
<bind>
<opcode="sext(35) " fcode="sext"/>
<opset="sext_ln162/1 "/>
</bind>
</comp>

<comp id="344" class="1004" name="sub_ln162_fu_344">
<pin_list>
<pin id="345" dir="0" index="0" bw="14" slack="0"/>
<pin id="346" dir="0" index="1" bw="11" slack="0"/>
<pin id="347" dir="1" index="2" bw="14" slack="0"/>
</pin_list>
<bind>
<opcode="sub(10) " fcode="sub"/>
<opset="sub_ln162/1 "/>
</bind>
</comp>

<comp id="350" class="1004" name="zext_ln155_fu_350">
<pin_list>
<pin id="351" dir="0" index="0" bw="2" slack="0"/>
<pin id="352" dir="1" index="1" bw="5" slack="0"/>
</pin_list>
<bind>
<opcode="zext(34) " fcode="zext"/>
<opset="zext_ln155/1 "/>
</bind>
</comp>

<comp id="354" class="1004" name="empty_66_fu_354">
<pin_list>
<pin id="355" dir="0" index="0" bw="2" slack="0"/>
<pin id="356" dir="0" index="1" bw="5" slack="0"/>
<pin id="357" dir="1" index="2" bw="5" slack="0"/>
</pin_list>
<bind>
<opcode="add(8) " fcode="add"/>
<opset="empty_66/1 "/>
</bind>
</comp>

<comp id="360" class="1004" name="p_cast125_fu_360">
<pin_list>
<pin id="361" dir="0" index="0" bw="5" slack="0"/>
<pin id="362" dir="1" index="1" bw="6" slack="0"/>
</pin_list>
<bind>
<opcode="zext(34) " fcode="zext"/>
<opset="p_cast125/1 "/>
</bind>
</comp>

<comp id="364" class="1004" name="empty_67_fu_364">
<pin_list>
<pin id="365" dir="0" index="0" bw="5" slack="0"/>
<pin id="366" dir="0" index="1" bw="1" slack="0"/>
<pin id="367" dir="1" index="2" bw="6" slack="0"/>
</pin_list>
<bind>
<opcode="add(8) " fcode="add"/>
<opset="empty_67/1 "/>
</bind>
</comp>

<comp id="370" class="1004" name="cmp23_i72_not_fu_370">
<pin_list>
<pin id="371" dir="0" index="0" bw="5" slack="0"/>
<pin id="372" dir="0" index="1" bw="1" slack="0"/>
<pin id="373" dir="1" index="2" bw="1" slack="0"/>
</pin_list>
<bind>
<opcode="icmp(45) " fcode="icmp"/>
<opset="cmp23_i72_not/1 "/>
</bind>
</comp>

<comp id="376" class="1004" name="cmp25_i74_not_fu_376">
<pin_list>
<pin id="377" dir="0" index="0" bw="6" slack="0"/>
<pin id="378" dir="0" index="1" bw="6" slack="0"/>
<pin id="379" dir="1" index="2" bw="1" slack="0"/>
</pin_list>
<bind>
<opcode="icmp(45) " fcode="icmp"/>
<opset="cmp25_i74_not/1 "/>
</bind>
</comp>

<comp id="382" class="1004" name="tmp59_fu_382">
<pin_list>
<pin id="383" dir="0" index="0" bw="1" slack="0"/>
<pin id="384" dir="0" index="1" bw="1" slack="0"/>
<pin id="385" dir="1" index="2" bw="1" slack="0"/>
</pin_list>
<bind>
<opcode="or(24) " fcode="or"/>
<opset="tmp59/1 "/>
</bind>
</comp>

<comp id="388" class="1004" name="tmp60_fu_388">
<pin_list>
<pin id="389" dir="0" index="0" bw="1" slack="0"/>
<pin id="390" dir="0" index="1" bw="1" slack="0"/>
<pin id="391" dir="1" index="2" bw="1" slack="0"/>
</pin_list>
<bind>
<opcode="or(24) " fcode="or"/>
<opset="tmp60/1 "/>
</bind>
</comp>

<comp id="394" class="1004" name="brmerge98_fu_394">
<pin_list>
<pin id="395" dir="0" index="0" bw="1" slack="0"/>
<pin id="396" dir="0" index="1" bw="1" slack="0"/>
<pin id="397" dir="1" index="2" bw="1" slack="0"/>
</pin_list>
<bind>
<opcode="or(24) " fcode="or"/>
<opset="brmerge98/1 "/>
</bind>
</comp>

<comp id="400" class="1004" name="shl_ln4_fu_400">
<pin_list>
<pin id="401" dir="0" index="0" bw="9" slack="0"/>
<pin id="402" dir="0" index="1" bw="6" slack="0"/>
<pin id="403" dir="0" index="2" bw="1" slack="0"/>
<pin id="404" dir="1" index="3" bw="9" slack="0"/>
</pin_list>
<bind>
<opcode="bitconcatenate(1004) " fcode="bitconcatenate"/>
<opset="shl_ln4/1 "/>
</bind>
</comp>

<comp id="408" class="1004" name="sext_ln162_2_fu_408">
<pin_list>
<pin id="409" dir="0" index="0" bw="9" slack="0"/>
<pin id="410" dir="1" index="1" bw="14" slack="0"/>
</pin_list>
<bind>
<opcode="sext(35) " fcode="sext"/>
<opset="sext_ln162_2/1 "/>
</bind>
</comp>

<comp id="412" class="1004" name="add_ln162_fu_412">
<pin_list>
<pin id="413" dir="0" index="0" bw="9" slack="0"/>
<pin id="414" dir="0" index="1" bw="14" slack="0"/>
<pin id="415" dir="1" index="2" bw="14" slack="0"/>
</pin_list>
<bind>
<opcode="add(8) " fcode="add"/>
<opset="add_ln162/1 "/>
</bind>
</comp>

<comp id="418" class="1004" name="add_ln163_2_fu_418">
<pin_list>
<pin id="419" dir="0" index="0" bw="5" slack="0"/>
<pin id="420" dir="0" index="1" bw="2" slack="0"/>
<pin id="421" dir="1" index="2" bw="5" slack="0"/>
</pin_list>
<bind>
<opcode="add(8) " fcode="add"/>
<opset="add_ln163_2/1 "/>
</bind>
</comp>

<comp id="424" class="1004" name="icmp_ln153_fu_424">
<pin_list>
<pin id="425" dir="0" index="0" bw="5" slack="0"/>
<pin id="426" dir="0" index="1" bw="5" slack="0"/>
<pin id="427" dir="1" index="2" bw="1" slack="1"/>
</pin_list>
<bind>
<opcode="icmp(45) " fcode="icmp"/>
<opset="icmp_ln153/1 "/>
</bind>
</comp>

<comp id="430" class="1004" name="add_ln153_1_fu_430">
<pin_list>
<pin id="431" dir="0" index="0" bw="5" slack="0"/>
<pin id="432" dir="0" index="1" bw="1" slack="0"/>
<pin id="433" dir="1" index="2" bw="5" slack="0"/>
</pin_list>
<bind>
<opcode="add(8) " fcode="add"/>
<opset="add_ln153_1/1 "/>
</bind>
</comp>

<comp id="436" class="1004" name="k_load_load_fu_436">
<pin_list>
<pin id="437" dir="0" index="0" bw="3" slack="0"/>
<pin id="438" dir="1" index="1" bw="3" slack="0"/>
</pin_list>
<bind>
<opcode="load(27) " fcode="load"/>
<opset="k_load/1 "/>
</bind>
</comp>

<comp id="439" class="1004" name="indvar_flatten328_load_load_fu_439">
<pin_list>
<pin id="440" dir="0" index="0" bw="4" slack="0"/>
<pin id="441" dir="1" index="1" bw="4" slack="0"/>
</pin_list>
<bind>
<opcode="load(27) " fcode="load"/>
<opset="indvar_flatten328_load/1 "/>
</bind>
</comp>

<comp id="442" class="1004" name="add_ln153_fu_442">
<pin_list>
<pin id="443" dir="0" index="0" bw="2" slack="0"/>
<pin id="444" dir="0" index="1" bw="1" slack="0"/>
<pin id="445" dir="1" index="2" bw="2" slack="0"/>
</pin_list>
<bind>
<opcode="add(8) " fcode="add"/>
<opset="add_ln153/1 "/>
</bind>
</comp>

<comp id="448" class="1004" name="icmp_ln155_fu_448">
<pin_list>
<pin id="449" dir="0" index="0" bw="4" slack="0"/>
<pin id="450" dir="0" index="1" bw="4" slack="0"/>
<pin id="451" dir="1" index="2" bw="1" slack="0"/>
</pin_list>
<bind>
<opcode="icmp(45) " fcode="icmp"/>
<opset="icmp_ln155/1 "/>
</bind>
</comp>

<comp id="454" class="1004" name="select_ln153_fu_454">
<pin_list>
<pin id="455" dir="0" index="0" bw="1" slack="0"/>
<pin id="456" dir="0" index="1" bw="1" slack="0"/>
<pin id="457" dir="0" index="2" bw="2" slack="0"/>
<pin id="458" dir="1" index="3" bw="2" slack="0"/>
</pin_list>
<bind>
<opcode="select(49) " fcode="select"/>
<opset="select_ln153/1 "/>
</bind>
</comp>

<comp id="462" class="1004" name="select_ln153_1_fu_462">
<pin_list>
<pin id="463" dir="0" index="0" bw="1" slack="0"/>
<pin id="464" dir="0" index="1" bw="1" slack="0"/>
<pin id="465" dir="0" index="2" bw="3" slack="0"/>
<pin id="466" dir="1" index="3" bw="3" slack="0"/>
</pin_list>
<bind>
<opcode="select(49) " fcode="select"/>
<opset="select_ln153_1/1 "/>
</bind>
</comp>

<comp id="470" class="1004" name="zext_ln153_1_fu_470">
<pin_list>
<pin id="471" dir="0" index="0" bw="2" slack="0"/>
<pin id="472" dir="1" index="1" bw="5" slack="0"/>
</pin_list>
<bind>
<opcode="zext(34) " fcode="zext"/>
<opset="zext_ln153_1/1 "/>
</bind>
</comp>

<comp id="474" class="1004" name="p_mid1346_fu_474">
<pin_list>
<pin id="475" dir="0" index="0" bw="2" slack="0"/>
<pin id="476" dir="0" index="1" bw="5" slack="0"/>
<pin id="477" dir="1" index="2" bw="5" slack="0"/>
</pin_list>
<bind>
<opcode="add(8) " fcode="add"/>
<opset="p_mid1346/1 "/>
</bind>
</comp>

<comp id="480" class="1004" name="p_cast114_mid1_fu_480">
<pin_list>
<pin id="481" dir="0" index="0" bw="5" slack="0"/>
<pin id="482" dir="1" index="1" bw="6" slack="0"/>
</pin_list>
<bind>
<opcode="zext(34) " fcode="zext"/>
<opset="p_cast114_mid1/1 "/>
</bind>
</comp>

<comp id="484" class="1004" name="p_mid1348_fu_484">
<pin_list>
<pin id="485" dir="0" index="0" bw="5" slack="0"/>
<pin id="486" dir="0" index="1" bw="1" slack="0"/>
<pin id="487" dir="1" index="2" bw="6" slack="0"/>
</pin_list>
<bind>
<opcode="add(8) " fcode="add"/>
<opset="p_mid1348/1 "/>
</bind>
</comp>

<comp id="490" class="1004" name="p_shl30_mid1_fu_490">
<pin_list>
<pin id="491" dir="0" index="0" bw="4" slack="0"/>
<pin id="492" dir="0" index="1" bw="2" slack="0"/>
<pin id="493" dir="0" index="2" bw="1" slack="0"/>
<pin id="494" dir="1" index="3" bw="4" slack="0"/>
</pin_list>
<bind>
<opcode="bitconcatenate(1004) " fcode="bitconcatenate"/>
<opset="p_shl30_mid1/1 "/>
</bind>
</comp>

<comp id="498" class="1004" name="p_shl30_cast_mid1_fu_498">
<pin_list>
<pin id="499" dir="0" index="0" bw="4" slack="0"/>
<pin id="500" dir="1" index="1" bw="5" slack="0"/>
</pin_list>
<bind>
<opcode="zext(34) " fcode="zext"/>
<opset="p_shl30_cast_mid1/1 "/>
</bind>
</comp>

<comp id="502" class="1004" name="p_mid1350_fu_502">
<pin_list>
<pin id="503" dir="0" index="0" bw="4" slack="0"/>
<pin id="504" dir="0" index="1" bw="2" slack="0"/>
<pin id="505" dir="1" index="2" bw="5" slack="0"/>
</pin_list>
<bind>
<opcode="sub(10) " fcode="sub"/>
<opset="p_mid1350/1 "/>
</bind>
</comp>

<comp id="508" class="1004" name="select_ln153_2_fu_508">
<pin_list>
<pin id="509" dir="0" index="0" bw="1" slack="0"/>
<pin id="510" dir="0" index="1" bw="5" slack="0"/>
<pin id="511" dir="0" index="2" bw="5" slack="0"/>
<pin id="512" dir="1" index="3" bw="5" slack="0"/>
</pin_list>
<bind>
<opcode="select(49) " fcode="select"/>
<opset="select_ln153_2/1 "/>
</bind>
</comp>

<comp id="516" class="1004" name="sext_ln153_fu_516">
<pin_list>
<pin id="517" dir="0" index="0" bw="5" slack="0"/>
<pin id="518" dir="1" index="1" bw="6" slack="0"/>
</pin_list>
<bind>
<opcode="sext(35) " fcode="sext"/>
<opset="sext_ln153/1 "/>
</bind>
</comp>

<comp id="520" class="1004" name="cmp20_i68_not_mid1_fu_520">
<pin_list>
<pin id="521" dir="0" index="0" bw="5" slack="0"/>
<pin id="522" dir="0" index="1" bw="1" slack="0"/>
<pin id="523" dir="1" index="2" bw="1" slack="0"/>
</pin_list>
<bind>
<opcode="icmp(45) " fcode="icmp"/>
<opset="cmp20_i68_not_mid1/1 "/>
</bind>
</comp>

<comp id="526" class="1004" name="select_ln153_3_fu_526">
<pin_list>
<pin id="527" dir="0" index="0" bw="1" slack="0"/>
<pin id="528" dir="0" index="1" bw="1" slack="0"/>
<pin id="529" dir="0" index="2" bw="1" slack="0"/>
<pin id="530" dir="1" index="3" bw="1" slack="0"/>
</pin_list>
<bind>
<opcode="select(49) " fcode="select"/>
<opset="select_ln153_3/1 "/>
</bind>
</comp>

<comp id="534" class="1004" name="cmp21_i70_not_mid1_fu_534">
<pin_list>
<pin id="535" dir="0" index="0" bw="6" slack="0"/>
<pin id="536" dir="0" index="1" bw="6" slack="0"/>
<pin id="537" dir="1" index="2" bw="1" slack="0"/>
</pin_list>
<bind>
<opcode="icmp(45) " fcode="icmp"/>
<opset="cmp21_i70_not_mid1/1 "/>
</bind>
</comp>

<comp id="540" class="1004" name="select_ln153_4_fu_540">
<pin_list>
<pin id="541" dir="0" index="0" bw="1" slack="0"/>
<pin id="542" dir="0" index="1" bw="1" slack="0"/>
<pin id="543" dir="0" index="2" bw="1" slack="0"/>
<pin id="544" dir="1" index="3" bw="1" slack="0"/>
</pin_list>
<bind>
<opcode="select(49) " fcode="select"/>
<opset="select_ln153_4/1 "/>
</bind>
</comp>

<comp id="548" class="1004" name="shl_ln162_1_mid1_fu_548">
<pin_list>
<pin id="549" dir="0" index="0" bw="14" slack="0"/>
<pin id="550" dir="0" index="1" bw="6" slack="0"/>
<pin id="551" dir="0" index="2" bw="1" slack="0"/>
<pin id="552" dir="1" index="3" bw="14" slack="0"/>
</pin_list>
<bind>
<opcode="bitconcatenate(1004) " fcode="bitconcatenate"/>
<opset="shl_ln162_1_mid1/1 "/>
</bind>
</comp>

<comp id="556" class="1004" name="shl_ln162_2_mid1_fu_556">
<pin_list>
<pin id="557" dir="0" index="0" bw="11" slack="0"/>
<pin id="558" dir="0" index="1" bw="6" slack="0"/>
<pin id="559" dir="0" index="2" bw="1" slack="0"/>
<pin id="560" dir="1" index="3" bw="11" slack="0"/>
</pin_list>
<bind>
<opcode="bitconcatenate(1004) " fcode="bitconcatenate"/>
<opset="shl_ln162_2_mid1/1 "/>
</bind>
</comp>

<comp id="564" class="1004" name="sext_ln162_3_fu_564">
<pin_list>
<pin id="565" dir="0" index="0" bw="11" slack="0"/>
<pin id="566" dir="1" index="1" bw="14" slack="0"/>
</pin_list>
<bind>
<opcode="sext(35) " fcode="sext"/>
<opset="sext_ln162_3/1 "/>
</bind>
</comp>

<comp id="568" class="1004" name="sub_ln162_1_fu_568">
<pin_list>
<pin id="569" dir="0" index="0" bw="14" slack="0"/>
<pin id="570" dir="0" index="1" bw="11" slack="0"/>
<pin id="571" dir="1" index="2" bw="14" slack="0"/>
</pin_list>
<bind>
<opcode="sub(10) " fcode="sub"/>
<opset="sub_ln162_1/1 "/>
</bind>
</comp>

<comp id="574" class="1004" name="select_ln153_5_fu_574">
<pin_list>
<pin id="575" dir="0" index="0" bw="1" slack="0"/>
<pin id="576" dir="0" index="1" bw="14" slack="0"/>
<pin id="577" dir="0" index="2" bw="14" slack="0"/>
<pin id="578" dir="1" index="3" bw="14" slack="0"/>
</pin_list>
<bind>
<opcode="select(49) " fcode="select"/>
<opset="select_ln153_5/1 "/>
</bind>
</comp>

<comp id="582" class="1004" name="tmp59_mid1368_fu_582">
<pin_list>
<pin id="583" dir="0" index="0" bw="1" slack="0"/>
<pin id="584" dir="0" index="1" bw="1" slack="0"/>
<pin id="585" dir="1" index="2" bw="1" slack="0"/>
</pin_list>
<bind>
<opcode="or(24) " fcode="or"/>
<opset="tmp59_mid1368/1 "/>
</bind>
</comp>

<comp id="588" class="1004" name="tmp60_mid1370_fu_588">
<pin_list>
<pin id="589" dir="0" index="0" bw="1" slack="0"/>
<pin id="590" dir="0" index="1" bw="1" slack="0"/>
<pin id="591" dir="1" index="2" bw="1" slack="0"/>
</pin_list>
<bind>
<opcode="or(24) " fcode="or"/>
<opset="tmp60_mid1370/1 "/>
</bind>
</comp>

<comp id="594" class="1004" name="brmerge98_mid1372_fu_594">
<pin_list>
<pin id="595" dir="0" index="0" bw="1" slack="0"/>
<pin id="596" dir="0" index="1" bw="1" slack="0"/>
<pin id="597" dir="1" index="2" bw="1" slack="0"/>
</pin_list>
<bind>
<opcode="or(24) " fcode="or"/>
<opset="brmerge98_mid1372/1 "/>
</bind>
</comp>

<comp id="600" class="1004" name="select_ln153_6_fu_600">
<pin_list>
<pin id="601" dir="0" index="0" bw="1" slack="0"/>
<pin id="602" dir="0" index="1" bw="1" slack="0"/>
<pin id="603" dir="0" index="2" bw="1" slack="0"/>
<pin id="604" dir="1" index="3" bw="1" slack="0"/>
</pin_list>
<bind>
<opcode="select(49) " fcode="select"/>
<opset="select_ln153_6/1 "/>
</bind>
</comp>

<comp id="608" class="1004" name="add_ln162_1_fu_608">
<pin_list>
<pin id="609" dir="0" index="0" bw="9" slack="0"/>
<pin id="610" dir="0" index="1" bw="14" slack="0"/>
<pin id="611" dir="1" index="2" bw="14" slack="0"/>
</pin_list>
<bind>
<opcode="add(8) " fcode="add"/>
<opset="add_ln162_1/1 "/>
</bind>
</comp>

<comp id="614" class="1004" name="select_ln153_7_fu_614">
<pin_list>
<pin id="615" dir="0" index="0" bw="1" slack="0"/>
<pin id="616" dir="0" index="1" bw="5" slack="0"/>
<pin id="617" dir="0" index="2" bw="5" slack="0"/>
<pin id="618" dir="1" index="3" bw="5" slack="0"/>
</pin_list>
<bind>
<opcode="select(49) " fcode="select"/>
<opset="select_ln153_7/1 "/>
</bind>
</comp>

<comp id="622" class="1004" name="tmp_fu_622">
<pin_list>
<pin id="623" dir="0" index="0" bw="1" slack="0"/>
<pin id="624" dir="0" index="1" bw="3" slack="0"/>
<pin id="625" dir="0" index="2" bw="3" slack="0"/>
<pin id="626" dir="1" index="3" bw="1" slack="0"/>
</pin_list>
<bind>
<opcode="bitselect(1000) " fcode="bitselect"/>
<opset="tmp/1 "/>
</bind>
</comp>

<comp id="630" class="1004" name="xor_ln157_fu_630">
<pin_list>
<pin id="631" dir="0" index="0" bw="1" slack="0"/>
<pin id="632" dir="0" index="1" bw="1" slack="0"/>
<pin id="633" dir="1" index="2" bw="1" slack="0"/>
</pin_list>
<bind>
<opcode="xor(25) " fcode="xor"/>
<opset="xor_ln157/1 "/>
</bind>
</comp>

<comp id="636" class="1004" name="or_ln153_fu_636">
<pin_list>
<pin id="637" dir="0" index="0" bw="1" slack="0"/>
<pin id="638" dir="0" index="1" bw="1" slack="0"/>
<pin id="639" dir="1" index="2" bw="1" slack="0"/>
</pin_list>
<bind>
<opcode="or(24) " fcode="or"/>
<opset="or_ln153/1 "/>
</bind>
</comp>

<comp id="642" class="1004" name="select_ln153_8_fu_642">
<pin_list>
<pin id="643" dir="0" index="0" bw="1" slack="0"/>
<pin id="644" dir="0" index="1" bw="2" slack="0"/>
<pin id="645" dir="0" index="2" bw="2" slack="0"/>
<pin id="646" dir="1" index="3" bw="2" slack="0"/>
</pin_list>
<bind>
<opcode="select(49) " fcode="select"/>
<opset="select_ln153_8/1 "/>
</bind>
</comp>

<comp id="650" class="1004" name="add_ln155_fu_650">
<pin_list>
<pin id="651" dir="0" index="0" bw="2" slack="0"/>
<pin id="652" dir="0" index="1" bw="1" slack="0"/>
<pin id="653" dir="1" index="2" bw="2" slack="0"/>
</pin_list>
<bind>
<opcode="add(8) " fcode="add"/>
<opset="add_ln155/1 "/>
</bind>
</comp>

<comp id="656" class="1004" name="select_ln155_fu_656">
<pin_list>
<pin id="657" dir="0" index="0" bw="1" slack="0"/>
<pin id="658" dir="0" index="1" bw="3" slack="0"/>
<pin id="659" dir="0" index="2" bw="1" slack="0"/>
<pin id="660" dir="1" index="3" bw="3" slack="0"/>
</pin_list>
<bind>
<opcode="select(49) " fcode="select"/>
<opset="select_ln155/1 "/>
</bind>
</comp>

<comp id="664" class="1004" name="select_ln155_1_fu_664">
<pin_list>
<pin id="665" dir="0" index="0" bw="1" slack="0"/>
<pin id="666" dir="0" index="1" bw="2" slack="0"/>
<pin id="667" dir="0" index="2" bw="2" slack="0"/>
<pin id="668" dir="1" index="3" bw="2" slack="0"/>
</pin_list>
<bind>
<opcode="select(49) " fcode="select"/>
<opset="select_ln155_1/1 "/>
</bind>
</comp>

<comp id="672" class="1004" name="zext_ln155_1_fu_672">
<pin_list>
<pin id="673" dir="0" index="0" bw="2" slack="0"/>
<pin id="674" dir="1" index="1" bw="6" slack="0"/>
</pin_list>
<bind>
<opcode="zext(34) " fcode="zext"/>
<opset="zext_ln155_1/1 "/>
</bind>
</comp>

<comp id="676" class="1004" name="zext_ln155_2_fu_676">
<pin_list>
<pin id="677" dir="0" index="0" bw="2" slack="0"/>
<pin id="678" dir="1" index="1" bw="5" slack="0"/>
</pin_list>
<bind>
<opcode="zext(34) " fcode="zext"/>
<opset="zext_ln155_2/1 "/>
</bind>
</comp>

<comp id="680" class="1004" name="p_mid1324_fu_680">
<pin_list>
<pin id="681" dir="0" index="0" bw="2" slack="0"/>
<pin id="682" dir="0" index="1" bw="5" slack="0"/>
<pin id="683" dir="1" index="2" bw="5" slack="0"/>
</pin_list>
<bind>
<opcode="add(8) " fcode="add"/>
<opset="p_mid1324/1 "/>
</bind>
</comp>

<comp id="686" class="1004" name="p_cast125_mid1_fu_686">
<pin_list>
<pin id="687" dir="0" index="0" bw="5" slack="0"/>
<pin id="688" dir="1" index="1" bw="6" slack="0"/>
</pin_list>
<bind>
<opcode="zext(34) " fcode="zext"/>
<opset="p_cast125_mid1/1 "/>
</bind>
</comp>

<comp id="690" class="1004" name="p_mid1326_fu_690">
<pin_list>
<pin id="691" dir="0" index="0" bw="5" slack="0"/>
<pin id="692" dir="0" index="1" bw="1" slack="0"/>
<pin id="693" dir="1" index="2" bw="6" slack="0"/>
</pin_list>
<bind>
<opcode="add(8) " fcode="add"/>
<opset="p_mid1326/1 "/>
</bind>
</comp>

<comp id="696" class="1004" name="cmp23_i72_not_mid1_fu_696">
<pin_list>
<pin id="697" dir="0" index="0" bw="5" slack="0"/>
<pin id="698" dir="0" index="1" bw="1" slack="0"/>
<pin id="699" dir="1" index="2" bw="1" slack="0"/>
</pin_list>
<bind>
<opcode="icmp(45) " fcode="icmp"/>
<opset="cmp23_i72_not_mid1/1 "/>
</bind>
</comp>

<comp id="702" class="1004" name="cmp25_i74_not_mid1_fu_702">
<pin_list>
<pin id="703" dir="0" index="0" bw="6" slack="0"/>
<pin id="704" dir="0" index="1" bw="6" slack="0"/>
<pin id="705" dir="1" index="2" bw="1" slack="0"/>
</pin_list>
<bind>
<opcode="icmp(45) " fcode="icmp"/>
<opset="cmp25_i74_not_mid1/1 "/>
</bind>
</comp>

<comp id="708" class="1004" name="tmp59_mid1_fu_708">
<pin_list>
<pin id="709" dir="0" index="0" bw="1" slack="0"/>
<pin id="710" dir="0" index="1" bw="1" slack="0"/>
<pin id="711" dir="1" index="2" bw="1" slack="0"/>
</pin_list>
<bind>
<opcode="or(24) " fcode="or"/>
<opset="tmp59_mid1/1 "/>
</bind>
</comp>

<comp id="714" class="1004" name="tmp60_mid1_fu_714">
<pin_list>
<pin id="715" dir="0" index="0" bw="1" slack="0"/>
<pin id="716" dir="0" index="1" bw="1" slack="0"/>
<pin id="717" dir="1" index="2" bw="1" slack="0"/>
</pin_list>
<bind>
<opcode="or(24) " fcode="or"/>
<opset="tmp60_mid1/1 "/>
</bind>
</comp>

<comp id="720" class="1004" name="brmerge98_mid1_fu_720">
<pin_list>
<pin id="721" dir="0" index="0" bw="1" slack="0"/>
<pin id="722" dir="0" index="1" bw="1" slack="0"/>
<pin id="723" dir="1" index="2" bw="1" slack="0"/>
</pin_list>
<bind>
<opcode="or(24) " fcode="or"/>
<opset="brmerge98_mid1/1 "/>
</bind>
</comp>

<comp id="726" class="1004" name="select_ln155_2_fu_726">
<pin_list>
<pin id="727" dir="0" index="0" bw="1" slack="0"/>
<pin id="728" dir="0" index="1" bw="1" slack="0"/>
<pin id="729" dir="0" index="2" bw="1" slack="0"/>
<pin id="730" dir="1" index="3" bw="1" slack="1"/>
</pin_list>
<bind>
<opcode="select(49) " fcode="select"/>
<opset="select_ln155_2/1 "/>
</bind>
</comp>

<comp id="734" class="1004" name="shl_ln162_mid1_fu_734">
<pin_list>
<pin id="735" dir="0" index="0" bw="9" slack="0"/>
<pin id="736" dir="0" index="1" bw="6" slack="0"/>
<pin id="737" dir="0" index="2" bw="1" slack="0"/>
<pin id="738" dir="1" index="3" bw="9" slack="0"/>
</pin_list>
<bind>
<opcode="bitconcatenate(1004) " fcode="bitconcatenate"/>
<opset="shl_ln162_mid1/1 "/>
</bind>
</comp>

<comp id="742" class="1004" name="sext_ln162_4_fu_742">
<pin_list>
<pin id="743" dir="0" index="0" bw="9" slack="0"/>
<pin id="744" dir="1" index="1" bw="14" slack="0"/>
</pin_list>
<bind>
<opcode="sext(35) " fcode="sext"/>
<opset="sext_ln162_4/1 "/>
</bind>
</comp>

<comp id="746" class="1004" name="add_ln162_2_fu_746">
<pin_list>
<pin id="747" dir="0" index="0" bw="9" slack="0"/>
<pin id="748" dir="0" index="1" bw="14" slack="0"/>
<pin id="749" dir="1" index="2" bw="14" slack="0"/>
</pin_list>
<bind>
<opcode="add(8) " fcode="add"/>
<opset="add_ln162_2/1 "/>
</bind>
</comp>

<comp id="752" class="1004" name="add_ln163_4_fu_752">
<pin_list>
<pin id="753" dir="0" index="0" bw="5" slack="0"/>
<pin id="754" dir="0" index="1" bw="2" slack="0"/>
<pin id="755" dir="1" index="2" bw="5" slack="0"/>
</pin_list>
<bind>
<opcode="add(8) " fcode="add"/>
<opset="add_ln163_4/1 "/>
</bind>
</comp>

<comp id="758" class="1004" name="select_ln155_3_fu_758">
<pin_list>
<pin id="759" dir="0" index="0" bw="1" slack="0"/>
<pin id="760" dir="0" index="1" bw="5" slack="0"/>
<pin id="761" dir="0" index="2" bw="5" slack="0"/>
<pin id="762" dir="1" index="3" bw="5" slack="0"/>
</pin_list>
<bind>
<opcode="select(49) " fcode="select"/>
<opset="select_ln155_3/1 "/>
</bind>
</comp>

<comp id="766" class="1004" name="sext_ln155_fu_766">
<pin_list>
<pin id="767" dir="0" index="0" bw="5" slack="0"/>
<pin id="768" dir="1" index="1" bw="6" slack="0"/>
</pin_list>
<bind>
<opcode="sext(35) " fcode="sext"/>
<opset="sext_ln155/1 "/>
</bind>
</comp>

<comp id="770" class="1004" name="trunc_ln162_fu_770">
<pin_list>
<pin id="771" dir="0" index="0" bw="3" slack="0"/>
<pin id="772" dir="1" index="1" bw="2" slack="0"/>
</pin_list>
<bind>
<opcode="trunc(33) " fcode="trunc"/>
<opset="trunc_ln162/1 "/>
</bind>
</comp>

<comp id="774" class="1004" name="shl_ln162_fu_774">
<pin_list>
<pin id="775" dir="0" index="0" bw="3" slack="0"/>
<pin id="776" dir="0" index="1" bw="1" slack="0"/>
<pin id="777" dir="1" index="2" bw="3" slack="0"/>
</pin_list>
<bind>
<opcode="shl(20) " fcode="shl"/>
<opset="shl_ln162/1 "/>
</bind>
</comp>

<comp id="780" class="1004" name="tmp_s_fu_780">
<pin_list>
<pin id="781" dir="0" index="0" bw="11" slack="0"/>
<pin id="782" dir="0" index="1" bw="14" slack="0"/>
<pin id="783" dir="0" index="2" bw="3" slack="0"/>
<pin id="784" dir="0" index="3" bw="5" slack="0"/>
<pin id="785" dir="1" index="4" bw="11" slack="0"/>
</pin_list>
<bind>
<opcode="partselect(1002) " fcode="partselect"/>
<opset="tmp_s/1 "/>
</bind>
</comp>

<comp id="790" class="1004" name="tmp_1_fu_790">
<pin_list>
<pin id="791" dir="0" index="0" bw="11" slack="0"/>
<pin id="792" dir="0" index="1" bw="14" slack="0"/>
<pin id="793" dir="0" index="2" bw="3" slack="0"/>
<pin id="794" dir="0" index="3" bw="5" slack="0"/>
<pin id="795" dir="1" index="4" bw="11" slack="0"/>
</pin_list>
<bind>
<opcode="partselect(1002) " fcode="partselect"/>
<opset="tmp_1/1 "/>
</bind>
</comp>

<comp id="800" class="1004" name="select_ln153_9_fu_800">
<pin_list>
<pin id="801" dir="0" index="0" bw="1" slack="0"/>
<pin id="802" dir="0" index="1" bw="11" slack="0"/>
<pin id="803" dir="0" index="2" bw="11" slack="0"/>
<pin id="804" dir="1" index="3" bw="11" slack="0"/>
</pin_list>
<bind>
<opcode="select(49) " fcode="select"/>
<opset="select_ln153_9/1 "/>
</bind>
</comp>

<comp id="808" class="1004" name="tmp_2_fu_808">
<pin_list>
<pin id="809" dir="0" index="0" bw="11" slack="0"/>
<pin id="810" dir="0" index="1" bw="14" slack="0"/>
<pin id="811" dir="0" index="2" bw="3" slack="0"/>
<pin id="812" dir="0" index="3" bw="5" slack="0"/>
<pin id="813" dir="1" index="4" bw="11" slack="0"/>
</pin_list>
<bind>
<opcode="partselect(1002) " fcode="partselect"/>
<opset="tmp_2/1 "/>
</bind>
</comp>

<comp id="818" class="1004" name="select_ln155_4_fu_818">
<pin_list>
<pin id="819" dir="0" index="0" bw="1" slack="0"/>
<pin id="820" dir="0" index="1" bw="11" slack="0"/>
<pin id="821" dir="0" index="2" bw="11" slack="0"/>
<pin id="822" dir="1" index="3" bw="11" slack="0"/>
</pin_list>
<bind>
<opcode="select(49) " fcode="select"/>
<opset="select_ln155_4/1 "/>
</bind>
</comp>

<comp id="826" class="1004" name="trunc_ln_fu_826">
<pin_list>
<pin id="827" dir="0" index="0" bw="13" slack="0"/>
<pin id="828" dir="0" index="1" bw="11" slack="0"/>
<pin id="829" dir="0" index="2" bw="2" slack="0"/>
<pin id="830" dir="1" index="3" bw="13" slack="0"/>
</pin_list>
<bind>
<opcode="bitconcatenate(1004) " fcode="bitconcatenate"/>
<opset="trunc_ln/1 "/>
</bind>
</comp>

<comp id="834" class="1004" name="sext_ln162_5_fu_834">
<pin_list>
<pin id="835" dir="0" index="0" bw="13" slack="0"/>
<pin id="836" dir="1" index="1" bw="14" slack="0"/>
</pin_list>
<bind>
<opcode="sext(35) " fcode="sext"/>
<opset="sext_ln162_5/1 "/>
</bind>
</comp>

<comp id="838" class="1004" name="zext_ln162_fu_838">
<pin_list>
<pin id="839" dir="0" index="0" bw="13" slack="0"/>
<pin id="840" dir="1" index="1" bw="64" slack="0"/>
</pin_list>
<bind>
<opcode="zext(34) " fcode="zext"/>
<opset="zext_ln162/1 "/>
</bind>
</comp>

<comp id="843" class="1004" name="add_ln163_5_fu_843">
<pin_list>
<pin id="844" dir="0" index="0" bw="5" slack="0"/>
<pin id="845" dir="0" index="1" bw="2" slack="0"/>
<pin id="846" dir="0" index="2" bw="3" slack="0"/>
<pin id="847" dir="1" index="3" bw="5" slack="0"/>
</pin_list>
<bind>
<opcode="bitconcatenate(1004) " fcode="bitconcatenate"/>
<opset="add_ln163_5/1 "/>
</bind>
</comp>

<comp id="851" class="1004" name="zext_ln163_fu_851">
<pin_list>
<pin id="852" dir="0" index="0" bw="5" slack="0"/>
<pin id="853" dir="1" index="1" bw="6" slack="0"/>
</pin_list>
<bind>
<opcode="zext(34) " fcode="zext"/>
<opset="zext_ln163/1 "/>
</bind>
</comp>

<comp id="855" class="1004" name="add_ln163_fu_855">
<pin_list>
<pin id="856" dir="0" index="0" bw="5" slack="0"/>
<pin id="857" dir="0" index="1" bw="5" slack="0"/>
<pin id="858" dir="1" index="2" bw="6" slack="0"/>
</pin_list>
<bind>
<opcode="add(8) " fcode="add"/>
<opset="add_ln163/1 "/>
</bind>
</comp>

<comp id="861" class="1004" name="add_ln163_1_fu_861">
<pin_list>
<pin id="862" dir="0" index="0" bw="6" slack="0"/>
<pin id="863" dir="0" index="1" bw="2" slack="0"/>
<pin id="864" dir="1" index="2" bw="6" slack="0"/>
</pin_list>
<bind>
<opcode="add(8) " fcode="add"/>
<opset="add_ln163_1/1 "/>
</bind>
</comp>

<comp id="867" class="1004" name="zext_ln1271_fu_867">
<pin_list>
<pin id="868" dir="0" index="0" bw="6" slack="0"/>
<pin id="869" dir="1" index="1" bw="64" slack="0"/>
</pin_list>
<bind>
<opcode="zext(34) " fcode="zext"/>
<opset="zext_ln1271/1 "/>
</bind>
</comp>

<comp id="872" class="1004" name="or_ln162_fu_872">
<pin_list>
<pin id="873" dir="0" index="0" bw="3" slack="0"/>
<pin id="874" dir="0" index="1" bw="3" slack="0"/>
<pin id="875" dir="1" index="2" bw="3" slack="0"/>
</pin_list>
<bind>
<opcode="or(24) " fcode="or"/>
<opset="or_ln162/1 "/>
</bind>
</comp>

<comp id="878" class="1004" name="tmp_3_fu_878">
<pin_list>
<pin id="879" dir="0" index="0" bw="2" slack="0"/>
<pin id="880" dir="0" index="1" bw="3" slack="0"/>
<pin id="881" dir="0" index="2" bw="1" slack="0"/>
<pin id="882" dir="0" index="3" bw="3" slack="0"/>
<pin id="883" dir="1" index="4" bw="2" slack="0"/>
</pin_list>
<bind>
<opcode="partselect(1002) " fcode="partselect"/>
<opset="tmp_3/1 "/>
</bind>
</comp>

<comp id="888" class="1004" name="trunc_ln162_1_fu_888">
<pin_list>
<pin id="889" dir="0" index="0" bw="13" slack="0"/>
<pin id="890" dir="0" index="1" bw="11" slack="0"/>
<pin id="891" dir="0" index="2" bw="2" slack="0"/>
<pin id="892" dir="1" index="3" bw="13" slack="0"/>
</pin_list>
<bind>
<opcode="bitconcatenate(1004) " fcode="bitconcatenate"/>
<opset="trunc_ln162_1/1 "/>
</bind>
</comp>

<comp id="896" class="1004" name="sext_ln162_6_fu_896">
<pin_list>
<pin id="897" dir="0" index="0" bw="13" slack="0"/>
<pin id="898" dir="1" index="1" bw="14" slack="0"/>
</pin_list>
<bind>
<opcode="sext(35) " fcode="sext"/>
<opset="sext_ln162_6/1 "/>
</bind>
</comp>

<comp id="900" class="1004" name="zext_ln162_1_fu_900">
<pin_list>
<pin id="901" dir="0" index="0" bw="13" slack="0"/>
<pin id="902" dir="1" index="1" bw="64" slack="0"/>
</pin_list>
<bind>
<opcode="zext(34) " fcode="zext"/>
<opset="zext_ln162_1/1 "/>
</bind>
</comp>

<comp id="905" class="1004" name="or_ln163_fu_905">
<pin_list>
<pin id="906" dir="0" index="0" bw="5" slack="0"/>
<pin id="907" dir="0" index="1" bw="5" slack="0"/>
<pin id="908" dir="1" index="2" bw="5" slack="0"/>
</pin_list>
<bind>
<opcode="or(24) " fcode="or"/>
<opset="or_ln163/1 "/>
</bind>
</comp>

<comp id="911" class="1004" name="or_ln2_fu_911">
<pin_list>
<pin id="912" dir="0" index="0" bw="6" slack="0"/>
<pin id="913" dir="0" index="1" bw="1" slack="0"/>
<pin id="914" dir="0" index="2" bw="5" slack="0"/>
<pin id="915" dir="1" index="3" bw="6" slack="0"/>
</pin_list>
<bind>
<opcode="bitconcatenate(1004) " fcode="bitconcatenate"/>
<opset="or_ln2/1 "/>
</bind>
</comp>

<comp id="919" class="1004" name="add_ln163_3_fu_919">
<pin_list>
<pin id="920" dir="0" index="0" bw="6" slack="0"/>
<pin id="921" dir="0" index="1" bw="5" slack="0"/>
<pin id="922" dir="1" index="2" bw="6" slack="1"/>
</pin_list>
<bind>
<opcode="add(8) " fcode="add"/>
<opset="add_ln163_3/1 "/>
</bind>
</comp>

<comp id="925" class="1004" name="add_ln157_fu_925">
<pin_list>
<pin id="926" dir="0" index="0" bw="3" slack="0"/>
<pin id="927" dir="0" index="1" bw="3" slack="0"/>
<pin id="928" dir="1" index="2" bw="3" slack="0"/>
</pin_list>
<bind>
<opcode="add(8) " fcode="add"/>
<opset="add_ln157/1 "/>
</bind>
</comp>

<comp id="931" class="1004" name="add_ln155_1_fu_931">
<pin_list>
<pin id="932" dir="0" index="0" bw="4" slack="0"/>
<pin id="933" dir="0" index="1" bw="1" slack="0"/>
<pin id="934" dir="1" index="2" bw="4" slack="0"/>
</pin_list>
<bind>
<opcode="add(8) " fcode="add"/>
<opset="add_ln155_1/1 "/>
</bind>
</comp>

<comp id="937" class="1004" name="select_ln155_5_fu_937">
<pin_list>
<pin id="938" dir="0" index="0" bw="1" slack="0"/>
<pin id="939" dir="0" index="1" bw="1" slack="0"/>
<pin id="940" dir="0" index="2" bw="4" slack="0"/>
<pin id="941" dir="1" index="3" bw="4" slack="0"/>
</pin_list>
<bind>
<opcode="select(49) " fcode="select"/>
<opset="select_ln155_5/1 "/>
</bind>
</comp>

<comp id="945" class="1004" name="store_ln157_store_fu_945">
<pin_list>
<pin id="946" dir="0" index="0" bw="5" slack="0"/>
<pin id="947" dir="0" index="1" bw="5" slack="0"/>
<pin id="948" dir="1" index="2" bw="0" slack="2147483647"/>
</pin_list>
<bind>
<opcode="store(28) " fcode="store"/>
<opset="store_ln157/1 "/>
</bind>
</comp>

<comp id="950" class="1004" name="store_ln157_store_fu_950">
<pin_list>
<pin id="951" dir="0" index="0" bw="2" slack="0"/>
<pin id="952" dir="0" index="1" bw="2" slack="0"/>
<pin id="953" dir="1" index="2" bw="0" slack="2147483647"/>
</pin_list>
<bind>
<opcode="store(28) " fcode="store"/>
<opset="store_ln157/1 "/>
</bind>
</comp>

<comp id="955" class="1004" name="store_ln157_store_fu_955">
<pin_list>
<pin id="956" dir="0" index="0" bw="4" slack="0"/>
<pin id="957" dir="0" index="1" bw="4" slack="0"/>
<pin id="958" dir="1" index="2" bw="0" slack="2147483647"/>
</pin_list>
<bind>
<opcode="store(28) " fcode="store"/>
<opset="store_ln157/1 "/>
</bind>
</comp>

<comp id="960" class="1004" name="store_ln157_store_fu_960">
<pin_list>
<pin id="961" dir="0" index="0" bw="2" slack="0"/>
<pin id="962" dir="0" index="1" bw="2" slack="0"/>
<pin id="963" dir="1" index="2" bw="0" slack="2147483647"/>
</pin_list>
<bind>
<opcode="store(28) " fcode="store"/>
<opset="store_ln157/1 "/>
</bind>
</comp>

<comp id="965" class="1004" name="store_ln157_store_fu_965">
<pin_list>
<pin id="966" dir="0" index="0" bw="3" slack="0"/>
<pin id="967" dir="0" index="1" bw="3" slack="0"/>
<pin id="968" dir="1" index="2" bw="0" slack="2147483647"/>
</pin_list>
<bind>
<opcode="store(28) " fcode="store"/>
<opset="store_ln157/1 "/>
</bind>
</comp>

<comp id="970" class="1004" name="val_V_9_fu_970">
<pin_list>
<pin id="971" dir="0" index="0" bw="1" slack="1"/>
<pin id="972" dir="0" index="1" bw="1" slack="0"/>
<pin id="973" dir="0" index="2" bw="16" slack="0"/>
<pin id="974" dir="1" index="3" bw="16" slack="0"/>
</pin_list>
<bind>
<opcode="select(49) " fcode="select"/>
<opset="val_V_9/2 "/>
</bind>
</comp>

<comp id="977" class="1004" name="sext_ln1347_fu_977">
<pin_list>
<pin id="978" dir="0" index="0" bw="16" slack="0"/>
<pin id="979" dir="1" index="1" bw="26" slack="0"/>
</pin_list>
<bind>
<opcode="sext(35) " fcode="sext"/>
<opset="sext_ln1347/2 "/>
</bind>
</comp>

<comp id="981" class="1004" name="sext_ln1347_1_fu_981">
<pin_list>
<pin id="982" dir="0" index="0" bw="11" slack="0"/>
<pin id="983" dir="1" index="1" bw="26" slack="0"/>
</pin_list>
<bind>
<opcode="sext(35) " fcode="sext"/>
<opset="sext_ln1347_1/2 "/>
</bind>
</comp>

<comp id="985" class="1004" name="val_V_10_fu_985">
<pin_list>
<pin id="986" dir="0" index="0" bw="1" slack="1"/>
<pin id="987" dir="0" index="1" bw="1" slack="0"/>
<pin id="988" dir="0" index="2" bw="16" slack="0"/>
<pin id="989" dir="1" index="3" bw="16" slack="1"/>
</pin_list>
<bind>
<opcode="select(49) " fcode="select"/>
<opset="val_V_10/2 "/>
</bind>
</comp>

<comp id="992" class="1004" name="zext_ln1271_2_fu_992">
<pin_list>
<pin id="993" dir="0" index="0" bw="6" slack="1"/>
<pin id="994" dir="1" index="1" bw="64" slack="0"/>
</pin_list>
<bind>
<opcode="zext(34) " fcode="zext"/>
<opset="zext_ln1271_2/2 "/>
</bind>
</comp>

<comp id="996" class="1004" name="sext_ln1347_2_fu_996">
<pin_list>
<pin id="997" dir="0" index="0" bw="16" slack="1"/>
<pin id="998" dir="1" index="1" bw="26" slack="0"/>
</pin_list>
<bind>
<opcode="sext(35) " fcode="sext"/>
<opset="sext_ln1347_2/3 "/>
</bind>
</comp>

<comp id="999" class="1004" name="sext_ln1347_3_fu_999">
<pin_list>
<pin id="1000" dir="0" index="0" bw="11" slack="0"/>
<pin id="1001" dir="1" index="1" bw="26" slack="0"/>
</pin_list>
<bind>
<opcode="sext(35) " fcode="sext"/>
<opset="sext_ln1347_3/3 "/>
</bind>
</comp>

<comp id="1003" class="1004" name="lhs_load_2_load_fu_1003">
<pin_list>
<pin id="1004" dir="0" index="0" bw="16" slack="3"/>
<pin id="1005" dir="1" index="1" bw="16" slack="0"/>
</pin_list>
<bind>
<opcode="load(27) " fcode="load"/>
<opset="lhs_load_2/4 "/>
</bind>
</comp>

<comp id="1006" class="1004" name="lhs_4_fu_1006">
<pin_list>
<pin id="1007" dir="0" index="0" bw="26" slack="0"/>
<pin id="1008" dir="0" index="1" bw="16" slack="0"/>
<pin id="1009" dir="0" index="2" bw="1" slack="0"/>
<pin id="1010" dir="1" index="3" bw="26" slack="0"/>
</pin_list>
<bind>
<opcode="bitconcatenate(1004) " fcode="bitconcatenate"/>
<opset="lhs_4/4 "/>
</bind>
</comp>

<comp id="1014" class="1004" name="tmp_4_fu_1014">
<pin_list>
<pin id="1015" dir="0" index="0" bw="16" slack="0"/>
<pin id="1016" dir="0" index="1" bw="26" slack="0"/>
<pin id="1017" dir="0" index="2" bw="5" slack="0"/>
<pin id="1018" dir="0" index="3" bw="6" slack="0"/>
<pin id="1019" dir="1" index="4" bw="16" slack="0"/>
</pin_list>
<bind>
<opcode="partselect(1002) " fcode="partselect"/>
<opset="tmp_4/5 "/>
</bind>
</comp>

<comp id="1023" class="1004" name="lhs_5_fu_1023">
<pin_list>
<pin id="1024" dir="0" index="0" bw="26" slack="0"/>
<pin id="1025" dir="0" index="1" bw="16" slack="0"/>
<pin id="1026" dir="0" index="2" bw="1" slack="0"/>
<pin id="1027" dir="1" index="3" bw="26" slack="0"/>
</pin_list>
<bind>
<opcode="bitconcatenate(1004) " fcode="bitconcatenate"/>
<opset="lhs_5/5 "/>
</bind>
</comp>

<comp id="1031" class="1004" name="s_V_fu_1031">
<pin_list>
<pin id="1032" dir="0" index="0" bw="16" slack="0"/>
<pin id="1033" dir="0" index="1" bw="26" slack="0"/>
<pin id="1034" dir="0" index="2" bw="5" slack="0"/>
<pin id="1035" dir="0" index="3" bw="6" slack="0"/>
<pin id="1036" dir="1" index="4" bw="16" slack="0"/>
</pin_list>
<bind>
<opcode="partselect(1002) " fcode="partselect"/>
<opset="s_V/6 "/>
</bind>
</comp>

<comp id="1040" class="1004" name="store_ln157_store_fu_1040">
<pin_list>
<pin id="1041" dir="0" index="0" bw="16" slack="0"/>
<pin id="1042" dir="0" index="1" bw="16" slack="5"/>
<pin id="1043" dir="1" index="2" bw="0" slack="2147483647"/>
</pin_list>
<bind>
<opcode="store(28) " fcode="store"/>
<opset="store_ln157/6 "/>
</bind>
</comp>

<comp id="1045" class="1004" name="lhs_load_load_fu_1045">
<pin_list>
<pin id="1046" dir="0" index="0" bw="16" slack="3"/>
<pin id="1047" dir="1" index="1" bw="16" slack="0"/>
</pin_list>
<bind>
<opcode="load(27) " fcode="load"/>
<opset="lhs_load/4 "/>
</bind>
</comp>

<comp id="1049" class="1007" name="grp_fu_1049">
<pin_list>
<pin id="1050" dir="0" index="0" bw="11" slack="0"/>
<pin id="1051" dir="0" index="1" bw="16" slack="0"/>
<pin id="1052" dir="0" index="2" bw="26" slack="0"/>
<pin id="1053" dir="1" index="3" bw="26" slack="0"/>
</pin_list>
<bind>
<opcode="muladd(1172) " fcode="muladd"/>
<opset="mul_ln1347/2 ret_V/4 "/>
</bind>
</comp>

<comp id="1058" class="1007" name="grp_fu_1058">
<pin_list>
<pin id="1059" dir="0" index="0" bw="11" slack="0"/>
<pin id="1060" dir="0" index="1" bw="16" slack="0"/>
<pin id="1061" dir="0" index="2" bw="26" slack="0"/>
<pin id="1062" dir="1" index="3" bw="26" slack="0"/>
</pin_list>
<bind>
<opcode="muladd(1172) " fcode="muladd"/>
<opset="mul_ln1347_1/3 ret_V_2/5 "/>
</bind>
</comp>

<comp id="1067" class="1005" name="lhs_reg_1067">
<pin_list>
<pin id="1068" dir="0" index="0" bw="16" slack="0"/>
<pin id="1069" dir="1" index="1" bw="16" slack="0"/>
</pin_list>
<bind>
<opset="lhs "/>
</bind>
</comp>

<comp id="1075" class="1005" name="k_reg_1075">
<pin_list>
<pin id="1076" dir="0" index="0" bw="3" slack="0"/>
<pin id="1077" dir="1" index="1" bw="3" slack="0"/>
</pin_list>
<bind>
<opset="k "/>
</bind>
</comp>

<comp id="1082" class="1005" name="j_reg_1082">
<pin_list>
<pin id="1083" dir="0" index="0" bw="2" slack="0"/>
<pin id="1084" dir="1" index="1" bw="2" slack="0"/>
</pin_list>
<bind>
<opset="j "/>
</bind>
</comp>

<comp id="1089" class="1005" name="indvar_flatten328_reg_1089">
<pin_list>
<pin id="1090" dir="0" index="0" bw="4" slack="0"/>
<pin id="1091" dir="1" index="1" bw="4" slack="0"/>
</pin_list>
<bind>
<opset="indvar_flatten328 "/>
</bind>
</comp>

<comp id="1096" class="1005" name="i_reg_1096">
<pin_list>
<pin id="1097" dir="0" index="0" bw="2" slack="0"/>
<pin id="1098" dir="1" index="1" bw="2" slack="0"/>
</pin_list>
<bind>
<opset="i "/>
</bind>
</comp>

<comp id="1103" class="1005" name="indvar_flatten386_reg_1103">
<pin_list>
<pin id="1104" dir="0" index="0" bw="5" slack="0"/>
<pin id="1105" dir="1" index="1" bw="5" slack="0"/>
</pin_list>
<bind>
<opset="indvar_flatten386 "/>
</bind>
</comp>

<comp id="1110" class="1005" name="icmp_ln153_reg_1110">
<pin_list>
<pin id="1111" dir="0" index="0" bw="1" slack="1"/>
<pin id="1112" dir="1" index="1" bw="1" slack="2147483647"/>
</pin_list>
<bind>
<opset="icmp_ln153 "/>
</bind>
</comp>

<comp id="1114" class="1005" name="select_ln155_2_reg_1114">
<pin_list>
<pin id="1115" dir="0" index="0" bw="1" slack="1"/>
<pin id="1116" dir="1" index="1" bw="1" slack="1"/>
</pin_list>
<bind>
<opset="select_ln155_2 "/>
</bind>
</comp>

<comp id="1120" class="1005" name="d_addr_reg_1120">
<pin_list>
<pin id="1121" dir="0" index="0" bw="14" slack="1"/>
<pin id="1122" dir="1" index="1" bw="14" slack="1"/>
</pin_list>
<bind>
<opset="d_addr "/>
</bind>
</comp>

<comp id="1125" class="1005" name="conv_out_kernel_V_addr_reg_1125">
<pin_list>
<pin id="1126" dir="0" index="0" bw="6" slack="1"/>
<pin id="1127" dir="1" index="1" bw="6" slack="1"/>
</pin_list>
<bind>
<opset="conv_out_kernel_V_addr "/>
</bind>
</comp>

<comp id="1130" class="1005" name="d_addr_1_reg_1130">
<pin_list>
<pin id="1131" dir="0" index="0" bw="14" slack="1"/>
<pin id="1132" dir="1" index="1" bw="14" slack="1"/>
</pin_list>
<bind>
<opset="d_addr_1 "/>
</bind>
</comp>

<comp id="1135" class="1005" name="add_ln163_3_reg_1135">
<pin_list>
<pin id="1136" dir="0" index="0" bw="6" slack="1"/>
<pin id="1137" dir="1" index="1" bw="6" slack="1"/>
</pin_list>
<bind>
<opset="add_ln163_3 "/>
</bind>
</comp>

<comp id="1140" class="1005" name="sext_ln1347_reg_1140">
<pin_list>
<pin id="1141" dir="0" index="0" bw="26" slack="1"/>
<pin id="1142" dir="1" index="1" bw="26" slack="1"/>
</pin_list>
<bind>
<opset="sext_ln1347 "/>
</bind>
</comp>

<comp id="1145" class="1005" name="sext_ln1347_1_reg_1145">
<pin_list>
<pin id="1146" dir="0" index="0" bw="26" slack="1"/>
<pin id="1147" dir="1" index="1" bw="26" slack="1"/>
</pin_list>
<bind>
<opset="sext_ln1347_1 "/>
</bind>
</comp>

<comp id="1150" class="1005" name="val_V_10_reg_1150">
<pin_list>
<pin id="1151" dir="0" index="0" bw="16" slack="1"/>
<pin id="1152" dir="1" index="1" bw="16" slack="1"/>
</pin_list>
<bind>
<opset="val_V_10 "/>
</bind>
</comp>

<comp id="1155" class="1005" name="conv_out_kernel_V_addr_1_reg_1155">
<pin_list>
<pin id="1156" dir="0" index="0" bw="6" slack="1"/>
<pin id="1157" dir="1" index="1" bw="6" slack="1"/>
</pin_list>
<bind>
<opset="conv_out_kernel_V_addr_1 "/>
</bind>
</comp>

<comp id="1160" class="1005" name="sext_ln1347_2_reg_1160">
<pin_list>
<pin id="1161" dir="0" index="0" bw="26" slack="1"/>
<pin id="1162" dir="1" index="1" bw="26" slack="1"/>
</pin_list>
<bind>
<opset="sext_ln1347_2 "/>
</bind>
</comp>

<comp id="1165" class="1005" name="sext_ln1347_3_reg_1165">
<pin_list>
<pin id="1166" dir="0" index="0" bw="26" slack="1"/>
<pin id="1167" dir="1" index="1" bw="26" slack="1"/>
</pin_list>
<bind>
<opset="sext_ln1347_3 "/>
</bind>
</comp>

<comp id="1170" class="1005" name="lhs_4_reg_1170">
<pin_list>
<pin id="1171" dir="0" index="0" bw="26" slack="1"/>
<pin id="1172" dir="1" index="1" bw="26" slack="1"/>
</pin_list>
<bind>
<opset="lhs_4 "/>
</bind>
</comp>

<comp id="1175" class="1005" name="lhs_5_reg_1175">
<pin_list>
<pin id="1176" dir="0" index="0" bw="26" slack="1"/>
<pin id="1177" dir="1" index="1" bw="26" slack="1"/>
</pin_list>
<bind>
<opset="lhs_5 "/>
</bind>
</comp>

</comp_list>

<net_list>
<net id="127"><net_src comp="16" pin="0"/><net_sink comp="124" pin=0"/></net>

<net id="131"><net_src comp="16" pin="0"/><net_sink comp="128" pin=0"/></net>

<net id="135"><net_src comp="16" pin="0"/><net_sink comp="132" pin=0"/></net>

<net id="139"><net_src comp="16" pin="0"/><net_sink comp="136" pin=0"/></net>

<net id="143"><net_src comp="16" pin="0"/><net_sink comp="140" pin=0"/></net>

<net id="147"><net_src comp="16" pin="0"/><net_sink comp="144" pin=0"/></net>

<net id="152"><net_src comp="20" pin="0"/><net_sink comp="148" pin=0"/></net>

<net id="153"><net_src comp="8" pin="0"/><net_sink comp="148" pin=1"/></net>

<net id="158"><net_src comp="22" pin="0"/><net_sink comp="154" pin=0"/></net>

<net id="159"><net_src comp="6" pin="0"/><net_sink comp="154" pin=1"/></net>

<net id="164"><net_src comp="22" pin="0"/><net_sink comp="160" pin=0"/></net>

<net id="165"><net_src comp="4" pin="0"/><net_sink comp="160" pin=1"/></net>

<net id="170"><net_src comp="24" pin="0"/><net_sink comp="166" pin=0"/></net>

<net id="171"><net_src comp="2" pin="0"/><net_sink comp="166" pin=1"/></net>

<net id="176"><net_src comp="24" pin="0"/><net_sink comp="172" pin=0"/></net>

<net id="177"><net_src comp="0" pin="0"/><net_sink comp="172" pin=1"/></net>

<net id="183"><net_src comp="122" pin="0"/><net_sink comp="178" pin=0"/></net>

<net id="184"><net_src comp="12" pin="0"/><net_sink comp="178" pin=1"/></net>

<net id="190"><net_src comp="10" pin="0"/><net_sink comp="185" pin=0"/></net>

<net id="191"><net_src comp="82" pin="0"/><net_sink comp="185" pin=1"/></net>

<net id="201"><net_src comp="185" pin="3"/><net_sink comp="192" pin=2"/></net>

<net id="207"><net_src comp="14" pin="0"/><net_sink comp="202" pin=0"/></net>

<net id="208"><net_src comp="82" pin="0"/><net_sink comp="202" pin=1"/></net>

<net id="214"><net_src comp="202" pin="3"/><net_sink comp="209" pin=0"/></net>

<net id="220"><net_src comp="10" pin="0"/><net_sink comp="215" pin=0"/></net>

<net id="221"><net_src comp="82" pin="0"/><net_sink comp="215" pin=1"/></net>

<net id="222"><net_src comp="215" pin="3"/><net_sink comp="192" pin=0"/></net>

<net id="228"><net_src comp="14" pin="0"/><net_sink comp="223" pin=0"/></net>

<net id="229"><net_src comp="82" pin="0"/><net_sink comp="223" pin=1"/></net>

<net id="230"><net_src comp="223" pin="3"/><net_sink comp="209" pin=0"/></net>

<net id="234"><net_src comp="148" pin="2"/><net_sink comp="231" pin=0"/></net>

<net id="239"><net_src comp="26" pin="0"/><net_sink comp="235" pin=0"/></net>

<net id="244"><net_src comp="28" pin="0"/><net_sink comp="240" pin=0"/></net>

<net id="249"><net_src comp="30" pin="0"/><net_sink comp="245" pin=0"/></net>

<net id="254"><net_src comp="28" pin="0"/><net_sink comp="250" pin=0"/></net>

<net id="259"><net_src comp="32" pin="0"/><net_sink comp="255" pin=0"/></net>

<net id="264"><net_src comp="34" pin="0"/><net_sink comp="260" pin=0"/></net>

<net id="277"><net_src comp="268" pin="1"/><net_sink comp="274" pin=0"/></net>

<net id="282"><net_src comp="274" pin="1"/><net_sink comp="278" pin=0"/></net>

<net id="283"><net_src comp="172" pin="2"/><net_sink comp="278" pin=1"/></net>

<net id="287"><net_src comp="278" pin="2"/><net_sink comp="284" pin=0"/></net>

<net id="292"><net_src comp="284" pin="1"/><net_sink comp="288" pin=0"/></net>

<net id="293"><net_src comp="36" pin="0"/><net_sink comp="288" pin=1"/></net>

<net id="299"><net_src comp="38" pin="0"/><net_sink comp="294" pin=0"/></net>

<net id="300"><net_src comp="268" pin="1"/><net_sink comp="294" pin=1"/></net>

<net id="301"><net_src comp="28" pin="0"/><net_sink comp="294" pin=2"/></net>

<net id="305"><net_src comp="294" pin="3"/><net_sink comp="302" pin=0"/></net>

<net id="310"><net_src comp="302" pin="1"/><net_sink comp="306" pin=0"/></net>

<net id="311"><net_src comp="274" pin="1"/><net_sink comp="306" pin=1"/></net>

<net id="316"><net_src comp="278" pin="2"/><net_sink comp="312" pin=0"/></net>

<net id="317"><net_src comp="26" pin="0"/><net_sink comp="312" pin=1"/></net>

<net id="322"><net_src comp="288" pin="2"/><net_sink comp="318" pin=0"/></net>

<net id="323"><net_src comp="40" pin="0"/><net_sink comp="318" pin=1"/></net>

<net id="329"><net_src comp="42" pin="0"/><net_sink comp="324" pin=0"/></net>

<net id="330"><net_src comp="288" pin="2"/><net_sink comp="324" pin=1"/></net>

<net id="331"><net_src comp="44" pin="0"/><net_sink comp="324" pin=2"/></net>

<net id="337"><net_src comp="46" pin="0"/><net_sink comp="332" pin=0"/></net>

<net id="338"><net_src comp="288" pin="2"/><net_sink comp="332" pin=1"/></net>

<net id="339"><net_src comp="26" pin="0"/><net_sink comp="332" pin=2"/></net>

<net id="343"><net_src comp="332" pin="3"/><net_sink comp="340" pin=0"/></net>

<net id="348"><net_src comp="324" pin="3"/><net_sink comp="344" pin=0"/></net>

<net id="349"><net_src comp="340" pin="1"/><net_sink comp="344" pin=1"/></net>

<net id="353"><net_src comp="265" pin="1"/><net_sink comp="350" pin=0"/></net>

<net id="358"><net_src comp="350" pin="1"/><net_sink comp="354" pin=0"/></net>

<net id="359"><net_src comp="166" pin="2"/><net_sink comp="354" pin=1"/></net>

<net id="363"><net_src comp="354" pin="2"/><net_sink comp="360" pin=0"/></net>

<net id="368"><net_src comp="360" pin="1"/><net_sink comp="364" pin=0"/></net>

<net id="369"><net_src comp="36" pin="0"/><net_sink comp="364" pin=1"/></net>

<net id="374"><net_src comp="354" pin="2"/><net_sink comp="370" pin=0"/></net>

<net id="375"><net_src comp="26" pin="0"/><net_sink comp="370" pin=1"/></net>

<net id="380"><net_src comp="364" pin="2"/><net_sink comp="376" pin=0"/></net>

<net id="381"><net_src comp="40" pin="0"/><net_sink comp="376" pin=1"/></net>

<net id="386"><net_src comp="318" pin="2"/><net_sink comp="382" pin=0"/></net>

<net id="387"><net_src comp="370" pin="2"/><net_sink comp="382" pin=1"/></net>

<net id="392"><net_src comp="312" pin="2"/><net_sink comp="388" pin=0"/></net>

<net id="393"><net_src comp="376" pin="2"/><net_sink comp="388" pin=1"/></net>

<net id="398"><net_src comp="388" pin="2"/><net_sink comp="394" pin=0"/></net>

<net id="399"><net_src comp="382" pin="2"/><net_sink comp="394" pin=1"/></net>

<net id="405"><net_src comp="48" pin="0"/><net_sink comp="400" pin=0"/></net>

<net id="406"><net_src comp="364" pin="2"/><net_sink comp="400" pin=1"/></net>

<net id="407"><net_src comp="32" pin="0"/><net_sink comp="400" pin=2"/></net>

<net id="411"><net_src comp="400" pin="3"/><net_sink comp="408" pin=0"/></net>

<net id="416"><net_src comp="408" pin="1"/><net_sink comp="412" pin=0"/></net>

<net id="417"><net_src comp="344" pin="2"/><net_sink comp="412" pin=1"/></net>

<net id="422"><net_src comp="306" pin="2"/><net_sink comp="418" pin=0"/></net>

<net id="423"><net_src comp="350" pin="1"/><net_sink comp="418" pin=1"/></net>

<net id="428"><net_src comp="271" pin="1"/><net_sink comp="424" pin=0"/></net>

<net id="429"><net_src comp="58" pin="0"/><net_sink comp="424" pin=1"/></net>

<net id="434"><net_src comp="271" pin="1"/><net_sink comp="430" pin=0"/></net>

<net id="435"><net_src comp="60" pin="0"/><net_sink comp="430" pin=1"/></net>

<net id="446"><net_src comp="268" pin="1"/><net_sink comp="442" pin=0"/></net>

<net id="447"><net_src comp="62" pin="0"/><net_sink comp="442" pin=1"/></net>

<net id="452"><net_src comp="439" pin="1"/><net_sink comp="448" pin=0"/></net>

<net id="453"><net_src comp="64" pin="0"/><net_sink comp="448" pin=1"/></net>

<net id="459"><net_src comp="448" pin="2"/><net_sink comp="454" pin=0"/></net>

<net id="460"><net_src comp="28" pin="0"/><net_sink comp="454" pin=1"/></net>

<net id="461"><net_src comp="265" pin="1"/><net_sink comp="454" pin=2"/></net>

<net id="467"><net_src comp="448" pin="2"/><net_sink comp="462" pin=0"/></net>

<net id="468"><net_src comp="32" pin="0"/><net_sink comp="462" pin=1"/></net>

<net id="469"><net_src comp="436" pin="1"/><net_sink comp="462" pin=2"/></net>

<net id="473"><net_src comp="442" pin="2"/><net_sink comp="470" pin=0"/></net>

<net id="478"><net_src comp="470" pin="1"/><net_sink comp="474" pin=0"/></net>

<net id="479"><net_src comp="172" pin="2"/><net_sink comp="474" pin=1"/></net>

<net id="483"><net_src comp="474" pin="2"/><net_sink comp="480" pin=0"/></net>

<net id="488"><net_src comp="480" pin="1"/><net_sink comp="484" pin=0"/></net>

<net id="489"><net_src comp="36" pin="0"/><net_sink comp="484" pin=1"/></net>

<net id="495"><net_src comp="38" pin="0"/><net_sink comp="490" pin=0"/></net>

<net id="496"><net_src comp="442" pin="2"/><net_sink comp="490" pin=1"/></net>

<net id="497"><net_src comp="28" pin="0"/><net_sink comp="490" pin=2"/></net>

<net id="501"><net_src comp="490" pin="3"/><net_sink comp="498" pin=0"/></net>

<net id="506"><net_src comp="498" pin="1"/><net_sink comp="502" pin=0"/></net>

<net id="507"><net_src comp="470" pin="1"/><net_sink comp="502" pin=1"/></net>

<net id="513"><net_src comp="448" pin="2"/><net_sink comp="508" pin=0"/></net>

<net id="514"><net_src comp="502" pin="2"/><net_sink comp="508" pin=1"/></net>

<net id="515"><net_src comp="306" pin="2"/><net_sink comp="508" pin=2"/></net>

<net id="519"><net_src comp="508" pin="3"/><net_sink comp="516" pin=0"/></net>

<net id="524"><net_src comp="474" pin="2"/><net_sink comp="520" pin=0"/></net>

<net id="525"><net_src comp="26" pin="0"/><net_sink comp="520" pin=1"/></net>

<net id="531"><net_src comp="448" pin="2"/><net_sink comp="526" pin=0"/></net>

<net id="532"><net_src comp="520" pin="2"/><net_sink comp="526" pin=1"/></net>

<net id="533"><net_src comp="312" pin="2"/><net_sink comp="526" pin=2"/></net>

<net id="538"><net_src comp="484" pin="2"/><net_sink comp="534" pin=0"/></net>

<net id="539"><net_src comp="40" pin="0"/><net_sink comp="534" pin=1"/></net>

<net id="545"><net_src comp="448" pin="2"/><net_sink comp="540" pin=0"/></net>

<net id="546"><net_src comp="534" pin="2"/><net_sink comp="540" pin=1"/></net>

<net id="547"><net_src comp="318" pin="2"/><net_sink comp="540" pin=2"/></net>

<net id="553"><net_src comp="42" pin="0"/><net_sink comp="548" pin=0"/></net>

<net id="554"><net_src comp="484" pin="2"/><net_sink comp="548" pin=1"/></net>

<net id="555"><net_src comp="44" pin="0"/><net_sink comp="548" pin=2"/></net>

<net id="561"><net_src comp="46" pin="0"/><net_sink comp="556" pin=0"/></net>

<net id="562"><net_src comp="484" pin="2"/><net_sink comp="556" pin=1"/></net>

<net id="563"><net_src comp="26" pin="0"/><net_sink comp="556" pin=2"/></net>

<net id="567"><net_src comp="556" pin="3"/><net_sink comp="564" pin=0"/></net>

<net id="572"><net_src comp="548" pin="3"/><net_sink comp="568" pin=0"/></net>

<net id="573"><net_src comp="564" pin="1"/><net_sink comp="568" pin=1"/></net>

<net id="579"><net_src comp="448" pin="2"/><net_sink comp="574" pin=0"/></net>

<net id="580"><net_src comp="568" pin="2"/><net_sink comp="574" pin=1"/></net>

<net id="581"><net_src comp="344" pin="2"/><net_sink comp="574" pin=2"/></net>

<net id="586"><net_src comp="534" pin="2"/><net_sink comp="582" pin=0"/></net>

<net id="587"><net_src comp="160" pin="2"/><net_sink comp="582" pin=1"/></net>

<net id="592"><net_src comp="520" pin="2"/><net_sink comp="588" pin=0"/></net>

<net id="593"><net_src comp="154" pin="2"/><net_sink comp="588" pin=1"/></net>

<net id="598"><net_src comp="588" pin="2"/><net_sink comp="594" pin=0"/></net>

<net id="599"><net_src comp="582" pin="2"/><net_sink comp="594" pin=1"/></net>

<net id="605"><net_src comp="448" pin="2"/><net_sink comp="600" pin=0"/></net>

<net id="606"><net_src comp="594" pin="2"/><net_sink comp="600" pin=1"/></net>

<net id="607"><net_src comp="394" pin="2"/><net_sink comp="600" pin=2"/></net>

<net id="612"><net_src comp="231" pin="1"/><net_sink comp="608" pin=0"/></net>

<net id="613"><net_src comp="568" pin="2"/><net_sink comp="608" pin=1"/></net>

<net id="619"><net_src comp="448" pin="2"/><net_sink comp="614" pin=0"/></net>

<net id="620"><net_src comp="502" pin="2"/><net_sink comp="614" pin=1"/></net>

<net id="621"><net_src comp="418" pin="2"/><net_sink comp="614" pin=2"/></net>

<net id="627"><net_src comp="66" pin="0"/><net_sink comp="622" pin=0"/></net>

<net id="628"><net_src comp="436" pin="1"/><net_sink comp="622" pin=1"/></net>

<net id="629"><net_src comp="68" pin="0"/><net_sink comp="622" pin=2"/></net>

<net id="634"><net_src comp="622" pin="3"/><net_sink comp="630" pin=0"/></net>

<net id="635"><net_src comp="70" pin="0"/><net_sink comp="630" pin=1"/></net>

<net id="640"><net_src comp="448" pin="2"/><net_sink comp="636" pin=0"/></net>

<net id="641"><net_src comp="630" pin="2"/><net_sink comp="636" pin=1"/></net>

<net id="647"><net_src comp="448" pin="2"/><net_sink comp="642" pin=0"/></net>

<net id="648"><net_src comp="442" pin="2"/><net_sink comp="642" pin=1"/></net>

<net id="649"><net_src comp="268" pin="1"/><net_sink comp="642" pin=2"/></net>

<net id="654"><net_src comp="454" pin="3"/><net_sink comp="650" pin=0"/></net>

<net id="655"><net_src comp="62" pin="0"/><net_sink comp="650" pin=1"/></net>

<net id="661"><net_src comp="636" pin="2"/><net_sink comp="656" pin=0"/></net>

<net id="662"><net_src comp="462" pin="3"/><net_sink comp="656" pin=1"/></net>

<net id="663"><net_src comp="32" pin="0"/><net_sink comp="656" pin=2"/></net>

<net id="669"><net_src comp="636" pin="2"/><net_sink comp="664" pin=0"/></net>

<net id="670"><net_src comp="454" pin="3"/><net_sink comp="664" pin=1"/></net>

<net id="671"><net_src comp="650" pin="2"/><net_sink comp="664" pin=2"/></net>

<net id="675"><net_src comp="664" pin="3"/><net_sink comp="672" pin=0"/></net>

<net id="679"><net_src comp="650" pin="2"/><net_sink comp="676" pin=0"/></net>

<net id="684"><net_src comp="676" pin="1"/><net_sink comp="680" pin=0"/></net>

<net id="685"><net_src comp="166" pin="2"/><net_sink comp="680" pin=1"/></net>

<net id="689"><net_src comp="680" pin="2"/><net_sink comp="686" pin=0"/></net>

<net id="694"><net_src comp="686" pin="1"/><net_sink comp="690" pin=0"/></net>

<net id="695"><net_src comp="36" pin="0"/><net_sink comp="690" pin=1"/></net>

<net id="700"><net_src comp="680" pin="2"/><net_sink comp="696" pin=0"/></net>

<net id="701"><net_src comp="26" pin="0"/><net_sink comp="696" pin=1"/></net>

<net id="706"><net_src comp="690" pin="2"/><net_sink comp="702" pin=0"/></net>

<net id="707"><net_src comp="40" pin="0"/><net_sink comp="702" pin=1"/></net>

<net id="712"><net_src comp="540" pin="3"/><net_sink comp="708" pin=0"/></net>

<net id="713"><net_src comp="696" pin="2"/><net_sink comp="708" pin=1"/></net>

<net id="718"><net_src comp="526" pin="3"/><net_sink comp="714" pin=0"/></net>

<net id="719"><net_src comp="702" pin="2"/><net_sink comp="714" pin=1"/></net>

<net id="724"><net_src comp="714" pin="2"/><net_sink comp="720" pin=0"/></net>

<net id="725"><net_src comp="708" pin="2"/><net_sink comp="720" pin=1"/></net>

<net id="731"><net_src comp="636" pin="2"/><net_sink comp="726" pin=0"/></net>

<net id="732"><net_src comp="600" pin="3"/><net_sink comp="726" pin=1"/></net>

<net id="733"><net_src comp="720" pin="2"/><net_sink comp="726" pin=2"/></net>

<net id="739"><net_src comp="48" pin="0"/><net_sink comp="734" pin=0"/></net>

<net id="740"><net_src comp="690" pin="2"/><net_sink comp="734" pin=1"/></net>

<net id="741"><net_src comp="32" pin="0"/><net_sink comp="734" pin=2"/></net>

<net id="745"><net_src comp="734" pin="3"/><net_sink comp="742" pin=0"/></net>

<net id="750"><net_src comp="742" pin="1"/><net_sink comp="746" pin=0"/></net>

<net id="751"><net_src comp="574" pin="3"/><net_sink comp="746" pin=1"/></net>

<net id="756"><net_src comp="508" pin="3"/><net_sink comp="752" pin=0"/></net>

<net id="757"><net_src comp="676" pin="1"/><net_sink comp="752" pin=1"/></net>

<net id="763"><net_src comp="636" pin="2"/><net_sink comp="758" pin=0"/></net>

<net id="764"><net_src comp="614" pin="3"/><net_sink comp="758" pin=1"/></net>

<net id="765"><net_src comp="752" pin="2"/><net_sink comp="758" pin=2"/></net>

<net id="769"><net_src comp="758" pin="3"/><net_sink comp="766" pin=0"/></net>

<net id="773"><net_src comp="656" pin="3"/><net_sink comp="770" pin=0"/></net>

<net id="778"><net_src comp="656" pin="3"/><net_sink comp="774" pin=0"/></net>

<net id="779"><net_src comp="72" pin="0"/><net_sink comp="774" pin=1"/></net>

<net id="786"><net_src comp="74" pin="0"/><net_sink comp="780" pin=0"/></net>

<net id="787"><net_src comp="608" pin="2"/><net_sink comp="780" pin=1"/></net>

<net id="788"><net_src comp="76" pin="0"/><net_sink comp="780" pin=2"/></net>

<net id="789"><net_src comp="78" pin="0"/><net_sink comp="780" pin=3"/></net>

<net id="796"><net_src comp="74" pin="0"/><net_sink comp="790" pin=0"/></net>

<net id="797"><net_src comp="412" pin="2"/><net_sink comp="790" pin=1"/></net>

<net id="798"><net_src comp="76" pin="0"/><net_sink comp="790" pin=2"/></net>

<net id="799"><net_src comp="78" pin="0"/><net_sink comp="790" pin=3"/></net>

<net id="805"><net_src comp="448" pin="2"/><net_sink comp="800" pin=0"/></net>

<net id="806"><net_src comp="780" pin="4"/><net_sink comp="800" pin=1"/></net>

<net id="807"><net_src comp="790" pin="4"/><net_sink comp="800" pin=2"/></net>

<net id="814"><net_src comp="74" pin="0"/><net_sink comp="808" pin=0"/></net>

<net id="815"><net_src comp="746" pin="2"/><net_sink comp="808" pin=1"/></net>

<net id="816"><net_src comp="76" pin="0"/><net_sink comp="808" pin=2"/></net>

<net id="817"><net_src comp="78" pin="0"/><net_sink comp="808" pin=3"/></net>

<net id="823"><net_src comp="636" pin="2"/><net_sink comp="818" pin=0"/></net>

<net id="824"><net_src comp="800" pin="3"/><net_sink comp="818" pin=1"/></net>

<net id="825"><net_src comp="808" pin="4"/><net_sink comp="818" pin=2"/></net>

<net id="831"><net_src comp="80" pin="0"/><net_sink comp="826" pin=0"/></net>

<net id="832"><net_src comp="818" pin="3"/><net_sink comp="826" pin=1"/></net>

<net id="833"><net_src comp="770" pin="1"/><net_sink comp="826" pin=2"/></net>

<net id="837"><net_src comp="826" pin="3"/><net_sink comp="834" pin=0"/></net>

<net id="841"><net_src comp="834" pin="1"/><net_sink comp="838" pin=0"/></net>

<net id="842"><net_src comp="838" pin="1"/><net_sink comp="185" pin=2"/></net>

<net id="848"><net_src comp="84" pin="0"/><net_sink comp="843" pin=0"/></net>

<net id="849"><net_src comp="770" pin="1"/><net_sink comp="843" pin=1"/></net>

<net id="850"><net_src comp="656" pin="3"/><net_sink comp="843" pin=2"/></net>

<net id="854"><net_src comp="843" pin="3"/><net_sink comp="851" pin=0"/></net>

<net id="859"><net_src comp="516" pin="1"/><net_sink comp="855" pin=0"/></net>

<net id="860"><net_src comp="851" pin="1"/><net_sink comp="855" pin=1"/></net>

<net id="865"><net_src comp="855" pin="2"/><net_sink comp="861" pin=0"/></net>

<net id="866"><net_src comp="672" pin="1"/><net_sink comp="861" pin=1"/></net>

<net id="870"><net_src comp="861" pin="2"/><net_sink comp="867" pin=0"/></net>

<net id="871"><net_src comp="867" pin="1"/><net_sink comp="202" pin=2"/></net>

<net id="876"><net_src comp="774" pin="2"/><net_sink comp="872" pin=0"/></net>

<net id="877"><net_src comp="86" pin="0"/><net_sink comp="872" pin=1"/></net>

<net id="884"><net_src comp="88" pin="0"/><net_sink comp="878" pin=0"/></net>

<net id="885"><net_src comp="872" pin="2"/><net_sink comp="878" pin=1"/></net>

<net id="886"><net_src comp="16" pin="0"/><net_sink comp="878" pin=2"/></net>

<net id="887"><net_src comp="68" pin="0"/><net_sink comp="878" pin=3"/></net>

<net id="893"><net_src comp="80" pin="0"/><net_sink comp="888" pin=0"/></net>

<net id="894"><net_src comp="818" pin="3"/><net_sink comp="888" pin=1"/></net>

<net id="895"><net_src comp="878" pin="4"/><net_sink comp="888" pin=2"/></net>

<net id="899"><net_src comp="888" pin="3"/><net_sink comp="896" pin=0"/></net>

<net id="903"><net_src comp="896" pin="1"/><net_sink comp="900" pin=0"/></net>

<net id="904"><net_src comp="900" pin="1"/><net_sink comp="215" pin=2"/></net>

<net id="909"><net_src comp="843" pin="3"/><net_sink comp="905" pin=0"/></net>

<net id="910"><net_src comp="90" pin="0"/><net_sink comp="905" pin=1"/></net>

<net id="916"><net_src comp="92" pin="0"/><net_sink comp="911" pin=0"/></net>

<net id="917"><net_src comp="94" pin="0"/><net_sink comp="911" pin=1"/></net>

<net id="918"><net_src comp="905" pin="2"/><net_sink comp="911" pin=2"/></net>

<net id="923"><net_src comp="911" pin="3"/><net_sink comp="919" pin=0"/></net>

<net id="924"><net_src comp="766" pin="1"/><net_sink comp="919" pin=1"/></net>

<net id="929"><net_src comp="656" pin="3"/><net_sink comp="925" pin=0"/></net>

<net id="930"><net_src comp="86" pin="0"/><net_sink comp="925" pin=1"/></net>

<net id="935"><net_src comp="439" pin="1"/><net_sink comp="931" pin=0"/></net>

<net id="936"><net_src comp="96" pin="0"/><net_sink comp="931" pin=1"/></net>

<net id="942"><net_src comp="448" pin="2"/><net_sink comp="937" pin=0"/></net>

<net id="943"><net_src comp="96" pin="0"/><net_sink comp="937" pin=1"/></net>

<net id="944"><net_src comp="931" pin="2"/><net_sink comp="937" pin=2"/></net>

<net id="949"><net_src comp="430" pin="2"/><net_sink comp="945" pin=0"/></net>

<net id="954"><net_src comp="642" pin="3"/><net_sink comp="950" pin=0"/></net>

<net id="959"><net_src comp="937" pin="3"/><net_sink comp="955" pin=0"/></net>

<net id="964"><net_src comp="664" pin="3"/><net_sink comp="960" pin=0"/></net>

<net id="969"><net_src comp="925" pin="2"/><net_sink comp="965" pin=0"/></net>

<net id="975"><net_src comp="98" pin="0"/><net_sink comp="970" pin=1"/></net>

<net id="976"><net_src comp="192" pin="7"/><net_sink comp="970" pin=2"/></net>

<net id="980"><net_src comp="970" pin="3"/><net_sink comp="977" pin=0"/></net>

<net id="984"><net_src comp="209" pin="3"/><net_sink comp="981" pin=0"/></net>

<net id="990"><net_src comp="98" pin="0"/><net_sink comp="985" pin=1"/></net>

<net id="991"><net_src comp="192" pin="3"/><net_sink comp="985" pin=2"/></net>

<net id="995"><net_src comp="992" pin="1"/><net_sink comp="223" pin=2"/></net>

<net id="1002"><net_src comp="209" pin="3"/><net_sink comp="999" pin=0"/></net>

<net id="1011"><net_src comp="100" pin="0"/><net_sink comp="1006" pin=0"/></net>

<net id="1012"><net_src comp="1003" pin="1"/><net_sink comp="1006" pin=1"/></net>

<net id="1013"><net_src comp="102" pin="0"/><net_sink comp="1006" pin=2"/></net>

<net id="1020"><net_src comp="104" pin="0"/><net_sink comp="1014" pin=0"/></net>

<net id="1021"><net_src comp="106" pin="0"/><net_sink comp="1014" pin=2"/></net>

<net id="1022"><net_src comp="108" pin="0"/><net_sink comp="1014" pin=3"/></net>

<net id="1028"><net_src comp="100" pin="0"/><net_sink comp="1023" pin=0"/></net>

<net id="1029"><net_src comp="1014" pin="4"/><net_sink comp="1023" pin=1"/></net>

<net id="1030"><net_src comp="102" pin="0"/><net_sink comp="1023" pin=2"/></net>

<net id="1037"><net_src comp="104" pin="0"/><net_sink comp="1031" pin=0"/></net>

<net id="1038"><net_src comp="106" pin="0"/><net_sink comp="1031" pin=2"/></net>

<net id="1039"><net_src comp="108" pin="0"/><net_sink comp="1031" pin=3"/></net>

<net id="1044"><net_src comp="1031" pin="4"/><net_sink comp="1040" pin=0"/></net>

<net id="1048"><net_src comp="1045" pin="1"/><net_sink comp="178" pin=2"/></net>

<net id="1054"><net_src comp="981" pin="1"/><net_sink comp="1049" pin=0"/></net>

<net id="1055"><net_src comp="977" pin="1"/><net_sink comp="1049" pin=1"/></net>

<net id="1056"><net_src comp="1006" pin="3"/><net_sink comp="1049" pin=2"/></net>

<net id="1057"><net_src comp="1049" pin="3"/><net_sink comp="1014" pin=1"/></net>

<net id="1063"><net_src comp="999" pin="1"/><net_sink comp="1058" pin=0"/></net>

<net id="1064"><net_src comp="996" pin="1"/><net_sink comp="1058" pin=1"/></net>

<net id="1065"><net_src comp="1023" pin="3"/><net_sink comp="1058" pin=2"/></net>

<net id="1066"><net_src comp="1058" pin="3"/><net_sink comp="1031" pin=1"/></net>

<net id="1070"><net_src comp="124" pin="1"/><net_sink comp="1067" pin=0"/></net>

<net id="1071"><net_src comp="1067" pin="1"/><net_sink comp="260" pin=1"/></net>

<net id="1072"><net_src comp="1067" pin="1"/><net_sink comp="1003" pin=0"/></net>

<net id="1073"><net_src comp="1067" pin="1"/><net_sink comp="1040" pin=1"/></net>

<net id="1074"><net_src comp="1067" pin="1"/><net_sink comp="1045" pin=0"/></net>

<net id="1078"><net_src comp="128" pin="1"/><net_sink comp="1075" pin=0"/></net>

<net id="1079"><net_src comp="1075" pin="1"/><net_sink comp="255" pin=1"/></net>

<net id="1080"><net_src comp="1075" pin="1"/><net_sink comp="436" pin=0"/></net>

<net id="1081"><net_src comp="1075" pin="1"/><net_sink comp="965" pin=1"/></net>

<net id="1085"><net_src comp="132" pin="1"/><net_sink comp="1082" pin=0"/></net>

<net id="1086"><net_src comp="1082" pin="1"/><net_sink comp="250" pin=1"/></net>

<net id="1087"><net_src comp="1082" pin="1"/><net_sink comp="265" pin=0"/></net>

<net id="1088"><net_src comp="1082" pin="1"/><net_sink comp="960" pin=1"/></net>

<net id="1092"><net_src comp="136" pin="1"/><net_sink comp="1089" pin=0"/></net>

<net id="1093"><net_src comp="1089" pin="1"/><net_sink comp="245" pin=1"/></net>

<net id="1094"><net_src comp="1089" pin="1"/><net_sink comp="439" pin=0"/></net>

<net id="1095"><net_src comp="1089" pin="1"/><net_sink comp="955" pin=1"/></net>

<net id="1099"><net_src comp="140" pin="1"/><net_sink comp="1096" pin=0"/></net>

<net id="1100"><net_src comp="1096" pin="1"/><net_sink comp="240" pin=1"/></net>

<net id="1101"><net_src comp="1096" pin="1"/><net_sink comp="268" pin=0"/></net>

<net id="1102"><net_src comp="1096" pin="1"/><net_sink comp="950" pin=1"/></net>

<net id="1106"><net_src comp="144" pin="1"/><net_sink comp="1103" pin=0"/></net>

<net id="1107"><net_src comp="1103" pin="1"/><net_sink comp="235" pin=1"/></net>

<net id="1108"><net_src comp="1103" pin="1"/><net_sink comp="271" pin=0"/></net>

<net id="1109"><net_src comp="1103" pin="1"/><net_sink comp="945" pin=1"/></net>

<net id="1113"><net_src comp="424" pin="2"/><net_sink comp="1110" pin=0"/></net>

<net id="1117"><net_src comp="726" pin="3"/><net_sink comp="1114" pin=0"/></net>

<net id="1118"><net_src comp="1114" pin="1"/><net_sink comp="970" pin=0"/></net>

<net id="1119"><net_src comp="1114" pin="1"/><net_sink comp="985" pin=0"/></net>

<net id="1123"><net_src comp="185" pin="3"/><net_sink comp="1120" pin=0"/></net>

<net id="1124"><net_src comp="1120" pin="1"/><net_sink comp="192" pin=2"/></net>

<net id="1128"><net_src comp="202" pin="3"/><net_sink comp="1125" pin=0"/></net>

<net id="1129"><net_src comp="1125" pin="1"/><net_sink comp="209" pin=0"/></net>

<net id="1133"><net_src comp="215" pin="3"/><net_sink comp="1130" pin=0"/></net>

<net id="1134"><net_src comp="1130" pin="1"/><net_sink comp="192" pin=0"/></net>

<net id="1138"><net_src comp="919" pin="2"/><net_sink comp="1135" pin=0"/></net>

<net id="1139"><net_src comp="1135" pin="1"/><net_sink comp="992" pin=0"/></net>

<net id="1143"><net_src comp="977" pin="1"/><net_sink comp="1140" pin=0"/></net>

<net id="1144"><net_src comp="1140" pin="1"/><net_sink comp="1049" pin=1"/></net>

<net id="1148"><net_src comp="981" pin="1"/><net_sink comp="1145" pin=0"/></net>

<net id="1149"><net_src comp="1145" pin="1"/><net_sink comp="1049" pin=0"/></net>

<net id="1153"><net_src comp="985" pin="3"/><net_sink comp="1150" pin=0"/></net>

<net id="1154"><net_src comp="1150" pin="1"/><net_sink comp="996" pin=0"/></net>

<net id="1158"><net_src comp="223" pin="3"/><net_sink comp="1155" pin=0"/></net>

<net id="1159"><net_src comp="1155" pin="1"/><net_sink comp="209" pin=0"/></net>

<net id="1163"><net_src comp="996" pin="1"/><net_sink comp="1160" pin=0"/></net>

<net id="1164"><net_src comp="1160" pin="1"/><net_sink comp="1058" pin=1"/></net>

<net id="1168"><net_src comp="999" pin="1"/><net_sink comp="1165" pin=0"/></net>

<net id="1169"><net_src comp="1165" pin="1"/><net_sink comp="1058" pin=0"/></net>

<net id="1173"><net_src comp="1006" pin="3"/><net_sink comp="1170" pin=0"/></net>

<net id="1174"><net_src comp="1170" pin="1"/><net_sink comp="1049" pin=0"/></net>

<net id="1178"><net_src comp="1023" pin="3"/><net_sink comp="1175" pin=0"/></net>

<net id="1179"><net_src comp="1175" pin="1"/><net_sink comp="1058" pin=0"/></net>

</net_list>

</model> 
---------------- Datapath Model END ------------------

* FSMD analyzer results:
  - Output states:
	Port: s_V_18_out | {4 }
 - Input state : 
	Port: inference_Pipeline_loop_kh_out_loop_kw_out_loop_ic_out : select_ln147_1 | {1 }
	Port: inference_Pipeline_loop_kh_out_loop_kw_out_loop_ic_out : select_ln147 | {1 }
	Port: inference_Pipeline_loop_kh_out_loop_kw_out_loop_ic_out : cmp23_i72_not_mid1364 | {1 }
	Port: inference_Pipeline_loop_kh_out_loop_kw_out_loop_ic_out : cmp25_i74_not_mid1366 | {1 }
	Port: inference_Pipeline_loop_kh_out_loop_kw_out_loop_ic_out : sext_ln162_1 | {1 }
	Port: inference_Pipeline_loop_kh_out_loop_kw_out_loop_ic_out : d | {1 2 }
	Port: inference_Pipeline_loop_kh_out_loop_kw_out_loop_ic_out : conv_out_kernel_V | {1 2 3 }
  - Chain level:
	State 1
		store_ln0 : 1
		store_ln0 : 1
		store_ln0 : 1
		store_ln0 : 1
		store_ln0 : 1
		store_ln0 : 1
		j_2 : 1
		i_1 : 1
		indvar_flatten386_load : 1
		zext_ln153 : 2
		empty : 3
		p_cast114 : 4
		empty_64 : 5
		p_shl2 : 2
		p_shl30_cast : 3
		empty_65 : 4
		cmp20_i68_not : 4
		cmp21_i70_not : 6
		shl_ln162_1 : 6
		shl_ln162_2 : 6
		sext_ln162 : 7
		sub_ln162 : 8
		zext_ln155 : 2
		empty_66 : 3
		p_cast125 : 4
		empty_67 : 5
		cmp23_i72_not : 4
		cmp25_i74_not : 6
		tmp59 : 7
		tmp60 : 7
		brmerge98 : 7
		shl_ln4 : 6
		sext_ln162_2 : 7
		add_ln162 : 9
		add_ln163_2 : 5
		icmp_ln153 : 2
		add_ln153_1 : 2
		br_ln153 : 3
		k_load : 1
		indvar_flatten328_load : 1
		add_ln153 : 2
		icmp_ln155 : 2
		select_ln153 : 3
		select_ln153_1 : 3
		zext_ln153_1 : 3
		p_mid1346 : 4
		p_cast114_mid1 : 5
		p_mid1348 : 6
		p_shl30_mid1 : 3
		p_shl30_cast_mid1 : 4
		p_mid1350 : 5
		select_ln153_2 : 6
		sext_ln153 : 7
		cmp20_i68_not_mid1 : 5
		select_ln153_3 : 6
		cmp21_i70_not_mid1 : 7
		select_ln153_4 : 8
		shl_ln162_1_mid1 : 7
		shl_ln162_2_mid1 : 7
		sext_ln162_3 : 8
		sub_ln162_1 : 9
		select_ln153_5 : 10
		tmp59_mid1368 : 8
		tmp60_mid1370 : 6
		brmerge98_mid1372 : 8
		select_ln153_6 : 8
		add_ln162_1 : 10
		select_ln153_7 : 6
		tmp : 2
		xor_ln157 : 3
		or_ln153 : 3
		select_ln153_8 : 3
		add_ln155 : 4
		select_ln155 : 3
		select_ln155_1 : 5
		zext_ln155_1 : 6
		zext_ln155_2 : 5
		p_mid1324 : 6
		p_cast125_mid1 : 7
		p_mid1326 : 8
		cmp23_i72_not_mid1 : 7
		cmp25_i74_not_mid1 : 9
		tmp59_mid1 : 9
		tmp60_mid1 : 10
		brmerge98_mid1 : 10
		select_ln155_2 : 10
		shl_ln162_mid1 : 9
		sext_ln162_4 : 10
		add_ln162_2 : 11
		add_ln163_4 : 7
		select_ln155_3 : 8
		sext_ln155 : 9
		trunc_ln162 : 4
		shl_ln162 : 4
		tmp_s : 11
		tmp_1 : 10
		select_ln153_9 : 12
		tmp_2 : 12
		select_ln155_4 : 13
		trunc_ln : 14
		sext_ln162_5 : 15
		zext_ln162 : 16
		d_addr : 17
		val_V : 18
		add_ln163_5 : 5
		zext_ln163 : 6
		add_ln163 : 7
		add_ln163_1 : 8
		zext_ln1271 : 9
		conv_out_kernel_V_addr : 10
		conv_out_kernel_V_load : 11
		or_ln162 : 4
		tmp_3 : 4
		trunc_ln162_1 : 14
		sext_ln162_6 : 15
		zext_ln162_1 : 16
		d_addr_1 : 17
		val_V_7 : 18
		or_ln163 : 6
		or_ln2 : 6
		add_ln163_3 : 10
		add_ln157 : 4
		add_ln155_1 : 2
		select_ln155_5 : 3
		store_ln157 : 3
		store_ln157 : 4
		store_ln157 : 4
		store_ln157 : 6
		store_ln157 : 5
	State 2
		val_V_9 : 1
		sext_ln1347 : 2
		sext_ln1347_1 : 1
		mul_ln1347 : 3
		val_V_10 : 1
		conv_out_kernel_V_addr_1 : 1
		conv_out_kernel_V_load_1 : 2
	State 3
		sext_ln1347_3 : 1
		mul_ln1347_1 : 2
	State 4
		lhs_4 : 1
		ret_V : 2
		write_ln0 : 1
	State 5
		tmp_4 : 1
		lhs_5 : 2
		ret_V_2 : 3
	State 6
		s_V : 1
		store_ln157 : 2


============================================================
+ Verbose Summary: Datapath Resource usage 
============================================================

* Functional unit list:
|----------|----------------------------------------|---------|---------|---------|
| Operation|             Functional Unit            |   DSP   |    FF   |   LUT   |
|----------|----------------------------------------|---------|---------|---------|
|          |              empty_fu_278              |    0    |    0    |    12   |
|          |             empty_64_fu_288            |    0    |    0    |    12   |
|          |             empty_66_fu_354            |    0    |    0    |    12   |
|          |             empty_67_fu_364            |    0    |    0    |    12   |
|          |            add_ln162_fu_412            |    0    |    0    |    21   |
|          |           add_ln163_2_fu_418           |    0    |    0    |    12   |
|          |           add_ln153_1_fu_430           |    0    |    0    |    12   |
|          |            add_ln153_fu_442            |    0    |    0    |    9    |
|          |            p_mid1346_fu_474            |    0    |    0    |    12   |
|          |            p_mid1348_fu_484            |    0    |    0    |    12   |
|    add   |           add_ln162_1_fu_608           |    0    |    0    |    21   |
|          |            add_ln155_fu_650            |    0    |    0    |    9    |
|          |            p_mid1324_fu_680            |    0    |    0    |    12   |
|          |            p_mid1326_fu_690            |    0    |    0    |    12   |
|          |           add_ln162_2_fu_746           |    0    |    0    |    21   |
|          |           add_ln163_4_fu_752           |    0    |    0    |    12   |
|          |            add_ln163_fu_855            |    0    |    0    |    10   |
|          |           add_ln163_1_fu_861           |    0    |    0    |    13   |
|          |           add_ln163_3_fu_919           |    0    |    0    |    13   |
|          |            add_ln157_fu_925            |    0    |    0    |    10   |
|          |           add_ln155_1_fu_931           |    0    |    0    |    12   |
|----------|----------------------------------------|---------|---------|---------|
|          |           select_ln153_fu_454          |    0    |    0    |    2    |
|          |          select_ln153_1_fu_462         |    0    |    0    |    3    |
|          |          select_ln153_2_fu_508         |    0    |    0    |    5    |
|          |          select_ln153_3_fu_526         |    0    |    0    |    2    |
|          |          select_ln153_4_fu_540         |    0    |    0    |    2    |
|          |          select_ln153_5_fu_574         |    0    |    0    |    14   |
|          |          select_ln153_6_fu_600         |    0    |    0    |    2    |
|          |          select_ln153_7_fu_614         |    0    |    0    |    5    |
|  select  |          select_ln153_8_fu_642         |    0    |    0    |    2    |
|          |           select_ln155_fu_656          |    0    |    0    |    3    |
|          |          select_ln155_1_fu_664         |    0    |    0    |    2    |
|          |          select_ln155_2_fu_726         |    0    |    0    |    2    |
|          |          select_ln155_3_fu_758         |    0    |    0    |    5    |
|          |          select_ln153_9_fu_800         |    0    |    0    |    10   |
|          |          select_ln155_4_fu_818         |    0    |    0    |    10   |
|          |          select_ln155_5_fu_937         |    0    |    0    |    4    |
|          |             val_V_9_fu_970             |    0    |    0    |    16   |
|          |             val_V_10_fu_985            |    0    |    0    |    16   |
|----------|----------------------------------------|---------|---------|---------|
|          |          cmp20_i68_not_fu_312          |    0    |    0    |    9    |
|          |          cmp21_i70_not_fu_318          |    0    |    0    |    10   |
|          |          cmp23_i72_not_fu_370          |    0    |    0    |    9    |
|          |          cmp25_i74_not_fu_376          |    0    |    0    |    10   |
|   icmp   |            icmp_ln153_fu_424           |    0    |    0    |    9    |
|          |            icmp_ln155_fu_448           |    0    |    0    |    9    |
|          |        cmp20_i68_not_mid1_fu_520       |    0    |    0    |    9    |
|          |        cmp21_i70_not_mid1_fu_534       |    0    |    0    |    10   |
|          |        cmp23_i72_not_mid1_fu_696       |    0    |    0    |    9    |
|          |        cmp25_i74_not_mid1_fu_702       |    0    |    0    |    10   |
|----------|----------------------------------------|---------|---------|---------|
|          |             empty_65_fu_306            |    0    |    0    |    12   |
|    sub   |            sub_ln162_fu_344            |    0    |    0    |    21   |
|          |            p_mid1350_fu_502            |    0    |    0    |    12   |
|          |           sub_ln162_1_fu_568           |    0    |    0    |    21   |
|----------|----------------------------------------|---------|---------|---------|
|          |              tmp59_fu_382              |    0    |    0    |    2    |
|          |              tmp60_fu_388              |    0    |    0    |    2    |
|          |            brmerge98_fu_394            |    0    |    0    |    2    |
|          |          tmp59_mid1368_fu_582          |    0    |    0    |    2    |
|          |          tmp60_mid1370_fu_588          |    0    |    0    |    2    |
|    or    |        brmerge98_mid1372_fu_594        |    0    |    0    |    2    |
|          |             or_ln153_fu_636            |    0    |    0    |    2    |
|          |            tmp59_mid1_fu_708           |    0    |    0    |    2    |
|          |            tmp60_mid1_fu_714           |    0    |    0    |    2    |
|          |          brmerge98_mid1_fu_720         |    0    |    0    |    2    |
|          |             or_ln162_fu_872            |    0    |    0    |    0    |
|          |             or_ln163_fu_905            |    0    |    0    |    0    |
|----------|----------------------------------------|---------|---------|---------|
|    xor   |            xor_ln157_fu_630            |    0    |    0    |    2    |
|----------|----------------------------------------|---------|---------|---------|
|  muladd  |               grp_fu_1049              |    1    |    0    |    0    |
|          |               grp_fu_1058              |    1    |    0    |    0    |
|----------|----------------------------------------|---------|---------|---------|
|          |      sext_ln162_1_read_read_fu_148     |    0    |    0    |    0    |
|          | cmp25_i74_not_mid1366_read_read_fu_154 |    0    |    0    |    0    |
|   read   | cmp23_i72_not_mid1364_read_read_fu_160 |    0    |    0    |    0    |
|          |      select_ln147_read_read_fu_166     |    0    |    0    |    0    |
|          |     select_ln147_1_read_read_fu_172    |    0    |    0    |    0    |
|----------|----------------------------------------|---------|---------|---------|
|   write  |         write_ln0_write_fu_178         |    0    |    0    |    0    |
|----------|----------------------------------------|---------|---------|---------|
|          |        sext_ln162_1_cast_fu_231        |    0    |    0    |    0    |
|          |            sext_ln162_fu_340           |    0    |    0    |    0    |
|          |           sext_ln162_2_fu_408          |    0    |    0    |    0    |
|          |            sext_ln153_fu_516           |    0    |    0    |    0    |
|          |           sext_ln162_3_fu_564          |    0    |    0    |    0    |
|          |           sext_ln162_4_fu_742          |    0    |    0    |    0    |
|   sext   |            sext_ln155_fu_766           |    0    |    0    |    0    |
|          |           sext_ln162_5_fu_834          |    0    |    0    |    0    |
|          |           sext_ln162_6_fu_896          |    0    |    0    |    0    |
|          |           sext_ln1347_fu_977           |    0    |    0    |    0    |
|          |          sext_ln1347_1_fu_981          |    0    |    0    |    0    |
|          |          sext_ln1347_2_fu_996          |    0    |    0    |    0    |
|          |          sext_ln1347_3_fu_999          |    0    |    0    |    0    |
|----------|----------------------------------------|---------|---------|---------|
|          |            zext_ln153_fu_274           |    0    |    0    |    0    |
|          |            p_cast114_fu_284            |    0    |    0    |    0    |
|          |           p_shl30_cast_fu_302          |    0    |    0    |    0    |
|          |            zext_ln155_fu_350           |    0    |    0    |    0    |
|          |            p_cast125_fu_360            |    0    |    0    |    0    |
|          |           zext_ln153_1_fu_470          |    0    |    0    |    0    |
|          |          p_cast114_mid1_fu_480         |    0    |    0    |    0    |
|   zext   |        p_shl30_cast_mid1_fu_498        |    0    |    0    |    0    |
|          |           zext_ln155_1_fu_672          |    0    |    0    |    0    |
|          |           zext_ln155_2_fu_676          |    0    |    0    |    0    |
|          |          p_cast125_mid1_fu_686         |    0    |    0    |    0    |
|          |            zext_ln162_fu_838           |    0    |    0    |    0    |
|          |            zext_ln163_fu_851           |    0    |    0    |    0    |
|          |           zext_ln1271_fu_867           |    0    |    0    |    0    |
|          |           zext_ln162_1_fu_900          |    0    |    0    |    0    |
|          |          zext_ln1271_2_fu_992          |    0    |    0    |    0    |
|----------|----------------------------------------|---------|---------|---------|
|          |              p_shl2_fu_294             |    0    |    0    |    0    |
|          |           shl_ln162_1_fu_324           |    0    |    0    |    0    |
|          |           shl_ln162_2_fu_332           |    0    |    0    |    0    |
|          |             shl_ln4_fu_400             |    0    |    0    |    0    |
|          |           p_shl30_mid1_fu_490          |    0    |    0    |    0    |
|          |         shl_ln162_1_mid1_fu_548        |    0    |    0    |    0    |
|bitconcatenate|         shl_ln162_2_mid1_fu_556        |    0    |    0    |    0    |
|          |          shl_ln162_mid1_fu_734         |    0    |    0    |    0    |
|          |             trunc_ln_fu_826            |    0    |    0    |    0    |
|          |           add_ln163_5_fu_843           |    0    |    0    |    0    |
|          |          trunc_ln162_1_fu_888          |    0    |    0    |    0    |
|          |              or_ln2_fu_911             |    0    |    0    |    0    |
|          |              lhs_4_fu_1006             |    0    |    0    |    0    |
|          |              lhs_5_fu_1023             |    0    |    0    |    0    |
|----------|----------------------------------------|---------|---------|---------|
| bitselect|               tmp_fu_622               |    0    |    0    |    0    |
|----------|----------------------------------------|---------|---------|---------|
|   trunc  |           trunc_ln162_fu_770           |    0    |    0    |    0    |
|----------|----------------------------------------|---------|---------|---------|
|    shl   |            shl_ln162_fu_774            |    0    |    0    |    0    |
|----------|----------------------------------------|---------|---------|---------|
|          |              tmp_s_fu_780              |    0    |    0    |    0    |
|          |              tmp_1_fu_790              |    0    |    0    |    0    |
|partselect|              tmp_2_fu_808              |    0    |    0    |    0    |
|          |              tmp_3_fu_878              |    0    |    0    |    0    |
|          |              tmp_4_fu_1014             |    0    |    0    |    0    |
|          |               s_V_fu_1031              |    0    |    0    |    0    |
|----------|----------------------------------------|---------|---------|---------|
|   Total  |                                        |    2    |    0    |   558   |
|----------|----------------------------------------|---------|---------|---------|

Memories:
N/A

* Register list:
+---------------------------------+--------+
|                                 |   FF   |
+---------------------------------+--------+
|       add_ln163_3_reg_1135      |    6   |
|conv_out_kernel_V_addr_1_reg_1155|    6   |
| conv_out_kernel_V_addr_reg_1125 |    6   |
|        d_addr_1_reg_1130        |   14   |
|         d_addr_reg_1120         |   14   |
|            i_reg_1096           |    2   |
|       icmp_ln153_reg_1110       |    1   |
|    indvar_flatten328_reg_1089   |    4   |
|    indvar_flatten386_reg_1103   |    5   |
|            j_reg_1082           |    2   |
|            k_reg_1075           |    3   |
|          lhs_4_reg_1170         |   26   |
|          lhs_5_reg_1175         |   26   |
|           lhs_reg_1067          |   16   |
|     select_ln155_2_reg_1114     |    1   |
|      sext_ln1347_1_reg_1145     |   26   |
|      sext_ln1347_2_reg_1160     |   26   |
|      sext_ln1347_3_reg_1165     |   26   |
|       sext_ln1347_reg_1140      |   26   |
|        val_V_10_reg_1150        |   16   |
+---------------------------------+--------+
|              Total              |   252  |
+---------------------------------+--------+

* Multiplexer (MUX) list: 
|-------------------|------|------|------|--------||---------||---------|
|        Comp       |  Pin | Size |  BW  | S x BW ||  Delay  ||   LUT   |
|-------------------|------|------|------|--------||---------||---------|
| grp_access_fu_192 |  p0  |   2  |  14  |   28   ||    9    |
| grp_access_fu_192 |  p2  |   2  |   0  |    0   ||    9    |
| grp_access_fu_209 |  p0  |   4  |   6  |   24   ||    20   |
|    grp_fu_1049    |  p0  |   3  |  11  |   33   ||    14   |
|    grp_fu_1049    |  p1  |   2  |  16  |   32   ||    9    |
|    grp_fu_1058    |  p0  |   3  |  11  |   33   ||    14   |
|    grp_fu_1058    |  p1  |   2  |  16  |   32   ||    9    |
|-------------------|------|------|------|--------||---------||---------|
|       Total       |      |      |      |   182  ||  3.185  ||    84   |
|-------------------|------|------|------|--------||---------||---------|



* Summary:
+-----------+--------+--------+--------+--------+
|           |   DSP  |  Delay |   FF   |   LUT  |
+-----------+--------+--------+--------+--------+
|  Function |    2   |    -   |    0   |   558  |
|   Memory  |    -   |    -   |    -   |    -   |
|Multiplexer|    -   |    3   |    -   |   84   |
|  Register |    -   |    -   |   252  |    -   |
+-----------+--------+--------+--------+--------+
|   Total   |    2   |    3   |   252  |   642  |
+-----------+--------+--------+--------+--------+
