

================================================================
== Vitis HLS Report for 'inference_Pipeline_VITIS_LOOP_97_1_VITIS_LOOP_98_2_VITIS_LOOP_99_3'
================================================================
* Date:           Tue Jun 30 22:18:44 2026

* Version:        2022.2 (Build 3670227 on Oct 13 2022)
* Project:        denoiser
* Solution:       solution1 (Vivado IP Flow Target)
* Product family: zynquplus
* Target device:  xck26-sfvc784-2LV-c


================================================================
== Performance Estimates
================================================================
+ Timing: 
    * Summary: 
    +--------+----------+----------+------------+
    |  Clock |  Target  | Estimated| Uncertainty|
    +--------+----------+----------+------------+
    |ap_clk  |  10.00 ns|  4.487 ns|     2.70 ns|
    +--------+----------+----------+------------+

+ Latency: 
    * Summary: 
    +---------+---------+-----------+-----------+------+------+---------+
    |  Latency (cycles) |   Latency (absolute)  |   Interval  | Pipeline|
    |   min   |   max   |    min    |    max    |  min |  max |   Type  |
    +---------+---------+-----------+-----------+------+------+---------+
    |     7842|     7842|  78.420 us|  78.420 us|  7842|  7842|       no|
    +---------+---------+-----------+-----------+------+------+---------+

    + Detail: 
        * Instance: 
        N/A

        * Loop: 
        +---------------------------------------------------+---------+---------+----------+-----------+-----------+------+----------+
        |                                                   |  Latency (cycles) | Iteration|  Initiation Interval  | Trip |          |
        |                     Loop Name                     |   min   |   max   |  Latency |  achieved |   target  | Count| Pipelined|
        +---------------------------------------------------+---------+---------+----------+-----------+-----------+------+----------+
        |- VITIS_LOOP_97_1_VITIS_LOOP_98_2_VITIS_LOOP_99_3  |     7840|     7840|         5|          5|          1|  1568|       yes|
        +---------------------------------------------------+---------+---------+----------+-----------+-----------+------+----------+



================================================================
== Utilization Estimates
================================================================
* Summary: 
+-----------------+---------+------+--------+--------+-----+
|       Name      | BRAM_18K|  DSP |   FF   |   LUT  | URAM|
+-----------------+---------+------+--------+--------+-----+
|DSP              |        -|     -|       -|       -|    -|
|Expression       |        -|     -|       0|     460|    -|
|FIFO             |        -|     -|       -|       -|    -|
|Instance         |        -|     -|       -|       -|    -|
|Memory           |        -|     -|       -|       -|    -|
|Multiplexer      |        -|     -|       -|     184|    -|
|Register         |        -|     -|     114|       -|    -|
+-----------------+---------+------+--------+--------+-----+
|Total            |        0|     0|     114|     644|    0|
+-----------------+---------+------+--------+--------+-----+
|Available        |      288|  1248|  234240|  117120|   64|
+-----------------+---------+------+--------+--------+-----+
|Utilization (%)  |        0|     0|      ~0|      ~0|    0|
+-----------------+---------+------+--------+--------+-----+

+ Detail: 
    * Instance: 
    N/A

    * DSP: 
    N/A

    * Memory: 
    N/A

    * FIFO: 
    N/A

    * Expression: 
    +-------------------------+----------+----+---+----+------------+------------+
    |      Variable Name      | Operation| DSP| FF| LUT| Bitwidth P0| Bitwidth P1|
    +-------------------------+----------+----+---+----+------------+------------+
    |add_ln102_fu_654_p2      |         +|   0|  0|  22|          15|          15|
    |add_ln103_fu_675_p2      |         +|   0|  0|  22|          15|          15|
    |add_ln104_fu_710_p2      |         +|   0|  0|  22|          15|          15|
    |add_ln105_1_fu_726_p2    |         +|   0|  0|  22|          15|          15|
    |add_ln105_fu_549_p2      |         +|   0|  0|  20|          13|          13|
    |add_ln97_1_fu_619_p2     |         +|   0|  0|  22|          15|          14|
    |add_ln97_2_fu_624_p2     |         +|   0|  0|  22|          15|          14|
    |add_ln97_3_fu_279_p2     |         +|   0|  0|  18|          11|           1|
    |add_ln97_fu_291_p2       |         +|   0|  0|  12|           4|           1|
    |add_ln98_1_fu_580_p2     |         +|   0|  0|  15|           8|           1|
    |add_ln98_fu_429_p2       |         +|   0|  0|  12|           4|           1|
    |add_ln99_fu_574_p2       |         +|   0|  0|  12|           4|           1|
    |sub_ln102_1_fu_365_p2    |         -|   0|  0|  22|          15|          15|
    |sub_ln102_fu_245_p2      |         -|   0|  0|  22|          15|          15|
    |sub_ln105_1_fu_335_p2    |         -|   0|  0|  20|          13|          13|
    |sub_ln105_fu_215_p2      |         -|   0|  0|  20|          13|          13|
    |and_ln97_fu_415_p2       |       and|   0|  0|   2|           1|           1|
    |icmp_ln97_fu_273_p2      |      icmp|   0|  0|  11|          11|          10|
    |icmp_ln98_fu_297_p2      |      icmp|   0|  0|  11|           8|           7|
    |icmp_ln99_fu_409_p2      |      icmp|   0|  0|   9|           4|           5|
    |or_ln103_1_fu_485_p2     |        or|   0|  0|   9|           9|           5|
    |or_ln103_fu_267_p2       |        or|   0|  0|   9|           9|           5|
    |or_ln98_fu_435_p2        |        or|   0|  0|   2|           1|           1|
    |select_ln97_1_fu_371_p3  |    select|   0|  0|  15|           1|          15|
    |select_ln97_2_fu_379_p3  |    select|   0|  0|   9|           1|           1|
    |select_ln97_3_fu_387_p3  |    select|   0|  0|   8|           1|           1|
    |select_ln97_4_fu_395_p3  |    select|   0|  0|   9|           1|           5|
    |select_ln97_5_fu_421_p3  |    select|   0|  0|   4|           1|           4|
    |select_ln97_6_fu_531_p3  |    select|   0|  0|   9|           1|           9|
    |select_ln97_fu_303_p3    |    select|   0|  0|   4|           1|           1|
    |select_ln98_1_fu_457_p3  |    select|   0|  0|   9|           1|           9|
    |select_ln98_2_fu_473_p3  |    select|   0|  0|   8|           1|           8|
    |select_ln98_3_fu_491_p3  |    select|   0|  0|   9|           1|           9|
    |select_ln98_4_fu_499_p3  |    select|   0|  0|   4|           1|           4|
    |select_ln98_5_fu_586_p3  |    select|   0|  0|   8|           1|           1|
    |select_ln98_fu_441_p3    |    select|   0|  0|   4|           1|           1|
    |xor_ln97_fu_403_p2       |       xor|   0|  0|   2|           1|           2|
    +-------------------------+----------+----+---+----+------------+------------+
    |Total                    |          |   0|  0| 460|         247|         266|
    +-------------------------+----------+----+---+----+------------+------------+

    * Multiplexer: 
    +-----------------------------------------+----+-----------+-----+-----------+
    |                   Name                  | LUT| Input Size| Bits| Total Bits|
    +-----------------------------------------+----+-----------+-----+-----------+
    |ap_NS_fsm                                |  31|          6|    1|          6|
    |ap_done_int                              |   9|          2|    1|          2|
    |ap_sig_allocacmp_c_load                  |   9|          2|    4|          8|
    |ap_sig_allocacmp_h_1                     |   9|          2|    4|          8|
    |ap_sig_allocacmp_indvar_flatten181_load  |   9|          2|    8|         16|
    |ap_sig_allocacmp_indvar_flatten209_load  |   9|          2|   11|         22|
    |ap_sig_allocacmp_w_1                     |   9|          2|    4|          8|
    |c_fu_96                                  |   9|          2|    4|          8|
    |d_address0                               |  31|          6|   14|         84|
    |d_d0                                     |  14|          3|   16|         48|
    |d_we0                                    |   9|          2|    2|          4|
    |h_fu_108                                 |   9|          2|    4|          8|
    |indvar_flatten181_fu_104                 |   9|          2|    8|         16|
    |indvar_flatten209_fu_112                 |   9|          2|   11|         22|
    |w_fu_100                                 |   9|          2|    4|          8|
    +-----------------------------------------+----+-----------+-----+-----------+
    |Total                                    | 184|         39|   96|        268|
    +-----------------------------------------+----+-----------+-----+-----------+

    * Register: 
    +--------------------------+----+----+-----+-----------+
    |           Name           | FF | LUT| Bits| Const Bits|
    +--------------------------+----+----+-----+-----------+
    |ap_CS_fsm                 |   5|   0|    5|          0|
    |ap_done_reg               |   1|   0|    1|          0|
    |c_fu_96                   |   4|   0|    4|          0|
    |d_load_reg_819            |  16|   0|   16|          0|
    |h_fu_108                  |   4|   0|    4|          0|
    |indvar_flatten181_fu_104  |   8|   0|    8|          0|
    |indvar_flatten209_fu_112  |  11|   0|   11|          0|
    |lshr_ln105_1_reg_834      |  14|   0|   14|          0|
    |lshr_ln2_reg_824          |  14|   0|   14|          0|
    |lshr_ln3_reg_829          |  14|   0|   14|          0|
    |select_ln97_1_reg_792     |   8|   0|   15|          7|
    |select_ln98_1_reg_798     |   4|   0|    9|          5|
    |select_ln98_3_reg_803     |   4|   0|    9|          5|
    |trunc_ln105_reg_808       |   3|   0|    3|          0|
    |w_fu_100                  |   4|   0|    4|          0|
    +--------------------------+----+----+-----+-----------+
    |Total                     | 114|   0|  131|         17|
    +--------------------------+----+----+-----+-----------+



================================================================
== Interface
================================================================
* Summary: 
+------------+-----+-----+------------+--------------------------------------------------------------------+--------------+
|  RTL Ports | Dir | Bits|  Protocol  |                            Source Object                           |    C Type    |
+------------+-----+-----+------------+--------------------------------------------------------------------+--------------+
|ap_clk      |   in|    1|  ap_ctrl_hs|  inference_Pipeline_VITIS_LOOP_97_1_VITIS_LOOP_98_2_VITIS_LOOP_99_3|  return value|
|ap_rst      |   in|    1|  ap_ctrl_hs|  inference_Pipeline_VITIS_LOOP_97_1_VITIS_LOOP_98_2_VITIS_LOOP_99_3|  return value|
|ap_start    |   in|    1|  ap_ctrl_hs|  inference_Pipeline_VITIS_LOOP_97_1_VITIS_LOOP_98_2_VITIS_LOOP_99_3|  return value|
|ap_done     |  out|    1|  ap_ctrl_hs|  inference_Pipeline_VITIS_LOOP_97_1_VITIS_LOOP_98_2_VITIS_LOOP_99_3|  return value|
|ap_idle     |  out|    1|  ap_ctrl_hs|  inference_Pipeline_VITIS_LOOP_97_1_VITIS_LOOP_98_2_VITIS_LOOP_99_3|  return value|
|ap_ready    |  out|    1|  ap_ctrl_hs|  inference_Pipeline_VITIS_LOOP_97_1_VITIS_LOOP_98_2_VITIS_LOOP_99_3|  return value|
|d_address0  |  out|   14|   ap_memory|                                                                   d|         array|
|d_ce0       |  out|    1|   ap_memory|                                                                   d|         array|
|d_we0       |  out|    2|   ap_memory|                                                                   d|         array|
|d_d0        |  out|   16|   ap_memory|                                                                   d|         array|
|d_q0        |   in|   16|   ap_memory|                                                                   d|         array|
+------------+-----+-----+------------+--------------------------------------------------------------------+--------------+

============================================================
+ Verbose Summary: Synthesis Manager
============================================================
InlineROM: 1
ExposeGlobal: 0
============================================================
+ Verbose Summary: CDFG Model
============================================================
IsTopModel: 0
ResetActiveHigh: 1
IsCombinational: 2
IsDatapathOnly: 2
HasWiredReturn: 1
HasMFsm: 2
HasVarLatency: 1
IsPipeline: 0
IsRtlPipelined: 0
IsInstanceOverlapped: 0
IsDontTouch: 0
HasImplIP: 0
IsGatedGlobalClock: 0

+ Individual pipeline summary: 
  * Pipeline-0: initiation interval (II) = 5, depth = 5


============================================================
+ Verbose Summary: Schedule
============================================================
* Number of FSM states : 5
* Pipeline : 1
  Pipeline-0 : II = 5, D = 5, States = { 1 2 3 4 5 }
* Dataflow Pipeline: 0

* FSM state transitions: 
1 --> 2 
2 --> 3 
3 --> 4 
4 --> 5 
5 --> 

* FSM state operations: 

State 1 <SV = 0> <Delay = 4.48>
ST_1 : Operation 8 [1/1] (0.00ns)   --->   "%c = alloca i32 1"   --->   Operation 8 'alloca' 'c' <Predicate = true> <Delay = 0.00>
ST_1 : Operation 9 [1/1] (0.00ns)   --->   "%w = alloca i32 1"   --->   Operation 9 'alloca' 'w' <Predicate = true> <Delay = 0.00>
ST_1 : Operation 10 [1/1] (0.00ns)   --->   "%indvar_flatten181 = alloca i32 1"   --->   Operation 10 'alloca' 'indvar_flatten181' <Predicate = true> <Delay = 0.00>
ST_1 : Operation 11 [1/1] (0.00ns)   --->   "%h = alloca i32 1"   --->   Operation 11 'alloca' 'h' <Predicate = true> <Delay = 0.00>
ST_1 : Operation 12 [1/1] (0.00ns)   --->   "%indvar_flatten209 = alloca i32 1"   --->   Operation 12 'alloca' 'indvar_flatten209' <Predicate = true> <Delay = 0.00>
ST_1 : Operation 13 [1/1] (0.00ns)   --->   "%specbramwithbyteenable_ln0 = specbramwithbyteenable void @_ssdm_op_SpecBRAMWithByteEnable, i16 %d"   --->   Operation 13 'specbramwithbyteenable' 'specbramwithbyteenable_ln0' <Predicate = true> <Delay = 0.00>
ST_1 : Operation 14 [1/1] (0.42ns)   --->   "%store_ln0 = store i11 0, i11 %indvar_flatten209"   --->   Operation 14 'store' 'store_ln0' <Predicate = true> <Delay = 0.42>
ST_1 : Operation 15 [1/1] (0.42ns)   --->   "%store_ln0 = store i4 0, i4 %h"   --->   Operation 15 'store' 'store_ln0' <Predicate = true> <Delay = 0.42>
ST_1 : Operation 16 [1/1] (0.42ns)   --->   "%store_ln0 = store i8 0, i8 %indvar_flatten181"   --->   Operation 16 'store' 'store_ln0' <Predicate = true> <Delay = 0.42>
ST_1 : Operation 17 [1/1] (0.42ns)   --->   "%store_ln0 = store i4 0, i4 %w"   --->   Operation 17 'store' 'store_ln0' <Predicate = true> <Delay = 0.42>
ST_1 : Operation 18 [1/1] (0.42ns)   --->   "%store_ln0 = store i4 0, i4 %c"   --->   Operation 18 'store' 'store_ln0' <Predicate = true> <Delay = 0.42>
ST_1 : Operation 19 [1/1] (0.00ns)   --->   "%br_ln0 = br void %for.body9.i376"   --->   Operation 19 'br' 'br_ln0' <Predicate = true> <Delay = 0.00>
ST_1 : Operation 20 [1/1] (0.00ns)   --->   "%w_1 = load i4 %w"   --->   Operation 20 'load' 'w_1' <Predicate = true> <Delay = 0.00>
ST_1 : Operation 21 [1/1] (0.00ns)   --->   "%h_1 = load i4 %h" [../denoiser_c_to_hls/denoiser.cpp:97]   --->   Operation 21 'load' 'h_1' <Predicate = true> <Delay = 0.00>
ST_1 : Operation 22 [1/1] (0.00ns)   --->   "%indvar_flatten209_load = load i11 %indvar_flatten209" [../denoiser_c_to_hls/denoiser.cpp:97]   --->   Operation 22 'load' 'indvar_flatten209_load' <Predicate = true> <Delay = 0.00>
ST_1 : Operation 23 [1/1] (0.00ns)   --->   "%shl_ln105_1 = bitconcatenate i12 @_ssdm_op_BitConcatenate.i12.i4.i8, i4 %h_1, i8 0" [../denoiser_c_to_hls/denoiser.cpp:105]   --->   Operation 23 'bitconcatenate' 'shl_ln105_1' <Predicate = true> <Delay = 0.00>
ST_1 : Operation 24 [1/1] (0.00ns)   --->   "%zext_ln105_1 = zext i12 %shl_ln105_1" [../denoiser_c_to_hls/denoiser.cpp:105]   --->   Operation 24 'zext' 'zext_ln105_1' <Predicate = true> <Delay = 0.00>
ST_1 : Operation 25 [1/1] (0.00ns)   --->   "%shl_ln105_2 = bitconcatenate i9 @_ssdm_op_BitConcatenate.i9.i4.i5, i4 %h_1, i5 0" [../denoiser_c_to_hls/denoiser.cpp:105]   --->   Operation 25 'bitconcatenate' 'shl_ln105_2' <Predicate = true> <Delay = 0.00>
ST_1 : Operation 26 [1/1] (0.00ns)   --->   "%zext_ln105_2 = zext i9 %shl_ln105_2" [../denoiser_c_to_hls/denoiser.cpp:105]   --->   Operation 26 'zext' 'zext_ln105_2' <Predicate = true> <Delay = 0.00>
ST_1 : Operation 27 [1/1] (0.80ns)   --->   "%sub_ln105 = sub i13 %zext_ln105_1, i13 %zext_ln105_2" [../denoiser_c_to_hls/denoiser.cpp:105]   --->   Operation 27 'sub' 'sub_ln105' <Predicate = true> <Delay = 0.80> <CoreInst = "Adder">   --->   Core 1 'Adder' <Latency = 0> <II = 1> <Delay = 0.82> <FuncUnit> <Opcode : 'add' 'sub'> <InPorts = 2> <OutPorts = 1>
ST_1 : Operation 28 [1/1] (0.00ns)   --->   "%shl_ln1 = bitconcatenate i14 @_ssdm_op_BitConcatenate.i14.i4.i10, i4 %h_1, i10 0" [../denoiser_c_to_hls/denoiser.cpp:102]   --->   Operation 28 'bitconcatenate' 'shl_ln1' <Predicate = true> <Delay = 0.00>
ST_1 : Operation 29 [1/1] (0.00ns)   --->   "%zext_ln102 = zext i14 %shl_ln1" [../denoiser_c_to_hls/denoiser.cpp:102]   --->   Operation 29 'zext' 'zext_ln102' <Predicate = true> <Delay = 0.00>
ST_1 : Operation 30 [1/1] (0.00ns)   --->   "%shl_ln102_1 = bitconcatenate i11 @_ssdm_op_BitConcatenate.i11.i4.i7, i4 %h_1, i7 0" [../denoiser_c_to_hls/denoiser.cpp:102]   --->   Operation 30 'bitconcatenate' 'shl_ln102_1' <Predicate = true> <Delay = 0.00>
ST_1 : Operation 31 [1/1] (0.00ns)   --->   "%zext_ln102_1 = zext i11 %shl_ln102_1" [../denoiser_c_to_hls/denoiser.cpp:102]   --->   Operation 31 'zext' 'zext_ln102_1' <Predicate = true> <Delay = 0.00>
ST_1 : Operation 32 [1/1] (0.83ns)   --->   "%sub_ln102 = sub i15 %zext_ln102, i15 %zext_ln102_1" [../denoiser_c_to_hls/denoiser.cpp:102]   --->   Operation 32 'sub' 'sub_ln102' <Predicate = true> <Delay = 0.83> <CoreInst = "Adder">   --->   Core 1 'Adder' <Latency = 0> <II = 1> <Delay = 0.84> <FuncUnit> <Opcode : 'add' 'sub'> <InPorts = 2> <OutPorts = 1>
ST_1 : Operation 33 [1/1] (0.00ns)   --->   "%tmp_14 = bitconcatenate i9 @_ssdm_op_BitConcatenate.i9.i4.i5, i4 %w_1, i5 0"   --->   Operation 33 'bitconcatenate' 'tmp_14' <Predicate = true> <Delay = 0.00>
ST_1 : Operation 34 [1/1] (0.00ns)   --->   "%shl_ln105_3 = bitconcatenate i8 @_ssdm_op_BitConcatenate.i8.i4.i4, i4 %w_1, i4 0" [../denoiser_c_to_hls/denoiser.cpp:105]   --->   Operation 34 'bitconcatenate' 'shl_ln105_3' <Predicate = true> <Delay = 0.00>
ST_1 : Operation 35 [1/1] (0.00ns)   --->   "%or_ln103 = or i9 %tmp_14, i9 16" [../denoiser_c_to_hls/denoiser.cpp:103]   --->   Operation 35 'or' 'or_ln103' <Predicate = true> <Delay = 0.00>
ST_1 : Operation 36 [1/1] (0.00ns)   --->   "%specpipeline_ln0 = specpipeline void @_ssdm_op_SpecPipeline, i32 4294967295, i32 0, i32 1, i32 0, void @p_str"   --->   Operation 36 'specpipeline' 'specpipeline_ln0' <Predicate = true> <Delay = 0.00>
ST_1 : Operation 37 [1/1] (0.94ns)   --->   "%icmp_ln97 = icmp_eq  i11 %indvar_flatten209_load, i11 1568" [../denoiser_c_to_hls/denoiser.cpp:97]   --->   Operation 37 'icmp' 'icmp_ln97' <Predicate = true> <Delay = 0.94> <CoreInst = "Cmp">   --->   Core 9 'Cmp' <Latency = 0> <II = 1> <Delay = 0.94> <FuncUnit> <Opcode : 'icmp'> <InPorts = 2> <OutPorts = 1>
ST_1 : Operation 38 [1/1] (0.79ns)   --->   "%add_ln97_3 = add i11 %indvar_flatten209_load, i11 1" [../denoiser_c_to_hls/denoiser.cpp:97]   --->   Operation 38 'add' 'add_ln97_3' <Predicate = true> <Delay = 0.79> <CoreInst = "Adder">   --->   Core 1 'Adder' <Latency = 0> <II = 1> <Delay = 0.79> <FuncUnit> <Opcode : 'add' 'sub'> <InPorts = 2> <OutPorts = 1>
ST_1 : Operation 39 [1/1] (0.00ns)   --->   "%br_ln97 = br i1 %icmp_ln97, void %for.cond.cleanup4.i360, void %for.body9.i408.preheader.exitStub" [../denoiser_c_to_hls/denoiser.cpp:97]   --->   Operation 39 'br' 'br_ln97' <Predicate = true> <Delay = 0.00>
ST_1 : Operation 40 [1/1] (0.00ns)   --->   "%c_load = load i4 %c" [../denoiser_c_to_hls/denoiser.cpp:99]   --->   Operation 40 'load' 'c_load' <Predicate = (!icmp_ln97)> <Delay = 0.00>
ST_1 : Operation 41 [1/1] (0.00ns)   --->   "%indvar_flatten181_load = load i8 %indvar_flatten181" [../denoiser_c_to_hls/denoiser.cpp:98]   --->   Operation 41 'load' 'indvar_flatten181_load' <Predicate = (!icmp_ln97)> <Delay = 0.00>
ST_1 : Operation 42 [1/1] (0.79ns)   --->   "%add_ln97 = add i4 %h_1, i4 1" [../denoiser_c_to_hls/denoiser.cpp:97]   --->   Operation 42 'add' 'add_ln97' <Predicate = (!icmp_ln97)> <Delay = 0.79> <CoreInst = "Adder">   --->   Core 1 'Adder' <Latency = 0> <II = 1> <Delay = 0.79> <FuncUnit> <Opcode : 'add' 'sub'> <InPorts = 2> <OutPorts = 1>
ST_1 : Operation 43 [1/1] (0.84ns)   --->   "%icmp_ln98 = icmp_eq  i8 %indvar_flatten181_load, i8 112" [../denoiser_c_to_hls/denoiser.cpp:98]   --->   Operation 43 'icmp' 'icmp_ln98' <Predicate = (!icmp_ln97)> <Delay = 0.84> <CoreInst = "Cmp">   --->   Core 9 'Cmp' <Latency = 0> <II = 1> <Delay = 0.84> <FuncUnit> <Opcode : 'icmp'> <InPorts = 2> <OutPorts = 1>
ST_1 : Operation 44 [1/1] (0.39ns)   --->   "%select_ln97 = select i1 %icmp_ln98, i4 0, i4 %w_1" [../denoiser_c_to_hls/denoiser.cpp:97]   --->   Operation 44 'select' 'select_ln97' <Predicate = (!icmp_ln97)> <Delay = 0.39> <CoreInst = "Sel">   --->   Core 73 'Sel' <Latency = 0> <II = 1> <Delay = 0.39> <FuncUnit> <Opcode : 'select'> <InPorts = 3> <OutPorts = 1>
ST_1 : Operation 45 [1/1] (0.00ns)   --->   "%shl_ln105_1_mid1 = bitconcatenate i12 @_ssdm_op_BitConcatenate.i12.i4.i8, i4 %add_ln97, i8 0" [../denoiser_c_to_hls/denoiser.cpp:105]   --->   Operation 45 'bitconcatenate' 'shl_ln105_1_mid1' <Predicate = (!icmp_ln97)> <Delay = 0.00>
ST_1 : Operation 46 [1/1] (0.00ns)   --->   "%zext_ln105_3 = zext i12 %shl_ln105_1_mid1" [../denoiser_c_to_hls/denoiser.cpp:105]   --->   Operation 46 'zext' 'zext_ln105_3' <Predicate = (!icmp_ln97)> <Delay = 0.00>
ST_1 : Operation 47 [1/1] (0.00ns)   --->   "%shl_ln105_2_mid1 = bitconcatenate i9 @_ssdm_op_BitConcatenate.i9.i4.i5, i4 %add_ln97, i5 0" [../denoiser_c_to_hls/denoiser.cpp:105]   --->   Operation 47 'bitconcatenate' 'shl_ln105_2_mid1' <Predicate = (!icmp_ln97)> <Delay = 0.00>
ST_1 : Operation 48 [1/1] (0.00ns)   --->   "%zext_ln105_4 = zext i9 %shl_ln105_2_mid1" [../denoiser_c_to_hls/denoiser.cpp:105]   --->   Operation 48 'zext' 'zext_ln105_4' <Predicate = (!icmp_ln97)> <Delay = 0.00>
ST_1 : Operation 49 [1/1] (0.80ns)   --->   "%sub_ln105_1 = sub i13 %zext_ln105_3, i13 %zext_ln105_4" [../denoiser_c_to_hls/denoiser.cpp:105]   --->   Operation 49 'sub' 'sub_ln105_1' <Predicate = (!icmp_ln97)> <Delay = 0.80> <CoreInst = "Adder">   --->   Core 1 'Adder' <Latency = 0> <II = 1> <Delay = 0.82> <FuncUnit> <Opcode : 'add' 'sub'> <InPorts = 2> <OutPorts = 1>
ST_1 : Operation 50 [1/1] (0.00ns)   --->   "%shl_ln102_mid1 = bitconcatenate i14 @_ssdm_op_BitConcatenate.i14.i4.i10, i4 %add_ln97, i10 0" [../denoiser_c_to_hls/denoiser.cpp:102]   --->   Operation 50 'bitconcatenate' 'shl_ln102_mid1' <Predicate = (!icmp_ln97)> <Delay = 0.00>
ST_1 : Operation 51 [1/1] (0.00ns)   --->   "%zext_ln102_3 = zext i14 %shl_ln102_mid1" [../denoiser_c_to_hls/denoiser.cpp:102]   --->   Operation 51 'zext' 'zext_ln102_3' <Predicate = (!icmp_ln97)> <Delay = 0.00>
ST_1 : Operation 52 [1/1] (0.00ns)   --->   "%shl_ln102_1_mid1 = bitconcatenate i11 @_ssdm_op_BitConcatenate.i11.i4.i7, i4 %add_ln97, i7 0" [../denoiser_c_to_hls/denoiser.cpp:102]   --->   Operation 52 'bitconcatenate' 'shl_ln102_1_mid1' <Predicate = (!icmp_ln97)> <Delay = 0.00>
ST_1 : Operation 53 [1/1] (0.00ns)   --->   "%zext_ln102_4 = zext i11 %shl_ln102_1_mid1" [../denoiser_c_to_hls/denoiser.cpp:102]   --->   Operation 53 'zext' 'zext_ln102_4' <Predicate = (!icmp_ln97)> <Delay = 0.00>
ST_1 : Operation 54 [1/1] (0.83ns)   --->   "%sub_ln102_1 = sub i15 %zext_ln102_3, i15 %zext_ln102_4" [../denoiser_c_to_hls/denoiser.cpp:102]   --->   Operation 54 'sub' 'sub_ln102_1' <Predicate = (!icmp_ln97)> <Delay = 0.83> <CoreInst = "Adder">   --->   Core 1 'Adder' <Latency = 0> <II = 1> <Delay = 0.84> <FuncUnit> <Opcode : 'add' 'sub'> <InPorts = 2> <OutPorts = 1>
ST_1 : Operation 55 [1/1] (0.29ns)   --->   "%select_ln97_1 = select i1 %icmp_ln98, i15 %sub_ln102_1, i15 %sub_ln102" [../denoiser_c_to_hls/denoiser.cpp:97]   --->   Operation 55 'select' 'select_ln97_1' <Predicate = (!icmp_ln97)> <Delay = 0.29> <CoreInst = "Sel">   --->   Core 73 'Sel' <Latency = 0> <II = 1> <Delay = 0.29> <FuncUnit> <Opcode : 'select'> <InPorts = 3> <OutPorts = 1>
ST_1 : Operation 56 [1/1] (0.00ns) (grouped into LUT with out node select_ln98_1)   --->   "%select_ln97_2 = select i1 %icmp_ln98, i9 0, i9 %tmp_14" [../denoiser_c_to_hls/denoiser.cpp:97]   --->   Operation 56 'select' 'select_ln97_2' <Predicate = (!icmp_ln97)> <Delay = 0.00> <CoreInst = "Sel">   --->   Core 73 'Sel' <Latency = 0> <II = 1> <Delay = 0.39> <FuncUnit> <Opcode : 'select'> <InPorts = 3> <OutPorts = 1>
ST_1 : Operation 57 [1/1] (0.00ns) (grouped into LUT with out node select_ln98_2)   --->   "%select_ln97_3 = select i1 %icmp_ln98, i8 0, i8 %shl_ln105_3" [../denoiser_c_to_hls/denoiser.cpp:97]   --->   Operation 57 'select' 'select_ln97_3' <Predicate = (!icmp_ln97)> <Delay = 0.00> <CoreInst = "Sel">   --->   Core 73 'Sel' <Latency = 0> <II = 1> <Delay = 0.39> <FuncUnit> <Opcode : 'select'> <InPorts = 3> <OutPorts = 1>
ST_1 : Operation 58 [1/1] (0.00ns) (grouped into LUT with out node select_ln98_3)   --->   "%select_ln97_4 = select i1 %icmp_ln98, i9 16, i9 %or_ln103" [../denoiser_c_to_hls/denoiser.cpp:97]   --->   Operation 58 'select' 'select_ln97_4' <Predicate = (!icmp_ln97)> <Delay = 0.00> <CoreInst = "Sel">   --->   Core 73 'Sel' <Latency = 0> <II = 1> <Delay = 0.39> <FuncUnit> <Opcode : 'select'> <InPorts = 3> <OutPorts = 1>
ST_1 : Operation 59 [1/1] (0.00ns) (grouped into LUT with out node and_ln97)   --->   "%xor_ln97 = xor i1 %icmp_ln98, i1 1" [../denoiser_c_to_hls/denoiser.cpp:97]   --->   Operation 59 'xor' 'xor_ln97' <Predicate = (!icmp_ln97)> <Delay = 0.00> <CoreInst = "LogicGate">   --->   Core 74 'LogicGate' <Latency = 0> <II = 1> <Delay = 0.28> <FuncUnit> <Opcode : 'and' 'or' 'xor'> <InPorts = 2> <OutPorts = 1>
ST_1 : Operation 60 [1/1] (0.72ns)   --->   "%icmp_ln99 = icmp_eq  i4 %c_load, i4 8" [../denoiser_c_to_hls/denoiser.cpp:99]   --->   Operation 60 'icmp' 'icmp_ln99' <Predicate = (!icmp_ln97)> <Delay = 0.72> <CoreInst = "Cmp">   --->   Core 9 'Cmp' <Latency = 0> <II = 1> <Delay = 0.75> <FuncUnit> <Opcode : 'icmp'> <InPorts = 2> <OutPorts = 1>
ST_1 : Operation 61 [1/1] (0.28ns) (out node of the LUT)   --->   "%and_ln97 = and i1 %icmp_ln99, i1 %xor_ln97" [../denoiser_c_to_hls/denoiser.cpp:97]   --->   Operation 61 'and' 'and_ln97' <Predicate = (!icmp_ln97)> <Delay = 0.28> <CoreInst = "LogicGate">   --->   Core 74 'LogicGate' <Latency = 0> <II = 1> <Delay = 0.28> <FuncUnit> <Opcode : 'and' 'or' 'xor'> <InPorts = 2> <OutPorts = 1>
ST_1 : Operation 62 [1/1] (0.39ns)   --->   "%select_ln97_5 = select i1 %icmp_ln98, i4 %add_ln97, i4 %h_1" [../denoiser_c_to_hls/denoiser.cpp:97]   --->   Operation 62 'select' 'select_ln97_5' <Predicate = (!icmp_ln97)> <Delay = 0.39> <CoreInst = "Sel">   --->   Core 73 'Sel' <Latency = 0> <II = 1> <Delay = 0.39> <FuncUnit> <Opcode : 'select'> <InPorts = 3> <OutPorts = 1>
ST_1 : Operation 63 [1/1] (0.79ns)   --->   "%add_ln98 = add i4 %select_ln97, i4 1" [../denoiser_c_to_hls/denoiser.cpp:98]   --->   Operation 63 'add' 'add_ln98' <Predicate = (!icmp_ln97)> <Delay = 0.79> <CoreInst = "Adder">   --->   Core 1 'Adder' <Latency = 0> <II = 1> <Delay = 0.79> <FuncUnit> <Opcode : 'add' 'sub'> <InPorts = 2> <OutPorts = 1>
ST_1 : Operation 64 [1/1] (0.00ns) (grouped into LUT with out node select_ln98)   --->   "%or_ln98 = or i1 %and_ln97, i1 %icmp_ln98" [../denoiser_c_to_hls/denoiser.cpp:98]   --->   Operation 64 'or' 'or_ln98' <Predicate = (!icmp_ln97)> <Delay = 0.00> <CoreInst = "LogicGate">   --->   Core 74 'LogicGate' <Latency = 0> <II = 1> <Delay = 0.28> <FuncUnit> <Opcode : 'and' 'or' 'xor'> <InPorts = 2> <OutPorts = 1>
ST_1 : Operation 65 [1/1] (0.39ns) (out node of the LUT)   --->   "%select_ln98 = select i1 %or_ln98, i4 0, i4 %c_load" [../denoiser_c_to_hls/denoiser.cpp:98]   --->   Operation 65 'select' 'select_ln98' <Predicate = (!icmp_ln97)> <Delay = 0.39> <CoreInst = "Sel">   --->   Core 73 'Sel' <Latency = 0> <II = 1> <Delay = 0.39> <FuncUnit> <Opcode : 'select'> <InPorts = 3> <OutPorts = 1>
ST_1 : Operation 66 [1/1] (0.00ns)   --->   "%p_mid = bitconcatenate i9 @_ssdm_op_BitConcatenate.i9.i4.i5, i4 %add_ln98, i5 0" [../denoiser_c_to_hls/denoiser.cpp:98]   --->   Operation 66 'bitconcatenate' 'p_mid' <Predicate = (!icmp_ln97)> <Delay = 0.00>
ST_1 : Operation 67 [1/1] (0.39ns) (out node of the LUT)   --->   "%select_ln98_1 = select i1 %and_ln97, i9 %p_mid, i9 %select_ln97_2" [../denoiser_c_to_hls/denoiser.cpp:98]   --->   Operation 67 'select' 'select_ln98_1' <Predicate = (!icmp_ln97)> <Delay = 0.39> <CoreInst = "Sel">   --->   Core 73 'Sel' <Latency = 0> <II = 1> <Delay = 0.39> <FuncUnit> <Opcode : 'select'> <InPorts = 3> <OutPorts = 1>
ST_1 : Operation 68 [1/1] (0.00ns) (grouped into LUT with out node select_ln98_2)   --->   "%shl_ln105_3_mid1 = bitconcatenate i8 @_ssdm_op_BitConcatenate.i8.i4.i4, i4 %add_ln98, i4 0" [../denoiser_c_to_hls/denoiser.cpp:105]   --->   Operation 68 'bitconcatenate' 'shl_ln105_3_mid1' <Predicate = (!icmp_ln97)> <Delay = 0.00>
ST_1 : Operation 69 [1/1] (0.39ns) (out node of the LUT)   --->   "%select_ln98_2 = select i1 %and_ln97, i8 %shl_ln105_3_mid1, i8 %select_ln97_3" [../denoiser_c_to_hls/denoiser.cpp:98]   --->   Operation 69 'select' 'select_ln98_2' <Predicate = (!icmp_ln97)> <Delay = 0.39> <CoreInst = "Sel">   --->   Core 73 'Sel' <Latency = 0> <II = 1> <Delay = 0.39> <FuncUnit> <Opcode : 'select'> <InPorts = 3> <OutPorts = 1>
ST_1 : Operation 70 [1/1] (0.00ns) (grouped into LUT with out node add_ln105)   --->   "%zext_ln103_1 = zext i8 %select_ln98_2" [../denoiser_c_to_hls/denoiser.cpp:103]   --->   Operation 70 'zext' 'zext_ln103_1' <Predicate = (!icmp_ln97)> <Delay = 0.00>
ST_1 : Operation 71 [1/1] (0.00ns) (grouped into LUT with out node select_ln98_3)   --->   "%or_ln103_1 = or i9 %p_mid, i9 16" [../denoiser_c_to_hls/denoiser.cpp:103]   --->   Operation 71 'or' 'or_ln103_1' <Predicate = (!icmp_ln97)> <Delay = 0.00>
ST_1 : Operation 72 [1/1] (0.39ns) (out node of the LUT)   --->   "%select_ln98_3 = select i1 %and_ln97, i9 %or_ln103_1, i9 %select_ln97_4" [../denoiser_c_to_hls/denoiser.cpp:98]   --->   Operation 72 'select' 'select_ln98_3' <Predicate = (!icmp_ln97)> <Delay = 0.39> <CoreInst = "Sel">   --->   Core 73 'Sel' <Latency = 0> <II = 1> <Delay = 0.39> <FuncUnit> <Opcode : 'select'> <InPorts = 3> <OutPorts = 1>
ST_1 : Operation 73 [1/1] (0.39ns)   --->   "%select_ln98_4 = select i1 %and_ln97, i4 %add_ln98, i4 %select_ln97" [../denoiser_c_to_hls/denoiser.cpp:98]   --->   Operation 73 'select' 'select_ln98_4' <Predicate = (!icmp_ln97)> <Delay = 0.39> <CoreInst = "Sel">   --->   Core 73 'Sel' <Latency = 0> <II = 1> <Delay = 0.39> <FuncUnit> <Opcode : 'select'> <InPorts = 3> <OutPorts = 1>
ST_1 : Operation 74 [1/1] (0.00ns)   --->   "%trunc_ln105 = trunc i4 %select_ln98" [../denoiser_c_to_hls/denoiser.cpp:105]   --->   Operation 74 'trunc' 'trunc_ln105' <Predicate = (!icmp_ln97)> <Delay = 0.00>
ST_1 : Operation 75 [1/1] (0.00ns) (grouped into LUT with out node add_ln105)   --->   "%tmp_15 = partselect i9 @_ssdm_op_PartSelect.i9.i13.i32.i32, i13 %sub_ln105_1, i32 4, i32 12" [../denoiser_c_to_hls/denoiser.cpp:105]   --->   Operation 75 'partselect' 'tmp_15' <Predicate = (!icmp_ln97)> <Delay = 0.00>
ST_1 : Operation 76 [1/1] (0.00ns) (grouped into LUT with out node add_ln105)   --->   "%tmp_16 = partselect i9 @_ssdm_op_PartSelect.i9.i13.i32.i32, i13 %sub_ln105, i32 4, i32 12" [../denoiser_c_to_hls/denoiser.cpp:105]   --->   Operation 76 'partselect' 'tmp_16' <Predicate = (!icmp_ln97)> <Delay = 0.00>
ST_1 : Operation 77 [1/1] (0.00ns) (grouped into LUT with out node add_ln105)   --->   "%select_ln97_6 = select i1 %icmp_ln98, i9 %tmp_15, i9 %tmp_16" [../denoiser_c_to_hls/denoiser.cpp:97]   --->   Operation 77 'select' 'select_ln97_6' <Predicate = (!icmp_ln97)> <Delay = 0.00> <CoreInst = "Sel">   --->   Core 73 'Sel' <Latency = 0> <II = 1> <Delay = 0.39> <FuncUnit> <Opcode : 'select'> <InPorts = 3> <OutPorts = 1>
ST_1 : Operation 78 [1/1] (0.00ns) (grouped into LUT with out node add_ln105)   --->   "%tmp = bitconcatenate i13 @_ssdm_op_BitConcatenate.i13.i9.i3.i1, i9 %select_ln97_6, i3 %trunc_ln105, i1 0" [../denoiser_c_to_hls/denoiser.cpp:105]   --->   Operation 78 'bitconcatenate' 'tmp' <Predicate = (!icmp_ln97)> <Delay = 0.00>
ST_1 : Operation 79 [1/1] (0.82ns) (out node of the LUT)   --->   "%add_ln105 = add i13 %tmp, i13 %zext_ln103_1" [../denoiser_c_to_hls/denoiser.cpp:105]   --->   Operation 79 'add' 'add_ln105' <Predicate = (!icmp_ln97)> <Delay = 0.82> <CoreInst = "Adder">   --->   Core 1 'Adder' <Latency = 0> <II = 1> <Delay = 0.82> <FuncUnit> <Opcode : 'add' 'sub'> <InPorts = 2> <OutPorts = 1>
ST_1 : Operation 80 [1/1] (0.00ns)   --->   "%trunc_ln6 = partselect i12 @_ssdm_op_PartSelect.i12.i13.i32.i32, i13 %add_ln105, i32 1, i32 12" [../denoiser_c_to_hls/denoiser.cpp:105]   --->   Operation 80 'partselect' 'trunc_ln6' <Predicate = (!icmp_ln97)> <Delay = 0.00>
ST_1 : Operation 81 [1/1] (0.00ns)   --->   "%sext_ln105 = sext i12 %trunc_ln6" [../denoiser_c_to_hls/denoiser.cpp:105]   --->   Operation 81 'sext' 'sext_ln105' <Predicate = (!icmp_ln97)> <Delay = 0.00>
ST_1 : Operation 82 [1/1] (0.00ns)   --->   "%zext_ln105_6 = zext i14 %sext_ln105" [../denoiser_c_to_hls/denoiser.cpp:105]   --->   Operation 82 'zext' 'zext_ln105_6' <Predicate = (!icmp_ln97)> <Delay = 0.00>
ST_1 : Operation 83 [1/1] (0.00ns)   --->   "%d_addr = getelementptr i16 %d, i64 0, i64 %zext_ln105_6" [../denoiser_c_to_hls/denoiser.cpp:105]   --->   Operation 83 'getelementptr' 'd_addr' <Predicate = (!icmp_ln97)> <Delay = 0.00>
ST_1 : Operation 84 [2/2] (1.23ns)   --->   "%d_load = load i14 %d_addr" [../denoiser_c_to_hls/denoiser.cpp:105]   --->   Operation 84 'load' 'd_load' <Predicate = (!icmp_ln97)> <Delay = 1.23> <CoreInst = "RAM">   --->   Core 83 'RAM' <Latency = 1> <II = 1> <Delay = 1.23> <Storage> <Opcode : 'load' 'store'> <Ports = 2> <Width = 16> <Depth = 12544> <RAM>
ST_1 : Operation 85 [1/1] (0.79ns)   --->   "%add_ln99 = add i4 %select_ln98, i4 1" [../denoiser_c_to_hls/denoiser.cpp:99]   --->   Operation 85 'add' 'add_ln99' <Predicate = (!icmp_ln97)> <Delay = 0.79> <CoreInst = "Adder">   --->   Core 1 'Adder' <Latency = 0> <II = 1> <Delay = 0.79> <FuncUnit> <Opcode : 'add' 'sub'> <InPorts = 2> <OutPorts = 1>
ST_1 : Operation 86 [1/1] (0.76ns)   --->   "%add_ln98_1 = add i8 %indvar_flatten181_load, i8 1" [../denoiser_c_to_hls/denoiser.cpp:98]   --->   Operation 86 'add' 'add_ln98_1' <Predicate = (!icmp_ln97)> <Delay = 0.76> <CoreInst = "Adder">   --->   Core 1 'Adder' <Latency = 0> <II = 1> <Delay = 0.76> <FuncUnit> <Opcode : 'add' 'sub'> <InPorts = 2> <OutPorts = 1>
ST_1 : Operation 87 [1/1] (0.39ns)   --->   "%select_ln98_5 = select i1 %icmp_ln98, i8 1, i8 %add_ln98_1" [../denoiser_c_to_hls/denoiser.cpp:98]   --->   Operation 87 'select' 'select_ln98_5' <Predicate = (!icmp_ln97)> <Delay = 0.39> <CoreInst = "Sel">   --->   Core 73 'Sel' <Latency = 0> <II = 1> <Delay = 0.39> <FuncUnit> <Opcode : 'select'> <InPorts = 3> <OutPorts = 1>
ST_1 : Operation 88 [1/1] (0.42ns)   --->   "%store_ln99 = store i11 %add_ln97_3, i11 %indvar_flatten209" [../denoiser_c_to_hls/denoiser.cpp:99]   --->   Operation 88 'store' 'store_ln99' <Predicate = (!icmp_ln97)> <Delay = 0.42>
ST_1 : Operation 89 [1/1] (0.42ns)   --->   "%store_ln99 = store i4 %select_ln97_5, i4 %h" [../denoiser_c_to_hls/denoiser.cpp:99]   --->   Operation 89 'store' 'store_ln99' <Predicate = (!icmp_ln97)> <Delay = 0.42>
ST_1 : Operation 90 [1/1] (0.42ns)   --->   "%store_ln99 = store i8 %select_ln98_5, i8 %indvar_flatten181" [../denoiser_c_to_hls/denoiser.cpp:99]   --->   Operation 90 'store' 'store_ln99' <Predicate = (!icmp_ln97)> <Delay = 0.42>
ST_1 : Operation 91 [1/1] (0.42ns)   --->   "%store_ln99 = store i4 %select_ln98_4, i4 %w" [../denoiser_c_to_hls/denoiser.cpp:99]   --->   Operation 91 'store' 'store_ln99' <Predicate = (!icmp_ln97)> <Delay = 0.42>
ST_1 : Operation 92 [1/1] (0.42ns)   --->   "%store_ln99 = store i4 %add_ln99, i4 %c" [../denoiser_c_to_hls/denoiser.cpp:99]   --->   Operation 92 'store' 'store_ln99' <Predicate = (!icmp_ln97)> <Delay = 0.42>
ST_1 : Operation 129 [1/1] (0.00ns)   --->   "%ret_ln0 = ret"   --->   Operation 129 'ret' 'ret_ln0' <Predicate = (icmp_ln97)> <Delay = 0.00>

State 2 <SV = 1> <Delay = 2.92>
ST_2 : Operation 93 [1/1] (0.84ns)   --->   "%add_ln97_1 = add i15 %select_ln97_1, i15 12544" [../denoiser_c_to_hls/denoiser.cpp:97]   --->   Operation 93 'add' 'add_ln97_1' <Predicate = true> <Delay = 0.84> <CoreInst = "Adder">   --->   Core 1 'Adder' <Latency = 0> <II = 1> <Delay = 0.84> <FuncUnit> <Opcode : 'add' 'sub'> <InPorts = 2> <OutPorts = 1>
ST_2 : Operation 94 [1/1] (0.84ns)   --->   "%add_ln97_2 = add i15 %select_ln97_1, i15 12992" [../denoiser_c_to_hls/denoiser.cpp:97]   --->   Operation 94 'add' 'add_ln97_2' <Predicate = true> <Delay = 0.84> <CoreInst = "Adder">   --->   Core 1 'Adder' <Latency = 0> <II = 1> <Delay = 0.84> <FuncUnit> <Opcode : 'add' 'sub'> <InPorts = 2> <OutPorts = 1>
ST_2 : Operation 95 [1/1] (0.00ns)   --->   "%zext_ln105_5 = zext i9 %select_ln98_1" [../denoiser_c_to_hls/denoiser.cpp:105]   --->   Operation 95 'zext' 'zext_ln105_5' <Predicate = true> <Delay = 0.00>
ST_2 : Operation 96 [1/1] (0.00ns)   --->   "%select_ln98_3_cast = zext i9 %select_ln98_3" [../denoiser_c_to_hls/denoiser.cpp:98]   --->   Operation 96 'zext' 'select_ln98_3_cast' <Predicate = true> <Delay = 0.00>
ST_2 : Operation 97 [1/2] (1.23ns)   --->   "%d_load = load i14 %d_addr" [../denoiser_c_to_hls/denoiser.cpp:105]   --->   Operation 97 'load' 'd_load' <Predicate = true> <Delay = 1.23> <CoreInst = "RAM">   --->   Core 83 'RAM' <Latency = 1> <II = 1> <Delay = 1.23> <Storage> <Opcode : 'load' 'store'> <Ports = 2> <Width = 16> <Depth = 12544> <RAM>
ST_2 : Operation 98 [1/1] (0.00ns)   --->   "%tmp_s = partselect i11 @_ssdm_op_PartSelect.i11.i15.i32.i32, i15 %add_ln97_1, i32 4, i32 14" [../denoiser_c_to_hls/denoiser.cpp:102]   --->   Operation 98 'partselect' 'tmp_s' <Predicate = true> <Delay = 0.00>
ST_2 : Operation 99 [1/1] (0.00ns)   --->   "%tmp1 = bitconcatenate i15 @_ssdm_op_BitConcatenate.i15.i11.i3.i1, i11 %tmp_s, i3 %trunc_ln105, i1 0" [../denoiser_c_to_hls/denoiser.cpp:102]   --->   Operation 99 'bitconcatenate' 'tmp1' <Predicate = true> <Delay = 0.00>
ST_2 : Operation 100 [1/1] (0.84ns)   --->   "%add_ln102 = add i15 %tmp1, i15 %zext_ln105_5" [../denoiser_c_to_hls/denoiser.cpp:102]   --->   Operation 100 'add' 'add_ln102' <Predicate = true> <Delay = 0.84> <CoreInst = "Adder">   --->   Core 1 'Adder' <Latency = 0> <II = 1> <Delay = 0.84> <FuncUnit> <Opcode : 'add' 'sub'> <InPorts = 2> <OutPorts = 1>
ST_2 : Operation 101 [1/1] (0.00ns)   --->   "%lshr_ln1 = partselect i14 @_ssdm_op_PartSelect.i14.i15.i32.i32, i15 %add_ln102, i32 1, i32 14" [../denoiser_c_to_hls/denoiser.cpp:102]   --->   Operation 101 'partselect' 'lshr_ln1' <Predicate = true> <Delay = 0.00>
ST_2 : Operation 102 [1/1] (0.00ns)   --->   "%zext_ln102_2 = zext i14 %lshr_ln1" [../denoiser_c_to_hls/denoiser.cpp:102]   --->   Operation 102 'zext' 'zext_ln102_2' <Predicate = true> <Delay = 0.00>
ST_2 : Operation 103 [1/1] (0.00ns)   --->   "%d_addr_4 = getelementptr i16 %d, i64 0, i64 %zext_ln102_2" [../denoiser_c_to_hls/denoiser.cpp:102]   --->   Operation 103 'getelementptr' 'd_addr_4' <Predicate = true> <Delay = 0.00>
ST_2 : Operation 104 [1/1] (1.23ns)   --->   "%store_ln102 = store void @_ssdm_op_Write.bram.i16, i14 %d_addr_4, i16 %d_load, i2 3" [../denoiser_c_to_hls/denoiser.cpp:102]   --->   Operation 104 'store' 'store_ln102' <Predicate = true> <Delay = 1.23> <CoreInst = "RAM">   --->   Core 83 'RAM' <Latency = 1> <II = 1> <Delay = 1.23> <Storage> <Opcode : 'load' 'store'> <Ports = 2> <Width = 16> <Depth = 12544> <RAM>
ST_2 : Operation 105 [1/1] (0.84ns)   --->   "%add_ln103 = add i15 %tmp1, i15 %select_ln98_3_cast" [../denoiser_c_to_hls/denoiser.cpp:103]   --->   Operation 105 'add' 'add_ln103' <Predicate = true> <Delay = 0.84> <CoreInst = "Adder">   --->   Core 1 'Adder' <Latency = 0> <II = 1> <Delay = 0.84> <FuncUnit> <Opcode : 'add' 'sub'> <InPorts = 2> <OutPorts = 1>
ST_2 : Operation 106 [1/1] (0.00ns)   --->   "%lshr_ln2 = partselect i14 @_ssdm_op_PartSelect.i14.i15.i32.i32, i15 %add_ln103, i32 1, i32 14" [../denoiser_c_to_hls/denoiser.cpp:103]   --->   Operation 106 'partselect' 'lshr_ln2' <Predicate = true> <Delay = 0.00>
ST_2 : Operation 107 [1/1] (0.00ns)   --->   "%tmp_17 = partselect i11 @_ssdm_op_PartSelect.i11.i15.i32.i32, i15 %add_ln97_2, i32 4, i32 14" [../denoiser_c_to_hls/denoiser.cpp:104]   --->   Operation 107 'partselect' 'tmp_17' <Predicate = true> <Delay = 0.00>
ST_2 : Operation 108 [1/1] (0.00ns)   --->   "%tmp2 = bitconcatenate i15 @_ssdm_op_BitConcatenate.i15.i11.i3.i1, i11 %tmp_17, i3 %trunc_ln105, i1 0" [../denoiser_c_to_hls/denoiser.cpp:104]   --->   Operation 108 'bitconcatenate' 'tmp2' <Predicate = true> <Delay = 0.00>
ST_2 : Operation 109 [1/1] (0.84ns)   --->   "%add_ln104 = add i15 %tmp2, i15 %zext_ln105_5" [../denoiser_c_to_hls/denoiser.cpp:104]   --->   Operation 109 'add' 'add_ln104' <Predicate = true> <Delay = 0.84> <CoreInst = "Adder">   --->   Core 1 'Adder' <Latency = 0> <II = 1> <Delay = 0.84> <FuncUnit> <Opcode : 'add' 'sub'> <InPorts = 2> <OutPorts = 1>
ST_2 : Operation 110 [1/1] (0.00ns)   --->   "%lshr_ln3 = partselect i14 @_ssdm_op_PartSelect.i14.i15.i32.i32, i15 %add_ln104, i32 1, i32 14" [../denoiser_c_to_hls/denoiser.cpp:104]   --->   Operation 110 'partselect' 'lshr_ln3' <Predicate = true> <Delay = 0.00>
ST_2 : Operation 111 [1/1] (0.84ns)   --->   "%add_ln105_1 = add i15 %tmp2, i15 %select_ln98_3_cast" [../denoiser_c_to_hls/denoiser.cpp:105]   --->   Operation 111 'add' 'add_ln105_1' <Predicate = true> <Delay = 0.84> <CoreInst = "Adder">   --->   Core 1 'Adder' <Latency = 0> <II = 1> <Delay = 0.84> <FuncUnit> <Opcode : 'add' 'sub'> <InPorts = 2> <OutPorts = 1>
ST_2 : Operation 112 [1/1] (0.00ns)   --->   "%lshr_ln105_1 = partselect i14 @_ssdm_op_PartSelect.i14.i15.i32.i32, i15 %add_ln105_1, i32 1, i32 14" [../denoiser_c_to_hls/denoiser.cpp:105]   --->   Operation 112 'partselect' 'lshr_ln105_1' <Predicate = true> <Delay = 0.00>

State 3 <SV = 2> <Delay = 1.23>
ST_3 : Operation 113 [1/1] (0.00ns)   --->   "%zext_ln103 = zext i14 %lshr_ln2" [../denoiser_c_to_hls/denoiser.cpp:103]   --->   Operation 113 'zext' 'zext_ln103' <Predicate = true> <Delay = 0.00>
ST_3 : Operation 114 [1/1] (0.00ns)   --->   "%d_addr_5 = getelementptr i16 %d, i64 0, i64 %zext_ln103" [../denoiser_c_to_hls/denoiser.cpp:103]   --->   Operation 114 'getelementptr' 'd_addr_5' <Predicate = true> <Delay = 0.00>
ST_3 : Operation 115 [1/1] (1.23ns)   --->   "%store_ln103 = store void @_ssdm_op_Write.bram.i16, i14 %d_addr_5, i16 %d_load, i2 3" [../denoiser_c_to_hls/denoiser.cpp:103]   --->   Operation 115 'store' 'store_ln103' <Predicate = true> <Delay = 1.23> <CoreInst = "RAM">   --->   Core 83 'RAM' <Latency = 1> <II = 1> <Delay = 1.23> <Storage> <Opcode : 'load' 'store'> <Ports = 2> <Width = 16> <Depth = 12544> <RAM>

State 4 <SV = 3> <Delay = 1.23>
ST_4 : Operation 116 [1/1] (0.00ns)   --->   "%zext_ln104 = zext i14 %lshr_ln3" [../denoiser_c_to_hls/denoiser.cpp:104]   --->   Operation 116 'zext' 'zext_ln104' <Predicate = true> <Delay = 0.00>
ST_4 : Operation 117 [1/1] (0.00ns)   --->   "%d_addr_6 = getelementptr i16 %d, i64 0, i64 %zext_ln104" [../denoiser_c_to_hls/denoiser.cpp:104]   --->   Operation 117 'getelementptr' 'd_addr_6' <Predicate = true> <Delay = 0.00>
ST_4 : Operation 118 [1/1] (1.23ns)   --->   "%store_ln104 = store void @_ssdm_op_Write.bram.i16, i14 %d_addr_6, i16 %d_load, i2 3" [../denoiser_c_to_hls/denoiser.cpp:104]   --->   Operation 118 'store' 'store_ln104' <Predicate = true> <Delay = 1.23> <CoreInst = "RAM">   --->   Core 83 'RAM' <Latency = 1> <II = 1> <Delay = 1.23> <Storage> <Opcode : 'load' 'store'> <Ports = 2> <Width = 16> <Depth = 12544> <RAM>

State 5 <SV = 4> <Delay = 1.23>
ST_5 : Operation 119 [1/1] (0.00ns)   --->   "%specloopname_ln0 = specloopname void @_ssdm_op_SpecLoopName, void @VITIS_LOOP_97_1_VITIS_LOOP_98_2_VITIS_LOOP_99_3_str"   --->   Operation 119 'specloopname' 'specloopname_ln0' <Predicate = true> <Delay = 0.00>
ST_5 : Operation 120 [1/1] (0.00ns)   --->   "%empty = speclooptripcount i32 @_ssdm_op_SpecLoopTripCount, i64 1568, i64 1568, i64 1568"   --->   Operation 120 'speclooptripcount' 'empty' <Predicate = true> <Delay = 0.00>
ST_5 : Operation 121 [1/1] (0.00ns)   --->   "%specpipeline_ln0 = specpipeline void @_ssdm_op_SpecPipeline, i32 4294967295, i32 0, i32 1, i32 0, void @p_str"   --->   Operation 121 'specpipeline' 'specpipeline_ln0' <Predicate = true> <Delay = 0.00>
ST_5 : Operation 122 [1/1] (0.00ns)   --->   "%specloopname_ln0 = specloopname void @_ssdm_op_SpecLoopName, void @VITIS_LOOP_98_2_VITIS_LOOP_99_3_str"   --->   Operation 122 'specloopname' 'specloopname_ln0' <Predicate = true> <Delay = 0.00>
ST_5 : Operation 123 [1/1] (0.00ns)   --->   "%specpipeline_ln0 = specpipeline void @_ssdm_op_SpecPipeline, i32 4294967295, i32 0, i32 1, i32 0, void @p_str"   --->   Operation 123 'specpipeline' 'specpipeline_ln0' <Predicate = true> <Delay = 0.00>
ST_5 : Operation 124 [1/1] (0.00ns)   --->   "%specloopname_ln99 = specloopname void @_ssdm_op_SpecLoopName, void @empty_2" [../denoiser_c_to_hls/denoiser.cpp:99]   --->   Operation 124 'specloopname' 'specloopname_ln99' <Predicate = true> <Delay = 0.00>
ST_5 : Operation 125 [1/1] (0.00ns)   --->   "%zext_ln105 = zext i14 %lshr_ln105_1" [../denoiser_c_to_hls/denoiser.cpp:105]   --->   Operation 125 'zext' 'zext_ln105' <Predicate = true> <Delay = 0.00>
ST_5 : Operation 126 [1/1] (0.00ns)   --->   "%d_addr_7 = getelementptr i16 %d, i64 0, i64 %zext_ln105" [../denoiser_c_to_hls/denoiser.cpp:105]   --->   Operation 126 'getelementptr' 'd_addr_7' <Predicate = true> <Delay = 0.00>
ST_5 : Operation 127 [1/1] (1.23ns)   --->   "%store_ln105 = store void @_ssdm_op_Write.bram.i16, i14 %d_addr_7, i16 %d_load, i2 3" [../denoiser_c_to_hls/denoiser.cpp:105]   --->   Operation 127 'store' 'store_ln105' <Predicate = true> <Delay = 1.23> <CoreInst = "RAM">   --->   Core 83 'RAM' <Latency = 1> <II = 1> <Delay = 1.23> <Storage> <Opcode : 'load' 'store'> <Ports = 2> <Width = 16> <Depth = 12544> <RAM>
ST_5 : Operation 128 [1/1] (0.00ns)   --->   "%br_ln99 = br void %for.body9.i376" [../denoiser_c_to_hls/denoiser.cpp:99]   --->   Operation 128 'br' 'br_ln99' <Predicate = true> <Delay = 0.00>


============================================================
+ Verbose Summary: Binding
============================================================
STG Binding: 
---------------- STG Properties BEGIN ----------------
- Is combinational: 0
- Is one-state seq: 0
- Is datapath-only: 0
- Is pipelined: 0
- Is top level: 0
Port [ Return ] is wired: 1; IO mode=ap_ctrl_hs:ce=0
Port [ d]:  wired=1; compound=1; hidden=0; nouse=0; global=0; static=0; extern=0; dir=2; type=1; pingpong=0; private_global=0; MemPort=[23]; IO mode=ap_memory:ce=0
---------------- STG Properties END ------------------

---------------- Datapath Model BEGIN ----------------

<LifeTime>
<method=bitvector/>
c                          (alloca                ) [ 010000]
w                          (alloca                ) [ 010000]
indvar_flatten181          (alloca                ) [ 010000]
h                          (alloca                ) [ 010000]
indvar_flatten209          (alloca                ) [ 010000]
specbramwithbyteenable_ln0 (specbramwithbyteenable) [ 000000]
store_ln0                  (store                 ) [ 000000]
store_ln0                  (store                 ) [ 000000]
store_ln0                  (store                 ) [ 000000]
store_ln0                  (store                 ) [ 000000]
store_ln0                  (store                 ) [ 000000]
br_ln0                     (br                    ) [ 000000]
w_1                        (load                  ) [ 000000]
h_1                        (load                  ) [ 000000]
indvar_flatten209_load     (load                  ) [ 000000]
shl_ln105_1                (bitconcatenate        ) [ 000000]
zext_ln105_1               (zext                  ) [ 000000]
shl_ln105_2                (bitconcatenate        ) [ 000000]
zext_ln105_2               (zext                  ) [ 000000]
sub_ln105                  (sub                   ) [ 000000]
shl_ln1                    (bitconcatenate        ) [ 000000]
zext_ln102                 (zext                  ) [ 000000]
shl_ln102_1                (bitconcatenate        ) [ 000000]
zext_ln102_1               (zext                  ) [ 000000]
sub_ln102                  (sub                   ) [ 000000]
tmp_14                     (bitconcatenate        ) [ 000000]
shl_ln105_3                (bitconcatenate        ) [ 000000]
or_ln103                   (or                    ) [ 000000]
specpipeline_ln0           (specpipeline          ) [ 000000]
icmp_ln97                  (icmp                  ) [ 010000]
add_ln97_3                 (add                   ) [ 000000]
br_ln97                    (br                    ) [ 000000]
c_load                     (load                  ) [ 000000]
indvar_flatten181_load     (load                  ) [ 000000]
add_ln97                   (add                   ) [ 000000]
icmp_ln98                  (icmp                  ) [ 000000]
select_ln97                (select                ) [ 000000]
shl_ln105_1_mid1           (bitconcatenate        ) [ 000000]
zext_ln105_3               (zext                  ) [ 000000]
shl_ln105_2_mid1           (bitconcatenate        ) [ 000000]
zext_ln105_4               (zext                  ) [ 000000]
sub_ln105_1                (sub                   ) [ 000000]
shl_ln102_mid1             (bitconcatenate        ) [ 000000]
zext_ln102_3               (zext                  ) [ 000000]
shl_ln102_1_mid1           (bitconcatenate        ) [ 000000]
zext_ln102_4               (zext                  ) [ 000000]
sub_ln102_1                (sub                   ) [ 000000]
select_ln97_1              (select                ) [ 001000]
select_ln97_2              (select                ) [ 000000]
select_ln97_3              (select                ) [ 000000]
select_ln97_4              (select                ) [ 000000]
xor_ln97                   (xor                   ) [ 000000]
icmp_ln99                  (icmp                  ) [ 000000]
and_ln97                   (and                   ) [ 000000]
select_ln97_5              (select                ) [ 000000]
add_ln98                   (add                   ) [ 000000]
or_ln98                    (or                    ) [ 000000]
select_ln98                (select                ) [ 000000]
p_mid                      (bitconcatenate        ) [ 000000]
select_ln98_1              (select                ) [ 001000]
shl_ln105_3_mid1           (bitconcatenate        ) [ 000000]
select_ln98_2              (select                ) [ 000000]
zext_ln103_1               (zext                  ) [ 000000]
or_ln103_1                 (or                    ) [ 000000]
select_ln98_3              (select                ) [ 001000]
select_ln98_4              (select                ) [ 000000]
trunc_ln105                (trunc                 ) [ 001000]
tmp_15                     (partselect            ) [ 000000]
tmp_16                     (partselect            ) [ 000000]
select_ln97_6              (select                ) [ 000000]
tmp                        (bitconcatenate        ) [ 000000]
add_ln105                  (add                   ) [ 000000]
trunc_ln6                  (partselect            ) [ 000000]
sext_ln105                 (sext                  ) [ 000000]
zext_ln105_6               (zext                  ) [ 000000]
d_addr                     (getelementptr         ) [ 001000]
add_ln99                   (add                   ) [ 000000]
add_ln98_1                 (add                   ) [ 000000]
select_ln98_5              (select                ) [ 000000]
store_ln99                 (store                 ) [ 000000]
store_ln99                 (store                 ) [ 000000]
store_ln99                 (store                 ) [ 000000]
store_ln99                 (store                 ) [ 000000]
store_ln99                 (store                 ) [ 000000]
add_ln97_1                 (add                   ) [ 000000]
add_ln97_2                 (add                   ) [ 000000]
zext_ln105_5               (zext                  ) [ 000000]
select_ln98_3_cast         (zext                  ) [ 000000]
d_load                     (load                  ) [ 000111]
tmp_s                      (partselect            ) [ 000000]
tmp1                       (bitconcatenate        ) [ 000000]
add_ln102                  (add                   ) [ 000000]
lshr_ln1                   (partselect            ) [ 000000]
zext_ln102_2               (zext                  ) [ 000000]
d_addr_4                   (getelementptr         ) [ 000000]
store_ln102                (store                 ) [ 000000]
add_ln103                  (add                   ) [ 000000]
lshr_ln2                   (partselect            ) [ 000100]
tmp_17                     (partselect            ) [ 000000]
tmp2                       (bitconcatenate        ) [ 000000]
add_ln104                  (add                   ) [ 000000]
lshr_ln3                   (partselect            ) [ 000110]
add_ln105_1                (add                   ) [ 000000]
lshr_ln105_1               (partselect            ) [ 000111]
zext_ln103                 (zext                  ) [ 000000]
d_addr_5                   (getelementptr         ) [ 000000]
store_ln103                (store                 ) [ 000000]
zext_ln104                 (zext                  ) [ 000000]
d_addr_6                   (getelementptr         ) [ 000000]
store_ln104                (store                 ) [ 000000]
specloopname_ln0           (specloopname          ) [ 000000]
empty                      (speclooptripcount     ) [ 000000]
specpipeline_ln0           (specpipeline          ) [ 000000]
specloopname_ln0           (specloopname          ) [ 000000]
specpipeline_ln0           (specpipeline          ) [ 000000]
specloopname_ln99          (specloopname          ) [ 000000]
zext_ln105                 (zext                  ) [ 000000]
d_addr_7                   (getelementptr         ) [ 000000]
store_ln105                (store                 ) [ 000000]
br_ln99                    (br                    ) [ 000000]
ret_ln0                    (ret                   ) [ 000000]
</LifeTime>

<model>

<comp_list>
<comp id="0" class="1000" name="d">
<pin_list>
<pin id="1" dir="1" index="0" bw="1" slack="0"/>
</pin_list>
<bind>
<StgValue><ssdm name="d"/><MemPortTyVec>2 3 </MemPortTyVec>
</StgValue>
</bind>
</comp>

<comp id="2" class="1001" name="const_2">
<pin_list>
<pin id="3" dir="1" index="0" bw="1" slack="0"/>
</pin_list>
<bind>
<StgValue><ssdm name=""/></StgValue>
</bind>
</comp>

<comp id="4" class="1001" name="const_4">
<pin_list>
<pin id="5" dir="1" index="0" bw="1" slack="2147483647"/>
</pin_list>
<bind>
<StgValue><ssdm name="_ssdm_op_SpecBRAMWithByteEnable"/></StgValue>
</bind>
</comp>

<comp id="6" class="1001" name="const_6">
<pin_list>
<pin id="7" dir="1" index="0" bw="1" slack="0"/>
</pin_list>
<bind>
<StgValue><ssdm name=""/></StgValue>
</bind>
</comp>

<comp id="8" class="1001" name="const_8">
<pin_list>
<pin id="9" dir="1" index="0" bw="1" slack="0"/>
</pin_list>
<bind>
<StgValue><ssdm name=""/></StgValue>
</bind>
</comp>

<comp id="10" class="1001" name="const_10">
<pin_list>
<pin id="11" dir="1" index="0" bw="1" slack="0"/>
</pin_list>
<bind>
<StgValue><ssdm name=""/></StgValue>
</bind>
</comp>

<comp id="12" class="1001" name="const_12">
<pin_list>
<pin id="13" dir="1" index="0" bw="1" slack="0"/>
</pin_list>
<bind>
<StgValue><ssdm name="_ssdm_op_BitConcatenate.i12.i4.i8"/></StgValue>
</bind>
</comp>

<comp id="14" class="1001" name="const_14">
<pin_list>
<pin id="15" dir="1" index="0" bw="1" slack="0"/>
</pin_list>
<bind>
<StgValue><ssdm name="_ssdm_op_BitConcatenate.i9.i4.i5"/></StgValue>
</bind>
</comp>

<comp id="16" class="1001" name="const_16">
<pin_list>
<pin id="17" dir="1" index="0" bw="1" slack="0"/>
</pin_list>
<bind>
<StgValue><ssdm name=""/></StgValue>
</bind>
</comp>

<comp id="18" class="1001" name="const_18">
<pin_list>
<pin id="19" dir="1" index="0" bw="1" slack="0"/>
</pin_list>
<bind>
<StgValue><ssdm name="_ssdm_op_BitConcatenate.i14.i4.i10"/></StgValue>
</bind>
</comp>

<comp id="20" class="1001" name="const_20">
<pin_list>
<pin id="21" dir="1" index="0" bw="1" slack="0"/>
</pin_list>
<bind>
<StgValue><ssdm name=""/></StgValue>
</bind>
</comp>

<comp id="22" class="1001" name="const_22">
<pin_list>
<pin id="23" dir="1" index="0" bw="1" slack="0"/>
</pin_list>
<bind>
<StgValue><ssdm name="_ssdm_op_BitConcatenate.i11.i4.i7"/></StgValue>
</bind>
</comp>

<comp id="24" class="1001" name="const_24">
<pin_list>
<pin id="25" dir="1" index="0" bw="1" slack="0"/>
</pin_list>
<bind>
<StgValue><ssdm name=""/></StgValue>
</bind>
</comp>

<comp id="26" class="1001" name="const_26">
<pin_list>
<pin id="27" dir="1" index="0" bw="1" slack="0"/>
</pin_list>
<bind>
<StgValue><ssdm name="_ssdm_op_BitConcatenate.i8.i4.i4"/></StgValue>
</bind>
</comp>

<comp id="28" class="1001" name="const_28">
<pin_list>
<pin id="29" dir="1" index="0" bw="1" slack="0"/>
</pin_list>
<bind>
<StgValue><ssdm name=""/></StgValue>
</bind>
</comp>

<comp id="30" class="1001" name="const_30">
<pin_list>
<pin id="31" dir="1" index="0" bw="1" slack="2147483647"/>
</pin_list>
<bind>
<StgValue><ssdm name="_ssdm_op_SpecPipeline"/></StgValue>
</bind>
</comp>

<comp id="32" class="1001" name="const_32">
<pin_list>
<pin id="33" dir="1" index="0" bw="1" slack="2147483647"/>
</pin_list>
<bind>
<StgValue><ssdm name=""/></StgValue>
</bind>
</comp>

<comp id="34" class="1001" name="const_34">
<pin_list>
<pin id="35" dir="1" index="0" bw="1" slack="2147483647"/>
</pin_list>
<bind>
<StgValue><ssdm name=""/></StgValue>
</bind>
</comp>

<comp id="36" class="1001" name="const_36">
<pin_list>
<pin id="37" dir="1" index="0" bw="1" slack="2147483647"/>
</pin_list>
<bind>
<StgValue><ssdm name="p_str"/></StgValue>
</bind>
</comp>

<comp id="38" class="1001" name="const_38">
<pin_list>
<pin id="39" dir="1" index="0" bw="1" slack="0"/>
</pin_list>
<bind>
<StgValue><ssdm name=""/></StgValue>
</bind>
</comp>

<comp id="40" class="1001" name="const_40">
<pin_list>
<pin id="41" dir="1" index="0" bw="1" slack="0"/>
</pin_list>
<bind>
<StgValue><ssdm name=""/></StgValue>
</bind>
</comp>

<comp id="42" class="1001" name="const_42">
<pin_list>
<pin id="43" dir="1" index="0" bw="1" slack="0"/>
</pin_list>
<bind>
<StgValue><ssdm name=""/></StgValue>
</bind>
</comp>

<comp id="44" class="1001" name="const_44">
<pin_list>
<pin id="45" dir="1" index="0" bw="1" slack="0"/>
</pin_list>
<bind>
<StgValue><ssdm name=""/></StgValue>
</bind>
</comp>

<comp id="46" class="1001" name="const_46">
<pin_list>
<pin id="47" dir="1" index="0" bw="1" slack="0"/>
</pin_list>
<bind>
<StgValue><ssdm name=""/></StgValue>
</bind>
</comp>

<comp id="48" class="1001" name="const_48">
<pin_list>
<pin id="49" dir="1" index="0" bw="1" slack="0"/>
</pin_list>
<bind>
<StgValue><ssdm name=""/></StgValue>
</bind>
</comp>

<comp id="50" class="1001" name="const_50">
<pin_list>
<pin id="51" dir="1" index="0" bw="1" slack="0"/>
</pin_list>
<bind>
<StgValue><ssdm name=""/></StgValue>
</bind>
</comp>

<comp id="52" class="1001" name="const_52">
<pin_list>
<pin id="53" dir="1" index="0" bw="1" slack="0"/>
</pin_list>
<bind>
<StgValue><ssdm name="_ssdm_op_PartSelect.i9.i13.i32.i32"/></StgValue>
</bind>
</comp>

<comp id="54" class="1001" name="const_54">
<pin_list>
<pin id="55" dir="1" index="0" bw="1" slack="0"/>
</pin_list>
<bind>
<StgValue><ssdm name=""/></StgValue>
</bind>
</comp>

<comp id="56" class="1001" name="const_56">
<pin_list>
<pin id="57" dir="1" index="0" bw="1" slack="0"/>
</pin_list>
<bind>
<StgValue><ssdm name=""/></StgValue>
</bind>
</comp>

<comp id="58" class="1001" name="const_58">
<pin_list>
<pin id="59" dir="1" index="0" bw="1" slack="0"/>
</pin_list>
<bind>
<StgValue><ssdm name="_ssdm_op_BitConcatenate.i13.i9.i3.i1"/></StgValue>
</bind>
</comp>

<comp id="60" class="1001" name="const_60">
<pin_list>
<pin id="61" dir="1" index="0" bw="1" slack="0"/>
</pin_list>
<bind>
<StgValue><ssdm name=""/></StgValue>
</bind>
</comp>

<comp id="62" class="1001" name="const_62">
<pin_list>
<pin id="63" dir="1" index="0" bw="1" slack="0"/>
</pin_list>
<bind>
<StgValue><ssdm name="_ssdm_op_PartSelect.i12.i13.i32.i32"/></StgValue>
</bind>
</comp>

<comp id="64" class="1001" name="const_64">
<pin_list>
<pin id="65" dir="1" index="0" bw="1" slack="0"/>
</pin_list>
<bind>
<StgValue><ssdm name=""/></StgValue>
</bind>
</comp>

<comp id="66" class="1001" name="const_66">
<pin_list>
<pin id="67" dir="1" index="0" bw="1" slack="0"/>
</pin_list>
<bind>
<StgValue><ssdm name=""/></StgValue>
</bind>
</comp>

<comp id="68" class="1001" name="const_68">
<pin_list>
<pin id="69" dir="1" index="0" bw="1" slack="0"/>
</pin_list>
<bind>
<StgValue><ssdm name=""/></StgValue>
</bind>
</comp>

<comp id="70" class="1001" name="const_70">
<pin_list>
<pin id="71" dir="1" index="0" bw="1" slack="0"/>
</pin_list>
<bind>
<StgValue><ssdm name=""/></StgValue>
</bind>
</comp>

<comp id="72" class="1001" name="const_72">
<pin_list>
<pin id="73" dir="1" index="0" bw="1" slack="0"/>
</pin_list>
<bind>
<StgValue><ssdm name="_ssdm_op_PartSelect.i11.i15.i32.i32"/></StgValue>
</bind>
</comp>

<comp id="74" class="1001" name="const_74">
<pin_list>
<pin id="75" dir="1" index="0" bw="1" slack="0"/>
</pin_list>
<bind>
<StgValue><ssdm name=""/></StgValue>
</bind>
</comp>

<comp id="76" class="1001" name="const_76">
<pin_list>
<pin id="77" dir="1" index="0" bw="1" slack="0"/>
</pin_list>
<bind>
<StgValue><ssdm name="_ssdm_op_BitConcatenate.i15.i11.i3.i1"/></StgValue>
</bind>
</comp>

<comp id="78" class="1001" name="const_78">
<pin_list>
<pin id="79" dir="1" index="0" bw="1" slack="0"/>
</pin_list>
<bind>
<StgValue><ssdm name="_ssdm_op_PartSelect.i14.i15.i32.i32"/></StgValue>
</bind>
</comp>

<comp id="80" class="1001" name="const_80">
<pin_list>
<pin id="81" dir="1" index="0" bw="1" slack="2147483647"/>
</pin_list>
<bind>
<StgValue><ssdm name="_ssdm_op_Write.bram.i16"/></StgValue>
</bind>
</comp>

<comp id="82" class="1001" name="const_82">
<pin_list>
<pin id="83" dir="1" index="0" bw="1" slack="2147483647"/>
</pin_list>
<bind>
<StgValue><ssdm name=""/></StgValue>
</bind>
</comp>

<comp id="84" class="1001" name="const_84">
<pin_list>
<pin id="85" dir="1" index="0" bw="1" slack="2147483647"/>
</pin_list>
<bind>
<StgValue><ssdm name="_ssdm_op_SpecLoopName"/></StgValue>
</bind>
</comp>

<comp id="86" class="1001" name="const_86">
<pin_list>
<pin id="87" dir="1" index="0" bw="1" slack="2147483647"/>
</pin_list>
<bind>
<StgValue><ssdm name="VITIS_LOOP_97_1_VITIS_LOOP_98_2_VITIS_LOOP_99_3_str"/></StgValue>
</bind>
</comp>

<comp id="88" class="1001" name="const_88">
<pin_list>
<pin id="89" dir="1" index="0" bw="1" slack="2147483647"/>
</pin_list>
<bind>
<StgValue><ssdm name="_ssdm_op_SpecLoopTripCount"/></StgValue>
</bind>
</comp>

<comp id="90" class="1001" name="const_90">
<pin_list>
<pin id="91" dir="1" index="0" bw="1" slack="2147483647"/>
</pin_list>
<bind>
<StgValue><ssdm name=""/></StgValue>
</bind>
</comp>

<comp id="92" class="1001" name="const_92">
<pin_list>
<pin id="93" dir="1" index="0" bw="1" slack="2147483647"/>
</pin_list>
<bind>
<StgValue><ssdm name="VITIS_LOOP_98_2_VITIS_LOOP_99_3_str"/></StgValue>
</bind>
</comp>

<comp id="94" class="1001" name="const_94">
<pin_list>
<pin id="95" dir="1" index="0" bw="1" slack="2147483647"/>
</pin_list>
<bind>
<StgValue><ssdm name="empty_2"/></StgValue>
</bind>
</comp>

<comp id="96" class="1004" name="c_fu_96">
<pin_list>
<pin id="97" dir="0" index="0" bw="1" slack="0"/>
<pin id="98" dir="1" index="1" bw="4" slack="0"/>
</pin_list>
<bind>
<opcode="alloca(26) " fcode="alloca"/>
<opset="c/1 "/>
</bind>
</comp>

<comp id="100" class="1004" name="w_fu_100">
<pin_list>
<pin id="101" dir="0" index="0" bw="1" slack="0"/>
<pin id="102" dir="1" index="1" bw="4" slack="0"/>
</pin_list>
<bind>
<opcode="alloca(26) " fcode="alloca"/>
<opset="w/1 "/>
</bind>
</comp>

<comp id="104" class="1004" name="indvar_flatten181_fu_104">
<pin_list>
<pin id="105" dir="0" index="0" bw="1" slack="0"/>
<pin id="106" dir="1" index="1" bw="8" slack="0"/>
</pin_list>
<bind>
<opcode="alloca(26) " fcode="alloca"/>
<opset="indvar_flatten181/1 "/>
</bind>
</comp>

<comp id="108" class="1004" name="h_fu_108">
<pin_list>
<pin id="109" dir="0" index="0" bw="1" slack="0"/>
<pin id="110" dir="1" index="1" bw="4" slack="0"/>
</pin_list>
<bind>
<opcode="alloca(26) " fcode="alloca"/>
<opset="h/1 "/>
</bind>
</comp>

<comp id="112" class="1004" name="indvar_flatten209_fu_112">
<pin_list>
<pin id="113" dir="0" index="0" bw="1" slack="0"/>
<pin id="114" dir="1" index="1" bw="11" slack="0"/>
</pin_list>
<bind>
<opcode="alloca(26) " fcode="alloca"/>
<opset="indvar_flatten209/1 "/>
</bind>
</comp>

<comp id="116" class="1004" name="d_addr_gep_fu_116">
<pin_list>
<pin id="117" dir="0" index="0" bw="16" slack="0"/>
<pin id="118" dir="0" index="1" bw="1" slack="0"/>
<pin id="119" dir="0" index="2" bw="14" slack="0"/>
<pin id="120" dir="1" index="3" bw="14" slack="0"/>
</pin_list>
<bind>
<opcode="getelementptr(29) " fcode="getelementptr"/>
<opset="d_addr/1 "/>
</bind>
</comp>

<comp id="123" class="1004" name="grp_access_fu_123">
<pin_list>
<pin id="124" dir="0" index="0" bw="14" slack="0"/>
<pin id="125" dir="0" index="1" bw="16" slack="1"/>
<pin id="126" dir="0" index="2" bw="0" slack="2147483647"/>
<pin id="127" dir="1" index="3" bw="16" slack="1"/>
</pin_list>
<bind>
<opcode="load(27) store(28) " fcode="store"/>
<opset="d_load/1 store_ln102/2 store_ln103/3 store_ln104/4 store_ln105/5 "/>
</bind>
</comp>

<comp id="129" class="1004" name="d_addr_4_gep_fu_129">
<pin_list>
<pin id="130" dir="0" index="0" bw="16" slack="0"/>
<pin id="131" dir="0" index="1" bw="1" slack="0"/>
<pin id="132" dir="0" index="2" bw="14" slack="0"/>
<pin id="133" dir="1" index="3" bw="14" slack="2147483647"/>
</pin_list>
<bind>
<opcode="getelementptr(29) " fcode="getelementptr"/>
<opset="d_addr_4/2 "/>
</bind>
</comp>

<comp id="136" class="1004" name="d_addr_5_gep_fu_136">
<pin_list>
<pin id="137" dir="0" index="0" bw="16" slack="0"/>
<pin id="138" dir="0" index="1" bw="1" slack="0"/>
<pin id="139" dir="0" index="2" bw="14" slack="0"/>
<pin id="140" dir="1" index="3" bw="14" slack="2147483647"/>
</pin_list>
<bind>
<opcode="getelementptr(29) " fcode="getelementptr"/>
<opset="d_addr_5/3 "/>
</bind>
</comp>

<comp id="143" class="1004" name="d_addr_6_gep_fu_143">
<pin_list>
<pin id="144" dir="0" index="0" bw="16" slack="0"/>
<pin id="145" dir="0" index="1" bw="1" slack="0"/>
<pin id="146" dir="0" index="2" bw="14" slack="0"/>
<pin id="147" dir="1" index="3" bw="14" slack="2147483647"/>
</pin_list>
<bind>
<opcode="getelementptr(29) " fcode="getelementptr"/>
<opset="d_addr_6/4 "/>
</bind>
</comp>

<comp id="150" class="1004" name="d_addr_7_gep_fu_150">
<pin_list>
<pin id="151" dir="0" index="0" bw="16" slack="0"/>
<pin id="152" dir="0" index="1" bw="1" slack="0"/>
<pin id="153" dir="0" index="2" bw="14" slack="0"/>
<pin id="154" dir="1" index="3" bw="14" slack="2147483647"/>
</pin_list>
<bind>
<opcode="getelementptr(29) " fcode="getelementptr"/>
<opset="d_addr_7/5 "/>
</bind>
</comp>

<comp id="157" class="1004" name="store_ln0_store_fu_157">
<pin_list>
<pin id="158" dir="0" index="0" bw="1" slack="0"/>
<pin id="159" dir="0" index="1" bw="11" slack="0"/>
<pin id="160" dir="1" index="2" bw="0" slack="2147483647"/>
</pin_list>
<bind>
<opcode="store(28) " fcode="store"/>
<opset="store_ln0/1 "/>
</bind>
</comp>

<comp id="162" class="1004" name="store_ln0_store_fu_162">
<pin_list>
<pin id="163" dir="0" index="0" bw="1" slack="0"/>
<pin id="164" dir="0" index="1" bw="4" slack="0"/>
<pin id="165" dir="1" index="2" bw="0" slack="2147483647"/>
</pin_list>
<bind>
<opcode="store(28) " fcode="store"/>
<opset="store_ln0/1 "/>
</bind>
</comp>

<comp id="167" class="1004" name="store_ln0_store_fu_167">
<pin_list>
<pin id="168" dir="0" index="0" bw="1" slack="0"/>
<pin id="169" dir="0" index="1" bw="8" slack="0"/>
<pin id="170" dir="1" index="2" bw="0" slack="2147483647"/>
</pin_list>
<bind>
<opcode="store(28) " fcode="store"/>
<opset="store_ln0/1 "/>
</bind>
</comp>

<comp id="172" class="1004" name="store_ln0_store_fu_172">
<pin_list>
<pin id="173" dir="0" index="0" bw="1" slack="0"/>
<pin id="174" dir="0" index="1" bw="4" slack="0"/>
<pin id="175" dir="1" index="2" bw="0" slack="2147483647"/>
</pin_list>
<bind>
<opcode="store(28) " fcode="store"/>
<opset="store_ln0/1 "/>
</bind>
</comp>

<comp id="177" class="1004" name="store_ln0_store_fu_177">
<pin_list>
<pin id="178" dir="0" index="0" bw="1" slack="0"/>
<pin id="179" dir="0" index="1" bw="4" slack="0"/>
<pin id="180" dir="1" index="2" bw="0" slack="2147483647"/>
</pin_list>
<bind>
<opcode="store(28) " fcode="store"/>
<opset="store_ln0/1 "/>
</bind>
</comp>

<comp id="182" class="1004" name="w_1_load_fu_182">
<pin_list>
<pin id="183" dir="0" index="0" bw="4" slack="0"/>
<pin id="184" dir="1" index="1" bw="4" slack="0"/>
</pin_list>
<bind>
<opcode="load(27) " fcode="load"/>
<opset="w_1/1 "/>
</bind>
</comp>

<comp id="185" class="1004" name="h_1_load_fu_185">
<pin_list>
<pin id="186" dir="0" index="0" bw="4" slack="0"/>
<pin id="187" dir="1" index="1" bw="4" slack="0"/>
</pin_list>
<bind>
<opcode="load(27) " fcode="load"/>
<opset="h_1/1 "/>
</bind>
</comp>

<comp id="188" class="1004" name="indvar_flatten209_load_load_fu_188">
<pin_list>
<pin id="189" dir="0" index="0" bw="11" slack="0"/>
<pin id="190" dir="1" index="1" bw="11" slack="0"/>
</pin_list>
<bind>
<opcode="load(27) " fcode="load"/>
<opset="indvar_flatten209_load/1 "/>
</bind>
</comp>

<comp id="191" class="1004" name="shl_ln105_1_fu_191">
<pin_list>
<pin id="192" dir="0" index="0" bw="12" slack="0"/>
<pin id="193" dir="0" index="1" bw="4" slack="0"/>
<pin id="194" dir="0" index="2" bw="1" slack="0"/>
<pin id="195" dir="1" index="3" bw="12" slack="0"/>
</pin_list>
<bind>
<opcode="bitconcatenate(1004) " fcode="bitconcatenate"/>
<opset="shl_ln105_1/1 "/>
</bind>
</comp>

<comp id="199" class="1004" name="zext_ln105_1_fu_199">
<pin_list>
<pin id="200" dir="0" index="0" bw="12" slack="0"/>
<pin id="201" dir="1" index="1" bw="13" slack="0"/>
</pin_list>
<bind>
<opcode="zext(34) " fcode="zext"/>
<opset="zext_ln105_1/1 "/>
</bind>
</comp>

<comp id="203" class="1004" name="shl_ln105_2_fu_203">
<pin_list>
<pin id="204" dir="0" index="0" bw="9" slack="0"/>
<pin id="205" dir="0" index="1" bw="4" slack="0"/>
<pin id="206" dir="0" index="2" bw="1" slack="0"/>
<pin id="207" dir="1" index="3" bw="9" slack="0"/>
</pin_list>
<bind>
<opcode="bitconcatenate(1004) " fcode="bitconcatenate"/>
<opset="shl_ln105_2/1 "/>
</bind>
</comp>

<comp id="211" class="1004" name="zext_ln105_2_fu_211">
<pin_list>
<pin id="212" dir="0" index="0" bw="9" slack="0"/>
<pin id="213" dir="1" index="1" bw="13" slack="0"/>
</pin_list>
<bind>
<opcode="zext(34) " fcode="zext"/>
<opset="zext_ln105_2/1 "/>
</bind>
</comp>

<comp id="215" class="1004" name="sub_ln105_fu_215">
<pin_list>
<pin id="216" dir="0" index="0" bw="12" slack="0"/>
<pin id="217" dir="0" index="1" bw="9" slack="0"/>
<pin id="218" dir="1" index="2" bw="13" slack="0"/>
</pin_list>
<bind>
<opcode="sub(10) " fcode="sub"/>
<opset="sub_ln105/1 "/>
</bind>
</comp>

<comp id="221" class="1004" name="shl_ln1_fu_221">
<pin_list>
<pin id="222" dir="0" index="0" bw="14" slack="0"/>
<pin id="223" dir="0" index="1" bw="4" slack="0"/>
<pin id="224" dir="0" index="2" bw="1" slack="0"/>
<pin id="225" dir="1" index="3" bw="14" slack="0"/>
</pin_list>
<bind>
<opcode="bitconcatenate(1004) " fcode="bitconcatenate"/>
<opset="shl_ln1/1 "/>
</bind>
</comp>

<comp id="229" class="1004" name="zext_ln102_fu_229">
<pin_list>
<pin id="230" dir="0" index="0" bw="14" slack="0"/>
<pin id="231" dir="1" index="1" bw="15" slack="0"/>
</pin_list>
<bind>
<opcode="zext(34) " fcode="zext"/>
<opset="zext_ln102/1 "/>
</bind>
</comp>

<comp id="233" class="1004" name="shl_ln102_1_fu_233">
<pin_list>
<pin id="234" dir="0" index="0" bw="11" slack="0"/>
<pin id="235" dir="0" index="1" bw="4" slack="0"/>
<pin id="236" dir="0" index="2" bw="1" slack="0"/>
<pin id="237" dir="1" index="3" bw="11" slack="0"/>
</pin_list>
<bind>
<opcode="bitconcatenate(1004) " fcode="bitconcatenate"/>
<opset="shl_ln102_1/1 "/>
</bind>
</comp>

<comp id="241" class="1004" name="zext_ln102_1_fu_241">
<pin_list>
<pin id="242" dir="0" index="0" bw="11" slack="0"/>
<pin id="243" dir="1" index="1" bw="15" slack="0"/>
</pin_list>
<bind>
<opcode="zext(34) " fcode="zext"/>
<opset="zext_ln102_1/1 "/>
</bind>
</comp>

<comp id="245" class="1004" name="sub_ln102_fu_245">
<pin_list>
<pin id="246" dir="0" index="0" bw="14" slack="0"/>
<pin id="247" dir="0" index="1" bw="11" slack="0"/>
<pin id="248" dir="1" index="2" bw="15" slack="0"/>
</pin_list>
<bind>
<opcode="sub(10) " fcode="sub"/>
<opset="sub_ln102/1 "/>
</bind>
</comp>

<comp id="251" class="1004" name="tmp_14_fu_251">
<pin_list>
<pin id="252" dir="0" index="0" bw="9" slack="0"/>
<pin id="253" dir="0" index="1" bw="4" slack="0"/>
<pin id="254" dir="0" index="2" bw="1" slack="0"/>
<pin id="255" dir="1" index="3" bw="9" slack="0"/>
</pin_list>
<bind>
<opcode="bitconcatenate(1004) " fcode="bitconcatenate"/>
<opset="tmp_14/1 "/>
</bind>
</comp>

<comp id="259" class="1004" name="shl_ln105_3_fu_259">
<pin_list>
<pin id="260" dir="0" index="0" bw="8" slack="0"/>
<pin id="261" dir="0" index="1" bw="4" slack="0"/>
<pin id="262" dir="0" index="2" bw="1" slack="0"/>
<pin id="263" dir="1" index="3" bw="8" slack="0"/>
</pin_list>
<bind>
<opcode="bitconcatenate(1004) " fcode="bitconcatenate"/>
<opset="shl_ln105_3/1 "/>
</bind>
</comp>

<comp id="267" class="1004" name="or_ln103_fu_267">
<pin_list>
<pin id="268" dir="0" index="0" bw="9" slack="0"/>
<pin id="269" dir="0" index="1" bw="9" slack="0"/>
<pin id="270" dir="1" index="2" bw="9" slack="0"/>
</pin_list>
<bind>
<opcode="or(24) " fcode="or"/>
<opset="or_ln103/1 "/>
</bind>
</comp>

<comp id="273" class="1004" name="icmp_ln97_fu_273">
<pin_list>
<pin id="274" dir="0" index="0" bw="11" slack="0"/>
<pin id="275" dir="0" index="1" bw="11" slack="0"/>
<pin id="276" dir="1" index="2" bw="1" slack="2147483647"/>
</pin_list>
<bind>
<opcode="icmp(45) " fcode="icmp"/>
<opset="icmp_ln97/1 "/>
</bind>
</comp>

<comp id="279" class="1004" name="add_ln97_3_fu_279">
<pin_list>
<pin id="280" dir="0" index="0" bw="11" slack="0"/>
<pin id="281" dir="0" index="1" bw="1" slack="0"/>
<pin id="282" dir="1" index="2" bw="11" slack="0"/>
</pin_list>
<bind>
<opcode="add(8) " fcode="add"/>
<opset="add_ln97_3/1 "/>
</bind>
</comp>

<comp id="285" class="1004" name="c_load_load_fu_285">
<pin_list>
<pin id="286" dir="0" index="0" bw="4" slack="0"/>
<pin id="287" dir="1" index="1" bw="4" slack="0"/>
</pin_list>
<bind>
<opcode="load(27) " fcode="load"/>
<opset="c_load/1 "/>
</bind>
</comp>

<comp id="288" class="1004" name="indvar_flatten181_load_load_fu_288">
<pin_list>
<pin id="289" dir="0" index="0" bw="8" slack="0"/>
<pin id="290" dir="1" index="1" bw="8" slack="0"/>
</pin_list>
<bind>
<opcode="load(27) " fcode="load"/>
<opset="indvar_flatten181_load/1 "/>
</bind>
</comp>

<comp id="291" class="1004" name="add_ln97_fu_291">
<pin_list>
<pin id="292" dir="0" index="0" bw="4" slack="0"/>
<pin id="293" dir="0" index="1" bw="1" slack="0"/>
<pin id="294" dir="1" index="2" bw="4" slack="0"/>
</pin_list>
<bind>
<opcode="add(8) " fcode="add"/>
<opset="add_ln97/1 "/>
</bind>
</comp>

<comp id="297" class="1004" name="icmp_ln98_fu_297">
<pin_list>
<pin id="298" dir="0" index="0" bw="8" slack="0"/>
<pin id="299" dir="0" index="1" bw="8" slack="0"/>
<pin id="300" dir="1" index="2" bw="1" slack="0"/>
</pin_list>
<bind>
<opcode="icmp(45) " fcode="icmp"/>
<opset="icmp_ln98/1 "/>
</bind>
</comp>

<comp id="303" class="1004" name="select_ln97_fu_303">
<pin_list>
<pin id="304" dir="0" index="0" bw="1" slack="0"/>
<pin id="305" dir="0" index="1" bw="4" slack="0"/>
<pin id="306" dir="0" index="2" bw="4" slack="0"/>
<pin id="307" dir="1" index="3" bw="4" slack="0"/>
</pin_list>
<bind>
<opcode="select(49) " fcode="select"/>
<opset="select_ln97/1 "/>
</bind>
</comp>

<comp id="311" class="1004" name="shl_ln105_1_mid1_fu_311">
<pin_list>
<pin id="312" dir="0" index="0" bw="12" slack="0"/>
<pin id="313" dir="0" index="1" bw="4" slack="0"/>
<pin id="314" dir="0" index="2" bw="1" slack="0"/>
<pin id="315" dir="1" index="3" bw="12" slack="0"/>
</pin_list>
<bind>
<opcode="bitconcatenate(1004) " fcode="bitconcatenate"/>
<opset="shl_ln105_1_mid1/1 "/>
</bind>
</comp>

<comp id="319" class="1004" name="zext_ln105_3_fu_319">
<pin_list>
<pin id="320" dir="0" index="0" bw="12" slack="0"/>
<pin id="321" dir="1" index="1" bw="13" slack="0"/>
</pin_list>
<bind>
<opcode="zext(34) " fcode="zext"/>
<opset="zext_ln105_3/1 "/>
</bind>
</comp>

<comp id="323" class="1004" name="shl_ln105_2_mid1_fu_323">
<pin_list>
<pin id="324" dir="0" index="0" bw="9" slack="0"/>
<pin id="325" dir="0" index="1" bw="4" slack="0"/>
<pin id="326" dir="0" index="2" bw="1" slack="0"/>
<pin id="327" dir="1" index="3" bw="9" slack="0"/>
</pin_list>
<bind>
<opcode="bitconcatenate(1004) " fcode="bitconcatenate"/>
<opset="shl_ln105_2_mid1/1 "/>
</bind>
</comp>

<comp id="331" class="1004" name="zext_ln105_4_fu_331">
<pin_list>
<pin id="332" dir="0" index="0" bw="9" slack="0"/>
<pin id="333" dir="1" index="1" bw="13" slack="0"/>
</pin_list>
<bind>
<opcode="zext(34) " fcode="zext"/>
<opset="zext_ln105_4/1 "/>
</bind>
</comp>

<comp id="335" class="1004" name="sub_ln105_1_fu_335">
<pin_list>
<pin id="336" dir="0" index="0" bw="12" slack="0"/>
<pin id="337" dir="0" index="1" bw="9" slack="0"/>
<pin id="338" dir="1" index="2" bw="13" slack="0"/>
</pin_list>
<bind>
<opcode="sub(10) " fcode="sub"/>
<opset="sub_ln105_1/1 "/>
</bind>
</comp>

<comp id="341" class="1004" name="shl_ln102_mid1_fu_341">
<pin_list>
<pin id="342" dir="0" index="0" bw="14" slack="0"/>
<pin id="343" dir="0" index="1" bw="4" slack="0"/>
<pin id="344" dir="0" index="2" bw="1" slack="0"/>
<pin id="345" dir="1" index="3" bw="14" slack="0"/>
</pin_list>
<bind>
<opcode="bitconcatenate(1004) " fcode="bitconcatenate"/>
<opset="shl_ln102_mid1/1 "/>
</bind>
</comp>

<comp id="349" class="1004" name="zext_ln102_3_fu_349">
<pin_list>
<pin id="350" dir="0" index="0" bw="14" slack="0"/>
<pin id="351" dir="1" index="1" bw="15" slack="0"/>
</pin_list>
<bind>
<opcode="zext(34) " fcode="zext"/>
<opset="zext_ln102_3/1 "/>
</bind>
</comp>

<comp id="353" class="1004" name="shl_ln102_1_mid1_fu_353">
<pin_list>
<pin id="354" dir="0" index="0" bw="11" slack="0"/>
<pin id="355" dir="0" index="1" bw="4" slack="0"/>
<pin id="356" dir="0" index="2" bw="1" slack="0"/>
<pin id="357" dir="1" index="3" bw="11" slack="0"/>
</pin_list>
<bind>
<opcode="bitconcatenate(1004) " fcode="bitconcatenate"/>
<opset="shl_ln102_1_mid1/1 "/>
</bind>
</comp>

<comp id="361" class="1004" name="zext_ln102_4_fu_361">
<pin_list>
<pin id="362" dir="0" index="0" bw="11" slack="0"/>
<pin id="363" dir="1" index="1" bw="15" slack="0"/>
</pin_list>
<bind>
<opcode="zext(34) " fcode="zext"/>
<opset="zext_ln102_4/1 "/>
</bind>
</comp>

<comp id="365" class="1004" name="sub_ln102_1_fu_365">
<pin_list>
<pin id="366" dir="0" index="0" bw="14" slack="0"/>
<pin id="367" dir="0" index="1" bw="11" slack="0"/>
<pin id="368" dir="1" index="2" bw="15" slack="0"/>
</pin_list>
<bind>
<opcode="sub(10) " fcode="sub"/>
<opset="sub_ln102_1/1 "/>
</bind>
</comp>

<comp id="371" class="1004" name="select_ln97_1_fu_371">
<pin_list>
<pin id="372" dir="0" index="0" bw="1" slack="0"/>
<pin id="373" dir="0" index="1" bw="15" slack="0"/>
<pin id="374" dir="0" index="2" bw="15" slack="0"/>
<pin id="375" dir="1" index="3" bw="15" slack="1"/>
</pin_list>
<bind>
<opcode="select(49) " fcode="select"/>
<opset="select_ln97_1/1 "/>
</bind>
</comp>

<comp id="379" class="1004" name="select_ln97_2_fu_379">
<pin_list>
<pin id="380" dir="0" index="0" bw="1" slack="0"/>
<pin id="381" dir="0" index="1" bw="9" slack="0"/>
<pin id="382" dir="0" index="2" bw="9" slack="0"/>
<pin id="383" dir="1" index="3" bw="9" slack="0"/>
</pin_list>
<bind>
<opcode="select(49) " fcode="select"/>
<opset="select_ln97_2/1 "/>
</bind>
</comp>

<comp id="387" class="1004" name="select_ln97_3_fu_387">
<pin_list>
<pin id="388" dir="0" index="0" bw="1" slack="0"/>
<pin id="389" dir="0" index="1" bw="8" slack="0"/>
<pin id="390" dir="0" index="2" bw="8" slack="0"/>
<pin id="391" dir="1" index="3" bw="8" slack="0"/>
</pin_list>
<bind>
<opcode="select(49) " fcode="select"/>
<opset="select_ln97_3/1 "/>
</bind>
</comp>

<comp id="395" class="1004" name="select_ln97_4_fu_395">
<pin_list>
<pin id="396" dir="0" index="0" bw="1" slack="0"/>
<pin id="397" dir="0" index="1" bw="9" slack="0"/>
<pin id="398" dir="0" index="2" bw="9" slack="0"/>
<pin id="399" dir="1" index="3" bw="9" slack="0"/>
</pin_list>
<bind>
<opcode="select(49) " fcode="select"/>
<opset="select_ln97_4/1 "/>
</bind>
</comp>

<comp id="403" class="1004" name="xor_ln97_fu_403">
<pin_list>
<pin id="404" dir="0" index="0" bw="1" slack="0"/>
<pin id="405" dir="0" index="1" bw="1" slack="0"/>
<pin id="406" dir="1" index="2" bw="1" slack="0"/>
</pin_list>
<bind>
<opcode="xor(25) " fcode="xor"/>
<opset="xor_ln97/1 "/>
</bind>
</comp>

<comp id="409" class="1004" name="icmp_ln99_fu_409">
<pin_list>
<pin id="410" dir="0" index="0" bw="4" slack="0"/>
<pin id="411" dir="0" index="1" bw="4" slack="0"/>
<pin id="412" dir="1" index="2" bw="1" slack="0"/>
</pin_list>
<bind>
<opcode="icmp(45) " fcode="icmp"/>
<opset="icmp_ln99/1 "/>
</bind>
</comp>

<comp id="415" class="1004" name="and_ln97_fu_415">
<pin_list>
<pin id="416" dir="0" index="0" bw="1" slack="0"/>
<pin id="417" dir="0" index="1" bw="1" slack="0"/>
<pin id="418" dir="1" index="2" bw="1" slack="0"/>
</pin_list>
<bind>
<opcode="and(23) " fcode="and"/>
<opset="and_ln97/1 "/>
</bind>
</comp>

<comp id="421" class="1004" name="select_ln97_5_fu_421">
<pin_list>
<pin id="422" dir="0" index="0" bw="1" slack="0"/>
<pin id="423" dir="0" index="1" bw="4" slack="0"/>
<pin id="424" dir="0" index="2" bw="4" slack="0"/>
<pin id="425" dir="1" index="3" bw="4" slack="0"/>
</pin_list>
<bind>
<opcode="select(49) " fcode="select"/>
<opset="select_ln97_5/1 "/>
</bind>
</comp>

<comp id="429" class="1004" name="add_ln98_fu_429">
<pin_list>
<pin id="430" dir="0" index="0" bw="4" slack="0"/>
<pin id="431" dir="0" index="1" bw="1" slack="0"/>
<pin id="432" dir="1" index="2" bw="4" slack="0"/>
</pin_list>
<bind>
<opcode="add(8) " fcode="add"/>
<opset="add_ln98/1 "/>
</bind>
</comp>

<comp id="435" class="1004" name="or_ln98_fu_435">
<pin_list>
<pin id="436" dir="0" index="0" bw="1" slack="0"/>
<pin id="437" dir="0" index="1" bw="1" slack="0"/>
<pin id="438" dir="1" index="2" bw="1" slack="0"/>
</pin_list>
<bind>
<opcode="or(24) " fcode="or"/>
<opset="or_ln98/1 "/>
</bind>
</comp>

<comp id="441" class="1004" name="select_ln98_fu_441">
<pin_list>
<pin id="442" dir="0" index="0" bw="1" slack="0"/>
<pin id="443" dir="0" index="1" bw="4" slack="0"/>
<pin id="444" dir="0" index="2" bw="4" slack="0"/>
<pin id="445" dir="1" index="3" bw="4" slack="0"/>
</pin_list>
<bind>
<opcode="select(49) " fcode="select"/>
<opset="select_ln98/1 "/>
</bind>
</comp>

<comp id="449" class="1004" name="p_mid_fu_449">
<pin_list>
<pin id="450" dir="0" index="0" bw="9" slack="0"/>
<pin id="451" dir="0" index="1" bw="4" slack="0"/>
<pin id="452" dir="0" index="2" bw="1" slack="0"/>
<pin id="453" dir="1" index="3" bw="9" slack="0"/>
</pin_list>
<bind>
<opcode="bitconcatenate(1004) " fcode="bitconcatenate"/>
<opset="p_mid/1 "/>
</bind>
</comp>

<comp id="457" class="1004" name="select_ln98_1_fu_457">
<pin_list>
<pin id="458" dir="0" index="0" bw="1" slack="0"/>
<pin id="459" dir="0" index="1" bw="9" slack="0"/>
<pin id="460" dir="0" index="2" bw="9" slack="0"/>
<pin id="461" dir="1" index="3" bw="9" slack="1"/>
</pin_list>
<bind>
<opcode="select(49) " fcode="select"/>
<opset="select_ln98_1/1 "/>
</bind>
</comp>

<comp id="465" class="1004" name="shl_ln105_3_mid1_fu_465">
<pin_list>
<pin id="466" dir="0" index="0" bw="8" slack="0"/>
<pin id="467" dir="0" index="1" bw="4" slack="0"/>
<pin id="468" dir="0" index="2" bw="1" slack="0"/>
<pin id="469" dir="1" index="3" bw="8" slack="0"/>
</pin_list>
<bind>
<opcode="bitconcatenate(1004) " fcode="bitconcatenate"/>
<opset="shl_ln105_3_mid1/1 "/>
</bind>
</comp>

<comp id="473" class="1004" name="select_ln98_2_fu_473">
<pin_list>
<pin id="474" dir="0" index="0" bw="1" slack="0"/>
<pin id="475" dir="0" index="1" bw="8" slack="0"/>
<pin id="476" dir="0" index="2" bw="8" slack="0"/>
<pin id="477" dir="1" index="3" bw="8" slack="0"/>
</pin_list>
<bind>
<opcode="select(49) " fcode="select"/>
<opset="select_ln98_2/1 "/>
</bind>
</comp>

<comp id="481" class="1004" name="zext_ln103_1_fu_481">
<pin_list>
<pin id="482" dir="0" index="0" bw="8" slack="0"/>
<pin id="483" dir="1" index="1" bw="13" slack="0"/>
</pin_list>
<bind>
<opcode="zext(34) " fcode="zext"/>
<opset="zext_ln103_1/1 "/>
</bind>
</comp>

<comp id="485" class="1004" name="or_ln103_1_fu_485">
<pin_list>
<pin id="486" dir="0" index="0" bw="9" slack="0"/>
<pin id="487" dir="0" index="1" bw="9" slack="0"/>
<pin id="488" dir="1" index="2" bw="9" slack="0"/>
</pin_list>
<bind>
<opcode="or(24) " fcode="or"/>
<opset="or_ln103_1/1 "/>
</bind>
</comp>

<comp id="491" class="1004" name="select_ln98_3_fu_491">
<pin_list>
<pin id="492" dir="0" index="0" bw="1" slack="0"/>
<pin id="493" dir="0" index="1" bw="9" slack="0"/>
<pin id="494" dir="0" index="2" bw="9" slack="0"/>
<pin id="495" dir="1" index="3" bw="9" slack="1"/>
</pin_list>
<bind>
<opcode="select(49) " fcode="select"/>
<opset="select_ln98_3/1 "/>
</bind>
</comp>

<comp id="499" class="1004" name="select_ln98_4_fu_499">
<pin_list>
<pin id="500" dir="0" index="0" bw="1" slack="0"/>
<pin id="501" dir="0" index="1" bw="4" slack="0"/>
<pin id="502" dir="0" index="2" bw="4" slack="0"/>
<pin id="503" dir="1" index="3" bw="4" slack="0"/>
</pin_list>
<bind>
<opcode="select(49) " fcode="select"/>
<opset="select_ln98_4/1 "/>
</bind>
</comp>

<comp id="507" class="1004" name="trunc_ln105_fu_507">
<pin_list>
<pin id="508" dir="0" index="0" bw="4" slack="0"/>
<pin id="509" dir="1" index="1" bw="3" slack="0"/>
</pin_list>
<bind>
<opcode="trunc(33) " fcode="trunc"/>
<opset="trunc_ln105/1 "/>
</bind>
</comp>

<comp id="511" class="1004" name="tmp_15_fu_511">
<pin_list>
<pin id="512" dir="0" index="0" bw="9" slack="0"/>
<pin id="513" dir="0" index="1" bw="13" slack="0"/>
<pin id="514" dir="0" index="2" bw="4" slack="0"/>
<pin id="515" dir="0" index="3" bw="5" slack="0"/>
<pin id="516" dir="1" index="4" bw="9" slack="0"/>
</pin_list>
<bind>
<opcode="partselect(1002) " fcode="partselect"/>
<opset="tmp_15/1 "/>
</bind>
</comp>

<comp id="521" class="1004" name="tmp_16_fu_521">
<pin_list>
<pin id="522" dir="0" index="0" bw="9" slack="0"/>
<pin id="523" dir="0" index="1" bw="13" slack="0"/>
<pin id="524" dir="0" index="2" bw="4" slack="0"/>
<pin id="525" dir="0" index="3" bw="5" slack="0"/>
<pin id="526" dir="1" index="4" bw="9" slack="0"/>
</pin_list>
<bind>
<opcode="partselect(1002) " fcode="partselect"/>
<opset="tmp_16/1 "/>
</bind>
</comp>

<comp id="531" class="1004" name="select_ln97_6_fu_531">
<pin_list>
<pin id="532" dir="0" index="0" bw="1" slack="0"/>
<pin id="533" dir="0" index="1" bw="9" slack="0"/>
<pin id="534" dir="0" index="2" bw="9" slack="0"/>
<pin id="535" dir="1" index="3" bw="9" slack="0"/>
</pin_list>
<bind>
<opcode="select(49) " fcode="select"/>
<opset="select_ln97_6/1 "/>
</bind>
</comp>

<comp id="539" class="1004" name="tmp_fu_539">
<pin_list>
<pin id="540" dir="0" index="0" bw="13" slack="0"/>
<pin id="541" dir="0" index="1" bw="9" slack="0"/>
<pin id="542" dir="0" index="2" bw="3" slack="0"/>
<pin id="543" dir="0" index="3" bw="1" slack="0"/>
<pin id="544" dir="1" index="4" bw="13" slack="0"/>
</pin_list>
<bind>
<opcode="bitconcatenate(1004) " fcode="bitconcatenate"/>
<opset="tmp/1 "/>
</bind>
</comp>

<comp id="549" class="1004" name="add_ln105_fu_549">
<pin_list>
<pin id="550" dir="0" index="0" bw="13" slack="0"/>
<pin id="551" dir="0" index="1" bw="8" slack="0"/>
<pin id="552" dir="1" index="2" bw="13" slack="0"/>
</pin_list>
<bind>
<opcode="add(8) " fcode="add"/>
<opset="add_ln105/1 "/>
</bind>
</comp>

<comp id="555" class="1004" name="trunc_ln6_fu_555">
<pin_list>
<pin id="556" dir="0" index="0" bw="12" slack="0"/>
<pin id="557" dir="0" index="1" bw="13" slack="0"/>
<pin id="558" dir="0" index="2" bw="1" slack="0"/>
<pin id="559" dir="0" index="3" bw="5" slack="0"/>
<pin id="560" dir="1" index="4" bw="12" slack="0"/>
</pin_list>
<bind>
<opcode="partselect(1002) " fcode="partselect"/>
<opset="trunc_ln6/1 "/>
</bind>
</comp>

<comp id="565" class="1004" name="sext_ln105_fu_565">
<pin_list>
<pin id="566" dir="0" index="0" bw="12" slack="0"/>
<pin id="567" dir="1" index="1" bw="14" slack="0"/>
</pin_list>
<bind>
<opcode="sext(35) " fcode="sext"/>
<opset="sext_ln105/1 "/>
</bind>
</comp>

<comp id="569" class="1004" name="zext_ln105_6_fu_569">
<pin_list>
<pin id="570" dir="0" index="0" bw="12" slack="0"/>
<pin id="571" dir="1" index="1" bw="64" slack="0"/>
</pin_list>
<bind>
<opcode="zext(34) " fcode="zext"/>
<opset="zext_ln105_6/1 "/>
</bind>
</comp>

<comp id="574" class="1004" name="add_ln99_fu_574">
<pin_list>
<pin id="575" dir="0" index="0" bw="4" slack="0"/>
<pin id="576" dir="0" index="1" bw="1" slack="0"/>
<pin id="577" dir="1" index="2" bw="4" slack="0"/>
</pin_list>
<bind>
<opcode="add(8) " fcode="add"/>
<opset="add_ln99/1 "/>
</bind>
</comp>

<comp id="580" class="1004" name="add_ln98_1_fu_580">
<pin_list>
<pin id="581" dir="0" index="0" bw="8" slack="0"/>
<pin id="582" dir="0" index="1" bw="1" slack="0"/>
<pin id="583" dir="1" index="2" bw="8" slack="0"/>
</pin_list>
<bind>
<opcode="add(8) " fcode="add"/>
<opset="add_ln98_1/1 "/>
</bind>
</comp>

<comp id="586" class="1004" name="select_ln98_5_fu_586">
<pin_list>
<pin id="587" dir="0" index="0" bw="1" slack="0"/>
<pin id="588" dir="0" index="1" bw="8" slack="0"/>
<pin id="589" dir="0" index="2" bw="8" slack="0"/>
<pin id="590" dir="1" index="3" bw="8" slack="0"/>
</pin_list>
<bind>
<opcode="select(49) " fcode="select"/>
<opset="select_ln98_5/1 "/>
</bind>
</comp>

<comp id="594" class="1004" name="store_ln99_store_fu_594">
<pin_list>
<pin id="595" dir="0" index="0" bw="11" slack="0"/>
<pin id="596" dir="0" index="1" bw="11" slack="0"/>
<pin id="597" dir="1" index="2" bw="0" slack="2147483647"/>
</pin_list>
<bind>
<opcode="store(28) " fcode="store"/>
<opset="store_ln99/1 "/>
</bind>
</comp>

<comp id="599" class="1004" name="store_ln99_store_fu_599">
<pin_list>
<pin id="600" dir="0" index="0" bw="4" slack="0"/>
<pin id="601" dir="0" index="1" bw="4" slack="0"/>
<pin id="602" dir="1" index="2" bw="0" slack="2147483647"/>
</pin_list>
<bind>
<opcode="store(28) " fcode="store"/>
<opset="store_ln99/1 "/>
</bind>
</comp>

<comp id="604" class="1004" name="store_ln99_store_fu_604">
<pin_list>
<pin id="605" dir="0" index="0" bw="8" slack="0"/>
<pin id="606" dir="0" index="1" bw="8" slack="0"/>
<pin id="607" dir="1" index="2" bw="0" slack="2147483647"/>
</pin_list>
<bind>
<opcode="store(28) " fcode="store"/>
<opset="store_ln99/1 "/>
</bind>
</comp>

<comp id="609" class="1004" name="store_ln99_store_fu_609">
<pin_list>
<pin id="610" dir="0" index="0" bw="4" slack="0"/>
<pin id="611" dir="0" index="1" bw="4" slack="0"/>
<pin id="612" dir="1" index="2" bw="0" slack="2147483647"/>
</pin_list>
<bind>
<opcode="store(28) " fcode="store"/>
<opset="store_ln99/1 "/>
</bind>
</comp>

<comp id="614" class="1004" name="store_ln99_store_fu_614">
<pin_list>
<pin id="615" dir="0" index="0" bw="4" slack="0"/>
<pin id="616" dir="0" index="1" bw="4" slack="0"/>
<pin id="617" dir="1" index="2" bw="0" slack="2147483647"/>
</pin_list>
<bind>
<opcode="store(28) " fcode="store"/>
<opset="store_ln99/1 "/>
</bind>
</comp>

<comp id="619" class="1004" name="add_ln97_1_fu_619">
<pin_list>
<pin id="620" dir="0" index="0" bw="15" slack="1"/>
<pin id="621" dir="0" index="1" bw="15" slack="0"/>
<pin id="622" dir="1" index="2" bw="15" slack="0"/>
</pin_list>
<bind>
<opcode="add(8) " fcode="add"/>
<opset="add_ln97_1/2 "/>
</bind>
</comp>

<comp id="624" class="1004" name="add_ln97_2_fu_624">
<pin_list>
<pin id="625" dir="0" index="0" bw="15" slack="1"/>
<pin id="626" dir="0" index="1" bw="15" slack="0"/>
<pin id="627" dir="1" index="2" bw="15" slack="0"/>
</pin_list>
<bind>
<opcode="add(8) " fcode="add"/>
<opset="add_ln97_2/2 "/>
</bind>
</comp>

<comp id="629" class="1004" name="zext_ln105_5_fu_629">
<pin_list>
<pin id="630" dir="0" index="0" bw="9" slack="1"/>
<pin id="631" dir="1" index="1" bw="15" slack="0"/>
</pin_list>
<bind>
<opcode="zext(34) " fcode="zext"/>
<opset="zext_ln105_5/2 "/>
</bind>
</comp>

<comp id="632" class="1004" name="select_ln98_3_cast_fu_632">
<pin_list>
<pin id="633" dir="0" index="0" bw="9" slack="1"/>
<pin id="634" dir="1" index="1" bw="15" slack="0"/>
</pin_list>
<bind>
<opcode="zext(34) " fcode="zext"/>
<opset="select_ln98_3_cast/2 "/>
</bind>
</comp>

<comp id="635" class="1004" name="tmp_s_fu_635">
<pin_list>
<pin id="636" dir="0" index="0" bw="11" slack="0"/>
<pin id="637" dir="0" index="1" bw="15" slack="0"/>
<pin id="638" dir="0" index="2" bw="4" slack="0"/>
<pin id="639" dir="0" index="3" bw="5" slack="0"/>
<pin id="640" dir="1" index="4" bw="11" slack="0"/>
</pin_list>
<bind>
<opcode="partselect(1002) " fcode="partselect"/>
<opset="tmp_s/2 "/>
</bind>
</comp>

<comp id="645" class="1004" name="tmp1_fu_645">
<pin_list>
<pin id="646" dir="0" index="0" bw="15" slack="0"/>
<pin id="647" dir="0" index="1" bw="11" slack="0"/>
<pin id="648" dir="0" index="2" bw="3" slack="1"/>
<pin id="649" dir="0" index="3" bw="1" slack="0"/>
<pin id="650" dir="1" index="4" bw="15" slack="0"/>
</pin_list>
<bind>
<opcode="bitconcatenate(1004) " fcode="bitconcatenate"/>
<opset="tmp1/2 "/>
</bind>
</comp>

<comp id="654" class="1004" name="add_ln102_fu_654">
<pin_list>
<pin id="655" dir="0" index="0" bw="15" slack="0"/>
<pin id="656" dir="0" index="1" bw="9" slack="0"/>
<pin id="657" dir="1" index="2" bw="15" slack="0"/>
</pin_list>
<bind>
<opcode="add(8) " fcode="add"/>
<opset="add_ln102/2 "/>
</bind>
</comp>

<comp id="660" class="1004" name="lshr_ln1_fu_660">
<pin_list>
<pin id="661" dir="0" index="0" bw="14" slack="0"/>
<pin id="662" dir="0" index="1" bw="15" slack="0"/>
<pin id="663" dir="0" index="2" bw="1" slack="0"/>
<pin id="664" dir="0" index="3" bw="5" slack="0"/>
<pin id="665" dir="1" index="4" bw="14" slack="0"/>
</pin_list>
<bind>
<opcode="partselect(1002) " fcode="partselect"/>
<opset="lshr_ln1/2 "/>
</bind>
</comp>

<comp id="670" class="1004" name="zext_ln102_2_fu_670">
<pin_list>
<pin id="671" dir="0" index="0" bw="14" slack="0"/>
<pin id="672" dir="1" index="1" bw="64" slack="0"/>
</pin_list>
<bind>
<opcode="zext(34) " fcode="zext"/>
<opset="zext_ln102_2/2 "/>
</bind>
</comp>

<comp id="675" class="1004" name="add_ln103_fu_675">
<pin_list>
<pin id="676" dir="0" index="0" bw="15" slack="0"/>
<pin id="677" dir="0" index="1" bw="9" slack="0"/>
<pin id="678" dir="1" index="2" bw="15" slack="0"/>
</pin_list>
<bind>
<opcode="add(8) " fcode="add"/>
<opset="add_ln103/2 "/>
</bind>
</comp>

<comp id="681" class="1004" name="lshr_ln2_fu_681">
<pin_list>
<pin id="682" dir="0" index="0" bw="14" slack="0"/>
<pin id="683" dir="0" index="1" bw="15" slack="0"/>
<pin id="684" dir="0" index="2" bw="1" slack="0"/>
<pin id="685" dir="0" index="3" bw="5" slack="0"/>
<pin id="686" dir="1" index="4" bw="14" slack="1"/>
</pin_list>
<bind>
<opcode="partselect(1002) " fcode="partselect"/>
<opset="lshr_ln2/2 "/>
</bind>
</comp>

<comp id="691" class="1004" name="tmp_17_fu_691">
<pin_list>
<pin id="692" dir="0" index="0" bw="11" slack="0"/>
<pin id="693" dir="0" index="1" bw="15" slack="0"/>
<pin id="694" dir="0" index="2" bw="4" slack="0"/>
<pin id="695" dir="0" index="3" bw="5" slack="0"/>
<pin id="696" dir="1" index="4" bw="11" slack="0"/>
</pin_list>
<bind>
<opcode="partselect(1002) " fcode="partselect"/>
<opset="tmp_17/2 "/>
</bind>
</comp>

<comp id="701" class="1004" name="tmp2_fu_701">
<pin_list>
<pin id="702" dir="0" index="0" bw="15" slack="0"/>
<pin id="703" dir="0" index="1" bw="11" slack="0"/>
<pin id="704" dir="0" index="2" bw="3" slack="1"/>
<pin id="705" dir="0" index="3" bw="1" slack="0"/>
<pin id="706" dir="1" index="4" bw="15" slack="0"/>
</pin_list>
<bind>
<opcode="bitconcatenate(1004) " fcode="bitconcatenate"/>
<opset="tmp2/2 "/>
</bind>
</comp>

<comp id="710" class="1004" name="add_ln104_fu_710">
<pin_list>
<pin id="711" dir="0" index="0" bw="15" slack="0"/>
<pin id="712" dir="0" index="1" bw="9" slack="0"/>
<pin id="713" dir="1" index="2" bw="15" slack="0"/>
</pin_list>
<bind>
<opcode="add(8) " fcode="add"/>
<opset="add_ln104/2 "/>
</bind>
</comp>

<comp id="716" class="1004" name="lshr_ln3_fu_716">
<pin_list>
<pin id="717" dir="0" index="0" bw="14" slack="0"/>
<pin id="718" dir="0" index="1" bw="15" slack="0"/>
<pin id="719" dir="0" index="2" bw="1" slack="0"/>
<pin id="720" dir="0" index="3" bw="5" slack="0"/>
<pin id="721" dir="1" index="4" bw="14" slack="2"/>
</pin_list>
<bind>
<opcode="partselect(1002) " fcode="partselect"/>
<opset="lshr_ln3/2 "/>
</bind>
</comp>

<comp id="726" class="1004" name="add_ln105_1_fu_726">
<pin_list>
<pin id="727" dir="0" index="0" bw="15" slack="0"/>
<pin id="728" dir="0" index="1" bw="9" slack="0"/>
<pin id="729" dir="1" index="2" bw="15" slack="0"/>
</pin_list>
<bind>
<opcode="add(8) " fcode="add"/>
<opset="add_ln105_1/2 "/>
</bind>
</comp>

<comp id="732" class="1004" name="lshr_ln105_1_fu_732">
<pin_list>
<pin id="733" dir="0" index="0" bw="14" slack="0"/>
<pin id="734" dir="0" index="1" bw="15" slack="0"/>
<pin id="735" dir="0" index="2" bw="1" slack="0"/>
<pin id="736" dir="0" index="3" bw="5" slack="0"/>
<pin id="737" dir="1" index="4" bw="14" slack="3"/>
</pin_list>
<bind>
<opcode="partselect(1002) " fcode="partselect"/>
<opset="lshr_ln105_1/2 "/>
</bind>
</comp>

<comp id="742" class="1004" name="zext_ln103_fu_742">
<pin_list>
<pin id="743" dir="0" index="0" bw="14" slack="1"/>
<pin id="744" dir="1" index="1" bw="64" slack="0"/>
</pin_list>
<bind>
<opcode="zext(34) " fcode="zext"/>
<opset="zext_ln103/3 "/>
</bind>
</comp>

<comp id="746" class="1004" name="zext_ln104_fu_746">
<pin_list>
<pin id="747" dir="0" index="0" bw="14" slack="2"/>
<pin id="748" dir="1" index="1" bw="64" slack="0"/>
</pin_list>
<bind>
<opcode="zext(34) " fcode="zext"/>
<opset="zext_ln104/4 "/>
</bind>
</comp>

<comp id="750" class="1004" name="zext_ln105_fu_750">
<pin_list>
<pin id="751" dir="0" index="0" bw="14" slack="3"/>
<pin id="752" dir="1" index="1" bw="64" slack="0"/>
</pin_list>
<bind>
<opcode="zext(34) " fcode="zext"/>
<opset="zext_ln105/5 "/>
</bind>
</comp>

<comp id="754" class="1005" name="c_reg_754">
<pin_list>
<pin id="755" dir="0" index="0" bw="4" slack="0"/>
<pin id="756" dir="1" index="1" bw="4" slack="0"/>
</pin_list>
<bind>
<opset="c "/>
</bind>
</comp>

<comp id="761" class="1005" name="w_reg_761">
<pin_list>
<pin id="762" dir="0" index="0" bw="4" slack="0"/>
<pin id="763" dir="1" index="1" bw="4" slack="0"/>
</pin_list>
<bind>
<opset="w "/>
</bind>
</comp>

<comp id="768" class="1005" name="indvar_flatten181_reg_768">
<pin_list>
<pin id="769" dir="0" index="0" bw="8" slack="0"/>
<pin id="770" dir="1" index="1" bw="8" slack="0"/>
</pin_list>
<bind>
<opset="indvar_flatten181 "/>
</bind>
</comp>

<comp id="775" class="1005" name="h_reg_775">
<pin_list>
<pin id="776" dir="0" index="0" bw="4" slack="0"/>
<pin id="777" dir="1" index="1" bw="4" slack="0"/>
</pin_list>
<bind>
<opset="h "/>
</bind>
</comp>

<comp id="782" class="1005" name="indvar_flatten209_reg_782">
<pin_list>
<pin id="783" dir="0" index="0" bw="11" slack="0"/>
<pin id="784" dir="1" index="1" bw="11" slack="0"/>
</pin_list>
<bind>
<opset="indvar_flatten209 "/>
</bind>
</comp>

<comp id="792" class="1005" name="select_ln97_1_reg_792">
<pin_list>
<pin id="793" dir="0" index="0" bw="15" slack="1"/>
<pin id="794" dir="1" index="1" bw="15" slack="1"/>
</pin_list>
<bind>
<opset="select_ln97_1 "/>
</bind>
</comp>

<comp id="798" class="1005" name="select_ln98_1_reg_798">
<pin_list>
<pin id="799" dir="0" index="0" bw="9" slack="1"/>
<pin id="800" dir="1" index="1" bw="9" slack="1"/>
</pin_list>
<bind>
<opset="select_ln98_1 "/>
</bind>
</comp>

<comp id="803" class="1005" name="select_ln98_3_reg_803">
<pin_list>
<pin id="804" dir="0" index="0" bw="9" slack="1"/>
<pin id="805" dir="1" index="1" bw="9" slack="1"/>
</pin_list>
<bind>
<opset="select_ln98_3 "/>
</bind>
</comp>

<comp id="808" class="1005" name="trunc_ln105_reg_808">
<pin_list>
<pin id="809" dir="0" index="0" bw="3" slack="1"/>
<pin id="810" dir="1" index="1" bw="3" slack="1"/>
</pin_list>
<bind>
<opset="trunc_ln105 "/>
</bind>
</comp>

<comp id="814" class="1005" name="d_addr_reg_814">
<pin_list>
<pin id="815" dir="0" index="0" bw="14" slack="1"/>
<pin id="816" dir="1" index="1" bw="14" slack="1"/>
</pin_list>
<bind>
<opset="d_addr "/>
</bind>
</comp>

<comp id="819" class="1005" name="d_load_reg_819">
<pin_list>
<pin id="820" dir="0" index="0" bw="16" slack="1"/>
<pin id="821" dir="1" index="1" bw="16" slack="1"/>
</pin_list>
<bind>
<opset="d_load "/>
</bind>
</comp>

<comp id="824" class="1005" name="lshr_ln2_reg_824">
<pin_list>
<pin id="825" dir="0" index="0" bw="14" slack="1"/>
<pin id="826" dir="1" index="1" bw="14" slack="1"/>
</pin_list>
<bind>
<opset="lshr_ln2 "/>
</bind>
</comp>

<comp id="829" class="1005" name="lshr_ln3_reg_829">
<pin_list>
<pin id="830" dir="0" index="0" bw="14" slack="2"/>
<pin id="831" dir="1" index="1" bw="14" slack="2"/>
</pin_list>
<bind>
<opset="lshr_ln3 "/>
</bind>
</comp>

<comp id="834" class="1005" name="lshr_ln105_1_reg_834">
<pin_list>
<pin id="835" dir="0" index="0" bw="14" slack="3"/>
<pin id="836" dir="1" index="1" bw="14" slack="3"/>
</pin_list>
<bind>
<opset="lshr_ln105_1 "/>
</bind>
</comp>

</comp_list>

<net_list>
<net id="99"><net_src comp="2" pin="0"/><net_sink comp="96" pin=0"/></net>

<net id="103"><net_src comp="2" pin="0"/><net_sink comp="100" pin=0"/></net>

<net id="107"><net_src comp="2" pin="0"/><net_sink comp="104" pin=0"/></net>

<net id="111"><net_src comp="2" pin="0"/><net_sink comp="108" pin=0"/></net>

<net id="115"><net_src comp="2" pin="0"/><net_sink comp="112" pin=0"/></net>

<net id="121"><net_src comp="0" pin="0"/><net_sink comp="116" pin=0"/></net>

<net id="122"><net_src comp="64" pin="0"/><net_sink comp="116" pin=1"/></net>

<net id="128"><net_src comp="116" pin="3"/><net_sink comp="123" pin=0"/></net>

<net id="134"><net_src comp="0" pin="0"/><net_sink comp="129" pin=0"/></net>

<net id="135"><net_src comp="64" pin="0"/><net_sink comp="129" pin=1"/></net>

<net id="141"><net_src comp="0" pin="0"/><net_sink comp="136" pin=0"/></net>

<net id="142"><net_src comp="64" pin="0"/><net_sink comp="136" pin=1"/></net>

<net id="148"><net_src comp="0" pin="0"/><net_sink comp="143" pin=0"/></net>

<net id="149"><net_src comp="64" pin="0"/><net_sink comp="143" pin=1"/></net>

<net id="155"><net_src comp="0" pin="0"/><net_sink comp="150" pin=0"/></net>

<net id="156"><net_src comp="64" pin="0"/><net_sink comp="150" pin=1"/></net>

<net id="161"><net_src comp="6" pin="0"/><net_sink comp="157" pin=0"/></net>

<net id="166"><net_src comp="8" pin="0"/><net_sink comp="162" pin=0"/></net>

<net id="171"><net_src comp="10" pin="0"/><net_sink comp="167" pin=0"/></net>

<net id="176"><net_src comp="8" pin="0"/><net_sink comp="172" pin=0"/></net>

<net id="181"><net_src comp="8" pin="0"/><net_sink comp="177" pin=0"/></net>

<net id="196"><net_src comp="12" pin="0"/><net_sink comp="191" pin=0"/></net>

<net id="197"><net_src comp="185" pin="1"/><net_sink comp="191" pin=1"/></net>

<net id="198"><net_src comp="10" pin="0"/><net_sink comp="191" pin=2"/></net>

<net id="202"><net_src comp="191" pin="3"/><net_sink comp="199" pin=0"/></net>

<net id="208"><net_src comp="14" pin="0"/><net_sink comp="203" pin=0"/></net>

<net id="209"><net_src comp="185" pin="1"/><net_sink comp="203" pin=1"/></net>

<net id="210"><net_src comp="16" pin="0"/><net_sink comp="203" pin=2"/></net>

<net id="214"><net_src comp="203" pin="3"/><net_sink comp="211" pin=0"/></net>

<net id="219"><net_src comp="199" pin="1"/><net_sink comp="215" pin=0"/></net>

<net id="220"><net_src comp="211" pin="1"/><net_sink comp="215" pin=1"/></net>

<net id="226"><net_src comp="18" pin="0"/><net_sink comp="221" pin=0"/></net>

<net id="227"><net_src comp="185" pin="1"/><net_sink comp="221" pin=1"/></net>

<net id="228"><net_src comp="20" pin="0"/><net_sink comp="221" pin=2"/></net>

<net id="232"><net_src comp="221" pin="3"/><net_sink comp="229" pin=0"/></net>

<net id="238"><net_src comp="22" pin="0"/><net_sink comp="233" pin=0"/></net>

<net id="239"><net_src comp="185" pin="1"/><net_sink comp="233" pin=1"/></net>

<net id="240"><net_src comp="24" pin="0"/><net_sink comp="233" pin=2"/></net>

<net id="244"><net_src comp="233" pin="3"/><net_sink comp="241" pin=0"/></net>

<net id="249"><net_src comp="229" pin="1"/><net_sink comp="245" pin=0"/></net>

<net id="250"><net_src comp="241" pin="1"/><net_sink comp="245" pin=1"/></net>

<net id="256"><net_src comp="14" pin="0"/><net_sink comp="251" pin=0"/></net>

<net id="257"><net_src comp="182" pin="1"/><net_sink comp="251" pin=1"/></net>

<net id="258"><net_src comp="16" pin="0"/><net_sink comp="251" pin=2"/></net>

<net id="264"><net_src comp="26" pin="0"/><net_sink comp="259" pin=0"/></net>

<net id="265"><net_src comp="182" pin="1"/><net_sink comp="259" pin=1"/></net>

<net id="266"><net_src comp="8" pin="0"/><net_sink comp="259" pin=2"/></net>

<net id="271"><net_src comp="251" pin="3"/><net_sink comp="267" pin=0"/></net>

<net id="272"><net_src comp="28" pin="0"/><net_sink comp="267" pin=1"/></net>

<net id="277"><net_src comp="188" pin="1"/><net_sink comp="273" pin=0"/></net>

<net id="278"><net_src comp="38" pin="0"/><net_sink comp="273" pin=1"/></net>

<net id="283"><net_src comp="188" pin="1"/><net_sink comp="279" pin=0"/></net>

<net id="284"><net_src comp="40" pin="0"/><net_sink comp="279" pin=1"/></net>

<net id="295"><net_src comp="185" pin="1"/><net_sink comp="291" pin=0"/></net>

<net id="296"><net_src comp="42" pin="0"/><net_sink comp="291" pin=1"/></net>

<net id="301"><net_src comp="288" pin="1"/><net_sink comp="297" pin=0"/></net>

<net id="302"><net_src comp="44" pin="0"/><net_sink comp="297" pin=1"/></net>

<net id="308"><net_src comp="297" pin="2"/><net_sink comp="303" pin=0"/></net>

<net id="309"><net_src comp="8" pin="0"/><net_sink comp="303" pin=1"/></net>

<net id="310"><net_src comp="182" pin="1"/><net_sink comp="303" pin=2"/></net>

<net id="316"><net_src comp="12" pin="0"/><net_sink comp="311" pin=0"/></net>

<net id="317"><net_src comp="291" pin="2"/><net_sink comp="311" pin=1"/></net>

<net id="318"><net_src comp="10" pin="0"/><net_sink comp="311" pin=2"/></net>

<net id="322"><net_src comp="311" pin="3"/><net_sink comp="319" pin=0"/></net>

<net id="328"><net_src comp="14" pin="0"/><net_sink comp="323" pin=0"/></net>

<net id="329"><net_src comp="291" pin="2"/><net_sink comp="323" pin=1"/></net>

<net id="330"><net_src comp="16" pin="0"/><net_sink comp="323" pin=2"/></net>

<net id="334"><net_src comp="323" pin="3"/><net_sink comp="331" pin=0"/></net>

<net id="339"><net_src comp="319" pin="1"/><net_sink comp="335" pin=0"/></net>

<net id="340"><net_src comp="331" pin="1"/><net_sink comp="335" pin=1"/></net>

<net id="346"><net_src comp="18" pin="0"/><net_sink comp="341" pin=0"/></net>

<net id="347"><net_src comp="291" pin="2"/><net_sink comp="341" pin=1"/></net>

<net id="348"><net_src comp="20" pin="0"/><net_sink comp="341" pin=2"/></net>

<net id="352"><net_src comp="341" pin="3"/><net_sink comp="349" pin=0"/></net>

<net id="358"><net_src comp="22" pin="0"/><net_sink comp="353" pin=0"/></net>

<net id="359"><net_src comp="291" pin="2"/><net_sink comp="353" pin=1"/></net>

<net id="360"><net_src comp="24" pin="0"/><net_sink comp="353" pin=2"/></net>

<net id="364"><net_src comp="353" pin="3"/><net_sink comp="361" pin=0"/></net>

<net id="369"><net_src comp="349" pin="1"/><net_sink comp="365" pin=0"/></net>

<net id="370"><net_src comp="361" pin="1"/><net_sink comp="365" pin=1"/></net>

<net id="376"><net_src comp="297" pin="2"/><net_sink comp="371" pin=0"/></net>

<net id="377"><net_src comp="365" pin="2"/><net_sink comp="371" pin=1"/></net>

<net id="378"><net_src comp="245" pin="2"/><net_sink comp="371" pin=2"/></net>

<net id="384"><net_src comp="297" pin="2"/><net_sink comp="379" pin=0"/></net>

<net id="385"><net_src comp="46" pin="0"/><net_sink comp="379" pin=1"/></net>

<net id="386"><net_src comp="251" pin="3"/><net_sink comp="379" pin=2"/></net>

<net id="392"><net_src comp="297" pin="2"/><net_sink comp="387" pin=0"/></net>

<net id="393"><net_src comp="10" pin="0"/><net_sink comp="387" pin=1"/></net>

<net id="394"><net_src comp="259" pin="3"/><net_sink comp="387" pin=2"/></net>

<net id="400"><net_src comp="297" pin="2"/><net_sink comp="395" pin=0"/></net>

<net id="401"><net_src comp="28" pin="0"/><net_sink comp="395" pin=1"/></net>

<net id="402"><net_src comp="267" pin="2"/><net_sink comp="395" pin=2"/></net>

<net id="407"><net_src comp="297" pin="2"/><net_sink comp="403" pin=0"/></net>

<net id="408"><net_src comp="48" pin="0"/><net_sink comp="403" pin=1"/></net>

<net id="413"><net_src comp="285" pin="1"/><net_sink comp="409" pin=0"/></net>

<net id="414"><net_src comp="50" pin="0"/><net_sink comp="409" pin=1"/></net>

<net id="419"><net_src comp="409" pin="2"/><net_sink comp="415" pin=0"/></net>

<net id="420"><net_src comp="403" pin="2"/><net_sink comp="415" pin=1"/></net>

<net id="426"><net_src comp="297" pin="2"/><net_sink comp="421" pin=0"/></net>

<net id="427"><net_src comp="291" pin="2"/><net_sink comp="421" pin=1"/></net>

<net id="428"><net_src comp="185" pin="1"/><net_sink comp="421" pin=2"/></net>

<net id="433"><net_src comp="303" pin="3"/><net_sink comp="429" pin=0"/></net>

<net id="434"><net_src comp="42" pin="0"/><net_sink comp="429" pin=1"/></net>

<net id="439"><net_src comp="415" pin="2"/><net_sink comp="435" pin=0"/></net>

<net id="440"><net_src comp="297" pin="2"/><net_sink comp="435" pin=1"/></net>

<net id="446"><net_src comp="435" pin="2"/><net_sink comp="441" pin=0"/></net>

<net id="447"><net_src comp="8" pin="0"/><net_sink comp="441" pin=1"/></net>

<net id="448"><net_src comp="285" pin="1"/><net_sink comp="441" pin=2"/></net>

<net id="454"><net_src comp="14" pin="0"/><net_sink comp="449" pin=0"/></net>

<net id="455"><net_src comp="429" pin="2"/><net_sink comp="449" pin=1"/></net>

<net id="456"><net_src comp="16" pin="0"/><net_sink comp="449" pin=2"/></net>

<net id="462"><net_src comp="415" pin="2"/><net_sink comp="457" pin=0"/></net>

<net id="463"><net_src comp="449" pin="3"/><net_sink comp="457" pin=1"/></net>

<net id="464"><net_src comp="379" pin="3"/><net_sink comp="457" pin=2"/></net>

<net id="470"><net_src comp="26" pin="0"/><net_sink comp="465" pin=0"/></net>

<net id="471"><net_src comp="429" pin="2"/><net_sink comp="465" pin=1"/></net>

<net id="472"><net_src comp="8" pin="0"/><net_sink comp="465" pin=2"/></net>

<net id="478"><net_src comp="415" pin="2"/><net_sink comp="473" pin=0"/></net>

<net id="479"><net_src comp="465" pin="3"/><net_sink comp="473" pin=1"/></net>

<net id="480"><net_src comp="387" pin="3"/><net_sink comp="473" pin=2"/></net>

<net id="484"><net_src comp="473" pin="3"/><net_sink comp="481" pin=0"/></net>

<net id="489"><net_src comp="449" pin="3"/><net_sink comp="485" pin=0"/></net>

<net id="490"><net_src comp="28" pin="0"/><net_sink comp="485" pin=1"/></net>

<net id="496"><net_src comp="415" pin="2"/><net_sink comp="491" pin=0"/></net>

<net id="497"><net_src comp="485" pin="2"/><net_sink comp="491" pin=1"/></net>

<net id="498"><net_src comp="395" pin="3"/><net_sink comp="491" pin=2"/></net>

<net id="504"><net_src comp="415" pin="2"/><net_sink comp="499" pin=0"/></net>

<net id="505"><net_src comp="429" pin="2"/><net_sink comp="499" pin=1"/></net>

<net id="506"><net_src comp="303" pin="3"/><net_sink comp="499" pin=2"/></net>

<net id="510"><net_src comp="441" pin="3"/><net_sink comp="507" pin=0"/></net>

<net id="517"><net_src comp="52" pin="0"/><net_sink comp="511" pin=0"/></net>

<net id="518"><net_src comp="335" pin="2"/><net_sink comp="511" pin=1"/></net>

<net id="519"><net_src comp="54" pin="0"/><net_sink comp="511" pin=2"/></net>

<net id="520"><net_src comp="56" pin="0"/><net_sink comp="511" pin=3"/></net>

<net id="527"><net_src comp="52" pin="0"/><net_sink comp="521" pin=0"/></net>

<net id="528"><net_src comp="215" pin="2"/><net_sink comp="521" pin=1"/></net>

<net id="529"><net_src comp="54" pin="0"/><net_sink comp="521" pin=2"/></net>

<net id="530"><net_src comp="56" pin="0"/><net_sink comp="521" pin=3"/></net>

<net id="536"><net_src comp="297" pin="2"/><net_sink comp="531" pin=0"/></net>

<net id="537"><net_src comp="511" pin="4"/><net_sink comp="531" pin=1"/></net>

<net id="538"><net_src comp="521" pin="4"/><net_sink comp="531" pin=2"/></net>

<net id="545"><net_src comp="58" pin="0"/><net_sink comp="539" pin=0"/></net>

<net id="546"><net_src comp="531" pin="3"/><net_sink comp="539" pin=1"/></net>

<net id="547"><net_src comp="507" pin="1"/><net_sink comp="539" pin=2"/></net>

<net id="548"><net_src comp="60" pin="0"/><net_sink comp="539" pin=3"/></net>

<net id="553"><net_src comp="539" pin="4"/><net_sink comp="549" pin=0"/></net>

<net id="554"><net_src comp="481" pin="1"/><net_sink comp="549" pin=1"/></net>

<net id="561"><net_src comp="62" pin="0"/><net_sink comp="555" pin=0"/></net>

<net id="562"><net_src comp="549" pin="2"/><net_sink comp="555" pin=1"/></net>

<net id="563"><net_src comp="2" pin="0"/><net_sink comp="555" pin=2"/></net>

<net id="564"><net_src comp="56" pin="0"/><net_sink comp="555" pin=3"/></net>

<net id="568"><net_src comp="555" pin="4"/><net_sink comp="565" pin=0"/></net>

<net id="572"><net_src comp="565" pin="1"/><net_sink comp="569" pin=0"/></net>

<net id="573"><net_src comp="569" pin="1"/><net_sink comp="116" pin=2"/></net>

<net id="578"><net_src comp="441" pin="3"/><net_sink comp="574" pin=0"/></net>

<net id="579"><net_src comp="42" pin="0"/><net_sink comp="574" pin=1"/></net>

<net id="584"><net_src comp="288" pin="1"/><net_sink comp="580" pin=0"/></net>

<net id="585"><net_src comp="66" pin="0"/><net_sink comp="580" pin=1"/></net>

<net id="591"><net_src comp="297" pin="2"/><net_sink comp="586" pin=0"/></net>

<net id="592"><net_src comp="66" pin="0"/><net_sink comp="586" pin=1"/></net>

<net id="593"><net_src comp="580" pin="2"/><net_sink comp="586" pin=2"/></net>

<net id="598"><net_src comp="279" pin="2"/><net_sink comp="594" pin=0"/></net>

<net id="603"><net_src comp="421" pin="3"/><net_sink comp="599" pin=0"/></net>

<net id="608"><net_src comp="586" pin="3"/><net_sink comp="604" pin=0"/></net>

<net id="613"><net_src comp="499" pin="3"/><net_sink comp="609" pin=0"/></net>

<net id="618"><net_src comp="574" pin="2"/><net_sink comp="614" pin=0"/></net>

<net id="623"><net_src comp="68" pin="0"/><net_sink comp="619" pin=1"/></net>

<net id="628"><net_src comp="70" pin="0"/><net_sink comp="624" pin=1"/></net>

<net id="641"><net_src comp="72" pin="0"/><net_sink comp="635" pin=0"/></net>

<net id="642"><net_src comp="619" pin="2"/><net_sink comp="635" pin=1"/></net>

<net id="643"><net_src comp="54" pin="0"/><net_sink comp="635" pin=2"/></net>

<net id="644"><net_src comp="74" pin="0"/><net_sink comp="635" pin=3"/></net>

<net id="651"><net_src comp="76" pin="0"/><net_sink comp="645" pin=0"/></net>

<net id="652"><net_src comp="635" pin="4"/><net_sink comp="645" pin=1"/></net>

<net id="653"><net_src comp="60" pin="0"/><net_sink comp="645" pin=3"/></net>

<net id="658"><net_src comp="645" pin="4"/><net_sink comp="654" pin=0"/></net>

<net id="659"><net_src comp="629" pin="1"/><net_sink comp="654" pin=1"/></net>

<net id="666"><net_src comp="78" pin="0"/><net_sink comp="660" pin=0"/></net>

<net id="667"><net_src comp="654" pin="2"/><net_sink comp="660" pin=1"/></net>

<net id="668"><net_src comp="2" pin="0"/><net_sink comp="660" pin=2"/></net>

<net id="669"><net_src comp="74" pin="0"/><net_sink comp="660" pin=3"/></net>

<net id="673"><net_src comp="660" pin="4"/><net_sink comp="670" pin=0"/></net>

<net id="674"><net_src comp="670" pin="1"/><net_sink comp="129" pin=2"/></net>

<net id="679"><net_src comp="645" pin="4"/><net_sink comp="675" pin=0"/></net>

<net id="680"><net_src comp="632" pin="1"/><net_sink comp="675" pin=1"/></net>

<net id="687"><net_src comp="78" pin="0"/><net_sink comp="681" pin=0"/></net>

<net id="688"><net_src comp="675" pin="2"/><net_sink comp="681" pin=1"/></net>

<net id="689"><net_src comp="2" pin="0"/><net_sink comp="681" pin=2"/></net>

<net id="690"><net_src comp="74" pin="0"/><net_sink comp="681" pin=3"/></net>

<net id="697"><net_src comp="72" pin="0"/><net_sink comp="691" pin=0"/></net>

<net id="698"><net_src comp="624" pin="2"/><net_sink comp="691" pin=1"/></net>

<net id="699"><net_src comp="54" pin="0"/><net_sink comp="691" pin=2"/></net>

<net id="700"><net_src comp="74" pin="0"/><net_sink comp="691" pin=3"/></net>

<net id="707"><net_src comp="76" pin="0"/><net_sink comp="701" pin=0"/></net>

<net id="708"><net_src comp="691" pin="4"/><net_sink comp="701" pin=1"/></net>

<net id="709"><net_src comp="60" pin="0"/><net_sink comp="701" pin=3"/></net>

<net id="714"><net_src comp="701" pin="4"/><net_sink comp="710" pin=0"/></net>

<net id="715"><net_src comp="629" pin="1"/><net_sink comp="710" pin=1"/></net>

<net id="722"><net_src comp="78" pin="0"/><net_sink comp="716" pin=0"/></net>

<net id="723"><net_src comp="710" pin="2"/><net_sink comp="716" pin=1"/></net>

<net id="724"><net_src comp="2" pin="0"/><net_sink comp="716" pin=2"/></net>

<net id="725"><net_src comp="74" pin="0"/><net_sink comp="716" pin=3"/></net>

<net id="730"><net_src comp="701" pin="4"/><net_sink comp="726" pin=0"/></net>

<net id="731"><net_src comp="632" pin="1"/><net_sink comp="726" pin=1"/></net>

<net id="738"><net_src comp="78" pin="0"/><net_sink comp="732" pin=0"/></net>

<net id="739"><net_src comp="726" pin="2"/><net_sink comp="732" pin=1"/></net>

<net id="740"><net_src comp="2" pin="0"/><net_sink comp="732" pin=2"/></net>

<net id="741"><net_src comp="74" pin="0"/><net_sink comp="732" pin=3"/></net>

<net id="745"><net_src comp="742" pin="1"/><net_sink comp="136" pin=2"/></net>

<net id="749"><net_src comp="746" pin="1"/><net_sink comp="143" pin=2"/></net>

<net id="753"><net_src comp="750" pin="1"/><net_sink comp="150" pin=2"/></net>

<net id="757"><net_src comp="96" pin="1"/><net_sink comp="754" pin=0"/></net>

<net id="758"><net_src comp="754" pin="1"/><net_sink comp="177" pin=1"/></net>

<net id="759"><net_src comp="754" pin="1"/><net_sink comp="285" pin=0"/></net>

<net id="760"><net_src comp="754" pin="1"/><net_sink comp="614" pin=1"/></net>

<net id="764"><net_src comp="100" pin="1"/><net_sink comp="761" pin=0"/></net>

<net id="765"><net_src comp="761" pin="1"/><net_sink comp="172" pin=1"/></net>

<net id="766"><net_src comp="761" pin="1"/><net_sink comp="182" pin=0"/></net>

<net id="767"><net_src comp="761" pin="1"/><net_sink comp="609" pin=1"/></net>

<net id="771"><net_src comp="104" pin="1"/><net_sink comp="768" pin=0"/></net>

<net id="772"><net_src comp="768" pin="1"/><net_sink comp="167" pin=1"/></net>

<net id="773"><net_src comp="768" pin="1"/><net_sink comp="288" pin=0"/></net>

<net id="774"><net_src comp="768" pin="1"/><net_sink comp="604" pin=1"/></net>

<net id="778"><net_src comp="108" pin="1"/><net_sink comp="775" pin=0"/></net>

<net id="779"><net_src comp="775" pin="1"/><net_sink comp="162" pin=1"/></net>

<net id="780"><net_src comp="775" pin="1"/><net_sink comp="185" pin=0"/></net>

<net id="781"><net_src comp="775" pin="1"/><net_sink comp="599" pin=1"/></net>

<net id="785"><net_src comp="112" pin="1"/><net_sink comp="782" pin=0"/></net>

<net id="786"><net_src comp="782" pin="1"/><net_sink comp="157" pin=1"/></net>

<net id="787"><net_src comp="782" pin="1"/><net_sink comp="188" pin=0"/></net>

<net id="788"><net_src comp="782" pin="1"/><net_sink comp="594" pin=1"/></net>

<net id="795"><net_src comp="371" pin="3"/><net_sink comp="792" pin=0"/></net>

<net id="796"><net_src comp="792" pin="1"/><net_sink comp="619" pin=0"/></net>

<net id="797"><net_src comp="792" pin="1"/><net_sink comp="624" pin=0"/></net>

<net id="801"><net_src comp="457" pin="3"/><net_sink comp="798" pin=0"/></net>

<net id="802"><net_src comp="798" pin="1"/><net_sink comp="629" pin=0"/></net>

<net id="806"><net_src comp="491" pin="3"/><net_sink comp="803" pin=0"/></net>

<net id="807"><net_src comp="803" pin="1"/><net_sink comp="632" pin=0"/></net>

<net id="811"><net_src comp="507" pin="1"/><net_sink comp="808" pin=0"/></net>

<net id="812"><net_src comp="808" pin="1"/><net_sink comp="645" pin=2"/></net>

<net id="813"><net_src comp="808" pin="1"/><net_sink comp="701" pin=2"/></net>

<net id="817"><net_src comp="116" pin="3"/><net_sink comp="814" pin=0"/></net>

<net id="818"><net_src comp="814" pin="1"/><net_sink comp="123" pin=0"/></net>

<net id="822"><net_src comp="123" pin="3"/><net_sink comp="819" pin=0"/></net>

<net id="823"><net_src comp="819" pin="1"/><net_sink comp="123" pin=1"/></net>

<net id="827"><net_src comp="681" pin="4"/><net_sink comp="824" pin=0"/></net>

<net id="828"><net_src comp="824" pin="1"/><net_sink comp="742" pin=0"/></net>

<net id="832"><net_src comp="716" pin="4"/><net_sink comp="829" pin=0"/></net>

<net id="833"><net_src comp="829" pin="1"/><net_sink comp="746" pin=0"/></net>

<net id="837"><net_src comp="732" pin="4"/><net_sink comp="834" pin=0"/></net>

<net id="838"><net_src comp="834" pin="1"/><net_sink comp="750" pin=0"/></net>

</net_list>

</model> 
---------------- Datapath Model END ------------------

* FSMD analyzer results:
  - Output states:
	Port: d | {2 3 4 5 }
 - Input state : 
	Port: inference_Pipeline_VITIS_LOOP_97_1_VITIS_LOOP_98_2_VITIS_LOOP_99_3 : d | {1 2 }
  - Chain level:
	State 1
		store_ln0 : 1
		store_ln0 : 1
		store_ln0 : 1
		store_ln0 : 1
		store_ln0 : 1
		w_1 : 1
		h_1 : 1
		indvar_flatten209_load : 1
		shl_ln105_1 : 2
		zext_ln105_1 : 3
		shl_ln105_2 : 2
		zext_ln105_2 : 3
		sub_ln105 : 4
		shl_ln1 : 2
		zext_ln102 : 3
		shl_ln102_1 : 2
		zext_ln102_1 : 3
		sub_ln102 : 4
		tmp_14 : 2
		shl_ln105_3 : 2
		or_ln103 : 3
		icmp_ln97 : 2
		add_ln97_3 : 2
		br_ln97 : 3
		c_load : 1
		indvar_flatten181_load : 1
		add_ln97 : 2
		icmp_ln98 : 2
		select_ln97 : 3
		shl_ln105_1_mid1 : 3
		zext_ln105_3 : 4
		shl_ln105_2_mid1 : 3
		zext_ln105_4 : 4
		sub_ln105_1 : 5
		shl_ln102_mid1 : 3
		zext_ln102_3 : 4
		shl_ln102_1_mid1 : 3
		zext_ln102_4 : 4
		sub_ln102_1 : 5
		select_ln97_1 : 6
		select_ln97_2 : 3
		select_ln97_3 : 3
		select_ln97_4 : 3
		xor_ln97 : 3
		icmp_ln99 : 2
		and_ln97 : 3
		select_ln97_5 : 3
		add_ln98 : 4
		or_ln98 : 3
		select_ln98 : 3
		p_mid : 5
		select_ln98_1 : 6
		shl_ln105_3_mid1 : 5
		select_ln98_2 : 6
		zext_ln103_1 : 7
		or_ln103_1 : 6
		select_ln98_3 : 6
		select_ln98_4 : 3
		trunc_ln105 : 4
		tmp_15 : 6
		tmp_16 : 5
		select_ln97_6 : 7
		tmp : 8
		add_ln105 : 9
		trunc_ln6 : 10
		sext_ln105 : 11
		zext_ln105_6 : 12
		d_addr : 13
		d_load : 14
		add_ln99 : 4
		add_ln98_1 : 2
		select_ln98_5 : 3
		store_ln99 : 3
		store_ln99 : 4
		store_ln99 : 4
		store_ln99 : 4
		store_ln99 : 5
	State 2
		tmp_s : 1
		tmp1 : 2
		add_ln102 : 3
		lshr_ln1 : 4
		zext_ln102_2 : 5
		d_addr_4 : 6
		store_ln102 : 7
		add_ln103 : 3
		lshr_ln2 : 4
		tmp_17 : 1
		tmp2 : 2
		add_ln104 : 3
		lshr_ln3 : 4
		add_ln105_1 : 3
		lshr_ln105_1 : 4
	State 3
		d_addr_5 : 1
		store_ln103 : 2
	State 4
		d_addr_6 : 1
		store_ln104 : 2
	State 5
		d_addr_7 : 1
		store_ln105 : 2


============================================================
+ Verbose Summary: Datapath Resource usage 
============================================================

* Functional unit list:
|----------|---------------------------|---------|---------|
| Operation|      Functional Unit      |    FF   |   LUT   |
|----------|---------------------------|---------|---------|
|          |     add_ln97_3_fu_279     |    0    |    18   |
|          |      add_ln97_fu_291      |    0    |    12   |
|          |      add_ln98_fu_429      |    0    |    12   |
|          |      add_ln105_fu_549     |    0    |    20   |
|          |      add_ln99_fu_574      |    0    |    12   |
|    add   |     add_ln98_1_fu_580     |    0    |    15   |
|          |     add_ln97_1_fu_619     |    0    |    22   |
|          |     add_ln97_2_fu_624     |    0    |    22   |
|          |      add_ln102_fu_654     |    0    |    22   |
|          |      add_ln103_fu_675     |    0    |    22   |
|          |      add_ln104_fu_710     |    0    |    22   |
|          |     add_ln105_1_fu_726    |    0    |    22   |
|----------|---------------------------|---------|---------|
|          |     select_ln97_fu_303    |    0    |    4    |
|          |    select_ln97_1_fu_371   |    0    |    15   |
|          |    select_ln97_2_fu_379   |    0    |    9    |
|          |    select_ln97_3_fu_387   |    0    |    8    |
|          |    select_ln97_4_fu_395   |    0    |    9    |
|          |    select_ln97_5_fu_421   |    0    |    4    |
|  select  |     select_ln98_fu_441    |    0    |    4    |
|          |    select_ln98_1_fu_457   |    0    |    9    |
|          |    select_ln98_2_fu_473   |    0    |    8    |
|          |    select_ln98_3_fu_491   |    0    |    9    |
|          |    select_ln98_4_fu_499   |    0    |    4    |
|          |    select_ln97_6_fu_531   |    0    |    9    |
|          |    select_ln98_5_fu_586   |    0    |    8    |
|----------|---------------------------|---------|---------|
|          |      sub_ln105_fu_215     |    0    |    19   |
|    sub   |      sub_ln102_fu_245     |    0    |    21   |
|          |     sub_ln105_1_fu_335    |    0    |    19   |
|          |     sub_ln102_1_fu_365    |    0    |    21   |
|----------|---------------------------|---------|---------|
|          |      icmp_ln97_fu_273     |    0    |    11   |
|   icmp   |      icmp_ln98_fu_297     |    0    |    11   |
|          |      icmp_ln99_fu_409     |    0    |    9    |
|----------|---------------------------|---------|---------|
|          |      or_ln103_fu_267      |    0    |    0    |
|    or    |       or_ln98_fu_435      |    0    |    2    |
|          |     or_ln103_1_fu_485     |    0    |    0    |
|----------|---------------------------|---------|---------|
|    xor   |      xor_ln97_fu_403      |    0    |    2    |
|----------|---------------------------|---------|---------|
|    and   |      and_ln97_fu_415      |    0    |    2    |
|----------|---------------------------|---------|---------|
|          |     shl_ln105_1_fu_191    |    0    |    0    |
|          |     shl_ln105_2_fu_203    |    0    |    0    |
|          |       shl_ln1_fu_221      |    0    |    0    |
|          |     shl_ln102_1_fu_233    |    0    |    0    |
|          |       tmp_14_fu_251       |    0    |    0    |
|          |     shl_ln105_3_fu_259    |    0    |    0    |
|          |  shl_ln105_1_mid1_fu_311  |    0    |    0    |
|bitconcatenate|  shl_ln105_2_mid1_fu_323  |    0    |    0    |
|          |   shl_ln102_mid1_fu_341   |    0    |    0    |
|          |  shl_ln102_1_mid1_fu_353  |    0    |    0    |
|          |        p_mid_fu_449       |    0    |    0    |
|          |  shl_ln105_3_mid1_fu_465  |    0    |    0    |
|          |         tmp_fu_539        |    0    |    0    |
|          |        tmp1_fu_645        |    0    |    0    |
|          |        tmp2_fu_701        |    0    |    0    |
|----------|---------------------------|---------|---------|
|          |    zext_ln105_1_fu_199    |    0    |    0    |
|          |    zext_ln105_2_fu_211    |    0    |    0    |
|          |     zext_ln102_fu_229     |    0    |    0    |
|          |    zext_ln102_1_fu_241    |    0    |    0    |
|          |    zext_ln105_3_fu_319    |    0    |    0    |
|          |    zext_ln105_4_fu_331    |    0    |    0    |
|          |    zext_ln102_3_fu_349    |    0    |    0    |
|   zext   |    zext_ln102_4_fu_361    |    0    |    0    |
|          |    zext_ln103_1_fu_481    |    0    |    0    |
|          |    zext_ln105_6_fu_569    |    0    |    0    |
|          |    zext_ln105_5_fu_629    |    0    |    0    |
|          | select_ln98_3_cast_fu_632 |    0    |    0    |
|          |    zext_ln102_2_fu_670    |    0    |    0    |
|          |     zext_ln103_fu_742     |    0    |    0    |
|          |     zext_ln104_fu_746     |    0    |    0    |
|          |     zext_ln105_fu_750     |    0    |    0    |
|----------|---------------------------|---------|---------|
|   trunc  |     trunc_ln105_fu_507    |    0    |    0    |
|----------|---------------------------|---------|---------|
|          |       tmp_15_fu_511       |    0    |    0    |
|          |       tmp_16_fu_521       |    0    |    0    |
|          |      trunc_ln6_fu_555     |    0    |    0    |
|          |        tmp_s_fu_635       |    0    |    0    |
|partselect|      lshr_ln1_fu_660      |    0    |    0    |
|          |      lshr_ln2_fu_681      |    0    |    0    |
|          |       tmp_17_fu_691       |    0    |    0    |
|          |      lshr_ln3_fu_716      |    0    |    0    |
|          |    lshr_ln105_1_fu_732    |    0    |    0    |
|----------|---------------------------|---------|---------|
|   sext   |     sext_ln105_fu_565     |    0    |    0    |
|----------|---------------------------|---------|---------|
|   Total  |                           |    0    |   438   |
|----------|---------------------------|---------|---------|

Memories:
N/A

* Register list:
+-------------------------+--------+
|                         |   FF   |
+-------------------------+--------+
|        c_reg_754        |    4   |
|      d_addr_reg_814     |   14   |
|      d_load_reg_819     |   16   |
|        h_reg_775        |    4   |
|indvar_flatten181_reg_768|    8   |
|indvar_flatten209_reg_782|   11   |
|   lshr_ln105_1_reg_834  |   14   |
|     lshr_ln2_reg_824    |   14   |
|     lshr_ln3_reg_829    |   14   |
|  select_ln97_1_reg_792  |   15   |
|  select_ln98_1_reg_798  |    9   |
|  select_ln98_3_reg_803  |    9   |
|   trunc_ln105_reg_808   |    3   |
|        w_reg_761        |    4   |
+-------------------------+--------+
|          Total          |   139  |
+-------------------------+--------+

* Multiplexer (MUX) list: 
|-------------------|------|------|------|--------||---------||---------|
|        Comp       |  Pin | Size |  BW  | S x BW ||  Delay  ||   LUT   |
|-------------------|------|------|------|--------||---------||---------|
| grp_access_fu_123 |  p0  |   2  |  14  |   28   ||    9    |
|-------------------|------|------|------|--------||---------||---------|
|       Total       |      |      |      |   28   ||  0.427  ||    9    |
|-------------------|------|------|------|--------||---------||---------|



* Summary:
+-----------+--------+--------+--------+
|           |  Delay |   FF   |   LUT  |
+-----------+--------+--------+--------+
|  Function |    -   |    0   |   438  |
|   Memory  |    -   |    -   |    -   |
|Multiplexer|    0   |    -   |    9   |
|  Register |    -   |   139  |    -   |
+-----------+--------+--------+--------+
|   Total   |    0   |   139  |   447  |
+-----------+--------+--------+--------+
